ts,equity
1784867004792229009,1e+06
1784867005220432167,1e+06
1784867006121902556,999376
1784867006706531742,999171
1784867007062247696,999203
1784867007062574558,999202
1784867007074118309,999201
1784867007114640445,999201
1784867007134933683,998407
1784867007173110444,997919
1784867007206457713,997907
1784867007287860940,997907
1784867007545176863,997908
1784867007561713289,997907
1784867007629586926,997907
1784867007917806656,997907
1784867008040994037,997907
1784867008074977099,997907
1784867008112014408,997907
1784867008221582574,997908
1784867008910824327,997908
1784867013505179431,997908
1784867013733809175,997906
1784867013949705215,997904
1784867013965894876,997904
1784867014200397068,997904
1784867014253943815,997904
1784867014299273094,997904
1784867014484281501,997904
1784867014605623221,997904
1784867015339654164,997904
1784867016260617805,997904
1784867017080419409,997904
1784867017140529921,997904
1784867017223244558,997904
1784867017590951593,997904
1784867017713705743,997904
1784867018002891995,997904
1784867019026781004,997904
1784867019208802315,997904
1784867019435839074,997904
1784867019437487885,997903
1784867019627089770,997902
1784867019989786544,997902
1784867020492802131,997901
1784867022219122048,997900
1784867022219727533,997900
1784867022220968784,997900
1784867022236971292,997900
1784867022264510628,997898
1784867022275815766,997898
1784867022361391308,997898
1784867022396337553,997898
1784867022421915641,997898
1784867022445927732,997898
1784867022471921748,997898
1784867022487501198,997898
1784867022499878398,997898
1784867022672735958,997898
1784867023047075161,997898
1784867023092311250,997898
1784867023157710722,997898
1784867023367981834,997898
1784867023458294831,997898
1784867023609525919,997898
1784867023691863101,997898
1784867024154004814,997898
1784867024467017047,997898
1784867024964294842,997898
1784867025809444522,997898
1784867025883331191,997898
1784867026008917934,997913
1784867026207168517,997913
1784867026338221798,990369
1784867026357746846,979869
1784867026359411062,973041
1784867026360018535,973018
1784867026394826537,972992
1784867026406886762,972968
1784867026409246926,972944
1784867026489757563,972919
1784867026524390045,972895
1784867026701126156,974684
1784867027055894245,975838
1784867027163443275,975810
1784867027186217866,975772
1784867027230172342,975770
1784867027276504690,975770
1784867027393349417,975770
1784867027598997695,975770
1784867028242230628,975770
1784867028242681562,975767
1784867029191431833,975760
1784867029882551417,975759
1784867030700522027,975756
1784867031512785548,975753
1784867031611391674,975752
1784867031634780693,974493
1784867031652884049,973186
1784867031665276762,973060
1784867031665747665,973030
1784867031687095942,973013
1784867031692816057,972999
1784867031703148371,972974
1784867031704138512,972952
1784867031719910966,972437
1784867031720774224,972435
1784867031740830168,972435
1784867031755578692,972435
1784867031789391603,972435
1784867031827071474,972435
1784867031867860457,972435
1784867031902622928,972435
1784867031973176090,972435
1784867032139523327,972435
1784867032165102981,972435
1784867032183990617,972435
1784867032326655403,972435
1784867032641930044,972435
1784867033044008673,972435
1784867033064489594,972435
1784867033080095468,972435
1784867033097767515,972435
1784867033135789744,972435
1784867033163209551,972435
1784867033192306705,972435
1784867033222400848,972435
1784867033357714811,972435
1784867033634985428,970047
1784867033638907890,959779
1784867033639567674,959489
1784867033646356135,959474
1784867033780223095,959457
1784867033891072484,960380
1784867034005572737,960776
1784867034027800681,960768
1784867034159974793,960765
1784867034588605725,960765
1784867034897443558,960765
1784867034920327137,960765
1784867034987628341,960765
1784867035020404543,960765
1784867035042996613,960764
1784867035056731338,960764
1784867035071027241,958912
1784867035084242136,958893
1784867035090969959,958870
1784867035106571072,958853
1784867035121499830,958840
1784867035122749588,958837
1784867035131600236,958837
1784867035141658719,958837
1784867035152027448,958837
1784867035163577482,958837
1784867035182389672,958837
1784867035191257451,958837
1784867035208294325,958837
1784867035223784577,958837
1784867035291923760,958837
1784867035304153734,958837
1784867035367474283,958837
1784867035411954337,958837
1784867035554285961,958837
1784867035603381045,958837
1784867035759444237,958837
1784867035902624901,958837
1784867036126644390,958837
1784867036442321329,958837
1784867036967931514,958837
1784867037590505689,958841
1784867038301545633,958841
1784867038607038873,958841
1784867039199483105,958841
1784867039520813180,958841
1784867040140393360,958837
1784867040140748533,958836
1784867040186681106,958828
1784867040603286963,958826
1784867040861155440,958826
1784867041021243026,958826
1784867041677762341,958826
1784867041695247258,958826
1784867041701855437,958826
1784867041826234286,958826
1784867041896343975,958826
1784867041969954441,958825
1784867042069348004,958821
1784867042170936037,958819
1784867042265711987,958815
1784867042434275190,958815
1784867042653342349,958815
1784867043065214176,958815
1784867043539285196,958815
1784867044744662974,958813
1784867044793030765,958813
1784867044816252657,958813
1784867044921455962,958813
1784867045162198930,958813
1784867045916145903,958813
1784867046145837530,958812
1784867046198858381,958807
1784867046250807484,958807
1784867046268817589,958807
1784867046295138052,958807
1784867046494930223,958806
1784867046965771709,958805
1784867047193956482,958805
1784867048009204490,958805
1784867048824988577,958805
1784867049101877777,958805
1784867049742368043,958805
1784867051081844838,958804
1784867051758219082,958803
1784867051799774799,958803
1784867052010296948,958801
1784867052171796560,958801
1784867052185042352,958800
1784867052241142841,958800
1784867052952709518,958800
1784867053130912812,958798
1784867053425716891,958796
1784867053700859771,958796
1784867054062529453,958796
1784867054266216847,958796
1784867054839111298,958796
1784867055246617909,958796
1784867055594166851,958796
1784867056014361609,958796
1784867056554368089,958804
1784867056966580722,958797
1784867057323029593,958795
1784867057570952055,958794
1784867057856027670,958793
1784867058240274165,958793
1784867058695879554,958793
1784867059019750645,958792
1784867059100686996,958788
1784867059157958685,958787
1784867059275762505,958786
1784867059821291894,958783
1784867061534532702,958781
1784867061718779005,958779
1784867061744761166,958779
1784867061774909040,958775
1784867061799297333,958775
1784867061823494104,958775
1784867061849882911,958772
1784867061862675379,958772
1784867061926634652,958772
1784867061962660824,958771
1784867061981332452,958766
1784867061992529015,958759
1784867062018913362,958752
1784867062057638763,958752
1784867062075318578,958752
1784867062099517735,958752
1784867062210200004,958752
1784867062277748216,958752
1784867062407027453,958752
1784867062486904176,958752
1784867062487246875,958752
1784867062500275876,958752
1784867062524171458,958752
1784867062573601726,958752
1784867062689649141,958752
1784867062944603132,958752
1784867063059598210,958752
1784867063163233671,958752
1784867063274589042,958752
1784867063311805035,958752
1784867063344691212,958752
1784867063582646025,958752
1784867063705750877,958752
1784867063722007724,958752
1784867063765772462,958752
1784867063836585094,958752
1784867063838185633,947119
1784867063838334990,935938
1784867063852338726,933641
1784867063857879999,920144
1784867063925004276,906648
1784867064021013635,932468
1784867064078103509,932339
1784867064331214073,932331
1784867064925866076,932323
1784867065456302921,932315
1784867065858744568,932307
1784867066374157232,932299
1784867066393911792,918099
1784867066399905802,913464
1784867066412775526,912027
1784867066454903876,911198
1784867066503980390,909033
1784867066565161095,909017
1784867066606779563,909002
1784867066685804771,909093
1784867066690811760,909069
1784867066691341947,909046
1784867066706334928,911613
1784867066767775193,911605
1784867066965468159,911598
1784867066965775960,911591
1784867066988884935,911581
1784867067067991910,911467
1784867067243890298,911565
1784867067253703837,911558
1784867067271436815,910554
1784867067275845157,910554
1784867067344438876,910535
1784867067409886159,910535
1784867067582973589,910777
1784867067935315197,911184
1784867068536698250,910710
1784867068553784542,910710
1784867068625248708,910624
1784867068655041316,910606
1784867068943300370,910568
1784867069233732515,910567
1784867069771065147,910567
1784867070033570630,910567
1784867071061559528,910567
1784867072405874436,910567
1784867072672151606,910567
1784867073088978531,910570
1784867073863610192,910567
1784867073875340186,910567
1784867073942212003,910567
1784867074210260054,910567
1784867075183300743,910567
1784867075776591808,910567
1784867076312113865,910567
1784867076559229183,910567
1784867077033971845,910567
1784867077611291048,910567
1784867079481602672,910565
1784867079921281782,910565
1784867080305955131,910565
1784867080312414671,910565
1784867080318325406,910560
1784867080331424635,910551
1784867080378792873,910551
1784867080496595685,910551
1784867081023063272,910551
1784867081039615608,910551
1784867081047541245,910551
1784867081080521920,910551
1784867081106877889,910551
1784867081240801685,910551
1784867081609287566,910551
1784867081998395803,910551
1784867082170472628,910551
1784867082973410420,910551
1784867083646274980,910551
1784867083742597916,910551
1784867084604601751,910551
1784867086345833599,910551
1784867086420479621,910551
1784867087299632981,910551
1784867087393894371,910551
1784867088138292014,910551
1784867088934076932,910551
1784867088952014468,910551
1784867088976485506,910551
1784867088995661185,910551
1784867089027189149,910551
1784867089108747823,910551
1784867089289476588,910551
1784867089881535436,910551
1784867090025891480,910551
1784867090045127231,910551
1784867090079974071,910551
1784867090158822744,910551
1784867090854770340,910561
1784867091146630561,910561
1784867091546707011,910561
1784867092118103591,910559
1784867092707230044,910551
1784867092718487621,910551
1784867092775062793,910551
1784867093064631996,910550
1784867093075139150,910550
1784867093116090489,910550
1784867093211593460,910550
1784867093238554671,910550
1784867093254916988,910550
1784867093287635783,910550
1784867093364700359,910550
1784867093446135824,910550
1784867093921854855,910550
1784867094089046356,910550
1784867094295133104,910550
1784867094522373309,910550
1784867094749564170,910550
1784867095226622411,910550
1784867095569920438,910550
1784867095636739612,910550
1784867095660470464,910550
1784867095686992886,910550
1784867095699974852,910550
1784867095775324237,910550
1784867095951597517,910550
1784867096227787823,910550
1784867096966374606,910550
1784867097710379585,910550
1784867098372229553,910550
1784867098845052180,910550
1784867099949631305,910550
1784867099964132389,910564
1784867100078151459,910550
1784867100222150637,910537
1784867100841338449,910537
1784867100854907075,910536
1784867101287280778,910536
1784867101420496554,910536
1784867101462377538,910536
1784867101568996571,910536
1784867102068378111,910536
1784867102226637400,910536
1784867102951150460,910536
1784867103015912490,910536
1784867103034553939,910536
1784867103046873815,910536
1784867103064606243,910535
1784867103110407723,910535
1784867103278169786,910535
1784867103804269615,910535
1784867104749308944,910535
1784867105147758031,910535
1784867105157714162,910535
1784867105763087380,910535
1784867106580684212,910535
1784867111236148776,910535
1784867111629396631,910535
1784867112911054839,910535
1784867113498838081,910535
1784867114607007852,910535
1784867114989408910,910535
1784867115271710705,910535
1784867115845702627,910535
1784867116492815821,910535
1784867116737225197,910534
1784867116969688391,910534
1784867118111015934,910532
1784867121362182468,910532
1784867125458874253,910532
1784867126046273716,910532
1784867129046849135,910532
1784867129206212996,910532
1784867130383614905,910532
1784867131807831294,910532
1784867132667806422,910532
1784867134266110394,910532
1784867139113149804,910533
1784867140633163238,910533
1784867141307285017,910532
1784867142287220187,910532
1784867143763081555,910532
1784867144458803155,910532
1784867145692775764,910532
1784867146699101190,910532
1784867148174658149,910532
1784867150142099420,910532
1784867153318492507,910532
1784867153651632908,910532
1784867153686968167,910532
1784867153761209124,910532
1784867155017420647,910532
1784867155353188646,910532
1784867155447386631,910532
1784867155471893083,910532
1784867155547494037,910532
1784867155574906663,910532
1784867155590352314,910532
1784867155636569467,910532
1784867155722661183,910532
1784867155835904673,910532
1784867155847062597,910532
1784867155875349323,910532
1784867155941167246,910532
1784867156143598698,910532
1784867156968740939,910532
1784867157173091333,910532
1784867157834446434,910532
1784867157869914598,910520
1784867157872984440,888589
1784867157873145569,886029
1784867157873961370,882879
1784867157877234281,873471
1784867157878469591,861920
1784867157885513661,860549
1784867158023132284,860362
1784867158083561827,860691
1784867158200337977,882156
1784867158222114198,861989
1784867158257080409,882081
1784867158304222836,882073
1784867159022917456,863593
1784867160554907648,863593
1784867162686465732,863593
1784867162742350668,863593
1784867164230198286,863593
1784867167170902399,863777
1784867168583571367,863745
1784867168746336562,863719
1784867168751312886,863294
1784867168753523157,863285
1784867168946242341,863043
1784867168962826578,863043
1784867168986919001,863163
1784867169127784014,863275
1784867169595366445,863054
1784867169821079441,863054
1784867170798620033,863054
1784867171042177087,863054
1784867171059041218,863054
1784867171085730194,863054
1784867171132628031,862945
1784867171284114219,862837
1784867171544186126,862837
1784867171718354706,862837
1784867171868585867,859293
1784867171871516758,856306
1784867172068813209,849046
1784867172076022906,848084
1784867172084041651,848067
1784867172084351010,848168
1784867172084608182,848144
1784867172096337415,848120
1784867172176406871,854476
1784867172735728950,854398
1784867172751039349,849358
1784867172913835460,849327
1784867173149362684,849294
1784867173458443371,849264
1784867173791535656,849238
1784867174061010296,849208
1784867174265079387,849181
1784867174693342527,849166
1784867175038784776,849152
1784867175426214994,849137
1784867175815035952,849123
1784867176366493910,849105
1784867176778576718,849065
1784867177113883884,849062
1784867177442954739,849059
1784867177618917007,849056
1784867177841884229,849052
1784867178112052055,849047
1784867178298171486,849045
1784867178787561788,849041
1784867178809079979,849039
1784867178990152065,849036
1784867179191763046,849032
1784867180469447745,849028
1784867181001210065,849025
1784867181550536112,849022
1784867183084856643,849022
1784867183091766345,848793
1784867183117975218,848257
1784867183127084887,848249
1784867183139943147,848245
1784867183140945400,848245
1784867183151569860,848245
1784867183221373997,848245
1784867183292247978,848245
1784867183292745863,848243
1784867183293157009,848242
1784867183368239362,848241
1784867183430974113,848235
1784867183431337031,848234
1784867183442537863,848234
1784867183589975755,848234
1784867183604019489,845803
1784867183604812076,844264
1784867183607199725,844252
1784867183607370105,844637
1784867183615442735,844590
1784867183660502343,844589
1784867183803922400,844589
1784867183916768760,844589
1784867183961897394,844589
1784867184095142107,844589
1784867184112474918,844589
1784867184123262478,844589
1784867184141005761,844589
1784867184172861074,844589
1784867184271636634,844589
1784867184849913299,844589
1784867185217353000,844589
1784867185507732520,844589
1784867186308517654,844589
1784867187242556991,844590
1784867189300245158,844590
1784867189314549625,844590
1784867189330879867,844590
1784867189343732866,844588
1784867189359746814,844585
1784867189400657761,844585
1784867189431737423,844585
1784867189445601987,844585
1784867189468805060,844585
1784867189493605525,844585
1784867189556399038,844585
1784867189595145123,844585
1784867189608618273,844585
1784867189630407573,844585
1784867189652353879,844586
1784867189652689144,838722
1784867189657104516,836586
1784867189671197554,836572
1784867189671624642,836556
1784867189682278731,836541
1784867189696428177,836527
1784867189744220277,836506
1784867189788668583,836508
1784867189804569274,836481
1784867189804958825,836474
1784867189884050442,836472
1784867190042468011,836472
1784867190288431863,836472
1784867190377302846,836472
1784867190587723606,836472
1784867191020933031,836473
1784867191025657843,819301
1784867191026271480,819293
1784867191126604932,819284
1784867191367570872,819276
1784867191825292218,819268
1784867191929147971,819260
1784867191975571236,819253
1784867191996051986,819244
1784867192028744969,819236
1784867192039831245,819229
1784867192351583055,819221
1784867192662816859,819214
1784867192812377787,819204
1784867192836267186,819197
1784867193030349037,819189
1784867193396110533,812911
1784867194985681065,812895
1784867195111136752,812879
1784867195327376354,812865
1784867196083664846,813652
1784867196086466636,812961
1784867196291778904,812935
1784867196471750577,816988
1784867196830665975,813253
1784867197668920522,813237
1784867197736735151,813221
1784867198025278457,813205
1784867198420943621,813190
1784867198685811734,813173
1784867199110653729,813158
1784867199149216070,813142
1784867199161280328,813127
1784867199166663764,813111
1784867199180984848,813083
1784867199200166795,813017
1784867199235788705,813011
1784867199270900380,813010
1784867199371260868,813010
1784867199444278608,813010
1784867199511484722,813010
1784867199584745221,813010
1784867199584960000,813010
1784867199883637697,813010
1784867200199854326,813010
1784867200562379020,813010
1784867200639686329,813010
1784867200847568747,813010
1784867201475627559,813010
1784867203166172289,813010
1784867205918637489,813010
1784867206374789512,813009
1784867206523321258,813009
1784867207001013862,813009
1784867207038856059,813009
1784867207158408897,813009
1784867207442909420,813009
1784867207606420744,813009
1784867208953071295,813009
1784867209112705419,813009
1784867209934526373,813009
1784867210721440855,813010
1784867210994850112,813010
1784867212425196965,813010
1784867212984040055,813009
1784867213708969875,813004
1784867213925027458,813003
1784867214612187957,813003
1784867214916024479,813003
1784867215060674269,813003
1784867216489138892,813003
1784867216531036419,813003
1784867216536136775,813003
1784867216541393550,813003
1784867216688762332,813003
1784867216963094240,813003
1784867217036461592,813000
1784867217236407056,812998
1784867217913491972,812998
1784867218189446156,812996
1784867218925063637,812996
1784867219016007302,812993
1784867219023172063,812993
1784867219112078408,812993
1784867219184437587,812993
1784867219421497832,812993
1784867219728212438,812992
1784867220020836807,812985
1784867220320004779,812986
1784867220385080719,812985
1784867220391605880,812985
1784867220421418538,812985
1784867220456701041,812985
1784867220467882858,812985
1784867220470240845,812985
1784867220480032856,812985
1784867220488781206,812985
1784867220553822770,812985
1784867220554469015,812985
1784867220554808597,812985
1784867220573382794,812985
1784867220601558765,812985
1784867220621061695,812985
1784867220650997913,812985
1784867220694261303,812985
1784867220745617148,812985
1784867220824245901,812985
1784867220893249690,812985
1784867221208122428,812985
1784867221538406690,812985
1784867222109688144,812985
1784867223006002658,812985
1784867223760008590,812985
1784867224192574893,812985
1784867225101387421,812985
1784867226010470230,812985
1784867226580269969,812985
1784867226667576310,812985
1784867227146810854,812985
1784867227868456579,812984
1784867228670938103,812984
1784867229278942764,812984
1784867229407531641,812984
1784867229572591551,812984
1784867229581073060,812984
1784867229586628934,812983
1784867229599947622,812978
1784867229605726615,812975
1784867229640766826,812964
1784867229658367109,812959
1784867229670342525,812954
1784867229696684746,812952
1784867229711384516,812952
1784867229732223554,812952
1784867229790765879,812952
1784867229855371354,812952
1784867229894663705,812952
1784867229957199730,812952
1784867230080019538,812952
1784867230149204313,812952
1784867230599207590,812952
1784867230799509834,812952
1784867231148006568,812952
1784867231167133267,812952
1784867231189767934,812952
1784867231214774881,812952
1784867231221918782,812952
1784867231300599824,812952
1784867231532691005,812952
1784867232153770621,812952
1784867232204999147,812952
1784867232232206735,812952
1784867232379295156,812952
1784867232580166652,812952
1784867232908551553,812952
1784867233260608250,812952
1784867233968862244,812952
1784867233978446241,812952
1784867234000516692,812952
1784867234013763545,812952
1784867234020943350,812952
1784867234049845257,812952
1784867234065528204,812952
1784867234078555859,812952
1784867234095415533,812952
1784867234146742219,812952
1784867234154896951,812952
1784867234194670367,812952
1784867234199185452,812952
1784867234213146368,812952
1784867234262948239,812952
1784867234369183160,812952
1784867234499046507,812952
1784867234840277848,812955
1784867234842914594,798107
1784867234845158646,796119
1784867234854857022,796111
1784867234867135103,796102
1784867234871008613,796093
1784867234886583615,796085
1784867234898812560,796077
1784867234969929897,796070
1784867235006601015,796061
1784867235127875133,796054
1784867235246823830,796045
1784867235871212676,796037
1784867237798432929,796029
1784867237891856768,796022
1784867238314755853,796013
1784867238603422321,796005
1784867239572354890,795997
1784867239929816770,795960
1784867240556128962,795960
1784867240925447309,795162
1784867241549268025,795085
1784867241676083564,795061
1784867241696855725,795040
1784867241717964781,795049
1784867241728950579,795043
1784867241745402908,795034
1784867241754312143,795025
1784867241762285468,795012
1784867241770795670,794998
1784867241778262494,794976
1784867241797190101,794960
1784867241804335302,794951
1784867241815085807,794936
1784867241820270138,794915
1784867241839456287,794909
1784867241877783946,794888
1784867241918257896,794866
1784867242072225871,794841
1784867242081326816,794825
1784867242165905109,794796
1784867242575721385,794783
1784867242711109588,794761
1784867242917600623,794739
1784867243351033554,794736
1784867243801718727,794736
1784867243928991566,794736
1784867244118349608,794736
1784867244297646129,794736
1784867244323206876,794736
1784867244382901806,794736
1784867244448656061,793631
1784867244449029946,792640
1784867244449814186,791984
1784867244450304803,791984
1784867244456424030,791984
1784867244456745128,791984
1784867244460463391,791863
1784867244471514607,791842
1784867244481828534,790826
1784867244490405084,790752
1784867244536896769,790743
1784867244593408297,790741
1784867244644181065,790505
1784867244865495062,790468
1784867245035559665,790468
1784867245999287170,790468
1784867247342577691,790467
1784867247403613733,790467
1784867247456723157,790467
1784867247501626187,790168
1784867247506825563,789655
1784867247549028679,789642
1784867247580832554,789626
1784867247580956610,789620
1784867247585400510,789512
1784867247585598664,789494
1784867247607403797,789406
1784867247654261809,789409
1784867247657524462,789402
1784867247752018025,789402
1784867247757834259,789553
1784867247782613897,789548
1784867247893665694,789548
1784867247961146824,789566
1784867247983482100,789545
1784867248020855891,789544
1784867248276485048,789544
1784867248875510154,789544
1784867250914386676,789544
1784867251788672719,789544
1784867251855908281,789544
1784867251903027017,789544
1784867252701540108,789544
1784867253722912943,789544
1784867253771474545,789544
1784867253785182113,789544
1784867253832789376,789544
1784867254721395489,789544
1784867254929541463,789544
1784867256119609115,789544
1784867256200726547,789544
1784867256475577448,789544
1784867256606500271,789544
1784867256647155053,789544
1784867256691544662,789545
1784867256694355879,789666
1784867256788440638,789395
1784867256987421680,789633
1784867256999603362,789625
1784867257014914964,789616
1784867257028349918,789608
1784867257039233497,789607
1784867257049270470,789607
1784867257076615010,789607
1784867257113579248,789607
1784867257563292317,789607
1784867258112366654,789607
1784867258262489705,789607
1784867258435325609,789607
1784867258937689300,789607
1784867261108800738,789607
1784867262374636003,789607
1784867262387057217,789607
1784867262399497896,789607
1784867262403438432,789607
1784867263059616503,789607
1784867264538866734,789606
1784867264639287822,789606
1784867264654919288,789606
1784867265408750285,789606
1784867265479557975,789606
1784867265690014431,789606
1784867267024334111,789606
1784867267033737806,789606
1784867267038328104,789606
1784867267332263742,789606
1784867267347124212,789605
1784867267448678053,789605
1784867267712502421,789605
1784867268126165653,789604
1784867269301315963,789604
1784867269646386998,789604
1784867271278282548,789604
1784867271588132129,789602
1784867271980124219,789602
1784867272923724266,789602
1784867273356862595,789602
1784867273369637400,789601
1784867273376129486,789601
1784867273396323411,789601
1784867274172544455,789601
1784867274222600828,789601
1784867274550981634,789601
1784867274557534400,789601
1784867274642422046,789601
1784867274919619783,789601
1784867275657313203,789601
1784867275713235891,789601
1784867275796428048,789603
1784867276075253600,789603
1784867277550656601,789603
1784867278541858739,789603
1784867279780661331,789603
1784867281756626685,789601
1784867282661738928,789601
1784867284579300198,789602
1784867287754336650,789602
1784867290364894190,789602
1784867290525968321,789601
1784867292879637394,789601
1784867293003034699,789601
1784867293966919733,789601
1784867294442432626,789601
1784867294471811432,789600
1784867294495342858,789598
1784867294616602370,789592
1784867294914298278,789591
1784867294967586093,789585
1784867294973155442,789585
1784867295109349723,789585
1784867295777645797,789585
1784867296090360175,789604
1784867296099075593,783382
1784867296610298916,783024
1784867297656272260,783007
1784867299703265274,782991
1784867301114495188,782976
1784867301123214901,782962
1784867301162426351,782943
1784867303348761751,783003
1784867303676397619,782978
1784867303680427033,782954
1784867303697273524,783219
1784867303697924570,783503
1784867303709009496,783652
1784867303724581122,783644
1784867303745765017,783637
1784867303774546113,783628
1784867303801610133,783632
1784867303803768641,779423
1784867303803912188,773781
1784867303804937824,771803
1784867303819776821,769393
1784867303849731873,769283
1784867303947565604,773683
1784867304000404888,765209
1784867304172924298,773523
1784867304320010231,773514
1784867304515591235,773507
1784867305449951092,773498
1784867306035065393,773491
1784867306080120672,773483
1784867306494780181,773475
1784867306654541327,773466
1784867308506156808,773459
1784867310412337808,773451
1784867310643081714,773442
1784867311477783217,773435
1784867311818937396,773427
1784867311819222481,773426
1784867311819468392,773426
1784867311819782255,773426
1784867311820004532,773426
1784867311992605354,773426
1784867312116993697,773426
1784867312603858855,773426
1784867312977406238,773426
1784867313353297254,773426
1784867313892438443,773426
1784867314222310016,773426
1784867314303320165,773426
1784867314318128395,773426
1784867314327678322,773426
1784867314336603175,773426
1784867314375117361,773426
1784867314414887707,773426
1784867314456299884,773426
1784867314564019698,773426
1784867315068920720,773426
1784867315187685016,773426
1784867316671411593,773426
1784867319466843052,773426
1784867320021225327,773426
1784867321122008568,773426
1784867322368777325,773426
1784867322382547203,773426
1784867322408245638,773426
1784867322426236620,773426
1784867322566399143,773426
1784867322951206921,773426
1784867323559825987,773426
1784867323669800594,773426
1784867323950930464,773426
1784867324597142556,773426
1784867327198097634,773426
1784867327214323346,773426
1784867327353114623,773426
1784867327389399702,773426
1784867327460109138,773426
1784867327495456134,773425
1784867327535448268,773425
1784867327691571007,773425
1784867327746393247,773425
1784867327784503134,773425
1784867327852703695,773425
1784867327892550702,773425
1784867328014782226,773425
1784867328611495664,773424
1784867330336264189,773424
1784867331861694042,773424
1784867331891458275,773424
1784867332038539363,773424
1784867333319189666,773424
1784867333710992753,773424
1784867334387309035,773424
1784867335250789469,773424
1784867336065872397,773424
1784867337573729006,773424
1784867337917065787,773424
1784867339960031367,773424
1784867341051363223,773424
1784867342315285850,773424
1784867343381128635,773426
1784867343381683499,762931
1784867343381963591,762925
1784867343383491798,762920
1784867343386370428,762912
1784867343391828145,762904
1784867343397558538,762451
1784867343420689579,763033
1784867343420816625,766888
1784867343425038916,765033
1784867343491094338,763845
1784867343570367383,763623
1784867343626009205,763638
1784867343780903840,763457
1784867344521475262,763590
1784867344922943756,763582
1784867345613269915,763581
1784867346041786142,763581
1784867346710094617,763581
1784867347668444740,763581
1784867349919849043,763581
1784867352140704549,763583
1784867354158998155,763581
1784867354169880096,763581
1784867354335557364,763580
1784867354524539429,763580
1784867354653554244,763580
1784867355056142631,763580
1784867356441942244,763580
1784867357733467023,763580
1784867360673879739,763580
1784867362528336169,763579
1784867365330218475,763579
1784867365539991890,763579
1784867365550569403,763579
1784867366070347097,763579
1784867366523250585,763579
1784867368140471906,763582
1784867369432447615,763579
1784867369442289244,763579
1784867369442557574,763579
1784867369453598676,763579
1784867369496002961,763579
1784867369604848039,763579
1784867369983964335,763579
1784867370704028727,763579
1784867371973653873,763579
1784867371986987641,763579
1784867371994434153,763579
1784867372101095617,763579
1784867373060334823,763579
1784867373516409375,763579
1784867374677678357,763579
1784867374787851001,763579
1784867374805879976,763579
1784867375782123382,763578
1784867375797272431,763578
1784867375797491602,763578
1784867375815407611,763578
1784867376033630129,763578
1784867376342904795,763578
1784867376963469274,763578
1784867376963649780,763578
1784867376963985552,763578
1784867376964185092,763578
1784867377022445158,763578
1784867377277999998,763578
1784867377744117964,763577
1784867377928106956,763577
1784867378285851866,763577
1784867378554152959,763577
1784867379413310322,763577
1784867380161124028,763577
1784867381117285580,763576
1784867381430461561,763575
1784867381945478496,763575
1784867383126014435,763575
1784867383741383523,763575
1784867386373183609,763575
1784867387761341336,763575
1784867388395165982,763575
1784867388578728793,763575
1784867388619361534,763575
1784867388634568188,763575
1784867388686695811,763575
1784867389182658207,763575
1784867389987943560,763575
1784867390438616332,763575
1784867391934354120,763575
1784867392250904389,762965
1784867392270043382,762956
1784867392270402688,762950
1784867392278346883,762942
1784867392293158500,762934
1784867392301772176,762926
1784867392329728705,762922
1784867392339257304,762922
1784867392383845699,762922
1784867392419800093,762922
1784867392498391450,762922
1784867392549009203,762922
1784867392791880543,762922
1784867393843291417,762922
1784867395218503227,762922
1784867395261163560,762922
1784867395285409071,762922
1784867395302381312,762922
1784867395600204842,762922
1784867395748701143,762922
1784867397991125796,762922
1784867398170389761,762922
1784867398294739408,762922
1784867400060392501,762922
1784867400219458176,762922
1784867400292151883,762922
1784867400319276253,762922
1784867400343493151,762922
1784867400367002367,762922
1784867400418190745,762922
1784867400549788999,762922
1784867400626789703,762922
1784867400966610590,762922
1784867401165271697,762922
1784867401356204332,762922
1784867401608373154,762922
1784867401895939881,762922
1784867402085151078,762922
1784867402128963672,762922
1784867402194912054,762922
1784867403435643945,762922
1784867404002599119,762922
1784867405134212695,762922
1784867405177599112,762922
1784867405217909160,762922
1784867405245505453,762922
1784867405264159049,762922
1784867405272622050,762922
1784867405298935718,762922
1784867405316609723,762922
1784867405368651827,762923
1784867405372750472,751979
1784867405372884780,745644
1784867405373187980,742008
1784867405380326037,730431
1784867405383064473,713940
1784867405389451246,697461
1784867405458510803,697461
1784867405512560549,698925
1784867405526269259,695689
1784867405680305634,736707
1784867405780407948,736698
1784867405911434093,736690
1784867406186670726,693634
1784867406190731366,681054
1784867406190927271,676774
1784867406200522456,676767
1784867406329052085,676759
1784867406480504356,676752
1784867406960628414,676744
1784867406961023849,676736
1784867407137958120,676728
1784867407350499019,676720
1784867407561735456,676711
1784867407600245535,676704
1784867407728641859,676696
1784867407842281273,676688
1784867408132868894,676680
1784867408294989515,676672
1784867408635886654,676663
1784867408981655722,676656
1784867409246248627,676648
1784867409398907329,676640
1784867409419590102,676632
1784867409426478248,676624
1784867409457062138,676615
1784867409457463331,676608
1784867409486496840,676600
1784867409573674119,676593
1784867409603879261,676583
1784867409723801187,676576
1784867409930517857,676568
1784867410174881447,676561
1784867410222293563,676551
1784867410274437467,676544
1784867410891264636,676539
1784867411763884060,676539
1784867412336922499,676540
1784867412341734061,669381
1784867412345649223,667787
1784867412465780532,669281
1784867412600548003,669274
1784867412603338866,669267
1784867412611470417,667858
1784867412624292276,669194
1784867412646406896,669178
1784867412878469478,669171
1784867412909777274,668019
1784867413001388025,668003
1784867413235375114,667986
1784867413938541831,668948
1784867414916313238,668031
1784867415152998288,668381
1784867415179405272,668350
1784867415211271506,668303
1784867415284576861,668260
1784867415701544865,668218
1784867415788569092,667184
1784867415788687353,665156
1784867415789163461,664980
1784867415789303230,664957
1784867415793653677,664935
1784867415793799598,658878
1784867415796979005,657805
1784867415797137794,653476
1784867415797252150,651226
1784867415803921078,648731
1784867415823608861,647578
1784867415923738815,647552
1784867415928859468,644594
1784867415931542547,644558
1784867415937076356,644509
1784867415940224194,644482
1784867415944580098,644351
1784867415944750294,644345
1784867415952017314,644342
1784867415952191475,644341
1784867415956151985,644306
1784867415960937061,644253
1784867415972801386,644209
1784867415993170478,644195
1784867416129020511,644195
1784867416274127666,644195
1784867416457970611,644195
1784867416476055819,644195
1784867416502397846,644195
1784867416621615798,644195
1784867416659524510,644195
1784867416782418862,644194
1784867417030225439,644224
1784867417278208400,644216
1784867417465987130,644209
1784867417542321350,644128
1784867417677880136,644120
1784867417783838709,643971
1784867418413797061,643741
1784867418508123267,643726
1784867418520500625,643722
1784867418524083443,643717
1784867418538406991,643713
1784867418558644449,643687
1784867418596415801,643661
1784867418647062566,643639
1784867418695571805,643622
1784867418767118866,643608
1784867419040181473,643590
1784867419054453075,643590
1784867419084240663,643590
1784867419242472963,643591
1784867419843379792,643591
1784867420911940035,643591
1784867421354585667,643591
1784867421911374983,643591
1784867422722708889,643591
1784867423483682060,643591
1784867424692827755,641474
1784867425712369654,641466
1784867430281375451,641458
1784867432879381310,641451
1784867434514679361,641451
1784867436959420063,641451
1784867436959820525,641451
1784867436964985040,641451
1784867437044092597,641451
1784867438060405326,641451
1784867439929688411,641451
1784867439972279405,641451
1784867440054359557,641451
1784867440110852107,641451
1784867440326977951,641451
1784867440512444563,641451
1784867440721452378,641451
1784867440937482421,641451
1784867441182467969,641451
1784867441571687169,641451
1784867442039906002,641451
1784867443050787870,641451
1784867443737415761,641451
1784867444878435870,641451
1784867444906734467,641451
1784867444975657282,641451
1784867444990413180,641451
1784867444999806916,641451
1784867445129096213,641451
1784867446258435518,641451
1784867446292260556,641451
1784867446323339194,641451
1784867446465012145,641451
1784867447981808864,641451
1784867448329804125,641451
1784867448982774465,641451
1784867449644041569,641451
1784867451228352559,641451
1784867452989129795,641451
1784867453819431979,641451
1784867454561510882,641451
1784867454949671818,641451
1784867455018360099,641451
1784867455097992848,641451
1784867455125743162,641451
1784867455364252166,641451
1784867455807134694,641451
1784867456133081145,641451
1784867458612970140,641450
1784867459893019284,641450
1784867460369829617,641450
1784867460811272336,641450
1784867461953055055,641450
1784867462970936430,641450
1784867463313186785,641450
1784867464349744571,641450
1784867465354592330,641450
1784867465610111303,641450
1784867465834835593,641450
1784867467236652552,641450
1784867468395393623,641448
1784867470119166021,641448
1784867470518565866,641448
1784867471158842355,641446
1784867471874909360,641443
1784867472084343047,641438
1784867472911529899,641437
1784867472943353054,641432
1784867473581073489,641424
1784867474083700276,641422
1784867474529748048,641421
1784867474582218394,641420
1784867474623727529,641416
1784867474638719260,641415
1784867474663652499,641415
1784867474683309907,641415
1784867474708895803,641415
1784867474732247098,641415
1784867474814344995,641415
1784867474950516857,641415
1784867474994672423,641415
1784867475054088781,641415
1784867475457437608,641415
1784867475613521255,641415
1784867475771611714,641415
1784867477042016528,641416
1784867477415928896,641411
1784867479361536807,641430
1784867479822317893,641428
1784867479837655414,641419
1784867480009304636,631082
1784867480012848108,631082
1784867480013032828,631082
1784867480014180706,626405
1784867480017472060,623576
1784867480065331820,618873
1784867480127254038,611934
1784867480129788025,610408
1784867480131337867,610399
1784867480133069280,610392
1784867480164575473,610382
1784867480291460110,610374
1784867480674426417,610365
1784867481247326164,610357
1784867482680845944,610349
1784867482716925721,610341
1784867482742123264,610333
1784867482751170365,610326
1784867482791203215,609779
1784867482869470270,609056
1784867482922322425,609049
1784867483119004863,609041
1784867484048024852,609143
1784867484671937847,609139
1784867484672090165,609139
1784867484722606157,609139
1784867484786514579,609139
1784867484857458315,609139
1784867484904949789,609139
1784867485057028530,609139
1784867485618842997,609139
1784867485661605504,609139
1784867485792430412,609139
1784867485867851427,609139
1784867486274905945,609139
1784867486454677149,609138
1784867486963419848,609138
1784867487939264699,609138
1784867487959375145,609138
1784867487967678270,609138
1784867488001879621,609138
1784867488325734684,609138
1784867490069824355,609138
1784867492245796225,609137
1784867495988689234,609135
1784867499148020592,609126
1784867499313528487,609125
1784867499885545366,609125
1784867499936435179,609125
1784867500008397204,609125
1784867500877572373,609125
1784867502194803079,609125
1784867502876830011,609125
1784867503124580615,609123
1784867503191091119,604869
1784867503191335995,603210
1784867503201998895,603538
1784867503205980835,603139
1784867503212993008,603224
1784867503219535147,603139
1784867503229512590,603667
1784867503236332905,603218
1784867503253530557,603217
1784867503361598266,603218
1784867503443711251,603218
1784867503558507900,603206
1784867503829269675,603170
1784867503982795941,603167
1784867504056602792,603167
1784867504414804293,603167
1784867504798642646,603167
1784867505080240703,602858
1784867505992554904,602884
1784867506000095599,602386
1784867506148227415,602606
1784867506541481273,602603
1784867506566610263,602593
1784867506585302071,602585
1784867506661202228,602567
1784867506959742436,602550
1784867506979886313,602542
1784867507505829209,602529
1784867507766486796,602513
1784867508240446273,602503
1784867509149796315,602452
1784867509485737902,602404
1784867509829429288,602394
1784867509894460849,602369
1784867509958986069,602340
1784867510918912490,602353
1784867512514492758,602353
1784867512913685849,602353
1784867512936547141,602353
1784867512940159335,602353
1784867512950614024,602353
1784867512964865761,602353
1784867512964991260,602353
1784867512977711382,602353
1784867512988279981,602353
1784867512998018057,602353
1784867513007498354,602353
1784867513067569417,602353
1784867513094391042,602353
1784867513265088599,602353
1784867513412746482,602353
1784867513661084823,602353
1784867513967626435,602353
1784867513990431105,602353
1784867514190778923,602353
1784867515118378311,602353
1784867515709480720,602353
1784867516700441840,602353
1784867518343647657,602352
1784867518576676212,602383
1784867518579604214,582687
1784867518579794740,582682
1784867518589354734,594655
1784867518597271730,585854
1784867518627233642,583599
1784867518834229087,583613
1784867518966127741,583582
1784867518973720782,583580
1784867518983540266,583938
1784867518996501837,583913
1784867519030195763,583889
1784867519071804736,583869
1784867519124944434,584336
1784867519141121814,584311
1784867519159422056,584311
1784867519277529150,583845
1784867519328920267,583901
1784867519440832378,583875
1784867519835324427,583836
1784867519979199831,583825
1784867519979335126,583825
1784867519979478444,583825
1784867519979606424,583868
1784867520058442577,583578
1784867520174559067,583481
1784867520774830486,583473
1784867520986468085,583463
1784867521162364956,583460
1784867521216394729,583460
1784867521230386545,583460
1784867521235615496,583460
1784867521311262604,583459
1784867521491013595,583458
1784867521521683558,583458
1784867521533109311,583458
1784867521549339250,583458
1784867521579380051,583458
1784867521683417527,583458
1784867521786232454,583458
1784867521975668162,583458
1784867522197381620,583458
1784867522644823164,583458
1784867522720536060,583458
1784867522743132818,583458
1784867522985247844,583458
1784867523237747294,583458
1784867524455802128,583458
1784867526730134153,583458
1784867529416889460,583458
1784867530794538411,583458
1784867530912785886,583458
1784867531054423381,583458
1784867531143351687,583458
1784867531269227683,583458
1784867531295307005,583457
1784867531368100730,583457
1784867531705909080,583457
1784867531755631527,583457
1784867531773504757,583457
1784867531795062370,583457
1784867531805522859,583457
1784867531831152963,583457
1784867531870476158,583457
1784867531889359296,583457
1784867531921529154,583457
1784867531953360424,583457
1784867532001514550,583457
1784867532032460737,583457
1784867532065580501,583457
1784867532306537199,583457
1784867532659482023,583457
1784867532941005955,583457
1784867533640226298,583457
1784867533655142478,583457
1784867533809015283,583457
1784867534093077369,583457
1784867534702775744,583457
1784867534719728898,583457
1784867534725642108,583457
1784867534735447938,583457
1784867534740484871,583457
1784867534743008794,583457
1784867534747752367,583457
1784867534751287424,583457
1784867534770236987,583457
1784867534804761681,583457
1784867534887799949,583457
1784867534907575550,583457
1784867534915907752,583457
1784867534931380602,583457
1784867534949183783,583457
1784867534981536979,583457
1784867535020172664,583457
1784867535051448350,583457
1784867535174949289,583457
1784867535289820735,583457
1784867535523293676,583457
1784867535861603306,583457
1784867536180590862,583456
1784867536192945658,583456
1784867536215838250,583456
1784867536371919115,583456
1784867536507824388,583456
1784867536575547606,583456
1784867536960021917,583459
1784867538629554642,583456
1784867539466522654,583456
1784867539707892354,583456
1784867541717889776,583456
1784867542243766549,583456
1784867543917922616,583456
1784867543930346518,583456
1784867544656353697,583456
1784867545782541101,583460
1784867545795550186,583457
1784867545833763971,583456
1784867546490423868,583456
1784867547205086749,583456
1784867551141412524,583457
1784867556339783285,583457
1784867558967401215,583456
1784867561052535060,583456
1784867563109675026,583455
1784867563115087127,583479
1784867563115972422,561041
1784867563118904373,561020
1784867563128007887,568903
1784867563131608594,560864
1784867563139041330,561236
1784867563143592839,560729
1784867563147979557,560729
1784867563269087013,560830
1784867563571528753,560822
1784867563752518644,560815
1784867563917884191,560806
1784867565007142110,560798
1784867565347755548,560790
1784867565779707150,560782
1784867566571927884,560774
1784867567883944779,560766
1784867568054555860,560758
1784867568448726010,560729
1784867568555531179,560742
1784867569112773823,560734
1784867569886739978,560729
1784867570048210439,560728
1784867571021978118,560728
1784867571085436961,560728
1784867571217276577,560729
1784867573863198139,560728
1784867575095736063,560728
1784867575372943818,560728
1784867576357493985,560727
1784867578972283631,560723
1784867581089426406,560723
1784867581203467099,560723
1784867582754937955,560721
1784867584419341333,560717
1784867585130418659,560716
1784867585147782286,560716
1784867585153809679,560716
1784867585158075111,560716
1784867585160056502,560716
1784867585161840893,560716
1784867585164423481,560716
1784867585168049018,560716
1784867585281339081,560716
1784867585691737155,560716
1784867586990205424,560716
1784867587371047972,560716
1784867587658688225,560716
1784867588213082536,560716
1784867588218746890,560716
1784867588350126317,560716
1784867588606118571,560715
1784867590347458516,560715
1784867590403960361,560715
1784867590594910305,560715
1784867590618280721,560715
1784867590632689643,560715
1784867590665127445,560715
1784867590680882917,560715
1784867590681383784,560715
1784867590694912284,560715
1784867590695239262,560713
1784867590737784066,560713
1784867590772456639,560711
1784867590786890782,560711
1784867590830813087,560711
1784867590858965640,560709
1784867590871129878,560709
1784867590894544294,560709
1784867590986347839,560708
1784867591208727190,560708
1784867591777982342,560708
1784867592799401368,560708
1784867593042212124,560708
1784867594322933699,560708
1784867595995303912,560708
1784867597127868803,560713
1784867597288077256,560687
1784867597294789579,560672
1784867597427121171,560672
1784867597652411019,560671
1784867597917585829,560670
1784867598562579002,560669
1784867598652530615,560669
1784867598869277746,560669
1784867599730351067,560669
1784867600391456857,560669
1784867600471747133,560669
1784867600512067743,560669
1784867600524365055,560669
1784867600530558723,560669
1784867600562215795,560669
1784867600627967522,560669
1784867600818625288,560669
1784867600981599927,560669
1784867601026339203,560669
1784867601068112252,560669
1784867601122197221,560669
1784867601237645567,560669
1784867602136106400,560669
1784867602487509027,560669
1784867602500054337,560669
1784867602783001669,560669
1784867602824342640,560669
1784867603010942361,560669
1784867603093776776,560669
1784867603284146914,560669
1784867603472671439,560669
1784867603647311330,560669
1784867603905798957,560670
1784867603909103744,558226
1784867603909569281,555937
1784867603913800158,555923
1784867603920868613,555905
1784867603929942386,555891
1784867603935740390,555875
1784867603940739805,555364
1784867604047896042,555340
1784867604098904728,555317
1784867604109657930,555287
1784867604127873709,555246
1784867604254108345,555218
1784867604429841565,555150
1784867604755302983,555150
1784867605055335435,555003
1784867606384818936,554988
1784867606395411872,554988
1784867608892871909,554988
1784867609055487352,554988
1784867610473283155,554988
1784867610480558883,554988
1784867610488328661,554988
1784867610509092794,554988
1784867610622524591,554988
1784867610661542054,554988
1784867610768861735,554988
1784867610813883151,554988
1784867611150270474,554992
1784867611156949794,554767
1784867611218230358,554759
1784867611340912587,554744
1784867611687659671,554744
1784867611952701645,554744
1784867612232214742,554744
1784867612278916029,554744
1784867612938976754,554744
1784867613033108552,554744
1784867613287982606,554744
1784867613882346693,554744
1784867614543576092,554744
1784867615564582434,554744
1784867616051684769,554744
1784867616780830348,554744
1784867617104693295,554744
1784867617904879075,554744
1784867618548013966,554744
1784867618618281114,554744
1784867619060071726,554744
1784867619694442800,554744
1784867620159126166,554744
1784867621030414915,554744
1784867621516478524,554744
1784867621949801136,554744
1784867622420449756,554744
1784867624177516820,554750
1784867625733265119,554750
1784867627019243688,554750
1784867628132802988,554750
1784867628468651411,554750
1784867628526632691,554750
1784867628744400662,554747
1784867628778127236,554743
1784867628838264873,554743
1784867629056332205,554743
1784867629585116183,554743
1784867629769958124,554743
1784867629790584204,554743
1784867629818411661,554743
1784867629853856984,554743
1784867629962500488,554743
1784867630183654002,554743
1784867630213202862,554743
1784867630387706776,554743
1784867630988004425,554743
1784867631066576006,554743
1784867631134466463,554743
1784867632612646713,554743
1784867633475564566,554743
1784867634628819228,554743
1784867635091927603,554743
1784867636587188528,554743
1784867637064221831,554743
1784867637097498367,554743
1784867637208366585,554743
1784867637216549150,554743
1784867637239200418,554743
1784867637439519639,554743
1784867637743210667,554742
1784867637777874689,554741
1784867638190785789,554741
1784867638797932431,554741
1784867639286036860,554741
1784867640188191546,554741
1784867640718269889,554741
1784867640731274806,554741
1784867640741709118,554741
1784867640759277602,554741
1784867640783616996,554741
1784867640830780231,554741
1784867640857358064,554741
1784867640905378863,554741
1784867640921752975,554741
1784867640921911173,554741
1784867640941625445,554741
1784867640956126961,554741
1784867640966378614,554741
1784867640966620455,554741
1784867640983825694,554741
1784867641042443966,554741
1784867641427771396,554745
1784867641673117860,554745
1784867641919388139,554745
1784867642327216518,554745
1784867642342203193,554745
1784867642517922038,554745
1784867642982500372,554745
1784867643048386996,554740
1784867643108940740,554736
1784867643198365095,554736
1784867643735674475,554736
1784867643884970603,554736
1784867643961306659,554736
1784867643998207430,554736
1784867644053790322,554736
1784867644077619645,554736
1784867644381333543,554736
1784867645496117604,554736
1784867646088231150,554743
1784867647262888692,554736
1784867647307549258,554736
1784867647466923119,554736
1784867647938110780,554734
1784867648322191416,554734
1784867648493971953,554734
1784867648500889625,543958
1784867648501006618,535158
1784867648502514222,522762
1784867648502673226,521570
1784867648509328306,521570
1784867648509482216,521570
1784867648511868658,521570
1784867648597654363,521570
1784867648666204683,525219
1784867648684785673,521738
1784867648807716101,529833
1784867648958170354,529825
1784867649277684148,529985
1784867649667402890,522801
1784867650042238576,523877
1784867650234503391,522890
1784867651070998728,519431
1784867651581735164,519431
1784867652921770897,519431
1784867653374662847,519431
1784867654153584683,519431
1784867656111701350,519431
1784867656769637697,519435
1784867656773918967,501725
1784867656774283431,501718
1784867656793832672,501707
1784867656865988928,496681
1784867656867758803,493126
1784867656868007766,475944
1784867656894147521,470144
1784867656925239906,470128
1784867657016109503,470111
1784867657303177915,472695
1784867657668081158,472041
1784867658058305418,472018
1784867658500412304,470362
1784867659250503542,470346
1784867659464541777,470332
1784867659537165550,460440
1784867659540564782,460395
1784867659544353274,448976
1784867659694121695,449167
1784867659914944647,449160
1784867660048728335,449151
1784867660783588793,449143
1784867660847309588,449136
1784867660919857919,449127
1784867661085692348,449119
1784867661577171268,449111
1784867661802763025,449103
1784867661816519361,449095
1784867661831245197,449088
1784867661842007545,449081
1784867661859288808,449073
1784867661879879376,449063
1784867661892478623,449055
1784867661924524928,449048
1784867661968213626,449039
1784867662027691601,449032
1784867662127226775,449024
1784867662282775014,449015
1784867662346755505,449007
1784867662416779363,448999
1784867662422903676,448992
1784867662486394265,448984
1784867662743679742,448975
1784867662804726292,448975
1784867663043942655,448970
1784867664922372272,448968
1784867666030936195,448968
1784867667063518687,448968
1784867667435062323,448968
1784867669163930168,448968
1784867670065011197,448968
1784867670821550564,448968
1784867671888849953,448968
1784867671933842538,448968
1784867672178774308,448967
1784867672457600619,448967
1784867672758262593,448967
1784867672762625123,448967
1784867672891596009,448967
1784867673055715592,448967
1784867673279443730,448967
1784867673400421678,448967
1784867674173945507,448967
1784867675750973987,448967
1784867678267737715,448967
1784867679561542550,448967
1784867679607929261,448967
1784867679741252960,448967
1784867680336490712,448967
1784867680344468660,448967
1784867680380736559,448967
1784867680400791450,448967
1784867680415492663,448967
1784867680464060573,448742
1784867680476829130,448599
1784867680477010594,445994
1784867680477422435,440663
1784867680481490735,439998
1784867680481665150,439991
1784867680496002242,439984
1784867680502383086,440222
1784867680502560755,440119
1784867680508549468,440164
1784867680516444246,441350
1784867680568906672,440452
1784867680648848523,440494
1784867680754487802,440408
1784867680823160628,440385
1784867680961937096,440360
1784867681181599513,440337
1784867681310449481,440312
1784867681361018402,440288
1784867681436882895,440347
1784867681527115803,440365
1784867681674295837,440364
1784867682385133862,440364
1784867683968799220,440364
1784867685692027262,440364
1784867685695393023,440364
1784867685780326955,440364
1784867685850476492,440364
1784867686057215505,440364
1784867686713836732,440364
1784867686727828105,440364
1784867686760258113,440364
1784867686863402195,440364
1784867686968244251,440364
1784867687171913261,440364
1784867689198909565,440364
1784867689943116868,440364
1784867690744492606,440364
1784867691498525272,440364
1784867691571011301,440364
1784867691627411883,440364
1784867691645877876,440364
1784867691689310718,440364
1784867691698892569,440364
1784867691962734636,440364
1784867692969743624,440364
1784867693247194637,440364
1784867694002374766,440364
1784867695126158769,440364
1784867696653202256,440364
1784867697693123122,440364
1784867698957419591,440364
1784867698965274321,440364
1784867698996345266,440364
1784867699089590505,440364
1784867699105932013,440364
1784867699189883382,440364
1784867699407361600,440364
1784867699412929130,440364
1784867699418534690,440364
1784867699426405717,440364
1784867699428885558,440364
1784867699431301844,440364
1784867699440641587,440364
1784867699443438620,440364
1784867699560306839,440364
1784867699639218502,440364
1784867699926651742,440364
1784867700102487616,440364
1784867700470739939,440364
1784867701407742791,440364
1784867701477289766,440364
1784867701477450183,440364
1784867701477594590,440364
1784867701543695896,440364
1784867701680177849,440364
1784867701721418499,440364
1784867701743635853,440364
1784867701761116557,440364
1784867701785013941,440364
1784867701810265680,440364
1784867701827314025,440364
1784867701857115376,440364
1784867701896554092,440364
1784867701921583302,440364
1784867702041027789,440364
1784867702501521662,440364
1784867702589746388,440364
1784867702600805233,440364
1784867702604583456,440364
1784867702655985150,440364
1784867702706541757,440364
1784867702953698542,440364
1784867703106940502,440364
1784867703549180480,440364
1784867703554976070,440364
1784867703563260473,440364
1784867703595907589,440364
1784867703603163798,440364
1784867703620396335,440364
1784867703678737133,440364
1784867703723140289,440364
1784867703946714311,440364
1784867704399018314,440364
1784867704908868202,440364
1784867707001010027,440364
1784867708680546403,440364
1784867709007874028,440364
1784867709076907107,440363
1784867709193639311,440363
1784867709315088027,440362
1784867710170520616,440361
1784867711028968346,440359
1784867711555355866,440353
1784867711690537131,440353
1784867711690651385,440353
1784867711705537467,440353
1784867711749264167,440353
1784867711874469358,440353
1784867712085983904,440353
1784867712785523988,440353
1784867713352566754,440352
1784867713610199914,440350
1784867714363032957,440347
1784867714922801223,440345
1784867716001616108,440345
1784867716613759207,440344
1784867716989556520,440347
1784867717036153059,440345
1784867717105272951,440344
1784867717519522686,440344
1784867717796879079,440344
1784867718751413452,440344
1784867719566337579,440344
1784867720618007709,440344
1784867723421173112,440344
1784867723852022514,440344
1784867724090634369,440344
1784867726266512241,440344
1784867728642189227,440360
1784867729909453857,440360
1784867733574569595,440356
1784867734491865432,440349
1784867735205076082,440343
1784867735882766262,440338
1784867735918143028,440337
1784867735957160947,440333
1784867736055246930,440333
1784867736077468588,440333
1784867736175476611,440333
1784867736265481853,440333
1784867736745439271,440333
1784867737048110781,440333
1784867737852705167,440333
1784867738850258604,440333
1784867740534359970,431768
1784867740534675982,418837
1784867740538333666,412228
1784867740538800343,411016
1784867740656917409,414626
1784867740907315248,414618
1784867741390008789,414610
1784867742615187399,414602
1784867743903893229,414594
1784867744092613141,414586
1784867745527277374,411715
1784867745575136939,411705
1784867745593924642,411688
1784867745610657629,411668
1784867745690461935,411655
1784867745716532217,411637
1784867745813968832,411621
1784867746711628968,411604
1784867747911800150,411589
1784867748633763597,411573
1784867749156901874,411559
1784867749194554658,411541
1784867749204431941,411524
1784867749238347603,411512
1784867749282914901,411493
1784867749314339760,411480
1784867749348266948,411460
1784867749383438694,411445
1784867749513073584,411441
1784867749707308675,411441
1784867750333903921,411441
1784867750449958402,411441
1784867750471532501,411441
1784867751205350780,411443
1784867751687918479,411444
1784867751788058765,411420
1784867752013824976,411395
1784867752296999412,411381
1784867752554629066,411381
1784867752839846610,411381
1784867753041336178,411381
1784867753100669269,411381
1784867753518358020,411381
1784867753961852753,411381
1784867754307014817,411381
1784867754605187758,411381
1784867754757700006,411381
1784867755432699470,411377
1784867755443963010,411374
1784867755470986494,411360
1784867755837063421,411325
1784867756908436965,411322
1784867757219222108,411322
1784867757240695562,411322
1784867757263661587,411324
1784867757286686742,409150
1784867757286879139,409131
1784867757300598956,408800
1784867757300759199,408646
1784867757319533414,407956
1784867757319673642,407855
1784867757329881143,407601
1784867757330040301,407576
1784867757344251982,407535
1784867757344407821,407509
1784867757355632890,407502
1784867757364920943,407502
1784867757365068099,407502
1784867757370725448,407502
1784867757389809868,406210
1784867757390121841,406204
1784867757407225428,406171
1784867757428589444,406187
1784867757478171471,406187
1784867757522207131,406187
1784867757618565187,406187
1784867758055446028,406187
1784867758389209616,406187
1784867758762516499,406187
1784867759312676545,406187
1784867760431547401,406187
1784867760526313792,406187
1784867760564597394,406187
1784867760567199891,406187
1784867760584653150,406187
1784867760801360041,406187
1784867761645295535,406187
1784867762926409786,406187
1784867764314727564,406192
1784867764419279173,406192
1784867764803093093,406192
1784867766073717823,406192
1784867766197597564,406189
1784867766230136768,406187
1784867766235367849,406187
1784867766241627395,406187
1784867766270603621,406187
1784867766281532714,406187
1784867766297529136,406187
1784867766303952075,406186
1784867766324286482,406186
1784867766330232405,406185
1784867766339723543,406184
1784867766355313242,406182
1784867766361685944,406178
1784867766377651557,406174
1784867766439116429,406174
1784867766481292012,406174
1784867766517326309,406174
1784867766566644926,406174
1784867766666880512,406174
1784867766771132039,406174
1784867767273410092,406174
1784867767302173402,406174
1784867767560729808,406174
1784867767567279253,406174
1784867767594541673,406174
1784867767706149475,406174
1784867767771650555,406174
1784867767934842223,406174
1784867768213521940,406174
1784867769046507220,406174
1784867769615027386,406174
1784867769801626253,406174
1784867770030325340,406174
1784867770348877366,406174
1784867770383140925,406174
1784867770444234006,406174
1784867770579413248,406174
1784867771057394330,406174
1784867771675279909,406174
1784867771782592598,406174
1784867771804942235,406174
1784867771857187672,406174
1784867771869912938,399477
1784867771876074216,397818
1784867771876374518,394288
1784867771880754538,391139
1784867771881150849,386160
1784867771890533317,383893
1784867771903443484,383718
1784867771924251179,381458
1784867771973164550,381450
1784867772018524932,381442
1784867772058251397,382831
1784867772202536657,390636
1784867772376848082,390628
1784867772949657071,385984
1784867773654334710,384878
1784867773695123304,384864
1784867773695241025,384850
1784867773696828635,384829
1784867773697028932,384817
1784867773699348873,384740
1784867773699511693,384723
1784867773785134632,384654
1784867773887395042,384644
1784867773991838359,384532
1784867774091776040,384532
1784867774351324820,384532
1784867774471511499,384532
1784867774959765805,384532
1784867775399667334,384532
1784867775687403029,384532
1784867776234120236,384285
1784867776234284050,384242
1784867776235448945,384086
1784867776244528456,384067
1784867776251725211,384052
1784867776256855719,384016
1784867776265792425,383980
1784867776322443049,383976
1784867776540707647,383976
1784867776915678748,383976
1784867776938596110,383976
1784867776944009857,383976
1784867776959174087,383976
1784867776974656905,383976
1784867777102530679,383976
1784867777125501760,383976
1784867777156687795,383244
1784867777188704462,382341
1784867777289706052,382341
1784867777336701014,382341
1784867777411563015,382334
1784867777514558417,382316
1784867777636905103,382316
1784867778479947208,382316
1784867779538741344,382316
1784867780535744359,382316
1784867781056258981,382316
1784867781917223120,382316
1784867782637123438,382316
1784867783997124666,382234
1784867784421163219,382234
1784867784534862736,382234
1784867784557974559,382234
1784867784682585767,382234
1784867784882198155,382353
1784867784898672521,382462
1784867785154640129,382460
1784867785253035336,382460
1784867785277312973,382460
1784867785300766478,382460
1784867785325184005,382460
1784867785335553631,382460
1784867785357950666,382460
1784867785404582827,382460
1784867785502277072,382460
1784867785923061289,382460
1784867786006569992,382460
1784867786082413780,382460
1784867786161613280,382460
1784867786168396809,382460
1784867786266844026,382460
1784867786676718336,382460
1784867786886207360,382460
1784867787511171791,382460
1784867788252954056,382460
1784867788772663467,382460
1784867788994261226,382460
1784867789096920710,382460
1784867789273454047,382460
1784867789555113536,382460
1784867789846991455,382460
1784867790444051618,382460
1784867790801908317,382460
1784867790829065746,382460
1784867790923673040,382460
1784867790956143170,382460
1784867791024177857,382460
1784867791118852220,382460
1784867791180828848,382460
1784867791737263617,382460
1784867792517639903,382460
1784867793604188361,382460
1784867794090891552,382460
1784867794409436987,382459
1784867794917993875,382459
1784867795449771020,382459
1784867797901968316,382459
1784867798857369785,379639
1784867798866895966,376836
1784867799004424033,380644
1784867799007359791,377070
1784867799012513782,376977
1784867799019494797,378390
1784867799027993633,378525
1784867799035560658,377934
1784867799159127722,377611
1784867799549257877,377603
1784867799780620822,377506
1784867800900306298,377587
1784867801214206579,377579
1784867802637602486,377571
1784867804518709684,377564
1784867805312489109,377564
1784867805335475946,377564
1784867805342881223,377564
1784867805350657415,377564
1784867805401727784,377564
1784867805475863860,377564
1784867805512601424,376824
1784867805512903304,375753
1784867805517828471,374360
1784867805521925618,374783
1784867805529480396,374789
1784867805542351263,374776
1784867805566409147,374773
1784867805584407644,374752
1784867805687101012,374658
1784867805687551947,374651
1784867805710162452,374641
1784867805782366271,374641
1784867805819771496,374641
1784867806184601170,374641
1784867806567802699,374641
1784867807621333383,374641
1784867808124687265,374641
1784867808351738368,374641
1784867808666304502,374641
1784867809561244324,374641
1784867811082133178,374639
1784867811185186675,374636
1784867811197371524,374635
1784867811215217917,374635
1784867811246514121,374635
1784867811295423930,374635
1784867811368109338,374635
1784867812034432822,374635
1784867813179205841,374635
1784867813413385682,374635
1784867814887042434,374635
1784867815190703155,374635
1784867816141465319,374635
1784867816344484374,374635
1784867816671414975,374635
1784867818508176245,374635
1784867820156341501,374635
1784867820517856024,374635
1784867820591931018,374635
1784867820604662483,374635
1784867820650080320,374635
1784867820650436254,374635
1784867820714395145,374635
1784867820781396525,374635
1784867821411687099,374635
1784867822305919957,374635
1784867822512107027,374635
1784867823262660646,374635
1784867823309514168,374635
1784867824055326902,374635
1784867824998009495,374635
1784867824998961566,374635
1784867825058618809,374635
1784867825715364464,374635
1784867827483192227,374635
1784867828488254190,374635
1784867830683805488,374635
1784867831571102447,374635
1784867833473212331,374635
1784867834094636176,374635
1784867835713490318,374633
1784867837106333153,374630
1784867838431312739,374629
1784867841243666681,374622
1784867843072528688,374621
1784867847106779454,374617
1784867848715814834,374612
1784867849888158698,374611
1784867849907038939,374611
1784867849934772785,374611
1784867849935099688,374611
1784867849958397520,374611
1784867850008625587,374611
1784867850008763792,374611
1784867850008888684,374611
1784867850008991256,374611
1784867850015717778,374611
1784867850042537974,374611
1784867850057944378,374611
1784867850082428709,374611
1784867850082701531,374611
1784867850097092301,374611
1784867850116391288,374611
1784867850140544312,374611
1784867850184324118,374611
1784867850237693978,374611
1784867850262181394,374611
1784867850264958131,374611
1784867850306239824,374611
1784867850359389950,374611
1784867850766493114,374611
1784867850934294744,374611
1784867851515804719,374674
1784867851618697599,374674
1784867851978586240,374674
1784867852295228538,374674
1784867852422834035,374674
1784867852429808792,374674
1784867852449937904,374666
1784867852474849662,374659
1784867852484305295,374652
1784867852490575125,374644
1784867852499822159,374638
1784867852515325926,374627
1784867852579866175,374620
1784867852609615122,374612
1784867852620236960,374608
1784867852666892868,374599
1784867852691144981,374599
1784867852837481235,374598
1784867853027117068,374595
1784867853373152761,374590
1784867853844127471,374586
1784867854906795596,374585
1784867855556831215,374583
1784867856127100486,374583
1784867856148549591,374583
1784867856164775977,374583
1784867856186004210,374583
1784867856200714519,374583
1784867856269943579,374583
1784867856319735558,374583
1784867856853473948,374583
1784867857602357023,374583
1784867859024425125,374583
1784867860051673398,374583
1784867860906969715,374583
1784867862346706843,374583
1784867862461737670,374583
1784867862798907676,374583
1784867862812851241,374583
1784867862855421534,374581
1784867864585056463,374580
1784867865325176492,374579
1784867866830837944,374577
1784867867136549519,374577
1784867867145443734,374576
1784867867298245008,374576
1784867868008669659,374576
1784867870186623707,374576
1784867871092636406,373883
1784867871098891730,372550
1784867871099115128,371746
1784867871099866128,371717
1784867871102883868,371678
1784867871110349047,371612
1784867871114140842,371606
1784867871258557889,371605
1784867871318924756,371605
1784867871986782910,371605
1784867871991400777,371605
1784867872048221215,371605
1784867872077828701,371605
1784867872204325892,371605
1784867872917705039,371605
1784867873040411495,371605
1784867873433090505,371605
1784867873765125970,371605
1784867873787671684,371605
1784867873978672554,371605
1784867875482111955,371605
1784867875515588855,371605
1784867875558590181,371605
1784867875980325355,371605
1784867877100162471,371605
1784867877807205675,371605
1784867878388392893,371605
1784867878394530804,371605
1784867878407201228,371605
1784867878420069862,371605
1784867878494108592,371605
1784867878502772279,371605
1784867878537461926,371605
1784867878552673122,371605
1784867878575022037,371605
1784867878618801097,371605
1784867878694116612,371605
1784867878856889638,371605
1784867878865957272,371605
1784867878914520962,371605
1784867878932788794,370727
1784867878932926142,353766
1784867878940528912,353760
1784867878945620483,353752
1784867878961411580,353743
1784867878969696988,353737
1784867878984046880,353727
1784867878996397901,353719
1784867879026423641,353711
1784867879062176348,353703
1784867879086938479,353696
1784867879097744675,353689
1784867879116677595,353680
1784867879164147678,353672
1784867879257759815,353663
1784867879374546911,353292
1784867879450317094,346576
1784867879480856646,345894
1784867879495127875,347502
1784867879500708384,351915
1784867879518425342,351905
1784867879547450797,351897
1784867879644685887,351889
1784867879790624187,351881
1784867879894116772,351873
1784867880488028198,351865
1784867880511377231,351857
1784867880525246448,351849
1784867880545415093,351849
1784867880549944182,351849
1784867880578587727,351849
1784867880675468016,351849
1784867880813548268,351849
1784867881055345246,351849
1784867881570288447,351849
1784867882179260968,351849
1784867882629350308,351849
1784867883055605775,351849
1784867883915278165,351849
1784867884264875414,351849
1784867884678809646,351849
1784867885260917336,351849
1784867886969986673,351849
1784867887740927215,351849
1784867888475400585,351843
1784867891661340815,351841
1784867891922780895,351838
1784867891993808862,351837
1784867892108376743,351837
1784867892301865866,351835
1784867892311286822,351835
1784867892315396100,351835
1784867892464953592,351835
1784867892487174666,351835
1784867892518352078,351835
1784867892610706929,351835
1784867892685690993,351835
1784867892881041787,351835
1784867893031397392,351835
1784867893632015489,351835
1784867893953187602,351835
1784867894343203012,351835
1784867895064866239,351835
1784867895687961105,351835
1784867896390069880,351835
1784867896584514942,351835
1784867896590662737,351835
1784867896615321421,351835
1784867896623537033,351835
1784867896674472107,351835
1784867896689550330,351835
1784867896747846500,351835
1784867896938847654,351835
1784867897040158765,343921
1784867897040399536,342731
1784867897042321204,342899
1784867897046439816,343033
1784867897049754810,342795
1784867897057338620,342787
1784867897057932295,343049
1784867897061303100,345543
1784867897065482747,343774
1784867897070348387,343758
1784867897125723994,343600
1784867897196156652,343700
1784867897256432499,343717
1784867897366959720,343714
1784867897520740366,343665
1784867897766089347,343662
1784867897943578221,343661
1784867898148964487,343565
1784867898298857937,343558
1784867898575037855,343559
1784867899422644861,343485
1784867900042204797,343468
1784867900579412971,343465
1784867901064898709,343464
1784867901674950519,343464
1784867901686602140,343464
1784867901696624431,343464
1784867901736597313,343464
1784867901769354724,343464
1784867901847926445,343464
1784867901988455578,343464
1784867902003819335,343464
1784867902137867754,343464
1784867902228498164,343464
1784867902915406496,343464
1784867903455229188,343515
1784867903927472851,343482
1784867904212776790,343474
1784867905050616428,343465
1784867905294608395,343464
1784867905503500986,343464
1784867906286938494,343464
1784867906299818705,343464
1784867906734221370,343464
1784867907301944089,343464
1784867907320345435,343464
1784867907324779755,343464
1784867907373778369,343464
1784867907912474198,343479
1784867908211829124,343472
1784867908777803419,343464
1784867909283839748,343461
1784867909550346230,343460
1784867909623331411,343460
1784867909650693040,343460
1784867909665325017,343459
1784867909857712210,343458
1784867910052164335,343458
1784867910253521028,343458
1784867911018818251,343458
1784867911510822703,343458
1784867911995463492,343458
1784867912515303712,343458
1784867912907511986,343458
1784867914052973257,343458
1784867914215597586,343458
1784867915906784459,343462
1784867916356073830,343462
1784867916962344368,343462
1784867918905492785,343458
1784867919204397237,343458
1784867919509636904,343456
1784867920911290656,343453
1784867921751453777,343453
1784867921999064150,343453
1784867922812623449,343453
1784867923626787564,343453
1784867923670642217,343453
1784867923755258915,343453
1784867923989918696,343453
1784867925781662782,343453
1784867927152100979,343453
1784867928059231994,343453
1784867929895233271,343453
1784867930413698711,343453
1784867931250952888,343453
1784867932596952922,343453
1784867933143279828,343453
1784867933318016529,343453
1784867934159723954,343452
1784867934580347578,343452
1784867935906727178,343452
1784867936205736854,343452
1784867937594538348,343452
1784867938211945175,343453
1784867939185758128,343452
1784867939430996354,343452
1784867939596984947,343452
1784867940005842416,343452
1784867940618655022,343452
1784867941059413778,343452
1784867941386723439,343452
1784867941833200160,343452
1784867942191473982,343452
1784867944587490823,343452
1784867944587724548,343452
1784867944591462449,343452
1784867944591694525,343452
1784867944591895872,343447
1784867944592075846,343440
1784867944592315148,343436
1784867944592516921,343432
1784867944592665598,343427
1784867944592847707,343419
1784867944593036461,343412
1784867944605915411,343404
1784867944606115218,343399
1784867944606215050,343396
1784867944606321363,343387
1784867944606423754,343381
1784867944606509739,343374
1784867944615152822,343365
1784867944904414046,343365
1784867945391122611,343364
1784867945402709080,343364
1784867945410464973,343364
1784867945439556983,343362
1784867945597168553,343362
1784867946103281254,343362
1784867946468871267,332705
1784867946472642351,331269
1784867946477528743,330590
1784867946510398501,330254
1784867946618916304,330246
1784867946959754920,330239
1784867947298901573,330230
1784867947937632691,330222
1784867947975297113,330097
1784867948955332077,328135
1784867949567956497,321864
1784867949855346914,324081
1784867950233543203,328814
1784867950802501854,323904
1784867952032508563,325728
1784867953304956221,325279
1784867954680762199,323873
1784867955097169562,327151
1784867957096216356,327140
1784867957102232801,324889
1784867957282458032,326838
1784867957771597346,326830
1784867958109567491,326822
1784867958156106300,326814
1784867958462564428,326807
1784867958811325639,326805
1784867959946323028,326804
1784867961064360425,326804
1784867962918538095,326804
1784867964118882291,326804
1784867964841016535,326804
1784867965763920056,326804
1784867967145531838,326806
1784867968755242281,326806
1784867969650262623,326802
1784867971231205942,326802
1784867972719943357,326799
1784867973569614040,326795
1784867973627933297,326795
1784867973850430129,326793
1784867974096774406,326791
1784867974622679856,326791
1784867974953928326,326791
1784867975798561988,326791
1784867977001187056,326791
1784867977244283875,326791
1784867977756402235,326791
1784867977957976142,326791
1784867978363627097,326791
1784867979486931369,326791
1784867979487734284,326791
1784867979500523253,326791
1784867979513030435,326791
1784867979523373976,326791
1784867979555012066,326791
1784867979578410730,326791
1784867979599937767,326791
1784867979613768779,326791
1784867979614144974,319633
1784867979620794684,319625
1784867979621103779,319617
1784867979634855977,314162
1784867979635234629,313565
1784867979635446451,313530
1784867979649661963,313487
1784867979649888376,313449
1784867979653132036,312998
1784867979673931737,312962
1784867979680233789,312956
1784867979772999551,312955
1784867979793640815,312955
1784867979874529304,312955
1784867979948419188,312955
1784867980064502950,312955
1784867980266420921,312955
1784867980472850929,312955
1784867980834842526,312955
1784867980891132960,312955
1784867981317333451,312955
1784867981384341513,312955
1784867981858290051,312955
1784867982777567722,312955
1784867983027576711,312954
1784867983038575408,312954
1784867983046570981,312954
1784867983206398471,312954
1784867983877066554,312954
1784867986653263099,312954
1784867987522505377,312954
1784867987934351386,312954
1784867988122358668,312954
1784867988400616286,312954
1784867988802755642,312954
1784867989284310018,312970
1784867989345193862,312962
1784867989794355317,312954
1784867990057392392,312953
1784867990231066635,312954
1784867990691977257,312954
1784867991755526356,312954
1784867992156354027,312954
1784867992290571821,312954
1784867992936393198,312954
1784867993176620398,312954
1784867993794448520,312954
1784867995527861284,312954
1784867996269357743,312954
1784867997054598810,312954
1784867997197482972,312954
1784867998209948047,312954
1784867998763371559,312954
1784867998997360142,312954
1784867999621214379,312954
1784867999907917794,312954
1784868000197600699,312952
1784868000483395050,312950
1784868001259788774,312950
1784868002170766055,312950
1784868002191259004,312950
1784868002237587634,312950
1784868002386425564,312950
1784868002456299382,312950
1784868002928861820,312950
1784868003556120708,312950
1784868003569592916,312947
1784868003584097962,312946
1784868003596985732,312946
1784868003610585879,312941
1784868003622704135,312935
1784868003630544102,312934
1784868003656179700,312934
1784868003701064483,312934
1784868003946334326,312932
1784868004299328054,312932
1784868004547994904,312932
1784868004973917553,312932
1784868005438912293,312932
1784868006601405376,312932
1784868006618180188,312932
1784868007045726512,312932
1784868007078453136,312932
1784868007098766610,312932
1784868007736183012,312932
1784868008057885133,312930
1784868008973598682,312929
1784868009033196818,312930
1784868010840891978,312930
1784868010999297513,312930
1784868011080248990,312930
1784868011476330501,312930
1784868011936297387,312930
1784868011991436185,312930
1784868012094831397,312930
1784868013040751122,312930
1784868014866253765,312930
1784868017072092637,312930
1784868017316205671,312930
1784868017711330010,312930
1784868017846968185,312930
1784868017847319912,312930
1784868017847594670,312930
1784868018047499753,312930
1784868018604558636,312930
1784868018692874883,312930
1784868019112091730,312930
1784868019277956434,312930
1784868020437786441,312930
1784868020636785847,312930
1784868021279281855,312930
1784868022242483172,312930
1784868022612899432,312930
1784868025428429930,312930
1784868025561706478,312930
1784868025926892535,312930
1784868026200333417,312930
1784868027014345831,312930
1784868027763596324,312930
1784868028182962121,312930
1784868028191218123,312930
1784868028327502375,312930
1784868029510200422,312930
1784868030817331507,312938
1784868032373089281,312938
1784868034774364167,312938
1784868036462284542,312938
1784868037208077936,312938
1784868037683881512,312938
1784868037703565699,312938
1784868037735790337,312933
1784868037780831487,312931
1784868037803781574,312931
1784868037804129846,306361
1784868037823531756,299854
1784868037824036096,285665
1784868037836245665,281906
1784868037842433633,281883
1784868037860022411,281857
1784868037889276100,281834
1784868037920860074,281810
1784868037952183233,288605
1784868037972782793,282719
1784868038138541911,294582
1784868039021347306,294574
1784868039612489055,294565
1784868040686227112,285277
1784868041091608327,285253
1784868041663562484,285229
1784868043326684161,285203
1784868044375623088,290647
1784868044392225435,285226
1784868044392568886,285201
1784868044400486390,284446
1784868044400839534,284440
1784868044410263050,284433
1784868044522988787,284423
1784868044583325591,284416
1784868044680677337,284414
1784868044835899127,284414
1784868045056422377,284414
1784868045135522853,284414
1784868045330606434,284414
1784868046463379788,284414
1784868047907493402,284414
1784868048488008643,283537
1784868048488261019,281796
1784868048490664066,281780
1784868048490952810,281765
1784868048497358962,281737
1784868048503026996,281654
1784868048607518759,281649
1784868048694330962,281649
1784868048757586400,281649
1784868048824792679,281649
1784868048863001552,281649
1784868048912195406,281649
1784868049017556114,281649
1784868049350630424,281649
1784868050197962021,281649
1784868050233654401,281649
1784868050506877145,281649
1784868050652305483,281649
1784868050835838753,281649
1784868050842586385,281649
1784868050848883943,281649
1784868051056208185,281649
1784868051174185802,281649
1784868051187522458,281649
1784868051196123038,281649
1784868051215981639,281649
1784868051261751388,281649
1784868051367329349,281649
1784868051450918768,281649
1784868051564414044,281649
1784868052239175350,281649
1784868052257488424,281649
1784868052304071221,281649
1784868052951383155,281648
1784868054188889342,281648
1784868055204653040,281647
1784868055353129572,281643
1784868055365321507,281639
1784868055376157148,281635
1784868055386417948,281631
1784868055520001241,281627
1784868055785079719,281627
1784868056657601680,281627
1784868056828630853,281627
1784868056954669652,281627
1784868056955142169,281627
1784868057117631866,281627
1784868057782183656,281627
1784868057907508507,281627
1784868057956045472,281627
1784868058703832835,281627
1784868058878940344,281627
1784868059196670040,281627
1784868059287807897,281627
1784868059627252714,281627
1784868060125929143,281642
1784868060273585416,281637
1784868060672967009,281629
1784868061110783073,281625
1784868061333402602,281625
1784868061591155458,281625
1784868061897155807,281625
1784868062517483362,276898
1784868062526540965,276891
1784868062531597871,276884
1784868062534013064,276877
1784868062672763404,280366
1784868062679785595,278960
1784868062686149111,277619
1784868062852005141,277611
1784868063088812224,277603
1784868063400866111,277596
1784868063477565340,277589
1784868063477787072,277581
1784868063535990410,277572
1784868063739567039,277569
1784868063797342866,277569
1784868064111160815,277569
1784868064248610735,277569
1784868064303803218,277569
1784868064311630951,277569
1784868064347655120,277569
1784868064378692001,277569
1784868064448780339,277569
1784868064749354229,277569
1784868065059008603,277568
1784868065788984796,277568
1784868067923233158,277568
1784868068889925500,277567
1784868068895622668,277567
1784868068912230881,277567
1784868068929360565,277567
1784868068954908322,277567
1784868069036812787,277567
1784868069057983641,277567
1784868069108629058,277567
1784868069249682008,277567
1784868069638657819,277567
1784868070033010178,277567
1784868070866318836,277567
1784868070903765462,277567
1784868070933326759,277567
1784868071064717673,277567
1784868071909320624,277567
1784868073052540417,277567
1784868073958271068,277567
1784868077308173580,277568
1784868077796561556,277566
1784868077973762219,277566
1784868079994113105,277566
1784868083306549172,277566
1784868087192957969,277566
1784868090281052120,277566
1784868090304190840,277566
1784868090316567025,277566
1784868090337196811,277566
1784868090410609198,277566
1784868090940907319,277566
1784868090987083572,277565
1784868091222491238,277564
1784868091584875402,277564
1784868093360831146,277564
1784868095067036026,277564
1784868095102328170,277564
1784868095476338193,277564
1784868096084297110,277564
1784868096208059515,277564
1784868097029837592,277564
1784868097918050883,277564
1784868098992369100,277564
1784868099366607321,277564
1784868099747412148,277564
1784868099769659606,277562
1784868099800462187,277557
1784868099846791943,277557
1784868100081777593,277557
1784868100940103735,277557
1784868101526804122,277557
1784868102009267232,277557
1784868102150469243,277557
1784868102676057595,277557
1784868103141888260,277557
1784868103912381357,277557
1784868104743942737,277557
1784868104877690596,277557
1784868105716285781,277557
1784868105799275543,277557
1784868105920617327,277557
1784868106017959099,277557
1784868106028622913,277557
1784868106040413002,277557
1784868106051935333,277557
1784868106113117408,277557
1784868106189307868,277557
1784868106228308508,277557
1784868106339354611,277557
1784868106439439454,277557
1784868106668844987,277557
1784868106953177127,277557
1784868107451672557,277557
1784868107477035241,277557
1784868107482173142,277557
1784868107492839282,277557
1784868107499832445,277557
1784868107537101890,277557
1784868107584775360,277557
1784868107629639504,277563
1784868107721016737,277556
1784868107833103970,277557
1784868107998101083,277557
1784868108633609546,277557
1784868108640064384,277557
1784868108646566185,277557
1784868108706950743,277557
1784868108831568192,277557
1784868109487286703,277557
1784868110943337271,277557
1784868111848158053,277558
1784868112066991996,277558
1784868112419718038,277558
1784868112451153512,277558
1784868112653810398,277558
1784868112740188631,277558
1784868114010770159,277558
1784868114834873654,277558
1784868114844683685,277558
1784868114857401065,277558
1784868114857592155,277558
1784868114873965813,277558
1784868114896185630,277558
1784868114896535556,277558
1784868114907116627,277558
1784868114917416323,277555
1784868114932066328,277554
1784868114953178225,277553
1784868114975042547,277553
1784868114988910628,277553
1784868115016032863,277553
1784868115082990416,277553
1784868115175782210,277553
1784868115385722614,277553
1784868115565893633,277553
1784868115597167720,277553
1784868115907816567,277553
1784868116645654381,277553
1784868116716958194,277553
1784868116950742700,277553
1784868117608096651,277553
1784868118062241169,277553
1784868118066709413,277553
1784868118116192186,277553
1784868118662328997,277553
1784868118711976688,277553
1784868119251932821,277553
1784868119757921383,277553
1784868119908382467,277553
1784868119993319101,277553
1784868120700094298,277553
1784868121118394899,277553
1784868121687672380,277553
1784868121844432611,277553
1784868122970608555,277553
1784868122975067955,277553
1784868123107527495,277553
1784868123126908192,277553
1784868123227163476,277553
1784868123804534777,277553
1784868124783247499,277551
1784868125018895115,277549
1784868125845158539,277549
1784868126591919062,277549
1784868126620016966,277549
1784868126640892869,277549
1784868126681455496,277549
1784868126809885323,277549
1784868126953921481,277549
1784868127127090433,277549
1784868127799064452,277549
1784868128322882858,277549
1784868128568151999,277549
1784868128621344869,277549
1784868128656643694,277549
1784868129009598494,277549
1784868129950271462,277549
1784868131083207729,277549
1784868132042356943,277549
1784868132905706843,277549
1784868132988362577,277549
1784868133903976136,277549
1784868135917616482,277549
1784868136575681210,277549
1784868136590276012,277549
1784868136607931999,277546
1784868136624621749,277544
1784868136649533760,277544
1784868136686227413,277544
1784868136959503720,277544
1784868137046015299,277544
1784868137394507206,277544
1784868138249277563,277544
1784868139528033395,277544
1784868139534540998,277544
1784868140308582279,277544
1784868140373483216,277544
1784868140379762864,277544
1784868140383587434,277544
1784868140392885529,277544
1784868140426332996,277544
1784868140461341728,277544
1784868140466892657,277544
1784868140522392088,277544
1784868140577898234,277544
1784868140660010545,277544
1784868140875758205,277544
1784868140896055214,277544
1784868140914353306,277544
1784868140970212284,277544
1784868141011815747,277544
1784868141056433907,277544
1784868141153943854,277544
1784868141932088564,277544
1784868142334439284,277543
1784868142655917621,277543
1784868142732782586,277543
1784868142865757062,277543
1784868142998647814,277543
1784868143195115793,277543
1784868144009766083,277543
1784868144882488855,277543
1784868146264785016,277543
1784868147434572528,277543
1784868149021378547,277543
1784868149061010609,277543
1784868149121692436,277543
1784868149489536664,277543
1784868150007097403,277543
1784868153260986887,277543
1784868155535480399,277543
1784868156193040037,277560
1784868156198292402,261593
1784868156205765626,261586
1784868156352358907,261577
1784868156948610531,261569
1784868158917511556,261561
1784868160675115067,261553
1784868161175454330,261545
1784868161196402528,261537
1784868161370728654,261529
1784868161918464992,261521
1784868162276974660,261514
1784868162869940331,261505
1784868162906340105,261497
1784868164959834501,261489
1784868167947483159,261481
1784868167981281479,261473
1784868168462732572,261465
1784868170634361790,261457
1784868172205852712,260938
1784868175140202144,261441
1784868177264371872,261433
1784868178780907745,261425
1784868179233073579,261417
1784868180244339446,261409
1784868181415855957,261481
1784868181698392348,261393
1784868181983569593,261386
1784868182004238298,261378
1784868182014538820,261371
1784868182038552506,261361
1784868182053268511,261353
1784868182082886068,261369
1784868182127335386,261337
1784868182182825686,261329
1784868182367881684,261321
1784868182635309326,261320
1784868182973087477,261320
1784868184104759752,261320
1784868184790597227,261320
1784868184845102570,261320
1784868184982182107,261320
1784868185641663685,261320
1784868186819084027,261320
1784868187389438393,261320
1784868187413740500,261320
1784868187565653569,261320
1784868187945324189,261320
1784868188029438406,261320
1784868189963318216,261320
1784868190860223348,261320
1784868192933552886,261320
1784868193029200507,261320
1784868193672029867,261320
1784868194707365219,261320
1784868196474354320,261320
1784868196707599687,261320
1784868196715910439,261320
1784868196801848790,261320
1784868196950350175,261320
1784868196978351619,261320
1784868198652693206,261328
1784868198680830901,261328
1784868198696759785,261320
1784868198707998922,261312
1784868198742339683,261310
1784868198859660238,261310
1784868198952469860,261310
1784868199479990101,261310
1784868200587534576,261310
1784868201402117920,261310
1784868202159583762,261310
1784868203686329498,261310
1784868204106143085,261311
1784868204787888211,261310
1784868205638298938,261309
1784868205690348552,261309
1784868205713484021,261307
1784868205952512381,261307
1784868206202117006,261307
1784868206528414169,261307
1784868207758706666,261307
1784868209288398405,261307
1784868209301506909,252631
1784868209301713820,252251
1784868209301947466,249493
1784868209302469103,248490
1784868209440867645,248482
1784868209517922083,251328
1784868209618592571,251320
1784868209909919191,251312
1784868210047928441,250168
1784868210048113069,250153
1784868210048319747,249818
1784868210054624305,249780
1784868210054852772,249772
1784868210076359702,249769
1784868210121588578,249769
1784868210254603243,249764
1784868210316564627,249764
1784868210341889225,249764
1784868210370935993,249764
1784868210449985475,249764
1784868210503056049,249764
1784868210593659076,249764
1784868210936205342,249764
1784868211085213354,249764
1784868211683354614,249764
1784868212094460661,249764
1784868212264968890,249764
1784868212450316614,249764
1784868212534260793,247820
1784868212539314440,247547
1784868212541051528,247397
1784868212542803819,247372
1784868212549067655,247342
1784868212553300545,247422
1784868212559778133,247062
1784868212562861015,247051
1784868212620474806,246825
1784868212759944029,246776
1784868212905284629,246765
1784868213062281489,246751
1784868213146842536,246734
1784868213169156022,246719
1784868213182956641,246713
1784868213237027717,246713
1784868213273584853,246713
1784868213307190126,246713
1784868213482265010,246713
1784868213557759067,246713
1784868213735981002,246713
1784868213952011212,245793
1784868213976967075,244665
1784868214125842465,244646
1784868214177593797,244739
1784868215569630671,244718
1784868215857132021,244717
1784868216205873184,244714
1784868216375289514,244714
1784868217945420462,244714
1784868218600418314,244714
1784868218617363543,244714
1784868218628497330,244714
1784868218637153354,244714
1784868218646015083,244714
1784868218653486955,244714
1784868218666814560,244714
1784868218706962965,244712
1784868218778620401,244710
1784868218937362810,244710
1784868219128668551,244710
1784868219138334923,244710
1784868219153246137,244710
1784868219189328987,244710
1784868219234333590,244710
1784868219245942473,244710
1784868219267793826,244710
1784868219309031085,244710
1784868219366462276,244710
1784868219613353135,244710
1784868220209023579,244709
1784868220218911185,244704
1784868220226716950,244703
1784868220390011585,244703
1784868220591449816,244703
1784868221193545988,244703
1784868221432694350,244703
1784868221437637501,244703
1784868221442205731,244703
1784868221552300947,244703
1784868221932666804,244703
1784868222305900835,244702
1784868223436356375,244702
1784868224416494766,244702
1784868224472319933,244702
1784868224569845472,244702
1784868224950795281,244702
1784868225056194238,244702
1784868225198638999,240197
1784868225200549591,235135
1784868225206696300,231061
1784868225302970973,232104
1784868225430098200,232438
1784868225514361538,233073
1784868225772566971,233337
1784868226171246372,232440
1784868226251068777,233242
1784868226953723181,232953
1784868227238640592,232426
1784868227431021970,232410
1784868227701337234,232403
1784868227991005425,232394
1784868228024434365,232387
1784868228035702941,231531
1784868228047470266,228111
1784868228047635599,228107
1784868228067105951,228089
1784868228092850479,227995
1784868228115623840,225712
1784868228178724679,224532
1784868228204422997,224502
1784868228391247241,224516
1784868228646399711,224491
1784868229182408969,224467
1784868229357059739,224448
1784868230176605559,224998
1784868230225305845,224846
1784868230574236095,224846
1784868231884898877,224846
1784868232411239892,224604
1784868232427159339,224419
1784868232667263828,224346
1784868232690209542,224341
1784868233055302831,224341
1784868233934011766,224341
1784868234755116007,224341
1784868235838765552,224341
1784868236035742160,224341
1784868236490701566,224341
1784868237509986995,224341
1784868238126999402,224341
1784868238394599335,224341
1784868239262777261,224341
1784868239710520084,224341
1784868240629340663,224341
1784868241166899896,224341
1784868242046533646,224341
1784868242108705316,224340
1784868242149772559,224340
1784868242167065068,224339
1784868242180284797,224339
1784868242203402568,224339
1784868242257831432,224339
1784868242642785570,224338
1784868242921252165,224332
1784868245097866418,224332
1784868245955280200,224330
1784868245961230953,224330
1784868246489980708,224330
1784868247265243453,224330
1784868248158118352,224330
1784868249313163928,224330
1784868251107591588,224330
1784868252735984991,224330
1784868252905753485,224330
1784868252916314377,224330
1784868252991267742,224328
1784868253053624935,224328
1784868253249157185,224328
1784868253879090764,224328
1784868254547429592,224328
1784868255341106786,224328
1784868257618397448,224330
1784868258748644122,224328
1784868260022939456,224328
1784868261899323895,224328
1784868265310167162,224328
1784868266311583882,224328
1784868267737819262,224328
1784868269103317646,224328
1784868270509503344,224328
1784868271610867368,224326
1784868274307102135,224324
1784868276039010416,224324
1784868276954255130,224323
1784868277004287898,224322
1784868277499188599,224322
1784868277506546212,224322
1784868277523065076,224316
1784868277563005671,224316
1784868277601862159,224316
1784868277713272067,224316
1784868278128695201,224316
1784868278241927609,224315
1784868279100731149,224313
1784868280375586710,224313
1784868280586414104,224307
1784868280728876201,224307
1784868280865196504,224305
1784868280985248470,224298
1784868281119716298,224290
1784868281637274407,224258
1784868281979926089,224224
1784868282423677062,224202
1784868282646185250,224183
1784868283159056556,224182
1784868283716564412,224182
1784868283891111663,224182
1784868284054887517,224182
1784868284238647795,224182
1784868284700810521,224182
1784868284974787849,224182
1784868285364027983,224182
1784868285886309313,224182
1784868286540350740,224182
1784868287102581053,224182
1784868287604647427,224182
1784868288051717032,224182
1784868288673876123,224182
1784868289178409427,224182
1784868289524994490,224180
1784868289711331937,223475
1784868290020302421,223467
1784868290109692508,223464
1784868290524211395,223464
1784868290949512248,223464
1784868291418860921,223464
1784868292090399618,223464
1784868292107332982,222303
1784868292114005879,222298
1784868292120480022,222211
1784868292124663875,221541
1784868292126514797,221533
1784868292135882209,221540
1784868292141043146,222055
1784868292152851802,222162
1784868292258667636,222115
1784868292303361958,222115
1784868292530147955,222031
1784868292668264998,221928
1784868292738210959,221889
1784868292748070638,221873
1784868292851426526,221859
1784868292913267462,221841
1784868292966647599,221830
1784868293071559044,221820
1784868293160356708,221806
1784868293250446949,221413
1784868293580472064,221397
1784868293902757406,221389
1784868294113592303,221321
1784868294297807635,221252
1784868294693263959,221214
1784868294941840608,221173
1784868295188228260,221254
1784868295326100137,221112
1784868295502443184,221105
1784868295535497325,221090
1784868295646737876,221062
1784868295760741191,221027
1784868296019236453,221006
1784868296256397713,221002
1784868296265952169,220982
1784868296448063311,220982
1784868296722585399,220982
1784868297016350685,220982
1784868297266308755,220982
1784868297615211168,220986
1784868297777161983,220986
1784868297896739369,220967
1784868297938896349,220946
1784868298173249474,220925
1784868298350338028,220929
1784868298697050464,220779
1784868298737565675,220776
1784868299049372673,220776
1784868299217836448,220520
1784868299605581824,220503
1784868299619588511,220495
1784868299627399335,220387
1784868299640215158,220350
1784868299655893330,220295
1784868299671622931,220180
1784868299690701642,220099
1784868299698245390,220092
1784868299707799698,220092
1784868299737112970,220092
1784868299762114137,220092
1784868299869723103,220054
1784868300052036484,220054
1784868300311810483,220054
1784868300988686151,220054
1784868301235945292,220054
1784868301736705404,220054
1784868301906782388,220054
1784868301939448524,220054
1784868302786172125,220054
1784868303098949995,220054
1784868303669629218,220006
1784868304354272322,220069
1784868306092715757,220060
1784868306557822078,220054
1784868306953263048,220054
1784868307715458311,220054
1784868308397885527,220054
1784868308489266255,217526
1784868308489917929,218020
1784868308502623114,217808
1784868308619316854,217800
1784868308785745795,217742
1784868308955777478,217785
1784868309511020853,217785
1784868309981941099,217785
1784868310971932027,217785
1784868311902772609,217785
1784868312897484195,217785
1784868314050738042,217787
1784868314401262386,217785
1784868314798878373,217785
1784868314799145484,217785
1784868314799470624,217785
1784868314804466873,217785
1784868314804628769,217785
1784868314838667558,217785
1784868314946996192,217785
1784868315043940781,217785
1784868315276831687,217785
1784868315483484919,217785
1784868315504044881,217785
1784868315534617099,217785
1784868315647173799,217785
1784868315660193108,217785
1784868315713392361,217785
1784868315800363140,217785
1784868315860151742,217785
1784868315958322673,217785
1784868316236733490,217785
1784868316429323486,217785
1784868317094445920,217785
1784868317210396640,217785
1784868318402422292,217785
1784868318909786687,217785
1784868319967299068,217782
1784868322022776334,217782
1784868322214378403,217782
1784868322557993801,217782
1784868322972230111,217782
1784868323059717723,217782
1784868323268921963,217782
1784868324041458606,217782
1784868325103613794,217782
1784868326775152988,217782
1784868327951030281,217782
1784868327981770947,217782
1784868328036076889,217782
1784868328385787245,217782
1784868328887711921,217782
1784868329029900168,217782
1784868330026811009,217782
1784868330055717973,217782
1784868330065762657,217782
1784868330180924973,217782
1784868330662732098,217781
1784868330670380498,217781
1784868330686526361,217781
1784868330703988968,217781
1784868330722662382,217781
1784868330751021875,217781
1784868330771473445,217781
1784868330813216175,217781
1784868330835467229,217781
1784868330879656677,217781
1784868330923310014,217781
1784868331039699717,217781
1784868331067503329,217781
1784868331138331090,217781
1784868331248737675,217781
1784868331402538408,217781
1784868331547691832,217781
1784868331722730260,217789
1784868331798361172,217795
1784868333218474984,217795
1784868333457244746,217794
1784868333584275845,217791
1784868334032355073,217791
1784868335150716089,217791
1784868335310013667,217791
1784868335405417332,217791
1784868335410716105,217788
1784868335447146362,217778
1784868335688510610,217778
1784868336248351267,217778
1784868337147832449,217778
1784868338355616888,217778
1784868339428414673,217778
1784868339967259228,217778
1784868340502830073,217778
1784868340757371558,217778
1784868340772846610,217778
1784868340779001430,217778
1784868340824728517,217778
1784868340954463701,217777
1784868341061809155,217775
1784868341902263083,217775
1784868343774323523,217775
1784868343909423960,217775
1784868343927355774,217775
1784868344188199660,217774
1784868345089680485,217774
1784868345095164278,217773
1784868345309400527,217773
1784868345591527116,217773
1784868346949067924,217773
1784868348818439464,217772
1784868349486856183,217772
1784868350330557422,217772
1784868350975061969,217772
1784868352863452748,217772
1784868353621224955,217772
1784868355171247082,217773
1784868356800439409,217773
1784868357566939638,217773
1784868358682869468,217772
1784868358744697798,217772
1784868358905381142,217772
1784868358993728695,217772
1784868359060668395,217772
1784868359877457281,217772
1784868359965193112,217772
1784868360114270956,217772
1784868360330862957,217772
1784868360715020655,217772
1784868360913284513,217772
1784868362563859202,217772
1784868362667667959,217772
1784868362679886976,217772
1784868362874999251,217772
1784868363959250043,217772
1784868364643660845,217772
1784868365866456994,217772
1784868368378525088,217772
1784868368393101098,217772
1784868368445338464,217772
1784868368470464953,217772
1784868368497894063,217772
1784868368551536320,217772
1784868368566764478,217772
1784868368590490840,217772
1784868368688867546,217772
1784868368763159994,217772
1784868368845343041,217778
1784868368856228235,196465
1784868368856387504,194004
1784868368856512975,192660
1784868368871382575,174762
1784868368871551035,171853
1784868368872531007,171371
1784868368872650212,171629
1784868368875882452,171113
1784868368993105637,155852
1784868369014293500,151350
1784868369056507153,151099
1784868369072650053,150849
1784868369080004877,155377
1784868369086753577,151289
1784868369092427778,151289
1784868369115165883,151289
1784868369156811299,171179
1784868369227915921,171172
1784868369250415608,171164
1784868369373908672,171156
1784868369419505768,162175
1784868369523672924,154222
1784868369659736628,154222
1784868369902639001,154217
1784868370129673736,154203
1784868370196759594,154186
1784868370229199537,154170
1784868370318000244,154155
1784868370381909721,153781
1784868370611722661,153750
1784868370741728617,153716
1784868370918667129,153687
1784868370960844339,153652
1784868371755689963,153620
1784868372045813397,153588
1784868373254996051,153452
1784868373398583119,153427
1784868373421004068,153403
1784868373570975082,153385
1784868373575304527,153355
1784868373718324133,153331
1784868374605199859,153307
1784868375002830422,153302
1784868376610927127,153285
1784868378084605257,153262
1784868378396176315,153241
1784868378418784225,153216
1784868378475974987,153191
1784868378588733171,153168
1784868378786647634,153144
1784868378800186353,153142
1784868378807168082,153140
1784868378807415090,153138
1784868378822951008,153137
1784868378843746812,153136
1784868378857125964,153135
1784868378899207654,153133
1784868378950636120,153131
1784868379013444386,153128
1784868379126398962,153128
1784868379307143812,153128
1784868379465772910,153128
1784868380053778886,153128
1784868380907777346,153128
1784868381224549049,153128
1784868381841378243,153128
1784868382255088834,153128
1784868383606913945,153128
1784868384898961281,153128
1784868385044831970,153124
1784868385099051025,153121
1784868385400329260,153108
1784868385413716256,153099
1784868385429443305,153089
1784868385486017710,153078
1784868385556577442,153061
1784868385620315944,153539
1784868385679718060,152833
1784868385834756413,152810
1784868386266744778,152778
1784868386463863143,152765
1784868386707922396,152765
1784868387028182366,152765
1784868387878163816,152765
1784868389702090401,152765
1784868389768048394,152764
1784868389818442804,152764
1784868389863282349,152764
1784868389863533714,152764
1784868389895531698,152764
1784868389895820922,152764
1784868389933151561,152764
1784868389972207398,152764
1784868389972523391,152764
1784868390002267326,152764
1784868390075921259,152764
1784868390078494446,152764
1784868390078662288,152764
1784868390116579062,152764
1784868390223436903,152764
1784868390318468060,152764
1784868390481744046,152764
1784868390822436962,152764
1784868390888450598,152764
1784868391009537527,152764
1784868391013786392,152764
1784868391032556235,152764
1784868391627277999,152764
1784868392201103933,152764
1784868392492154730,152763
1784868393002873649,152763
1784868393846475576,152763
1784868393982327562,152763
1784868394555648831,152763
1784868395673347332,152763
1784868395905252536,152763
1784868396621232819,152763
1784868397051006709,152763
1784868397569777918,152763
1784868397764046797,152763
1784868397786465656,152763
1784868397814720221,152763
1784868397826686693,152763
1784868397885370343,152763
1784868397917313780,152763
1784868397960623677,152763
1784868398067898744,152763
1784868398101438144,152763
1784868398186808548,152762
1784868398336412035,152762
1784868398958338152,152762
1784868399745432697,152762
1784868400103859540,152762
1784868400115198138,152762
1784868400955477750,152762
1784868401347275570,152762
1784868401931109446,152762
1784868402002644874,152762
1784868402132891651,152762
1784868402993312176,152762
1784868403021738672,152762
1784868403089159652,152762
1784868403154294518,152762
1784868403897998456,152762
1784868404247809174,152762
1784868404566773055,152762
1784868404907607399,152762
1784868405294740821,152762
1784868406020084084,152762
1784868407901544775,152762
1784868408086989241,152762
1784868408312774083,152762
1784868408942536331,152762
1784868410327360462,152762
1784868410512171410,152762
1784868410544785914,152762
1784868411025952675,152762
1784868411484121378,152762
1784868412234527157,152762
1784868412505877824,152762
1784868412584579507,152762
1784868414928366213,152762
1784868417900485330,152762
1784868418345600220,152762
1784868419346717196,152762
1784868419436863284,152762
1784868419502131179,152762
1784868420131899038,152762
1784868420144480031,152762
1784868420256268486,152762
1784868420851041148,152762
1784868420952523339,132219
1784868420957045210,125401
1784868420957228627,124427
1784868420962444409,122299
1784868420968819188,106173
1784868420975154336,124862
1784868420981126001,101791
1784868420985119080,139231
1784868420990350738,121186
1784868421101088640,139447
1784868421117597502,139431
1784868421152337016,139413
1784868421285009430,139113
1784868421470709627,124720
1784868421504740260,139080
1784868421570889180,139071
1784868421738288205,139064
1784868421745435579,139057
1784868421754897806,139764
1784868421756690913,139040
1784868421762732382,139703
1784868421830095764,139024
1784868421902458638,139016
1784868421911406931,139009
1784868422019727152,138999
1784868422094815336,138991
1784868422376296374,138983
1784868422385899790,139467
1784868422413139219,138956
1784868422425324778,138948
1784868422444819141,138940
1784868422598796435,138932
1784868423053321953,137673
1784868423064930925,138914
1784868423191428846,138906
1784868423530679949,138898
1784868423551939551,138891
1784868423586702869,138882
1784868423657590076,138874
1784868423697813927,138866
1784868423926881173,138858
1784868424035785652,139180
1784868424038261483,139781
1784868424138799672,139773
1784868424229344625,140440
1784868424235141249,141017
1784868424403615713,141147
1784868424519639408,141193
1784868424704163555,141236
1784868424810285320,141213
1784868424953405130,141203
1784868425102298404,141194
1784868425159132921,141186
1784868425310304249,141185
1784868426329752935,141185
1784868427022831216,141185
1784868427033189157,141185
1784868427232532297,141185
1784868427310279287,141185
1784868427404820257,141185
1784868427644411977,141185
1784868428245336528,141185
1784868428726144228,141184
1784868428906496976,141184
1784868429207190517,141184
1784868429248738858,141184
1784868429264510784,141184
1784868429291910544,141184
1784868429321388067,141184
1784868429399653495,141182
1784868429437491528,141182
1784868429444247339,141176
1784868429451465267,141172
1784868429503233464,141187
1784868429509709695,139864
1784868429516675304,139796
1784868429577686903,139590
1784868429646232968,139590
1784868429668368409,139590
1784868429773789000,139590
1784868429900243215,139584
1784868429954091181,139570
1784868430315895785,139570
1784868430427305750,139569
1784868431419126371,139569
1784868431899106307,139569
1784868432322662408,139569
1784868433267819405,139569
1784868433553193238,139569
1784868434906737495,139569
1784868435694269584,139569
1784868435992951010,139569
1784868436525464482,139569
1784868437189026829,139569
1784868437352838508,139569
1784868437810144297,139569
1784868437972937678,139569
1784868438977661095,139569
1784868439916795620,139569
1784868440064546697,139568
1784868440082630556,139568
1784868440094159277,139568
1784868440100228151,139568
1784868440120074230,139561
1784868440122732497,139554
1784868440152360877,139548
1784868440192286332,139548
1784868440225499202,139548
1784868440562335560,139548
1784868440624948063,139548
1784868441128798655,139548
1784868441564826217,139548
1784868442151745900,139548
1784868443734916367,139548
1784868443766330185,139548
1784868443807617912,139548
1784868444055856165,139548
1784868444334437787,139548
1784868445270724012,139548
1784868446805940388,139548
1784868447896838127,139548
1784868447913356494,139548
1784868448028572983,139548
1784868448108400077,139548
1784868448114802609,139548
1784868448200894334,139548
1784868448274833521,139548
1784868448903111406,139547
1784868449655156267,139545
1784868449904165884,139545
1784868450936131296,139545
1784868452369003844,139545
1784868452513548097,139545
1784868453375263506,139545
1784868454699266484,139545
1784868456490565723,139545
1784868456517097094,139544
1784868456522624299,139544
1784868456538413889,139544
1784868456577931216,139541
1784868456660235578,139541
1784868456723475101,139539
1784868456946703752,139539
1784868457662511487,129773
1784868457662676149,124725
1784868457664950692,119318
1784868457665558357,124650
1784868457682888201,124557
1784868457714097306,124549
1784868457842609567,124541
1784868458180618319,124483
1784868459525047053,124475
1784868460306353812,124339
1784868461236420508,124331
1784868462507393123,124323
1784868463338831792,124315
1784868463486532056,124307
1784868463804505539,124299
1784868464611566077,124291
1784868465142736728,124283
1784868465145291144,124276
1784868465149063466,124267
1784868465157890214,124259
1784868465195527590,124257
1784868465251932717,124257
1784868465337461862,124257
1784868465599488436,124257
1784868465607679510,124257
1784868465622807641,124253
1784868465676603336,124249
1784868465920486507,124248
1784868466385019496,124248
1784868466409574580,124248
1784868466478422644,124248
1784868466500691683,124248
1784868466525069031,124248
1784868466554714201,124249
1784868466593776671,124248
1784868466615781196,124248
1784868466629921812,124248
1784868466650469318,124248
1784868466708229565,124248
1784868466764775926,124248
1784868467054861367,124248
1784868467209492315,124248
1784868467695921068,124248
1784868468484866602,124248
1784868468908405161,124248
1784868469104740620,124248
1784868469499224895,124248
1784868470443104685,124247
1784868471295663180,124244
1784868472877581163,124244
1784868473324984644,124243
1784868473706472767,124243
1784868473910334351,124243
1784868474079182785,124243
1784868475048409722,124243
1784868475545336492,124257
1784868475545509939,115887
1784868475551332737,107630
1784868475551458207,104602
1784868475553475445,104565
1784868475556894251,104528
1784868475565543883,104497
1784868475567858303,104471
1784868475571506087,104440
1784868475574509195,104402
1784868475578155777,104371
1784868475699061615,104338
1784868475710804563,104314
1784868475726730716,104274
1784868475875176065,104242
1784868475910345832,104216
1784868475923322971,104243
1784868475928380730,104225
1784868475988532776,104222
1784868476019929677,104222
1784868476061033988,104224
1784868476168348287,104220
1784868476210224852,104211
1784868476237408115,104197
1784868476383369268,104182
1784868476407714353,104179
1784868476649298174,104179
1784868476951271183,104179
1784868477131005760,104179
1784868477150505445,104179
1784868477868622517,104179
1784868478304234857,104179
1784868478406589617,104179
1784868478497010274,104179
1784868478761936479,104179
1784868478985691848,104179
1784868478987130039,103836
1784868478992847066,103827
1784868479041792233,103818
1784868479124644145,103810
1784868479352190187,103802
1784868479817494671,103800
1784868480220395508,103800
1784868481287664118,103800
1784868481748532618,103800
1784868481813062200,103800
1784868481823163821,103800
1784868481828149645,103800
1784868481869213852,103800
1784868481948190121,103800
1784868482154340411,103800
1784868482159113629,103800
1784868482165365986,103800
1784868482266033505,103800
1784868482816474710,103800
1784868484013550609,103801
1784868484133184450,103800
1784868484348845354,103798
1784868484353319957,103795
1784868484580498696,103795
1784868484771536663,103795
1784868485734534804,103794
1784868485864637603,103794
1784868486056648456,103794
1784868486262388873,103794
1784868486411026685,103794
1784868486510630822,103794
1784868486521881900,103794
1784868486537942983,103794
1784868486657132780,103794
1784868487116663454,103794
1784868487553321059,103794
1784868488913657417,103794
1784868489703302639,103794
1784868489821408274,103794
1784868490253712983,103794
1784868490689045766,103794
1784868490880406495,103794
1784868490979620251,103794
1784868491417821517,103796
1784868491786424963,103795
1784868492279150065,103794
1784868493306344943,103794
1784868494123067575,103794
1784868494289018387,103794
1784868494603184522,103794
1784868495512063293,103794
1784868495552612735,103794
1784868495773632478,103794
1784868497258200418,103793
1784868497443090753,103793
1784868498995371748,103793
1784868499033384260,103793
1784868499557193612,103793
1784868499570015957,103793
1784868499790507793,103793
1784868500682251083,103793
1784868501558782176,103793
1784868502207835995,103793
1784868503330923552,103793
1784868503768695452,103790
1784868505742568745,103790
1784868506650626138,103789
1784868507148475374,103787
1784868507345376309,103785
1784868508502371970,103785
1784868509620931700,103784
1784868510948025111,103784
1784868511303439391,103782
1784868511365764444,103782
1784868511465851166,103782
1784868512153054831,103782
1784868512783428933,103782
1784868512922457821,103782
1784868513039457036,103782
1784868513236351088,103782
1784868514296787271,103782
1784868514608951830,103782
1784868514718956292,103782
1784868514845952047,103782
1784868515137877012,103782
1784868515150438027,103782
1784868515152349258,103782
1784868515165927620,103782
1784868515187904533,103782
1784868515215186119,103782
1784868515241605459,103782
1784868515283995666,103782
1784868515304356788,103782
1784868515429973740,103782
1784868515605464548,103782
1784868515922398155,103782
1784868517084435610,103782
1784868517757221565,103782
1784868518011785530,103782
1784868518024130205,103782
1784868518204164805,103782
1784868519042914455,103782
1784868519875375748,103782
1784868519965772224,103782
1784868521152802638,103782
1784868523659581439,103782
1784868524899924740,103782
1784868525931123196,103782
1784868526046880114,103782
1784868526055851193,103782
1784868526079849150,103782
1784868526080090064,103782
1784868526099770357,103779
1784868526131121699,103776
1784868526222349555,103776
1784868526282482124,103776
1784868526321471793,103776
1784868526443524611,103776
1784868526695106997,103776
1784868527054668068,103776
1784868527635703124,103776
1784868528197252749,103776
1784868528368573241,103776
1784868528591193250,103776
1784868529557202811,103776
1784868530927356968,103776
1784868532345585432,103776
1784868534537048057,103776
1784868536057703890,103776
1784868536294008629,103794
1784868536483256977,103794
1784868536656251235,103794
1784868537899613820,103787
1784868538898726760,103779
1784868539202815765,103776
1784868540467481726,103776
1784868540982860513,103776
1784868541635750068,103776
1784868541962014072,103776
1784868542197448461,103776
1784868543053144155,103776
1784868544110621119,103776
1784868546968443930,103776
1784868548042910921,103776
1784868548346638591,103776
1784868549052263105,103776
1784868549839244126,103776
1784868550622179856,103776
1784868551649925564,103780
1784868554487446190,103780
1784868554509927734,103779
1784868554524752666,103773
1784868554585084710,103773
1784868554601167221,103765
1784868554622896728,103765
1784868554646874173,103765
1784868554688776614,103765
1784868554714286208,103765
1784868554828074118,103769
1784868554844723744,103769
1784868554930828864,103762
1784868555026749120,103761
1784868555105563731,103761
1784868555176902712,103761
1784868555228822149,103761
1784868555302188193,103761
1784868555741133924,103761
1784868555936684705,103761
1784868556202816609,103761
1784868556234221637,103761
1784868556253336510,103760
1784868556381874642,103757
1784868556568290457,103756
1784868556750500726,103756
1784868556950856237,103756
1784868557928023711,103756
1784868558242261000,103756
1784868558394540773,103756
1784868559662929217,103756
1784868560453353144,103756
1784868560557662526,103756
1784868561048584815,103756
1784868561634276945,103756
1784868562349110832,103756
1784868563736701686,103756
1784868565496343599,103756
1784868566948215296,103756
1784868568252467137,103756
1784868568648676861,103756
1784868569767005415,103765
1784868569986071080,103765
1784868570547000772,103765
1784868571425203529,103767
1784868571497877221,103764
1784868571515732730,103754
1784868571527057687,103749
1784868571535688981,103746
1784868571555646297,103742
1784868571694472176,103742
1784868572131929016,103742
1784868572361033971,103742
1784868574136485941,103742
1784868574902804545,103742
1784868576223653419,103747
1784868576385781875,103747
1784868576635311070,103742
1784868577354734759,103742
1784868578186936445,103742
1784868581016109656,103742
1784868582585689625,103742
1784868582605444352,103741
1784868582611213888,103741
1784868582629993362,103741
1784868582641721620,103741
1784868582660206610,103741
1784868582667093079,103741
1784868582689540424,103741
1784868582723751875,103740
1784868582731196532,103734
1784868582736772880,103728
1784868582744450886,103724
1784868582751003109,103723
1784868582763970093,103723
1784868582788922942,103723
1784868582804316205,103723
1784868582821938590,103723
1784868582874348648,103723
1784868583053419130,103723
1784868583618656495,103723
1784868583855454481,103723
1784868584251271968,103723
1784868584265147812,103723
1784868584284981525,103723
1784868584378816669,103723
1784868584527778344,103723
1784868585538905581,103723
1784868587271368390,103723
1784868587399176276,103722
1784868587407751763,103722
1784868587447193505,103722
1784868587545377048,103722
1784868588041377044,103722
1784868588631098402,103722
1784868588796665907,103720
1784868590814378333,103720
1784868590819894931,103719
1784868591085789673,103719
1784868592611345766,103717
1784868593943387231,103716
1784868595032345947,103715
1784868595394535750,103715
1784868596491853977,103715
1784868596944913315,103715
1784868598731852883,103717
1784868598734457617,103713
1784868598763275130,103713
1784868598789958561,103713
1784868598803114050,103713
1784868598822409161,103713
1784868598833623255,103713
1784868598862511838,103713
1784868598878438084,103713
1784868598887911256,103713
1784868598986484272,103713
1784868599019778719,103713
1784868599217862684,103713
1784868599398713047,103713
1784868599880249080,103713
1784868600132301376,103713
1784868601597410862,103713
1784868601863103102,103713
1784868602050561962,103713
1784868602344543998,103713
1784868602907262053,103713
1784868603088448591,103713
1784868603454487313,103713
1784868604043860435,103713
1784868604202084480,103711
1784868604597484878,103711
1784868604864888169,103711
1784868605566630968,103711
1784868605610353850,103711
1784868605644348632,103711
1784868605709557954,103711
1784868605957883223,103709
1784868606112649818,103709
1784868606135846704,103709
1784868606153356113,103709
1784868606172236335,103709
1784868606220903256,103709
1784868606310280098,103709
1784868606353388956,103709
1784868606407937493,103709
1784868606570800436,103709
1784868607290732405,103709
1784868607837226896,103709
1784868608228308063,103709
1784868608779954088,103709
1784868608904109239,103709
1784868609106862442,103709
1784868609235392354,103709
1784868609399679930,103709
1784868609851632241,103709
1784868610100434938,103709
1784868611255614399,103709
1784868612776573981,103709
1784868613050816246,103709
1784868613714872186,103709
1784868614424621630,103709
1784868614581568826,103709
1784868615987899342,103709
1784868618098441007,103709
1784868619221181411,103709
1784868619246868623,103709
1784868619263767268,103709
1784868619287436861,103709
1784868619299817459,103708
1784868619313461961,103707
1784868619317329669,103707
1784868619337896842,103702
1784868619381655992,103702
1784868619426642289,103702
1784868619450324212,103702
1784868619484567350,103702
1784868619553827339,103702
1784868619618953951,103702
1784868619777605118,103702
1784868620268301015,103701
1784868620462243980,103701
1784868621507259509,103698
1784868622025745914,103697
1784868622039194024,103697
1784868622046405878,103697
1784868622095497658,103697
1784868622230282429,103697
1784868622994326416,103697
1784868623761263939,103697
1784868624034726472,103697
1784868624343800223,103697
1784868624361655782,103697
1784868624489888834,103697
1784868624799213077,103697
1784868626043150125,103697
1784868626797275623,103697
1784868627247697189,103697
1784868627897048742,103697
1784868629746498229,103697
1784868631405761379,103697
1784868632784912688,103697
1784868634183325808,103697
1784868636607829058,103697
1784868636948883145,103697
1784868637507984905,103697
1784868639911746403,103697
1784868640563085913,103697
1784868640579073788,103697
1784868640586178779,103697
1784868640604105859,103691
1784868640619991198,103688
1784868640658970203,103688
1784868640783815309,103688
1784868640933139789,103686
1784868641003878098,103684
1784868641380583078,103683
1784868642610457975,103681
1784868643881571841,103677
1784868644813216061,103677
1784868646946461957,103677
1784868646946679195,103677
1784868646946936562,103677
1784868646947144081,103676
1784868646947324558,103676
1784868646971913696,103679
1784868646989837891,103670
1784868647002998798,103668
1784868647025918234,103668
1784868647037836717,103668
1784868647058590707,103668
1784868647058858674,103668
1784868647083680513,103668
1784868647108723560,103668
1784868647125406034,103668
1784868647135550047,103668
1784868647194986668,103668
1784868647233273240,103668
1784868647346126003,103668
1784868647470983348,103668
1784868647546594071,103668
1784868647652989319,103668
1784868647846160212,103668
1784868647981748287,103668
1784868648773109152,103668
1784868648850680975,103668
1784868649043087494,103668
1784868649334905509,103668
1784868649934238332,103668
1784868650298370851,103668
1784868650903990125,103668
1784868652261582094,103712
1784868653352637377,103709
1784868653897095384,103701
1784868654443981413,103694
1784868655627758309,103686
1784868655897460759,103678
1784868655909424862,103669
1784868655982255072,103668
1784868656086128089,103668
1784868656803105342,103668
1784868658089945099,103668
1784868659043833233,103668
1784868660039595087,103668
1784868660569568755,103668
1784868661050417253,103668
1784868661405699039,103668
1784868661947541649,103668
1784868662377952881,103668
1784868663435112106,103668
1784868663881423399,103668
1784868664242823822,103668
1784868665040128985,103668
1784868666672333508,103672
1784868668468221298,103672
1784868669616077003,103672
1784868670050321087,103669
1784868670233772531,103668
1784868670376823820,103667
1784868670579321271,103667
1784868671242299982,103668
1784868672197181411,103668
1784868673556190990,103668
1784868674050280160,103668
1784868674500677926,103668
1784868676046740181,103668
1784868676583839312,103669
1784868676588209553,38747.5
1784868676588435655,38739.7
1784868676590261444,38733.2
1784868676593965807,39759
1784868676600596472,39738
1784868676711038327,38707.2
1784868676946543881,38699.7
1784868677177680131,27513.1
1784868678039167831,38683
1784868678598490759,38675.5
1784868679220947084,38667.2
1784868682473545213,38659
1784868682623752916,38652.5
1784868682623974245,38645
1784868682624217431,38637
1784868682704893974,38627.2
1784868682723723924,38621.2
1784868682842223124,38612.7
1784868683030154636,8638.45
1784868683136309381,8630.95
1784868683505359947,8622.2
1784868683986096055,8614.45
1784868684458017237,8606.2
1784868684598823014,8599.45
1784868684610385862,8591.95
1784868684661076310,8582.45
1784868685094098344,8574.2
1784868685592338130,8566.2
1784868685692358035,8558.7
1784868685797412867,8550.7
1784868686039880257,8542.7
1784868687238393771,8534.7
1784868687350410765,-2516.44
1784868687408580097,-6950.76
1784868687455920036,-8680.07
1784868687468388648,-14625.9
1784868687478308964,-14653.9
1784868687510601870,-21784.8
1784868687526595629,-21784.8
1784868687668228152,-22048.6
1784868688050576244,-22048.6
1784868688588021971,-22312.3
1784868688640060822,-22589.1
1784868689047249588,-21852.1
1784868689619281092,-22119.1
1784868690918342831,-22135.6
1784868691137313633,-20066.4
1784868691333185715,-20108.9
1784868691598892382,-20148.9
1784868692877381734,-20188.9
1784868692935041514,-21830.7
1784868692984327693,-21838.7
1784868693092070975,-6175.96
1784868693261994265,-6199.21
1784868693993325491,-6223.96
1784868694132117750,-6247.21
1784868694259614595,-6272.71
1784868694695674568,-6295.21
1784868695191749559,-6319.21
1784868696184930107,-6343.21
1784868696631845284,-6367.21
1784868698306206055,4405.54
1784868698317868500,4398.29
1784868698330157027,4389.79
1784868698335581569,4382.79
1784868698374118192,4373.29
1784868699049124992,4365.29
1784868700799612807,4413.32
1784868702009199418,4349.54
1784868703386301060,-4588.18
1784868704132400340,-6015.49
1784868704410867272,-6029.49
1784868704551204825,-2249.21
1784868704555603540,-6219.34
1784868704559616810,-5932.2
1784868704566334023,-3865.79
1784868704571260540,-4941.94
1784868704575378278,-4420.79
1784868704585657133,-4451.54
1784868704596417431,-4778.27
1784868704603082553,-4378.01
1784868704613656056,-4467.75
1784868704624190876,-4478.8
1784868704740679521,-4497.42
1784868705005866877,-4533.3
1784868705270709415,-4545.39
1784868705454855789,-4578.21
1784868705924867333,-4620.23
1784868706495081047,-4676.69
1784868706792682752,-4728.82
1784868706946555451,-4728.36
1784868706946851313,-4728.36
1784868707015781932,-4832.08
1784868707244454255,-4873.6
1784868707438754657,-4941.5
1784868707546443423,-4945.07
1784868707679740658,-4945.07
1784868707957993778,-4945.07
1784868708302544318,-4945.07
1784868708308064147,-5689.31
1784868708609734779,-5693.85
1784868709252260724,-5709.18
1784868709266940329,-5737.35
1784868709272560911,-5737.85
1784868709280324666,-5738.84
1784868709321164359,-6053.45
1784868709378743787,-6034.35
1784868709437138089,-6034.35
1784868709504737950,-6034.35
1784868710048093610,-6034.35
1784868710897756508,-6034.35
1784868711077251773,-6034.35
1784868711612335951,-6034.35
1784868711830652252,-6034.35
1784868711954467719,-6034.35
1784868712335547793,-6792.9
1784868712895533200,-6689.89
1784868713087787910,-6785.36
1784868713284558466,-6781.37
1784868713292419971,-6783.12
1784868713297982432,-6783.12
1784868713339799617,-6783.12
1784868713509746148,-6782.41
1784868713913848077,-6782.76
1784868714629358742,-7491.86
1784868714941861155,-7406.84
1784868715332084351,-7422.34
1784868715953630603,-7439.34
1784868716137336438,-7280.01
1784868716388439331,-7288.21
1784868716595750821,-7543.55
1784868716987077406,-7499.3
1784868717622498673,-7505.12
1784868718037781522,-7508.49
1784868718606628575,-7549.23
1784868718943661485,-7549.77
1784868718984771174,-7549.77
1784868719009091129,-7549.77
1784868719037669657,-7549.77
1784868719133631484,-7549.77
1784868719309166552,-7549.23
1784868719932458303,-7549.23
1784868719940837985,-7549.23
1784868719991409815,-7549.23
1784868720022215060,-7549.23
1784868720066411064,-7549.98
1784868720252817713,-7550.98
1784868720479451882,-7550.98
1784868721050748536,-7550.98
1784868721828739628,-7551.73
1784868721893956233,-7551.73
1784868722003073280,-7551.73
1784868722717469874,-7551.73
1784868723634156513,-7551.73
1784868723916544171,-7551.73
1784868723924497648,-7551.73
1784868723990008416,-7551.73
1784868724128399547,-7551.73
1784868724363655938,-7551.73
1784868724384080060,-7551.73
1784868724466593436,-7551.73
1784868725233296723,-7551.73
1784868726184307099,-7551.73
1784868726947454300,-7551.73
1784868727151160996,-7551.73
1784868727900338376,-7544.49
1784868728568715250,-7544.49
1784868728729015144,-7544.49
1784868728794226288,-7544.49
1784868728818985845,-7551.73
1784868728839833216,-7551.73
1784868728855868617,-7553.98
1784868728864558606,-7553.98
1784868728883669634,-7553.98
1784868728891896638,-7553.98
1784868728910781522,-7553.98
1784868728937397268,-7553.98
1784868729005009483,-7553.98
1784868729099863029,-7553.98
1784868729137951181,-7553.98
1784868729246431896,-7553.98
1784868729951481257,-7553.98
1784868730205860777,-7553.98
1784868730533905974,-7553.98
1784868732577524262,-7553.98
1784868733621107309,-7553.98
1784868733636563353,-7553.98
1784868733649772861,-7553.98
1784868733684917723,-7553.98
1784868733716044410,-7553.98
1784868733778950975,-7553.98
1784868734023901433,-7553.98
1784868734143436043,-7554.98
1784868734460012211,-7554.98
1784868734487795127,-7554.98
1784868735199287536,-7554.98
1784868735925404304,-7554.98
1784868737611563416,-7554.98
1784868737895372386,-7548.98
1784868738749799698,-7555.23
1784868739851803014,-7557.48
1784868739923012556,-7557.73
1784868739930098151,-7557.73
1784868739957389845,-7557.73
1784868740157878644,-7557.73
1784868740915164561,-7557.73
1784868743552077767,-7558.48
1784868744097370543,-7558.48
1784868744999175922,-7558.48
1784868746577313537,-7550.98
1784868747263337324,-7551.83
1784868748422246122,-7287.46
1784868748457630166,-7211.33
1784868748838713253,-7219.58
1784868749440012134,-7227.08
1784868750969032465,-7235.58
1784868752248689837,-7521.45
1784868752260185878,-11083.7
1784868752281485102,-11003.5
1784868752284228606,-11008.7
1784868752288250465,-11016.7
1784868752289993035,-11025
1784868752293138034,-11033.7
1784868752398576636,-11128.1
1784868752552053116,-11194.6
1784868752960843294,-11274.2
1784868752974395485,-11274.2
1784868753238268404,-11274.2
1784868753259251903,-11274.2
1784868753266851364,-11274.2
1784868753312269096,-11756.6
1784868753391480940,-11363.7
1784868753532756150,-11363.7
1784868753907531026,-11363.7
1784868754052218495,-11363.7
1784868754251787521,-11363.7
1784868754853555910,-11363.7
1784868755418843629,-11363.7
1784868755746263520,-11352.7
1784868756211708751,-11363
1784868756429262086,-11365.2
1784868756750568962,-12538.2
1784868757040340574,-12320.3
1784868757191579021,-12334.8
1784868757253818082,-12346.8
1784868757319127749,-12346.8
1784868757319518487,-12346.8
1784868757319771151,-12771
1784868757333706212,-12456.5
1784868757804491339,-12456.5
1784868757989469175,-12456.5
1784868759012744360,-12456.5
1784868759628297882,-13307.4
1784868759831566323,-13283.7
1784868760312593636,-13029.7
1784868761393090567,-13375.9
1784868762062421265,-13351.6
1784868762430567670,-13376.3
1784868762582210527,-13383
1784868763419274052,-13383
1784868763659501150,-13500.6
1784868763757011903,-13637.5
1784868763813901891,-13684.1
1784868763884727871,-13684.1
1784868764285422258,-13684.1
1784868764695041661,-13684.1
1784868764973254680,-13684.1
1784868765948925697,-14725.8
1784868766383747573,-14719.5
1784868766401864449,-14725.5
1784868766405984556,-14734.2
1784868766411131913,-14734.2
1784868766417111370,-14734.2
1784868766457723130,-14734.2
1784868766554357606,-14734.2
1784868766697980536,-14734.2
1784868766974338238,-14734.2
1784868767043923430,-14734.2
1784868768486864032,-14735.9
1784868768999945044,-14735.9
1784868770978990430,-14738.1
1784868771635299179,-14738.1
1784868771649425410,-14738.4
1784868771687686868,-14738.4
1784868771706114491,-14738.4
1784868771735146930,-14738.4
1784868771805554995,-14738.9
1784868771852282644,-14738.9
1784868772051855932,-14738.9
1784868772341439484,-14738.9
1784868773529734758,-14738.9
1784868775846929385,-14738.9
1784868777386662402,-14738.9
1784868778593886271,-14738.9
1784868780047929741,-14738.9
1784868780555928631,-14738.9
1784868781152240985,-14738.9
1784868781168947947,-14738.9
1784868781170341025,-14738.9
1784868781176712880,-14738.9
1784868781189751030,-14738.9
1784868781251286601,-14738.9
1784868781289818410,-14738.9
1784868781323989328,-14738.9
1784868781510561211,-14738.9
1784868781554914124,-14738.9
1784868782188159285,-14738.9
1784868783271067869,-14738.9
1784868783818457183,-14738.9
1784868783962486413,-21484.9
1784868783970415127,-20622.8
1784868783979031397,-19085.3
1784868784008181265,-19224.9
1784868784008385895,-20122
1784868784013283116,-20907.5
1784868784025164261,-17670.3
1784868784370506985,-19406.9
1784868785345412106,-18220
1784868785634633005,-20504.7
1784868786945608785,-20537.7
1784868790630856279,-20567.7
1784868790631149172,-19901.1
1784868790640901761,-19664.6
1784868790836194592,-19729
1784868791008185834,-19750.5
1784868791138482188,-19764.6
1784868791658307820,-19836.8
1784868791984331015,-19836.8
1784868792600449328,-19836.8
1784868792648916659,-19836.8
1784868792788657213,-19836.8
1784868793580578153,-19836.8
1784868793639200634,-19829.8
1784868793790140360,-19851.8
1784868794810781927,-19852.8
1784868795688572284,-19858.8
1784868796701919146,-19858.8
1784868798712409704,-19858.8
1784868800289481763,-19858.8
1784868800373179709,-19858.8
1784868800379602906,-19858.3
1784868800384365011,-19858.8
1784868800511860098,-19863
1784868801506605231,-19864.3
1784868801940374975,-19864.3
1784868802112621290,-19865
1784868803007947769,-19865.5
1784868804285679438,-19864.5
1784868804573638026,-19866.5
1784868805777869425,-19870.8
1784868805825740638,-19870.8
1784868805826199068,-19871.3
1784868805832697894,-19873
1784868805843892169,-19873.3
1784868805848103350,-19873.3
1784868805858910039,-19873.3
1784868805876037569,-19873.3
1784868805887646001,-19873.3
1784868805896961364,-19873.3
1784868805914105996,-19873.3
1784868805960697647,-19873.3
1784868805979213776,-19873.3
1784868806008985506,-19873.3
1784868806224926909,-19873.3
1784868806402382025,-19873.3
1784868807007558361,-19873.3
1784868807686897036,-19873.3
1784868809581350707,-19873.3
1784868810184148680,-19873.3
1784868810212279619,-19873.3
1784868810248626004,-19873.3
1784868811045195942,-19873.3
1784868811270594997,-23630.3
1784868811270980698,-24168
1784868811333586323,-24177
1784868811467432217,-24185
1784868811695940632,-24193.5
1784868812785598626,-24201.5
1784868814034957575,-24209.5
1784868814048074011,-24216.5
1784868814058705645,-24225
1784868814058971901,-24232
1784868814070370229,-24239.2
1784868814081483152,-24246
1784868814105979603,-24253.2
1784868814132420412,-24256.2
1784868814147832526,-24259.7
1784868814160608323,-24267.7
1784868814186879318,-24274
1784868814210112468,-24280.2
1784868814232509970,-24280.5
1784868814279459435,-24280.5
1784868814321141627,-24280.5
1784868814541837246,-24280.5
1784868815114977524,-24280.5
1784868815399080218,-24280.5
1784868816494682200,-24280.5
1784868816787170022,-24280.5
1784868816946697459,-24280.5
1784868818479951710,-24277.4
1784868819273957315,-24277.4
1784868820922758721,-24283.2
1784868822576516922,-24285.7
1784868822678675564,-24285.7
1784868823575485091,-24286
1784868823737644791,-24286
1784868824308069838,-24286
1784868825057134582,-24286
1784868825708317380,-24286
1784868826733617320,-24286.2
1784868827048967961,-24286.2
1784868828016520793,-24286.2
1784868831613853582,-24284.6
1784868833338727449,-24287
1784868833903460157,-24292
1784868835031862824,-24292
1784868835131192451,-24292.2
1784868835184002692,-24292.7
1784868837998667663,-24295.7
1784868838338972877,-24298.5
1784868839146880616,-24299
1784868839159731232,-24299
1784868839172336874,-24299.5
1784868839185125350,-24300
1784868839203258372,-24300
1784868839246780726,-24300.2
1784868839295106937,-24300.2
1784868839308034334,-24301
1784868839320806111,-24304.2
1784868839339259311,-24304.2
1784868839352795028,-24306.5
1784868839363208253,-24307.4
1784868839381101550,-24310.7
1784868839473340438,-24312.4
1784868839586806590,-24313.7
1784868839723090573,-24317.9
1784868839753114949,-24319.2
1784868839886974088,-24319.9
1784868840194155240,-24320.7
1784868840409627573,-24322.2
1784868841407804309,-24322.4
1784868841508343915,-24325.6
1784868841515971982,-24327.9
1784868841542418819,-24330.5
1784868841621492464,-24330.5
1784868841735062693,-24330.5
1784868841975345399,-24330.5
1784868842128601857,-24330.5
1784868842322145303,-24333.2
1784868842474520257,-24346.8
1784868842662785280,-24346.8
1784868842742718763,-24346.8
1784868842762434987,-24332.6
1784868842923989979,-24334.3
1784868844071338463,-24336.1
1784868845750902573,-24336.1
1784868847254329605,-24336.1
1784868849783631857,-24337.1
1784868849795855063,-24338.3
1784868849955428487,-24338.3
1784868850533922080,-24337.5
1784868850735237313,-24339.3
1784868850851511329,-24343.3
1784868851843687262,-24343.3
1784868853024238038,-24343.3
1784868854513890229,-24343.3
1784868854841859986,-24343.3
1784868854879295967,-24343.3
1784868855041262059,-24343.8
1784868855917033112,-24343.8
1784868855993269403,-24345.1
1784868856467223099,-24345.1
1784868856815627187,-24346.1
1784868858647659787,-24346.6
1784868858765972130,-24348.3
1784868858791629048,-24349.3
1784868858942797493,-24349.6
1784868859054739324,-24349.6
1784868859170200132,-24349.6
1784868859276331150,-24349.6
1784868859420597065,-24349.6
1784868859565597393,-24349.6
1784868859568318856,-24349.6
1784868859572675605,-24349.6
1784868859579708630,-24349.6
1784868859651417664,-24349.6
1784868859713174212,-24349.6
1784868859887945481,-24349.6
1784868860395782602,-24349.6
1784868860405905882,-24349.6
1784868860633910696,-24350.8
1784868860650387241,-24351.8
1784868860661243919,-24351.8
1784868860789555793,-24351.8
1784868862047658614,-24351.8
1784868863863772492,-24351.8
1784868863884101245,-24351.8
1784868863919443534,-24351.8
1784868864068281425,-24351.8
1784868864774428204,-24351.8
1784868865110912373,-24351.8
1784868866124940601,-24351.8
1784868866138925894,-24351.8
1784868866150198064,-24351.8
1784868866164005506,-24351.8
1784868866172668734,-24357.3
1784868866249292210,-24361.3
1784868866267775757,-24361.3
1784868866326244571,-24361.3
1784868866522973006,-24361.3
1784868866725601904,-24361.3
1784868866733319821,-24361.3
1784868866738220314,-24361.3
1784868866744051784,-24361.3
1784868866748431996,-24361.3
1784868866785343514,-24361.3
1784868867439363589,-24361.3
1784868867744680493,-24361.6
1784868867968085966,-24361.6
1784868868319072919,-24361.8
1784868868654459747,-24362.3
1784868869398829433,-24362.3
1784868869410811856,-24362.3
1784868869415090920,-24362.3
1784868869537329287,-24362.3
1784868870028892314,-24362.3
1784868871105595903,-24362.3
1784868871662074274,-24361.9
1784868871783960667,-24362.3
1784868872552517906,-24363.6
1784868873029050643,-24363.6
1784868873560092594,-24363.6
1784868874499077346,-24363.6
1784868874714846359,-24363.6
1784868874820693485,-24363.6
1784868875256141338,-24364.3
1784868875280982212,-24364.3
1784868875291256198,-24364.3
1784868875475120240,-24364.3
1784868876047943472,-24364.3
1784868876959934028,-24364.3
1784868877119305382,-24364.3
1784868877702018606,-24364.3
1784868878716566220,-24364.3
1784868880446717955,-24364.3
1784868883745472660,-24364.3
1784868886102683384,-24362.8
1784868888655606647,-24362.8
1784868889566143049,-24364.8
1784868890659055500,-24364.6
1784868891368571649,-24366.8
1784868891535948510,-24369.1
1784868891561764305,-24369.1
1784868891847579122,-24369.1
1784868892240198056,-24369.1
1784868892694448494,-24370.3
1784868893367512110,-24373.8
1784868893739347874,-24375.1
1784868895384180346,-24375.1
1784868895704226899,-24375.1
1784868896988924659,-24375.1
1784868898731814844,-24375.1
1784868898740146371,-24375.1
1784868898749549082,-24375.1
1784868898763658799,-24375.1
1784868898781150817,-24375.1
1784868898868792357,-24375.8
1784868898915179411,-24375.8
1784868899388920500,-24375.8
1784868899405865972,-24375.8
1784868899422380011,-24375.8
1784868899469689594,-24375.8
1784868899508726852,-24375.8
1784868899526146677,-24375.8
1784868899539923434,-24375.8
1784868899580102867,-24375.8
1784868899716092434,-24375.8
1784868899759761000,-24375.8
1784868899864276404,-24375.8
1784868899988992124,-24375.8
1784868900815449737,-24375.8
1784868901598923506,-24375.8
1784868902629268986,-24375.8
1784868903524373856,-24375.8
1784868904615866669,-24375.8
1784868904949506427,-24375.8
1784868904979737367,-24375.8
1784868905339759249,-24375.8
1784868906077375211,-24375.8
1784868906459272256,-24375.8
1784868907360334908,-24375.8
1784868908565690464,-24375.8
1784868910411054369,-24374.5
1784868910796451804,-24374.5
1784868911147712138,-24374.5
1784868912070378165,-24374.5
1784868913098897817,-24374.5
1784868914366841741,-24374.5
1784868915265462816,-24374.1
1784868915586339636,-24374.1
1784868916167047159,-24376.1
1784868917542001067,-24376.6
1784868919074115455,-24376.8
1784868919495166997,-24376.8
1784868919517388461,-24376.8
1784868919562364220,-24376.8
1784868919697786047,-24376.8
1784868920051128183,-24376.8
1784868921110006092,-24376.8
1784868921694670133,-24376.8
1784868922893208603,-24376.8
1784868923819902228,-24371.3
1784868924144046347,-24377.4
1784868925045023899,-24377.5
1784868925479601959,-24377.7
1784868927060155795,-24378.8
1784868929154628557,-24378.8
1784868930044365484,-24379.3
1784868930135576602,-24380.1
1784868930197727639,-24380.8
1784868930333424740,-24380.8
1784868930500212363,-24380.8
1784868930576863967,-24380.8
1784868931845657580,-24380
1784868935769765817,-24380
1784868938821025808,-24381.1
1784868939276378244,-24382.3
1784868939430440831,-24382.3
1784868939489183999,-24382.3
1784868939592247005,-24382.3
1784868940705128797,-24382.3
1784868942906913498,-24382.3
1784868943817216406,-24382.3
1784868944394552152,-24382.3
1784868945448802286,-24382.3
1784868945474148430,-24382.3
1784868946483955897,-24382.3
1784868948348982329,-24382.3
1784868951222202666,-24382.3
1784868955376671575,-24382.3
1784868957746945047,-24378.3
1784868958635016300,-24382.8
1784868958952050886,-24382.8
1784868959122612459,-24382.8
1784868959511416359,-24383.8
1784868959945221298,-24383.8
1784868960787042785,-24383.8
1784868963010207541,-24383.8
1784868964262945988,-24383.8
1784868964388148515,-130267
1784868964388148515,-130267
1784868964388607996,-346845
1784868964388823246,-383071
1784868964393397727,-343376
1784868964393560556,-402051
1784868964393649733,-402061
1784868964393792341,-380060
1784868964395037923,-376230
1784868964395245472,-410083
1784868964397235782,-410106
1784868964404084149,-410132
1784868964404354467,-410156
1784868964405597826,-410177
1784868964413077100,-410202
1784868964414327895,-382745
1784868964416940030,-411321
1784868964418607243,-382858
1784868964433586734,-411073
1784868964509498718,-383225
1784868964513686588,-364592
1784868964521959663,-393227
1784868964527298274,-382915
1784868964532726852,-401104
1784868964574969738,-379177
1784868964619372256,-335961
1784868964732424150,-379523
1784868964873629302,-377603
1784868964995718425,-336757
1784868965328785173,-336765
1784868965614750862,-336773
1784868965956208103,-336781
1784868966249628332,-336789
1784868967068440562,-336796
1784868967132156277,-336804
1784868967877510839,-336812
1784868968310932972,-336820
1784868968561809307,-336828
1784868972966893708,-336836
1784868973747161008,-336844
1784868974205549599,-336852
1784868979859335823,-336860
1784868979870564526,-336868
1784868979914740934,-336876
1784868980621816720,-336884
1784868983760288262,-336892
1784868984721271472,-336900
1784868984750007708,-336906
1784868984782654941,-336916
1784868984851291412,-336924
1784868985058650297,-360899
1784868986195230053,-357719
1784868986437753617,-337474
1784868987263397986,-354369
1784868988407028366,-354377
1784868989723884548,-354262
1784868989968644743,-338380
1784868991963462305,-343702
1784868992580917489,-342403
1784868992737831676,-338404
1784868992952630070,-338412
1784868995250557426,-338420
1784868996345794120,-338428
1784868996443584844,-338436
1784868996455089413,-338444
1784868996513019963,-338452
1784868996643454948,-338460
1784868998372584882,-338467
1784868998627507657,-338474
1784869000179796482,-338482
1784869001583448732,-338498
1784869003118506563,-338507
1784869003665894294,-338515
1784869004587111716,-338522
1784869006012861806,-338530
1784869008193866726,-339335
1784869008850804125,-338546
1784869009798336822,-338554
1784869017654911772,-338562
1784869017674134761,-338570
1784869018260276751,-338578
1784869018483519617,-338587
1784869018523702485,-338594
1784869018583372488,-338602
1784869018595932234,-338608
1784869018606004081,-338617
1784869018628995798,-339726
1784869018696806382,-346168
1784869018890736254,-348769
1784869018919916937,-348792
1784869019081128577,-348814
1784869019953689161,-347685
1784869020123691359,-348537
1784869020123847534,-352783
1784869020127506603,-355940
1784869020136196763,-355969
1784869020141726654,-349190
1784869020255160182,-349446
1784869020531779136,-351207
1784869020706688414,-349462
1784869020928581342,-351182
1784869022455715196,-351813
1784869022463711358,-352274
1784869022470724787,-351900
1784869022480953848,-353791
1784869022490687028,-353798
1784869022502239404,-353808
1784869022525239321,-353816
1784869022577219978,-353825
1784869022605518377,-353833
1784869022655677512,-353859
1784869022675473404,-353870
1784869022773604983,-353885
1784869022806905505,-353885
1784869022916748627,-353885
1784869023086120569,-353885
1784869023350431525,-353885
1784869023893108763,-353885
1784869024852164830,-353882
1784869025637020374,-353949
1784869026046370994,-354081
1784869027046274241,-354091
1784869027428910845,-354119
1784869027464036191,-354129
1784869027488620115,-354129
1784869027500112702,-354128
1784869027524902945,-354133
1784869027537488443,-354536
1784869027554642902,-354947
1784869027554801443,-355071
1784869027562102120,-355084
1784869027563806047,-355084
1784869027567541463,-355362
1784869027574512664,-355378
1784869027578648290,-355384
1784869027585640042,-355384
1784869027592748041,-355384
1784869027605940226,-355720
1784869027621776780,-355723
1784869027621936866,-355723
1784869027637807055,-355723
1784869027666860191,-355723
1784869027700419698,-355723
1784869027755018324,-355723
1784869027806288023,-355723
1784869027865811988,-355723
1784869028066300095,-355723
1784869028221379424,-355723
1784869028507178847,-355723
1784869028558405387,-355723
1784869028628177911,-356116
1784869028628874189,-356592
1784869028631517414,-358885
1784869028765713507,-358912
1784869028786511270,-358929
1784869028877259187,-358935
1784869029018751380,-358935
1784869029461626588,-358942
1784869029825147200,-358942
1784869030377103919,-358941
1784869030756624953,-358941
1784869031039861118,-358941
1784869031045322508,-358941
1784869031083085022,-358941
1784869031086834864,-358941
1784869031147966637,-358941
1784869031180160666,-358941
1784869031213580305,-358941
1784869031230756031,-358941
1784869031388845799,-358941
1784869032046470456,-358941
1784869032941964050,-358941
1784869033636346251,-358941
1784869033815056510,-358941
1784869033964059915,-358941
1784869034076145257,-358941
1784869034632177570,-358941
1784869035353996100,-358941
1784869036203497685,-358941
1784869036990605241,-358941
1784869037001950996,-358941
1784869037037895640,-358941
1784869037142541346,-358941
1784869037524434951,-358941
1784869037907538525,-358941
1784869038388597660,-358941
1784869038650806161,-358941
1784869041253675593,-358941
1784869041909170775,-358941
1784869042190129815,-358941
1784869042212975751,-358941
1784869042236730974,-358941
1784869042255865445,-358941
1784869042284949960,-358941
1784869042322283128,-358941
1784869042358730762,-358941
1784869042502466509,-358941
1784869042711039638,-358941
1784869042743767823,-358941
1784869042779631373,-358941
1784869042788721786,-358941
1784869042809099949,-364459
1784869042814734191,-365838
1784869042817600087,-369848
1784869042885662522,-374343
1784869042941675018,-374343
1784869042989350173,-374343
1784869043008934035,-374343
1784869043026286940,-374343
1784869043026445135,-372775
1784869043028485866,-378345
1784869043050376571,-383388
1784869043050717364,-384622
1784869043098338020,-385146
1784869043110478946,-384311
1784869043110628099,-384319
1784869043116801816,-384816
1784869043133086895,-384373
1784869043141505329,-384891
1784869043220237619,-384469
1784869043266441233,-384477
1784869043416894130,-384485
1784869043603598482,-384493
1784869043695743850,-384501
1784869043907431732,-384505
1784869044058957965,-384505
1784869044098634391,-384505
1784869044171786957,-384505
1784869044333215521,-384508
1784869044612794218,-384508
1784869045122882882,-384508
1784869045123373641,-384508
1784869045172819672,-384508
1784869045191434109,-384508
1784869045205584877,-384508
1784869045254592298,-384508
1784869045394448696,-384508
1784869045714397136,-384508
1784869045774911113,-384508
1784869045793387797,-384508
1784869045843202651,-384508
1784869045865470977,-384508
1784869045884361673,-384509
1784869045893978579,-384509
1784869045903163146,-384509
1784869045926798845,-384509
1784869045968784204,-384509
1784869046041529404,-384509
1784869046208961565,-384509
1784869047047994448,-384509
1784869047245175811,-384509
1784869048053441050,-384509
1784869048111744776,-384509
1784869049167167909,-384509
1784869050507531564,-384509
1784869050555022540,-384509
1784869050586849066,-384509
1784869050691203982,-384509
1784869050998539856,-384509
1784869051404425367,-384509
1784869051731284707,-384505
1784869051765233435,-384505
1784869051883199600,-384505
1784869052170435191,-384505
1784869052626876326,-384505
1784869052701728154,-384508
1784869053088184244,-384508
1784869054035467193,-384510
1784869054461469903,-384514
1784869054473943807,-384521
1784869054484237634,-384539
1784869054508811408,-384539
1784869054941624547,-384539
1784869055234655650,-384539
1784869055568362280,-384539
1784869055593081244,-384539
1784869055886501420,-384539
1784869055896623133,-384539
1784869055910727750,-384539
1784869056037293225,-384539
1784869056964064832,-384539
1784869057086697358,-384539
1784869057799656150,-384539
1784869058557711566,-384539
1784869059271348612,-384540
1784869059641558883,-384540
1784869060036760336,-384540
1784869060038241759,-384540
1784869060039615244,-384540
1784869060099134328,-384540
1784869060203832837,-384540
1784869060982675305,-384540
1784869061363235641,-384540
1784869061404094010,-384540
1784869061649748997,-384540
1784869062398305783,-384540
1784869063298731936,-384540
1784869063377145272,-384540
1784869063642434156,-384540
1784869063819099677,-384540
1784869064118872647,-384540
1784869065012256736,-384540
1784869065167984538,-384540
1784869065937120237,-384540
1784869065964071568,-384540
1784869066771285866,-384541
1784869067268544691,-384541
1784869067299001324,-384541
1784869067308783240,-384541
1784869067308958548,-384541
1784869067312476907,-384541
1784869067316520661,-384541
1784869067327087170,-384541
1784869067368155570,-384541
1784869067448991406,-384541
1784869067582668398,-384541
1784869067714325272,-384541
1784869067902306367,-384541
1784869068329207829,-384541
1784869068452064341,-384541
1784869068458286496,-384541
1784869068492982682,-384541
1784869068692512313,-384541
1784869069052170413,-384541
1784869069296871939,-384541
1784869070349746960,-384541
1784869070526758679,-384541
1784869071394506340,-384541
1784869071402373926,-384541
1784869071425140134,-384541
1784869071456336229,-384541
1784869071468081571,-384541
1784869071518505596,-384541
1784869071545730115,-384541
1784869071603205499,-384541
1784869071618529853,-384541
1784869071627167674,-384541
1784869071687936342,-384541
1784869071789259017,-384541
1784869072090817347,-384541
1784869072769302078,-384541
1784869073151652058,-384541
1784869073319113859,-384541
1784869073596085839,-384541
1784869073599070329,-384541
1784869073874480519,-384537
1784869073891070304,-384537
1784869073911683042,-384537
1784869073923815982,-384537
1784869073934320407,-384537
1784869073979162636,-384537
1784869074100832923,-384537
1784869074158562943,-384537
1784869075024934843,-384537
1784869075755614161,-384535
1784869075760556535,-388120
1784869075762163251,-388128
1784869075765596908,-388231
1784869075769104080,-388145
1784869075770171134,-388151
1784869075844588758,-388160
1784869076044241181,-388169
1784869076759866160,-388176
1784869076785518464,-388184
1784869077096664494,-388186
1784869077945368474,-388186
1784869079432365392,-388186
1784869080017819228,-388186
1784869080067323985,-388186
1784869080100579295,-388186
1784869080112739603,-388186
1784869080126982994,-388186
1784869080181199987,-388187
1784869080222408183,-388187
1784869080403766225,-388187
1784869080419473371,-388187
1784869080423910769,-388187
1784869080457593171,-388187
1784869080658665375,-388187
1784869081045401686,-388178
1784869082019310750,-388185
1784869082033901502,-388187
1784869082149892530,-388187
1784869082542659064,-388187
1784869082634974666,-390488
1784869082635287040,-390445
1784869082635616572,-406542
1784869082643484850,-419274
1784869082738615630,-419297
1784869082857455420,-407304
1784869083050271087,-407312
1784869083054761374,-407320
1784869083060294398,-407327
1784869083165896747,-407412
1784869083196571430,-415622
1784869083250852498,-415792
1784869083578275870,-417205
1784869083976687483,-408652
1784869084787994096,-417127
1784869084949177921,-417150
1784869085095298443,-417172
1784869085127946283,-417197
1784869085638247733,-417222
1784869085771162291,-417246
1784869085817146791,-417269
1784869085859529216,-417294
1784869085874162316,-417318
1784869086314465033,-417343
1784869086553218490,-417365
1784869086565613966,-417388
1784869086572720854,-417411
1784869086719490744,-417439
1784869087103486311,-417462
1784869087451105233,-419151
1784869087850519564,-419206
1784869087991785506,-419221
1784869088206470871,-418776
1784869088302995267,-419209
1784869088587251971,-419249
1784869089865354650,-419249
1784869089870448448,-419249
1784869090094505294,-419249
1784869090867899407,-419245
1784869091744562702,-419570
1784869091789917737,-419580
1784869091791644788,-419579
1784869092205735495,-419578
1784869092259443677,-419578
1784869092344162899,-419577
1784869092356240874,-419576
1784869092406752819,-419576
1784869092425544965,-419574
1784869092454843960,-419572
1784869092469231613,-419574
1784869092469402151,-419934
1784869092470393214,-420453
1784869092485749278,-420799
1784869092485966825,-420813
1784869092505397603,-420813
1784869092505708008,-420813
1784869092519876015,-420813
1784869092532061843,-420813
1784869092545577272,-420813
1784869092564783743,-420813
1784869092588523188,-420813
1784869092605794558,-420518
1784869092615929511,-420557
1784869092672703098,-420027
1784869092700293608,-420047
1784869092706299338,-420068
1784869092717997564,-420199
1784869092733475067,-420203
1784869092744413538,-420203
1784869092797062676,-420203
1784869092824236342,-420203
1784869092843050318,-420203
1784869093112050450,-420203
1784869093350255256,-420203
1784869093474433231,-420203
1784869093664531151,-420203
1784869093949585200,-420203
1784869094109086643,-420203
1784869095108999066,-420203
1784869095229068291,-420203
1784869095509485419,-420203
1784869096116002565,-420203
1784869097073537338,-420203
1784869097894446074,-420203
1784869098893853820,-420203
1784869099712498333,-420203
1784869100101969951,-420203
1784869100350290066,-420203
1784869100607457948,-420203
1784869101384355097,-420203
1784869101602209445,-420203
1784869101617053950,-420203
1784869101628633521,-420203
1784869101682664406,-420203
1784869102616299476,-420203
1784869102799086975,-420203
1784869102855606836,-420203
1784869103417905485,-420203
1784869104586650991,-420203
1784869105842316512,-420203
1784869106023646426,-420203
1784869107216480030,-420202
1784869107220045923,-424759
1784869107221330735,-430030
1784869107224149927,-429924
1784869107230190427,-428885
1784869107236922629,-428908
1784869107349627956,-429840
1784869107627087539,-429075
1784869108807009511,-429443
1784869110062933847,-429545
1784869111002267228,-429569
1784869111272324399,-429592
1784869111287882490,-429609
1784869111326763858,-429658
1784869111847664150,-429659
1784869112634640590,-429659
1784869112890437690,-429659
1784869113381924566,-429659
1784869114197043951,-429659
1784869114335654638,-429659
1784869115175165567,-429659
1784869116940321814,-429659
1784869117545803141,-429659
1784869118313031776,-429660
1784869118915307230,-429660
1784869119617976201,-429660
1784869120217008786,-429660
1784869121371253561,-429660
1784869122999908781,-429660
1784869123013452837,-429663
1784869123022351999,-429664
1784869123031059246,-429664
1784869123037911784,-429664
1784869123048938907,-429664
1784869123080405244,-429664
1784869123115603667,-429665
1784869123159346726,-429665
1784869123263181487,-429665
1784869123281337377,-429667
1784869123739565085,-429670
1784869123755511976,-429670
1784869123761490650,-429674
1784869123781151120,-429679
1784869123845019069,-429682
1784869123902454721,-429682
1784869123912424558,-429684
1784869123914815064,-429688
1784869123920145049,-429692
1784869123924823218,-429692
1784869123964301104,-429692
1784869124112896620,-429693
1784869124347407158,-429692
1784869124532117174,-429694
1784869124884353268,-429694
1784869125765313318,-429695
1784869126079727551,-429757
1784869126175772927,-430168
1784869126408027151,-430292
1784869126474099453,-430278
1784869127105256860,-430259
1784869128755747940,-430261
1784869130402986872,-430269
1784869132106615272,-430273
1784869134224533540,-430273
1784869135342860105,-430273
1784869136944069280,-430269
1784869138731774074,-430273
1784869140363252725,-430276
1784869141980285532,-430278
1784869143932140730,-430278
1784869144452986477,-430278
1784869144853152388,-430278
1784869145274753235,-430278
1784869145286649167,-430278
1784869145295503481,-430278
1784869145319239411,-430278
1784869145355909089,-430278
1784869145457833447,-430278
1784869145623453876,-430278
1784869145631071946,-430644
1784869145646299808,-430652
1784869145780637100,-430661
1784869146113566215,-430668
1784869146940541179,-430674
1784869147622193793,-430674
1784869149404474526,-430674
1784869149480419646,-430674
1784869150116324544,-430674
1784869150437295225,-430674
1784869151817349905,-430674
1784869152085934043,-430674
1784869152112501596,-430674
1784869152133038253,-430674
1784869152210779782,-430674
1784869152545827496,-430674
1784869153152923251,-430674
1784869153465114210,-430674
1784869153613571417,-430674
1784869154034468764,-430674
1784869154257710615,-430674
1784869154479395566,-430675
1784869154479852011,-430675
1784869154682602404,-430675
1784869156117525559,-430675
1784869157309828495,-430676
1784869158013907398,-430676
1784869159870706293,-430676
1784869162713095919,-430676
1784869163489944829,-430676
1784869163496629811,-430676
1784869163530459184,-430676
1784869163549432512,-430676
1784869163667017307,-430676
1784869164182249063,-430676
1784869164742639680,-430676
1784869164787650869,-430676
1784869166173398487,-430676
1784869168450850478,-430676
1784869169982265153,-430676
1784869170044594606,-440858
1784869170045135795,-441924
1784869170045925360,-445546
1784869170046482635,-457226
1784869170050233496,-464527
1784869170051726294,-464195
1784869170056097470,-464539
1784869170058527405,-464166
1784869170063961928,-464071
1784869170068480044,-462984
1784869170074453251,-463013
1784869170188088038,-463266
1784869170229371467,-463274
1784869170341188145,-463282
1784869170648518464,-463290
1784869170852256997,-463297
1784869170855248359,-463304
1784869170919289264,-463314
1784869171060685697,-463322
1784869171594510711,-463329
1784869171994928663,-463337
1784869172199009429,-463339
1784869172941560373,-463339
1784869173972860730,-463339
1784869174205802503,-463339
1784869174491728916,-463339
1784869175091062108,-463339
1784869175102975509,-463339
1784869175112739795,-463340
1784869175117941777,-463340
1784869175132012663,-463340
1784869175174088268,-463345
1784869175250954487,-463345
1784869175635111412,-463345
1784869175713344999,-463345
1784869175950182620,-463345
1784869176777428441,-463345
1784869177014306783,-463345
1784869177192309008,-463345
1784869177414456619,-463345
1784869178078388883,-463345
1784869178852366533,-463345
1784869179447475765,-463345
1784869179758123206,-463345
1784869179761123579,-463345
1784869179778800291,-463345
1784869179837856510,-463345
1784869179861809761,-463345
1784869180036274149,-463345
1784869180134374701,-463345
1784869180730376761,-463345
1784869181167869045,-463345
1784869181347860857,-463345
1784869181993517089,-463345
1784869182581805481,-463346
1784869182784990125,-463346
1784869184076909542,-463346
1784869185995719717,-463346
1784869186242467644,-463346
1784869187278078114,-463346
1784869189343249699,-463347
1784869189434291756,-463350
1784869189535682398,-463351
1784869190043435158,-463351
1784869190393360469,-463351
1784869190943543760,-463352
1784869191978120502,-463352
1784869192546835672,-463352
1784869192571614651,-463352
1784869192600162817,-463352
1784869192768190218,-463352
1784869193043525944,-463352
1784869193538225571,-463352
1784869194257336674,-463352
1784869194594900350,-467780
1784869194596470750,-470856
1784869194600697148,-471739
1784869194695864013,-476896
1784869194747141481,-477142
1784869194824603343,-478694
1784869194913121727,-471768
1784869195052385798,-471776
1784869195247369521,-471784
1784869196175693498,-471792
1784869196317138035,-471800
1784869196939556110,-471808
1784869197090266379,-471816
1784869198139491834,-471824
1784869198154309039,-471830
1784869198165148101,-473182
1784869198180867138,-473732
1784869198194397164,-473748
1784869198210245805,-473958
1784869198223890131,-474141
1784869198265077286,-474155
1784869198298489724,-474285
1784869198336317324,-474288
1784869198365140650,-474388
1784869198374695364,-474419
1784869198402011047,-474443
1784869198427118160,-474452
1784869198460009406,-474487
1784869198466411005,-474509
1784869198484706455,-474560
1784869198520946434,-474610
1784869198547623013,-475069
1784869198562167642,-475305
1784869198565440981,-475354
1784869198569622210,-475379
1784869198578580081,-475396
1784869198598542828,-475423
1784869198620560904,-475437
1784869198628187463,-475454
1784869198628682234,-475517
1784869198652112911,-475528
1784869198652297300,-475548
1784869198667658800,-475563
1784869198680618626,-475688
1784869198693925118,-475693
1784869198722348078,-475693
1784869198765764780,-475747
1784869198860875541,-475747
1784869198941964791,-475747
1784869198997713177,-475736
1784869199006208451,-475780
1784869199158407846,-475779
1784869199167825607,-475779
1784869199178762558,-475784
1784869199210454574,-475792
1784869199374517605,-475793
1784869199926429302,-475793
1784869200041574365,-475793
1784869200091415563,-475834
1784869200117197419,-475834
1784869200153152966,-475844
1784869200166375899,-475870
1784869200179087218,-475894
1784869200200969297,-475905
1784869200244441981,-475969
1784869200379188855,-476057
1784869200647278717,-476082
1784869200860722883,-476083
1784869201110872650,-476083
1784869201721308768,-476083
1784869201932397619,-476083
1784869202696700398,-476083
1784869202739543436,-476083
1784869202835693966,-476084
1784869202963425295,-476084
1784869203209695442,-476085
1784869204082799743,-476086
1784869204956265001,-476086
1784869206385678937,-476086
1784869207952988081,-476086
1784869209210779986,-476086
1784869209326925964,-476087
1784869209342321628,-476087
1784869209350527339,-476090
1784869209376813418,-476090
1784869209391567434,-476090
1784869209409144578,-476094
1784869209433134792,-476095
1784869209440305263,-476102
1784869209455585421,-476103
1784869209472027722,-476103
1784869209490541418,-476103
1784869209511611819,-476103
1784869209534804803,-476103
1784869209553473503,-476103
1784869209561521096,-476103
1784869209587759233,-476103
1784869209609089328,-476103
1784869209624214260,-476103
1784869209640537663,-476103
1784869209662227346,-476103
1784869209736739745,-476103
1784869209899500203,-476103
1784869210035367230,-476103
1784869210381955862,-476103
1784869210616014828,-476103
1784869210872338463,-476103
1784869211297370997,-476062
1784869211394723482,-476070
1784869211674894325,-476078
1784869212244502878,-476086
1784869212649596670,-476094
1784869213195969741,-476102
1784869214626855583,-476103
1784869215580177526,-476103
1784869215986317346,-476103
1784869216075178132,-476103
1784869216561623130,-476102
1784869217787861285,-476104
1784869217900236541,-476106
1784869218026616055,-476109
1784869218470254047,-476111
1784869218582292951,-476112
1784869218890892977,-476115
1784869219628747098,-476120
1784869219668868511,-476125
1784869219816619650,-476126
1784869219864642853,-476126
1784869219929646612,-476127
1784869220738712513,-476127
1784869223121367101,-476127
1784869223346917000,-476130
1784869224044369649,-476131
1784869226247554773,-476131
1784869227907440436,-476133
1784869228419820099,-476134
1784869229407357492,-476135
1784869230509090512,-476136
1784869230607435505,-476136
1784869230706860560,-476136
1784869231242704533,-476133
1784869231603792287,-476136
1784869232749786199,-476136
1784869235759694715,-476139
1784869237039896049,-476139
1784869237070462816,-476139
1784869237124053750,-476139
1784869237124390886,-490370
1784869237124762856,-490509
1784869237129785628,-493985
1784869237143563547,-496198
1784869237143712115,-499803
1784869237148612930,-503115
1784869237148785827,-505187
1784869237190901694,-514282
1784869237191497112,-517451
1784869237244502397,-516304
1784869237258157589,-518308
1784869237339640138,-517252
1784869237500580179,-496370
1784869238902971698,-496642
1784869241415886412,-514770
1784869245106490261,-513337
1784869247154995619,-514993
1784869248687104230,-515008
1784869250457642504,-515008
1784869251077167075,-515025
1784869251166314149,-515040
1784869254116781865,-515057
1784869254335539574,-515073
1784869254845921619,-515088
1784869255342438005,-515103
1784869255537168121,-515121
1784869256603770251,-515128
1784869256607747694,-515067
1784869256608087660,-515117
1784869256608852661,-515156
1784869256784183606,-515173
1784869256940734459,-515173
1784869257058394775,-515174
1784869257377351528,-515174
1784869257897379337,-515174
1784869257957301878,-516553
1784869257957547008,-517256
1784869257959155374,-517287
1784869258027389270,-517622
1784869258043149072,-517631
1784869258211944119,-517858
1784869258694535583,-517865
1784869259503431030,-517871
1784869259509351174,-519644
1784869259622672211,-519675
1784869259962545029,-519708
1784869261248315003,-519740
1784869262391603107,-519771
1784869262605218541,-519802
1784869262813796309,-519834
1784869262829349189,-519867
1784869263119621675,-520121
1784869263340284991,-520128
1784869264018898453,-520128
1784869264163845682,-520128
1784869264755069837,-520128
1784869264782140464,-520128
1784869265224902316,-520128
1784869266672040891,-520128
1784869267885988578,-520128
1784869268912983363,-520128
1784869270763530662,-520128
1784869273164987204,-520123
1784869273916043008,-520123
1784869274452924929,-520128
1784869275405615856,-520128
1784869275429388431,-520128
1784869275511415120,-520129
1784869275687892339,-520132
1784869275890449360,-520134
1784869276127499426,-520133
1784869277078662201,-520133
1784869277218543326,-520133
1784869277836951016,-520142
1784869278076198416,-520296
1784869278089503514,-521067
1784869278096901336,-520932
1784869278098693858,-520496
1784869278101992603,-520503
1784869278123737773,-520511
1784869278239570008,-520526
1784869278692223482,-520581
1784869278711933656,-520715
1784869278901875585,-520750
1784869279409213991,-520758
1784869279630189499,-520784
1784869280534509525,-520791
1784869280605850000,-520911
1784869280743202006,-521013
1784869281013498228,-521037
1784869281686528372,-521043
1784869281843185789,-521043
1784869282142838618,-521043
1784869282260363562,-521043
1784869282518171102,-521043
1784869283316811572,-521043
1784869283776848174,-521043
1784869284900331778,-521043
1784869285196621854,-521043
1784869285224428285,-521043
1784869285254756511,-521043
1784869285445428260,-521019
1784869285708554685,-521044
1784869286149612821,-521036
1784869287434521388,-521044
1784869287683944573,-521044
1784869288664586005,-521044
1784869289693605797,-521044
1784869290490930009,-521044
1784869290737756098,-521044
1784869292379754557,-521044
1784869293147844095,-521044
1784869293209727381,-521044
1784869293276433390,-521044
1784869293840935691,-521044
1784869294680965158,-521045
1784869295825932621,-521046
1784869295832665179,-521047
1784869296137219452,-521051
1784869296232292459,-521052
1784869296315388433,-523377
1784869296322176859,-520762
1784869296327764210,-520771
1784869296328529938,-525649
1784869296332575894,-523959
1784869296349354397,-524326
1784869296381743204,-525248
1784869296467501724,-525271
1784869296571650869,-525291
1784869296782491632,-525366
1784869296937745348,-525421
1784869297073579895,-525446
1784869297296934931,-525489
1784869297497625935,-525596
1784869297788970809,-525717
1784869297803969614,-525871
1784869297812763980,-525882
1784869297869199955,-525896
1784869297936590522,-525920
1784869298056071380,-525955
1784869298186234445,-525991
1784869298291755918,-526021
1784869298453353804,-526021
1784869298577309531,-526088
1784869298801002940,-526096
1784869299964742525,-526096
1784869301486617809,-526096
1784869301902363167,-526096
1784869303160788919,-526096
1784869304194644467,-526097
1784869304364256130,-526097
1784869305339122103,-526097
1784869305353978385,-526097
1784869305409585215,-526097
1784869305842875930,-526097
1784869305930575130,-526097
1784869307722831651,-526097
1784869308846506830,-526097
1784869308893821006,-526097
1784869309127637105,-526097
1784869309599011113,-526097
1784869310035339092,-526097
1784869310159485103,-526097
1784869311054610651,-526097
1784869314008980333,-526097
1784869314200162164,-526097
1784869314200297010,-526097
1784869314212567740,-526097
1784869314261801026,-526097
1784869314288150008,-526097
1784869314408149624,-526097
1784869314498817964,-526097
1784869314575895608,-526097
1784869314936511919,-526097
1784869314952870282,-526097
1784869314963092836,-526097
1784869314972309916,-526097
1784869314981288862,-526097
1784869315099498530,-526097
1784869315222625485,-526097
1784869315720507413,-526097
1784869315744888795,-526097
1784869315751424628,-526097
1784869315796942411,-526097
1784869316210484098,-526097
1784869316557836126,-526097
1784869316574750755,-526097
1784869317250702966,-526097
1784869317796067277,-530926
1784869317796335131,-536150
1784869317797527436,-536340
1784869317800794106,-536436
1784869317815047343,-537798
1784869317941790966,-536682
1784869318034737677,-536690
1784869318287666481,-536714
1784869318884721120,-536722
1784869319808695335,-538571
1784869320014133354,-538587
1784869320691594438,-539383
1784869321172691341,-539383
1784869321232805905,-539383
1784869321259174526,-539412
1784869321370806268,-539412
1784869322178357655,-539412
1784869322233596249,-539412
1784869322274384933,-537482
1784869322274547122,-539596
1784869322274751849,-539797
1784869322274929854,-539797
1784869322282650885,-539797
1784869322282960171,-539797
1784869322285804313,-539784
1784869322303946029,-539821
1784869322337151643,-539924
1784869322353977183,-540052
1784869322363412515,-540282
1784869322368083237,-540304
1784869322381742109,-540305
1784869322399979003,-540341
1784869322400177735,-540347
1784869322415249468,-540352
1784869322425605351,-540352
1784869322460668757,-540352
1784869322510859633,-540352
1784869322600040861,-540352
1784869322892281738,-540352
1784869323152471787,-540350
1784869323601294804,-540350
1784869323851988432,-540351
1784869324157417331,-540351
1784869324477123039,-540351
1784869324524178415,-540351
1784869324562249066,-540351
1784869324679734201,-540351
1784869325023786682,-540351
1784869325418326842,-540354
1784869325575442797,-540357
1784869325592158368,-540357
1784869325596355058,-540357
1784869325692655263,-540357
1784869325852289559,-540358
1784869325865845354,-540362
1784869325901448745,-540365
1784869325924929741,-540369
1784869326041837020,-540371
1784869326094738709,-540372
1784869326340751359,-540373
1784869326657425029,-540374
1784869326687307182,-540381
1784869326761839187,-540383
1784869326805029656,-540383
1784869326939116466,-540385
1784869326956641557,-540385
1784869327000578867,-540386
1784869327038726341,-540387
1784869327173582378,-540388
1784869327261754151,-540388
1784869327707094013,-540388
1784869327762121595,-540388
1784869327956283733,-540389
1784869328118004233,-540392
1784869328137871127,-540392
1784869328168555620,-540396
1784869328352058864,-540399
1784869328446459945,-540401
1784869328536399827,-540401
1784869328786583689,-540401
1784869328842604355,-540401
1784869329160249325,-540401
1784869330049686414,-540401
1784869330243096757,-540401
1784869330417777157,-540401
1784869330515853746,-540401
1784869330612407864,-540401
1784869330673730435,-540402
1784869330758862873,-540402
1784869330772532621,-540402
1784869330842550799,-540402
1784869331206218765,-540402
1784869332202337135,-540398
1784869333680742498,-540402
1784869333697553722,-540402
1784869333803932414,-540402
1784869333974406468,-540402
1784869335582956270,-540402
1784869337606769044,-540402
1784869338496191006,-540396
1784869339298937690,-540399
1784869339474331690,-540402
1784869339486583275,-540404
1784869339502887821,-540404
1784869339583542680,-540404
1784869339723523601,-540404
1784869339730221407,-540404
1784869339745457560,-540404
1784869339816899920,-540405
1784869339873861241,-540405
1784869340027710461,-540405
1784869340556312343,-540407
1784869340981194637,-540407
1784869341068212931,-540407
1784869341092564456,-540407
1784869341100426448,-540407
1784869341111925555,-540407
1784869341218164064,-540407
1784869341240448027,-540408
1784869341307426852,-540408
1784869341358605392,-540408
1784869341372672157,-540408
1784869341432807028,-540408
1784869341521773671,-540408
1784869341610870550,-540408
1784869342379195609,-540408
1784869343417764209,-540408
1784869344168879392,-540408
1784869345295588242,-540408
1784869345636369737,-540408
1784869346259323232,-540408
1784869346380358249,-540408
1784869346702332757,-540408
1784869346937354052,-540408
1784869347039654562,-540408
1784869347174191439,-540408
1784869347651818474,-540408
1784869348247253659,-540408
1784869348986014949,-540408
1784869350032657368,-540408
1784869350928543884,-540408
1784869351422230476,-540408
1784869351771769008,-540408
1784869352339639958,-540408
1784869352626388395,-540408
1784869352675360070,-540408
1784869352803826775,-540408
1784869352974334349,-540408
1784869353692649064,-540409
1784869355012458209,-540409
1784869357762519938,-540409
1784869357793261925,-540409
1784869357811509697,-540409
1784869358701572930,-540409
1784869358755224735,-540409
1784869358791546552,-540409
1784869359291270244,-540409
1784869359927142023,-540409
1784869360957770636,-540409
1784869360972894131,-540409
1784869361004159309,-540409
1784869361051981452,-540409
1784869361073467697,-540409
1784869361122802677,-540409
1784869361149919979,-540409
1784869361246116559,-540409
1784869361285920993,-540409
1784869361326249417,-540409
1784869361358384493,-540409
1784869361409926349,-540409
1784869361447731602,-540409
1784869361807227824,-540409
1784869362368012437,-540408
1784869362851854633,-540408
1784869362866905815,-540408
1784869363897848822,-540408
1784869365103545395,-540408
1784869366349206720,-540408
1784869366365011957,-540408
1784869366932620028,-540408
1784869367478644571,-540408
1784869367504303514,-540408
1784869367524858099,-540408
1784869367545525429,-540408
1784869367564200115,-547771
1784869367564586555,-557025
1784869367573009156,-560171
1784869367581479455,-567192
1784869367610804319,-572533
1784869367712090259,-572557
1784869367769115508,-560525
1784869367874837767,-560729
1784869368039592791,-560737
1784869368122525372,-570619
1784869368262202557,-568501
1784869368402410955,-568156
1784869368826453259,-568174
1784869368843642701,-567963
1784869368905412051,-567970
1784869369324795894,-567509
1784869369492169241,-566989
1784869369940556754,-566674
1784869370438811028,-566245
1784869370470621199,-566253
1784869371055263314,-565940
1784869371260316350,-565955
1784869371260532582,-565969
1784869371273888835,-565993
1784869371292272427,-566019
1784869371327288583,-566019
1784869371484654055,-566023
1784869371504033402,-566031
1784869371508941584,-566031
1784869371511626178,-566031
1784869371515853823,-566031
1784869371634927330,-566031
1784869371989592430,-566031
1784869372009672452,-566031
1784869372024552246,-566031
1784869372095265199,-566031
1784869372164161636,-566031
1784869372295881725,-566031
1784869372598488411,-566031
1784869373175999782,-566031
1784869373247525108,-566031
1784869373556820693,-566031
1784869373583536230,-566031
1784869373591351129,-566031
1784869374033080170,-566031
1784869374070823349,-566031
1784869374342200264,-566031
1784869374990637828,-566031
1784869374998469517,-566031
1784869375021636355,-566031
1784869375039394878,-566031
1784869375039877719,-566034
1784869375066944200,-566036
1784869375133403174,-566036
1784869375162654527,-566036
1784869375275695762,-566037
1784869375394921712,-566040
1784869375636831110,-566040
1784869376071731624,-566040
1784869376346428925,-566040
1784869376935247648,-566040
1784869378429155579,-566040
1784869379056355727,-566040
1784869379260920406,-566040
1784869379281279540,-566040
1784869379322920155,-566040
1784869379387859183,-566040
1784869379469284542,-566040
1784869379641508677,-566040
1784869379641737934,-566040
1784869379649224745,-566040
1784869379868854679,-566040
1784869380301918601,-566040
1784869380948831786,-566040
1784869381771585765,-566040
1784869381833204719,-566043
1784869382033572758,-566047
1784869382372339961,-566049
1784869382931322570,-566049
1784869383247833620,-566049
1784869383557336465,-566049
1784869384124698671,-566049
1784869385592828080,-566049
1784869387759131486,-566049
1784869389347188641,-566049
1784869390242741074,-566049
1784869392290450830,-566049
1784869393362428690,-566049
1784869393542342619,-566049
1784869393560342775,-566049
1784869393664514230,-566049
1784869393943018959,-566049
1784869394760116742,-566049
1784869397169486878,-566048
1784869397173739751,-566048
1784869397189791774,-566048
1784869397198714699,-566048
1784869397209114481,-566048
1784869397229486566,-566053
1784869397252241022,-566057
1784869397275081295,-566057
1784869397293921169,-566057
1784869397329058698,-566057
1784869397411158385,-566057
1784869397540394083,-566057
1784869397550606672,-566057
1784869397578957421,-566057
1784869397596241621,-566057
1784869397624247300,-566057
1784869397685811622,-566057
1784869397765198409,-566057
1784869397772527208,-570521
1784869397777817240,-575757
1784869397779664493,-576789
1784869397791811128,-576531
1784869397896561306,-576557
1784869397925244419,-576802
1784869397939742931,-576810
1784869397947460665,-576818
1784869397962548301,-576825
1784869397976682689,-576835
1784869397976924448,-576841
1784869397988989005,-576850
1784869398037587684,-576859
1784869398069258541,-576867
1784869398147719910,-576875
1784869398188894356,-576875
1784869398222877120,-576875
1784869398259845151,-576875
1784869398325778563,-576875
1784869398768660149,-576875
1784869399062558360,-576875
1784869399092379265,-576875
1784869399099003587,-576875
1784869399115785219,-576875
1784869399140036617,-576875
1784869399320233510,-576875
1784869399642366254,-576875
1784869400386993099,-576875
1784869400578681250,-576875
1784869401017230372,-576875
1784869401071262515,-576875
1784869402891727147,-576875
1784869404731378103,-576875
1784869407044063278,-576875
1784869408028531817,-576875
1784869409892901226,-576875
1784869410470517224,-576875
1784869410486568269,-576876
1784869410495500098,-576882
1784869410495884214,-576883
1784869410520793073,-576883
1784869410541263728,-576885
1784869410568697526,-576885
1784869410641457650,-576885
1784869410995586202,-576885
1784869411149239848,-576885
1784869411298625671,-576886
1784869411652149441,-576887
1784869412424465802,-576887
1784869412441873345,-576888
1784869412449392282,-576888
1784869412461012116,-576888
1784869412477361930,-576888
1784869412484326151,-576888
1784869412525737558,-576888
1784869412571217843,-576888
1784869412624620073,-576888
1784869413036843075,-576888
1784869413140421205,-576888
1784869413167062950,-576888
1784869413251579299,-576888
1784869413673236047,-576888
1784869413694481846,-576888
1784869413878804672,-576888
1784869414451655813,-576888
1784869417121629738,-576888
1784869418007229084,-576887
1784869418192166030,-576887
1784869418293126787,-576887
1784869418819226813,-576887
1784869419714427806,-576887
1784869419728986851,-576887
1784869419793862165,-576887
1784869419863963684,-576887
1784869420089089391,-576887
1784869420438141312,-576887
1784869420512645812,-576887
1784869421121959804,-576887
1784869421152245913,-576887
1784869421195408865,-578459
1784869421199443848,-581522
1784869421199622213,-587511
1784869421207548230,-588733
1784869421207778207,-588733
1784869421220233534,-588733
1784869421324382690,-588734
1784869421394282765,-588740
1784869421491696354,-588748
1784869421642298680,-588756
1784869422043323455,-588829
1784869423441720377,-588829
1784869423494874006,-588829
1784869423525497582,-588829
1784869423616658271,-589737
1784869423888348463,-590161
1784869424092270320,-590161
1784869424736347192,-590161
1784869425111252059,-590547
1784869425926817290,-597158
1784869425931766629,-598712
1784869425934122119,-598744
1784869425941656655,-598777
1784869425942533179,-600167
1784869425945491025,-600976
1784869425952799660,-594940
1784869426072150403,-600038
1784869426171743201,-600069
1784869426520019090,-600102
1784869426638176494,-600134
1784869426949174148,-600166
1784869426996041690,-600197
1784869427296459247,-600229
1784869427556661432,-600335
1784869427712228068,-600343
1784869428041663846,-600351
1784869428079718185,-600359
1784869428160694852,-600367
1784869428263103970,-600374
1784869428362922926,-600374
1784869429060686583,-600374
1784869429253264990,-600374
1784869430098295227,-600374
1784869430315537665,-600374
1784869430450749353,-600374
1784869431860205021,-600372
1784869431975580877,-600373
1784869432219921872,-600376
1784869432889044545,-600376
1784869434051295348,-600377
1784869434073165471,-600377
1784869435656752297,-600377
1784869435782574648,-600377
1784869435834816163,-600377
1784869435973864300,-600377
1784869436231760113,-600377
1784869436354729370,-600377
1784869436446477371,-600377
1784869436776729525,-600377
1784869436800837056,-600377
1784869436808725507,-600377
1784869436934933021,-600377
1784869436936161022,-600376
1784869436936522978,-605029
1784869436936854215,-606318
1784869436937153194,-607661
1784869436937376454,-607686
1784869436989656540,-606979
1784869437027911488,-607143
1784869437158576796,-607151
1784869437887636068,-607198
1784869438651732468,-607184
1784869439050799239,-607184
1784869439870265714,-607184
1784869440036668056,-607184
1784869440511850117,-607184
1784869440751381337,-607184
1784869440758626777,-607184
1784869440778921145,-607184
1784869440788597195,-607184
1784869440851144127,-607538
1784869440851588547,-608432
1784869440860223688,-608441
1784869440926512824,-608449
1784869440975397144,-608457
1784869441055743405,-608459
1784869441165047470,-608459
1784869441816099108,-608459
1784869442193108726,-608458
1784869442234302360,-608458
1784869442369880352,-608459
1784869442678213369,-608459
1784869442886360862,-608459
1784869443901498123,-608459
1784869444044408753,-608459
1784869444530435953,-608459
1784869445210414538,-608459
1784869445663508725,-608459
1784869446795753227,-608459
1784869447327518541,-608459
1784869448272966079,-608459
1784869448815319749,-608459
1784869449324558263,-608459
1784869450260167937,-608459
1784869450337575357,-608459
1784869450839588452,-608459
1784869450901203999,-608459
1784869450913343380,-608459
1784869450920722792,-608459
1784869450991651372,-608459
1784869451060420555,-608460
1784869451265654325,-608461
1784869453339876672,-608461
1784869453932477204,-608461
1784869457959338155,-608461
1784869459461149710,-608463
1784869459602533265,-608463
1784869459995973393,-608463
1784869460040430179,-608463
1784869460055813770,-608463
1784869460086183842,-608463
1784869460112949475,-608463
1784869460193156280,-608463
1784869460230747261,-608463
1784869460269058596,-608463
1784869460312244163,-608463
1784869460312854271,-608463
1784869460343493412,-608463
1784869460364917902,-610819
1784869460375326000,-611176
1784869460375667858,-618972
1784869460386158765,-621051
1784869460386755213,-624688
1784869460395602219,-628865
1784869460402707694,-628873
1784869460418841298,-628881
1784869460450295565,-628889
1784869460475710731,-630063
1784869460497779592,-630069
1784869460516259441,-632619
1784869460524708065,-628368
1784869460579482827,-628385
1784869460617536294,-628400
1784869460671433634,-628490
1784869460711956311,-628497
1784869460898331570,-628506
1784869461061837945,-628746
1784869461296894530,-628941
1784869461473117098,-630500
1784869461666106966,-630524
1784869461916867663,-630549
1784869461996292289,-630572
1784869462108099061,-630246
1784869462936082109,-630343
1784869466784583680,-630324
1784869466936596966,-630324
1784869467388004042,-630324
1784869467560878333,-630324
1784869467629918092,-630324
1784869467713428506,-630324
1784869467930362941,-630324
1784869468336958172,-630324
1784869469013564766,-630324
1784869470036131125,-630324
1784869470262361783,-630324
1784869470563265008,-630324
1784869470665093163,-630324
1784869471225451194,-630323
1784869473471260794,-630323
1784869473831122156,-630323
1784869474573556665,-630323
1784869475550748497,-630327
1784869476777251751,-630328
1784869477009171499,-630328
1784869477026115931,-630328
1784869477040149075,-630328
1784869477148318598,-630328
1784869477166859945,-630328
1784869477889505702,-630328
1784869478322309692,-630328
1784869478577340063,-630328
1784869479256082677,-630328
1784869479311606606,-630328
1784869479333031561,-630328
1784869479493271974,-630331
1784869480134254953,-630332
1784869480142247006,-630332
1784869480159201722,-630332
1784869480351243281,-630334
1784869480509856272,-630335
1784869480599128587,-630335
1784869480940625727,-630335
1784869481186166659,-630335
1784869481207802697,-630335
1784869481223382877,-630335
1784869481240986123,-630336
1784869481271392677,-630336
1784869481306614616,-630337
1784869481349127330,-630337
1784869481371326834,-630337
1784869481386800407,-630337
1784869481410516574,-630337
1784869481444302825,-630337
1784869481455463054,-630337
1784869481556518424,-630337
1784869481582683092,-630337
1784869481607398620,-630337
1784869481622390919,-630337
1784869481716488291,-630337
1784869481789203762,-630337
1784869481846566607,-630337
1784869481941302284,-630337
1784869482022111347,-630337
1784869482231313131,-630337
1784869483594901940,-630337
1784869486457095085,-630337
1784869487036695018,-630337
1784869489233937366,-630337
1784869489991558243,-630337
1784869490255033375,-630337
1784869490875698256,-630337
1784869491603347433,-630337
1784869492604674355,-630337
1784869493061309552,-630337
1784869495077078211,-630337
1784869497938596038,-630337
1784869498574836998,-630337
1784869498618213910,-630337
1784869498946333408,-630337
1784869499299153955,-630337
1784869499835568370,-630337
1784869500168731631,-630337
1784869500923954489,-630340
1784869502260384246,-630341
1784869503232597881,-630345
1784869503262586443,-630351
1784869503308902818,-630355
1784869503309252331,-630360
1784869503318419146,-638875
1784869503318576118,-642050
1784869503321369354,-646136
1784869503321539398,-647962
1784869503324898426,-655669
1784869503339028152,-660670
1784869503344686355,-660677
1784869503344900952,-660687
1784869503348789222,-660693
1784869503360202520,-660703
1784869503362274288,-660711
1784869503455026044,-660719
1784869503467842633,-660727
1784869503505532595,-660735
1784869503551011931,-660743
1784869503634498878,-660751
1784869503663091056,-660758
1784869503729259082,-660767
1784869504011463038,-660775
1784869504318806185,-660784
1784869504962884324,-660791
1784869506937269255,-660799
1784869507009692593,-660799
1784869507538541700,-660799
1784869508243314444,-660799
1784869508760843239,-660799
1784869510491728856,-660799
1784869510905836224,-660799
1784869510938997775,-660799
1784869511019525654,-660799
1784869511265905349,-660797
1784869511532470208,-660797
1784869512478377518,-660802
1784869513178423243,-660802
1784869513329193554,-660802
1784869513708606868,-660802
1784869513796948895,-660802
1784869513811787972,-660802
1784869513858203697,-660802
1784869514010435768,-660802
1784869514330956674,-660802
1784869514352121182,-660802
1784869514364991763,-660802
1784869514386247523,-660802
1784869514486696347,-660802
1784869514544499981,-660802
1784869514665462804,-660802
1784869514786368403,-660803
1784869515065817597,-660804
1784869515129323576,-660804
1784869515164778441,-660804
1784869515761731206,-660804
1784869516934406610,-660804
1784869517160651522,-660804
1784869517190707981,-660804
1784869517232343124,-660804
1784869517312263834,-660804
1784869517378289001,-660804
1784869517761647702,-660804
1784869518261208964,-660804
1784869518763748353,-660804
1784869518962521149,-660804
1784869519404721595,-660804
1784869519804266879,-660804
1784869519835191778,-660804
1784869520037900573,-660804
1784869520411520548,-660804
1784869521937945760,-660804
1784869523941419327,-660804
1784869524262265377,-660804
1784869524327710408,-660804
1784869524451223331,-660804
1784869524579881778,-660804
1784869524872624803,-660804
1784869526036932607,-660804
1784869528436166395,-660804
1784869528567193956,-660804
1784869529149517257,-660804
1784869531222365115,-660804
1784869532981832597,-660803
1784869536372676900,-660804
1784869539420967689,-660804
1784869542653756387,-660804
1784869544022801249,-664526
1784869544041410955,-665351
1784869544049652818,-665371
1784869544066950006,-665398
1784869544211044511,-665539
1784869544892690805,-665547
1784869546105837376,-665555
1784869546120375352,-665562
1784869546145240933,-665616
1784869546187777853,-665632
1784869546203750105,-665647
1784869546267454140,-665663
1784869546352899883,-665668
1784869546524528712,-665668
1784869546647149390,-665668
1784869546935922326,-665668
1784869547182202289,-665668
1784869547186827012,-665668
1784869547253950757,-665668
1784869547371983273,-665669
1784869547543282590,-665669
1784869547602176407,-665669
1784869547967619158,-665669
1784869547996631299,-665669
1784869548655142112,-665669
1784869553451257332,-665664
1784869554502637104,-665668
1784869554611158050,-665669
1784869554667529256,-665669
1784869554753051840,-665670
1784869554841490478,-665652
1784869554862467210,-668517
1784869554862835473,-669498
1784869554863114919,-669498
1784869554899225960,-669603
1784869554927601126,-669625
1784869554944224426,-669625
1784869554957091477,-669625
1784869554978780193,-669625
1784869554993643739,-669625
1784869555006176735,-669625
1784869555050739655,-669826
1784869555085302759,-669030
1784869555152085545,-669228
1784869555170305987,-669234
1784869555209915670,-669234
1784869555235334394,-669234
1784869555251482480,-669234
1784869555265769227,-669234
1784869555277919775,-669234
1784869555296697776,-669234
1784869555313559964,-670533
1784869555318939852,-670562
1784869555319401294,-670597
1784869555324199665,-671331
1784869555324466864,-671366
1784869555326846244,-671381
1784869555356768280,-671384
1784869555356900462,-671387
1784869555402932864,-671531
1784869555458726390,-671531
1784869555473297573,-671531
1784869555482522539,-671531
1784869555566573862,-671531
1784869555690227707,-671531
1784869555745897214,-671531
1784869555816484458,-671531
1784869555867820650,-671531
1784869556001696141,-671531
1784869556147136610,-671531
1784869556234437213,-671531
1784869556295959381,-671531
1784869556566307034,-671532
1784869557486263573,-671532
1784869558841960202,-671532
1784869559222737758,-671532
1784869559626804522,-671532
1784869559638321206,-671532
1784869559652828956,-671532
1784869559701966663,-671701
1784869559706576483,-671922
1784869559708949406,-673377
1784869559709147358,-674171
1784869559711261659,-675232
1784869559713200995,-675233
1784869559753848240,-675273
1784869559847275367,-675303
1784869559869472311,-675315
1784869559964151755,-675315
1784869560100012893,-675315
1784869560146208817,-675315
1784869560182015272,-675315
1784869560201761561,-675312
1784869560483138052,-675338
1784869561134517310,-675349
1784869561372322574,-675350
1784869561521884565,-675368
1784869561745177516,-675371
1784869562731624826,-675448
1784869562739397348,-675449
1784869562893301769,-675449
1784869563001596718,-675449
1784869563015337341,-675487
1784869563022620061,-675562
1784869563031792269,-675599
1784869563044849180,-675616
1784869563066812226,-675631
1784869563092438725,-675643
1784869563110408970,-675647
1784869563126606250,-675661
1784869563143011992,-676011
1784869563194763774,-676018
1784869563230268219,-676020
1784869563230700967,-676020
1784869563255669877,-676120
1784869563256118044,-676127
1784869563270576175,-676373
1784869563270792655,-676929
1784869563291195257,-677178
1784869563291495523,-677195
1784869563299028184,-677211
1784869563299439634,-678932
1784869563304811843,-679028
1784869563310877018,-679058
1784869563311170838,-679308
1784869563312962678,-679308
1784869563374952387,-679315
1784869563375290627,-679315
1784869563420102464,-679315
1784869563420366106,-679315
1784869563471883953,-679315
1784869563503668316,-679315
1784869563503905917,-679315
1784869563517003267,-687107
1784869563522607566,-691848
1784869563536465863,-696050
1784869563536749959,-696058
1784869563544788738,-699061
1784869563545108942,-699077
1784869563556743800,-701434
1784869563557058774,-701441
1784869563613934979,-701861
1784869563635166902,-701869
1784869563647461863,-701877
1784869563653137091,-701884
1784869563669525955,-701893
1784869563773585251,-701900
1784869563817357742,-701602
1784869563907544214,-701611
1784869564037724382,-701619
1784869564407928368,-701755
1784869564579157770,-701771
1784869564886627812,-701896
1784869565051915630,-701904
1784869565408834770,-701912
1784869565887004729,-701920
1784869567362620583,-701928
1784869567421976062,-701936
1784869567443341244,-701944
1784869567470599884,-701952
1784869567537166841,-701960
1784869567759934379,-701968
1784869567785490332,-701976
1784869567842714095,-701984
1784869567897415980,-701992
1784869567943461756,-702000
1784869568088892984,-702006
1784869568423338409,-702006
1784869569044241718,-702007
1784869569049973176,-702001
1784869569050222354,-702025
1784869569055057759,-702151
1784869569055206919,-702154
1784869569060395594,-702177
1784869569062777782,-702199
1784869569067744996,-702233
1784869569077027623,-702233
1784869569085804919,-702233
1784869569092748854,-702233
1784869569109010393,-702233
1784869569190782922,-702233
1784869569245947170,-702233
1784869569331690390,-701869
1784869569482727075,-747530
1784869569626651729,-747538
1784869569653485397,-747545
1784869569670622758,-747554
1784869569693031756,-747561
1784869569755336138,-749516
1784869569885901646,-754350
1784869569919276342,-759553
1784869570528802254,-759570
1784869570751303932,-785887
1784869570773687059,-785894
1784869570785669175,-785901
1784869570829274070,-785910
1784869570901155839,-785918
1784869571479815838,-785927
1784869571828523586,-785934
1784869571862457958,-785942
1784869572644824299,-785951
1784869573871428176,-785959
1784869574387804634,-785966
1784869574541507228,-785975
1784869574768287704,-785982
1784869574995465573,-785990
1784869575271905502,-785998
1784869575278402097,-786006
1784869575290169666,-786014
1784869575350510688,-786023
1784869575734831684,-786031
1784869576651896932,-786038
1784869576667940407,-786047
1784869576699065129,-786054
1784869576721375482,-787505
1784869576765034459,-787522
1784869576799280430,-798934
1784869576936667427,-802239
1784869576936910164,-804092
1784869576937109625,-809083
1784869576938152932,-809092
1784869576938463761,-809099
1784869576971161142,-809108
1784869576992777197,-809116
1784869577044349634,-809124
1784869577529399743,-809133
1784869577575302310,-809140
1784869577627482607,-809148
1784869577671771351,-809155
1784869577697559662,-809164
1784869577744182344,-809173
1784869577847947292,-809181
1784869577917358013,-809189
1784869577979958982,-809196
1784869578041139351,-809204
1784869578130609939,-809213
1784869578291232873,-809220
1784869578688625316,-809228
1784869579015247536,-809236
1784869579310276253,-809244
1784869579541571746,-809252
1784869579575800198,-809261
1784869579611945246,-809268
1784869579644732414,-809277
1784869579673627100,-809282
1784869579682116786,-809292
1784869579693516602,-809253
1784869579752756026,-809269
1784869579794327671,-809258
1784869579880107542,-809266
1784869579899545673,-809295
1784869580032023338,-809297
1784869580051913871,-809299
1784869580061109994,-809299
1784869580069010787,-809299
1784869580086152680,-809299
1784869580217567162,-809299
1784869580239005650,-809299
1784869580260445913,-809299
1784869580373496589,-809299
1784869580689948842,-809299
1784869580699479243,-809299
1784869580708077228,-809299
1784869580746312810,-809299
1784869580808835085,-809299
1784869580814599620,-809299
1784869580829189772,-809299
1784869580921874032,-809299
1784869581007373113,-809299
1784869581084034008,-809299
1784869581664732271,-809299
1784869581983691466,-809313
1784869582131814016,-809328
1784869582223089149,-809345
1784869582285700968,-809360
1784869582314239451,-809364
1784869582362188351,-809364
1784869582385710636,-809364
1784869582514626426,-809364
1784869582616584386,-809364
1784869582747900016,-809364
1784869583114727956,-809364
1784869583415126935,-809364
1784869583440746843,-809364
1784869583561293353,-809760
1784869583729546687,-809795
1784869583986918380,-809825
1784869584374385298,-809859
1784869584557941230,-809878
1784869584629285391,-809878
1784869584694102340,-809878
1784869584694541390,-809878
1784869584707252156,-809878
1784869584911038191,-809879
1784869585086605689,-809879
1784869585707303006,-814076
1784869585861272239,-813717
1784869586199760347,-814129
1784869586313529725,-814092
1784869586581609458,-814100
1784869587040870388,-814108
1784869587559425346,-814127
1784869588860563869,-814123
1784869588936808364,-814128
1784869588976781090,-814128
1784869589275293599,-814128
1784869589293123245,-814128
1784869589308344282,-814128
1784869589366768795,-814128
1784869589457235287,-814128
1784869589841109328,-814128
1784869590789705367,-814128
1784869590937866157,-814128
1784869591128227112,-814128
1784869591771135495,-814123
1784869591776480407,-823070
1784869591779526582,-828261
1784869591923369936,-829062
1784869592041612662,-827471
1784869592154975262,-826102
1784869592198002539,-827109
1784869592296234896,-827907
1784869592342538997,-827929
1784869592578481322,-827831
1784869592760683520,-827748
1784869592819489862,-827063
1784869592987924992,-827434
1784869593281760081,-829130
1784869594007726457,-828248
1784869594156722419,-827568
1784869594803251897,-827191
1784869595803409049,-827199
1784869595938366135,-827206
1784869596933728178,-827214
1784869597137664731,-827223
1784869597938707305,-827355
1784869598112142283,-827237
1784869598122528351,-827245
1784869598134492391,-827249
1784869598166457569,-827249
1784869598693143109,-827249
1784869599510213766,-827249
1784869600527286656,-827249
1784869601688526267,-827249
1784869602315474208,-827249
1784869603957148504,-827241
1784869605661329825,-827249
1784869607983526831,-827249
1784869608490515498,-827249
1784869608508481544,-827249
1784869608516371183,-827249
1784869608568051854,-827249
1784869608896929970,-827249
1784869609100858555,-827249
1784869609752742447,-827249
1784869611383238446,-827249
1784869613033621876,-827229
1784869613888580269,-827236
1784869614540259438,-827244
1784869614994931129,-827249
1784869615025546478,-827249
1784869615132181583,-827249
1784869615160764991,-827249
1784869615492141202,-827249
1784869615826361723,-827250
1784869615845744512,-827252
1784869615859947150,-827252
1784869615866810618,-827252
1784869616210733334,-827252
1784869617758744307,-827252
1784869618263092561,-827252
1784869618479794549,-827252
1784869618909851624,-827252
1784869619233189804,-827252
1784869619968333626,-827252
1784869620514217232,-827247
1784869620612283270,-827247
1784869620625707035,-827247
1784869620659887499,-827253
1784869620682993294,-827257
1784869620730722490,-827259
1784869620785002798,-827259
1784869620848760016,-827259
1784869620863633913,-827259
1784869620897411486,-827259
1784869620924699953,-827259
1784869620937114277,-827259
1784869620949076390,-827259
1784869620971414355,-827259
1784869621004355224,-827259
1784869621125882203,-827259
1784869621369084141,-827258
1784869621630849930,-827260
1784869621945533333,-827260
1784869622013830423,-827260
1784869622100925203,-829235
1784869622105336992,-829541
1784869622105803633,-829549
1784869622214442779,-829677
1784869622385876391,-829556
1784869622893794259,-829564
1784869623076010084,-829572
1784869624286651802,-829580
1784869624688794228,-829585
1784869624688929380,-829585
1784869624982155581,-829585
1784869625041462249,-829585
1784869625041721381,-829585
1784869625041994214,-829585
1784869625043242272,-829585
1784869625088666761,-829585
1784869625155845794,-829585
1784869625382182446,-829585
1784869625382675300,-829586
1784869625384348620,-829586
1784869625482414071,-829589
1784869625593292021,-829589
1784869625721925704,-829589
1784869626213683092,-829589
1784869626750765852,-829590
1784869626967681933,-829590
1784869627231659498,-829590
1784869627408712692,-829590
1784869628546278136,-829590
1784869629002529181,-829590
1784869629138481177,-829590
1784869629670954558,-829590
1784869630378556837,-829590
1784869630903664834,-829590
1784869632859206390,-829590
1784869633169855127,-829590
1784869633181453982,-829590
1784869633195236100,-829590
1784869633469010636,-829590
1784869633624911212,-829590
1784869633941244019,-829590
1784869634614453282,-829590
1784869635005823993,-829590
1784869636555192181,-829590
1784869637042476118,-829590
1784869637384215539,-829590
1784869637417409641,-829590
1784869637444091764,-829590
1784869637493411610,-829590
1784869637568636772,-829590
1784869637748008848,-829590
1784869637802406099,-829590
1784869637892970264,-829590
1784869638027762975,-829590
1784869638126483052,-829590
1784869638284214499,-829590
1784869638402905849,-829590
1784869638417116191,-829590
1784869638433744525,-829590
1784869638443616149,-829590
1784869638465592626,-829590
1784869638488352259,-829590
1784869638525585728,-829590
1784869638584465746,-829590
1784869638753524298,-829591
1784869638907466164,-829591
1784869638950001609,-829591
1784869638956590629,-829591
1784869638967223869,-829591
1784869638989228850,-829591
1784869639049703049,-829591
1784869639162571487,-829591
1784869639357027302,-829591
1784869639704516834,-829591
1784869639946641218,-829591
1784869639955718548,-829591
1784869640079581456,-829591
1784869640139518533,-829591
1784869640250683011,-829591
1784869640882784543,-829591
1784869641852629986,-829591
1784869642763767363,-829591
1784869642770176498,-844274
1784869642774214014,-829743
1784869642778541452,-837677
1784869642786552389,-837457
1784869642791104697,-829864
1784869642798977178,-836894
1784869642910482135,-843529
1784869643080077182,-843544
1784869643138567941,-843561
1784869643144368843,-843505
1784869643223826692,-843514
1784869643248938876,-843049
1784869643260461347,-835516
1784869643269428491,-835323
1784869643291891980,-835244
1784869643410855504,-835253
1784869643837245865,-835261
1784869644101766813,-835268
1784869644400269045,-835276
1784869644686546386,-835284
1784869644960633353,-835292
1784869646512279202,-835300
1784869647167389810,-835308
1784869647225169634,-835315
1784869647252475925,-835322
1784869647328006943,-835331
1784869647370964039,-835340
1784869647440196190,-835340
1784869647474689858,-835340
1784869647517503781,-835340
1784869647571240733,-835340
1784869647646319681,-835340
1784869647811601820,-835340
1784869647837403407,-835413
1784869647837761871,-835959
1784869647841886647,-835959
1784869647850253605,-835959
1784869648013980814,-835959
1784869648047504045,-835959
1784869648203335872,-835975
1784869648331363146,-835971
1784869648735021568,-835977
1784869649238679222,-835977
1784869649299715958,-835977
1784869649459298174,-835977
1784869649502081175,-835977
1784869649672743238,-835977
1784869649809706113,-835977
1784869650000019366,-835977
1784869650125487026,-835977
1784869650258843310,-835977
1784869650287948821,-835977
1784869650466672302,-835977
1784869650818652367,-835977
1784869651284774469,-835978
1784869651316271099,-835978
1784869651333926392,-835978
1784869651480670017,-835978
1784869651847798013,-835978
1784869652815888305,-835979
1784869652976080864,-835981
1784869653138977791,-835981
1784869653331894026,-835981
1784869653465967038,-835984
1784869653651370616,-835984
1784869653885517509,-835984
1784869654060509683,-835985
1784869654071354427,-835987
1784869654086366999,-835989
1784869654093177571,-835994
1784869654122308127,-835994
1784869654149346192,-835994
1784869654228386561,-835994
1784869654320491230,-835994
1784869654379336712,-835994
1784869654391114051,-835994
1784869654405206554,-843231
1784869654426005413,-851976
1784869654426271986,-855474
1784869654436414129,-855495
1784869654436522004,-855514
1784869654444685531,-855549
1784869654456952810,-855572
1784869654457134582,-860072
1784869654462353656,-876857
1784869654462506271,-888963
1784869654467333443,-905018
1784869654467479179,-905034
1784869654468614098,-905051
1784869654491057660,-905064
1784869654498615849,-905080
1784869654510713336,-905101
1784869654515013233,-914891
1784869654536642904,-914908
1784869654558612339,-935506
1784869654597293037,-936977
1784869654641476056,-936994
1784869654723499092,-937010
1784869654754881942,-944140
1784869654876278624,-944148
1784869654901239378,-944403
1784869655662351053,-945628
1784869655994545606,-945637
1784869656094574629,-945645
1784869656283837407,-945653
1784869656579394859,-945661
1784869656754830315,-945668
1784869656933556012,-945675
1784869656933811076,-945684
1784869657231801915,-945693
1784869657438882726,-945701
1784869657454096753,-945708
1784869657465415245,-945717
1784869657479257536,-945724
1784869657545896738,-945731
1784869657569956737,-945739
1784869657846812398,-945749
1784869657933361186,-945757
1784869658137087099,-945764
1784869658534986396,-945772
1784869659072864002,-945781
1784869659158102138,-945789
1784869660289963206,-945797
1784869661192749137,-945805
1784869661237504175,-945813
1784869661573586834,-945821
1784869661595784128,-945829
1784869661643574244,-945837
1784869661891017125,-945845
1784869662146723826,-945853
1784869662536350308,-945861
1784869663134337951,-945866
1784869663147587239,-945866
1784869663150455399,-945866
1784869663201496190,-945866
1784869663321088492,-945866
1784869663438829989,-945866
1784869663938663684,-945866
1784869664073657394,-945866
1784869664108722814,-945866
1784869664125022263,-945868
1784869664244894163,-945882
1784869665539712771,-945882
1784869665578668019,-945883
1784869666937910835,-945883
1784869668222232781,-945883
1784869668702219251,-945883
1784869668881884853,-945884
1784869668889003187,-945912
1784869668889188167,-945926
1784869668892085420,-945938
1784869668895694925,-945938
1784869668899229236,-945938
1784869668901286610,-945938
1784869668904325047,-945938
1784869668908597926,-945938
1784869668916629151,-945938
1784869668924218249,-945938
1784869668929162415,-945938
1784869668943207114,-945940
1784869669025319417,-945950
1784869669052472310,-945964
1784869669057046258,-945980
1784869669137309857,-945975
1784869669198809127,-945998
1784869669221447943,-946022
1784869669315606057,-946045
1784869669389471264,-946048
1784869669438869242,-946050
1784869669445690452,-946051
1784869669455674893,-946058
1784869669468753346,-946058
1784869669478698778,-946058
1784869669491174737,-946072
1784869669491501552,-946078
1784869669516910236,-946089
1784869669517398171,-946090
1784869669534356844,-946107
1784869669552630884,-946108
1784869669569688863,-946108
1784869669608962908,-946108
1784869669637112930,-946108
1784869669717070997,-946108
1784869669765614333,-946108
1784869670039344097,-946108
1784869670402246061,-946108
1784869670663177547,-946108
1784869670793745229,-946108
1784869670824918782,-946108
1784869670828760745,-946108
1784869670853791237,-946108
1784869670894267119,-946103
1784869671149659280,-946078
1784869671158688941,-946078
1784869671164746345,-946162
1784869671243864844,-946171
1784869671254146708,-946179
1784869671260234753,-946181
1784869671318176999,-946181
1784869671375862211,-946181
1784869671477229716,-946181
1784869671500367327,-946181
1784869671528996747,-946181
1784869671572315010,-946181
1784869671679244233,-946181
1784869671744550488,-946437
1784869671821490373,-946939
1784869671836732690,-946946
1784869671871876734,-946961
1784869671913445953,-946975
1784869671924729710,-946978
1784869671949606201,-947691
1784869671959629581,-947705
1784869671975289321,-948439
1784869671975456897,-948445
1784869671995603445,-948449
1784869672047436090,-948449
1784869672101569670,-948449
1784869672121365217,-948449
1784869672263093705,-948463
1784869672783080151,-948476
1784869672878981859,-948473
1784869672954526378,-948473
1784869673138960561,-948473
1784869673497167944,-948473
1784869673507152930,-948473
1784869673865628462,-948473
1784869674026365008,-948473
1784869674134661483,-948473
1784869674236658552,-948473
1784869674374712474,-948473
1784869674452693540,-948473
1784869674523389402,-948473
1784869674549309910,-948473
1784869674563571704,-948473
1784869674596463712,-948473
1784869674798452134,-948473
1784869674996947108,-948473
1784869676222733357,-948444
1784869676547936204,-948447
1784869676940179298,-948474
1784869676940589209,-948462
1784869676941006272,-948474
1784869676941556754,-948477
1784869676941956957,-948477
1784869676942596204,-948477
1784869676942794217,-948477
1784869676961619804,-948477
1784869677023677587,-948477
1784869677086829725,-948477
1784869677220988273,-948477
1784869677389714010,-948477
1784869677583811464,-948477
1784869678115513167,-948477
1784869678514421850,-948477
1784869678536607908,-948477
1784869680024468150,-948479
1784869682779529208,-948480
1784869685868179344,-948480
1784869685888752497,-948480
1784869685923384244,-948480
1784869686144457663,-948480
1784869686685005770,-948480
1784869686716712148,-948480
1784869686739778178,-948480
1784869686740261568,-948480
1784869686746777279,-948485
1784869686766468794,-948494
1784869686775377816,-948498
1784869686790762887,-948498
1784869686805873396,-948498
1784869686939175750,-948498
1784869686966214445,-948498
1784869686966636306,-948498
1784869686966963819,-948498
1784869686967268774,-948498
1784869686968061370,-948498
1784869686979252922,-948498
1784869687061718268,-948498
1784869687178116742,-948498
1784869687231723538,-948498
1784869687495258329,-948486
1784869687508766237,-949917
1784869687523821561,-950406
1784869687537027745,-950068
1784869687545799765,-950076
1784869687556038520,-949987
1784869687685791643,-950003
1784869688060023580,-950019
1784869688157279306,-949085
1784869688182438281,-949091
1784869688301083134,-949101
1784869688385754379,-949108
1784869688402498806,-949759
1784869688587391611,-949178
1784869688603390769,-949843
1784869688762876220,-951536
1784869688882907188,-951480
1784869688892127061,-950373
1784869688980351827,-950380
1784869689193418126,-950380
1784869689302116849,-950381
1784869689423870377,-950381
1784869689574434612,-950381
1784869690859390964,-950381
1784869691035778380,-950381
1784869691882691540,-950381
1784869692693531998,-950381
1784869693591788766,-950381
1784869694104626432,-950381
1784869694386759632,-950381
1784869694400370352,-950381
1784869694417604920,-950381
1784869694434507315,-950381
1784869694460184076,-950381
1784869694489169365,-950381
1784869694511264865,-950381
1784869694546969889,-950381
1784869694621678909,-950381
1784869694665691770,-950381
1784869694705076027,-950381
1784869694712879957,-950381
1784869694742146464,-950381
1784869694773459026,-950381
1784869694842859031,-950381
1784869694982480406,-950381
1784869695790988416,-950381
1784869697158991587,-950378
1784869698723044991,-950378
1784869698773679353,-950378
1784869698838927977,-950378
1784869698883816466,-950378
1784869699416735031,-950378
1784869700344846099,-950378
1784869701425147195,-950378
1784869703091865100,-950380
1784869703832723629,-950380
1784869703901172776,-950380
1784869704502180769,-950380
1784869705020004797,-950380
1784869705942014641,-950380
1784869708685951225,-950380
1784869708703711709,-950380
1784869708710670422,-950380
1784869708738864309,-950380
1784869708800275996,-950380
1784869708856010003,-950380
1784869709106935252,-950380
1784869709145061898,-950380
1784869709229604504,-950380
1784869709599674478,-950380
1784869709770712218,-950380
1784869710086275846,-950380
1784869710331762136,-950380
1784869710763238811,-950380
1784869711034121713,-950380
1784869711141471066,-950379
1784869711893353618,-950378
1784869712584283619,-950378
1784869712873718407,-950360
1784869712878543727,-966837
1784869712881457733,-968712
1784869712886257324,-975798
1784869712887592207,-974630
1784869712891641438,-975854
1784869712897684716,-975854
1784869712901006846,-976202
1784869712906925923,-976202
1784869712992395854,-976202
1784869713066300612,-976165
1784869713195868366,-974655
1784869713383865993,-974664
1784869713733245733,-976009
1784869713832682454,-976904
1784869713999390736,-976904
1784869714094535297,-977054
1784869714662939072,-977054
1784869714881094287,-986896
1784869714895147917,-987608
1784869716932591866,-990008
1784869716932831830,-991119
1784869716933070297,-991282
1784869716933269811,-991312
1784869716933536019,-991347
1784869716969498628,-991379
1784869717042428743,-991413
1784869717091712560,-993027
1784869717232774707,-998133
1784869717358154914,-998982
1784869717374113286,-999010
1784869717414107425,-999047
1784869717414464574,-1.00113e+06
1784869717425334470,-1.00174e+06
1784869717455033233,-1.00178e+06
1784869717477441536,-1.00182e+06
1784869717502178814,-1.00186e+06
1784869717532904715,-1.0019e+06
1784869717695214080,-1.00194e+06
1784869717835536323,-1.00198e+06
1784869718028085853,-1.00196e+06
1784869718493147319,-1.002e+06
1784869718894295507,-1.00204e+06
1784869719513096871,-1.00208e+06
1784869721200116130,-1.00213e+06
1784869721882934170,-1.00219e+06
1784869723030291958,-1.00224e+06
1784869723251655496,-1.00227e+06
1784869723285115270,-1.00229e+06
1784869723323433165,-1.00233e+06
1784869723371109762,-1.00232e+06
1784869723423169745,-1.00232e+06
1784869723480336567,-1.00232e+06
1784869723538830882,-1.00232e+06
1784869723544049571,-1.00232e+06
1784869723575710154,-1.00232e+06
1784869723595593963,-1.00232e+06
1784869723656159253,-1.00232e+06
1784869723656326994,-1.00232e+06
1784869723662540384,-1.00232e+06
1784869723693488656,-1.00232e+06
1784869723705369596,-1.00232e+06
1784869723705552736,-1.00232e+06
1784869723711015931,-1.00232e+06
1784869723719792617,-1.00232e+06
1784869723734756749,-1.00232e+06
1784869723752788353,-1.00232e+06
1784869723839247820,-1.00232e+06
1784869724112017469,-1.00232e+06
1784869725118925571,-1.00232e+06
1784869726113208688,-1.00232e+06
1784869726440013465,-1.00233e+06
1784869726932555914,-1.00233e+06
1784869726932925839,-1.00233e+06
1784869726981628613,-1.00233e+06
1784869727343080351,-1.00233e+06
1784869727361026027,-1.00233e+06
1784869728044161207,-1.00233e+06
1784869729157977345,-1.00234e+06
1784869729520135479,-1.00234e+06
1784869729744579990,-1.00236e+06
1784869730134971905,-1.0024e+06
1784869730224156945,-1.00242e+06
1784869730370783016,-1.00242e+06
1784869730695835397,-1.00242e+06
1784869730743121545,-1.00242e+06
1784869730882594583,-1.00242e+06
1784869731038816922,-1.00242e+06
1784869731314473666,-1.00242e+06
1784869731434944930,-1.00242e+06
1784869731580525459,-1.00242e+06
1784869731682975866,-1.00242e+06
1784869732063119610,-1.00242e+06
1784869732381674372,-1.00242e+06
1784869732395454107,-1.00242e+06
1784869732456612277,-1.00242e+06
1784869732485510055,-1.00242e+06
1784869732503676996,-1.00242e+06
1784869732536585556,-1.00242e+06
1784869732550779065,-1.00242e+06
1784869732611092053,-1.00242e+06
1784869732649224818,-1.00242e+06
1784869732749833158,-1.00242e+06
1784869732842764509,-1.00242e+06
1784869733425409747,-1.00242e+06
1784869733698507549,-1.00242e+06
1784869734005125401,-1.00242e+06
1784869734178310854,-1.00242e+06
1784869734356464341,-1.00242e+06
1784869734637533330,-1.00242e+06
1784869734793123222,-1.00242e+06
1784869735257319174,-1.00242e+06
1784869735660911438,-1.00242e+06
1784869736203554563,-1.00242e+06
1784869736663833499,-1.00242e+06
1784869738572453317,-1.00242e+06
1784869739107760362,-1.00242e+06
1784869741299270174,-1.00242e+06
1784869743799939865,-1.00242e+06
1784869744015646630,-1.00243e+06
1784869744030683821,-1.00243e+06
1784869744120001559,-1.00243e+06
1784869744226194912,-1.00243e+06
1784869744394727604,-1.00243e+06
1784869744636336748,-1.00243e+06
1784869745110136040,-1.00243e+06
1784869745248177189,-1.00243e+06
1784869745497234608,-1.00243e+06
1784869745955043843,-1.00243e+06
1784869746082335085,-1.00243e+06
1784869746169723195,-1.00243e+06
1784869746421051454,-1.00243e+06
1784869746936751921,-1.00243e+06
1784869746936885579,-1.00243e+06
1784869747214937869,-1.00243e+06
1784869748721573264,-1.00243e+06
1784869749096490559,-1.00243e+06
1784869750427076520,-1.00243e+06
1784869751482239261,-1.00243e+06
1784869753351755175,-1.00243e+06
1784869754056212523,-1.00243e+06
1784869754095465197,-1.00243e+06
1784869754104509663,-1.00244e+06
1784869754121524186,-1.00244e+06
1784869754136250328,-1.00244e+06
1784869754162818772,-1.00244e+06
1784869754172411315,-1.00244e+06
1784869754199390771,-1.00244e+06
1784869754246565886,-1.00244e+06
1784869754582447481,-1.00244e+06
1784869754683231451,-1.00244e+06
1784869755141330338,-1.00244e+06
1784869755599533445,-1.00244e+06
1784869755768568510,-1.00244e+06
1784869756103507820,-1.00243e+06
1784869756113391899,-1.00286e+06
1784869756125414862,-1.00867e+06
1784869756132322815,-1.00829e+06
1784869756139767035,-1.00305e+06
1784869756152869017,-1.01705e+06
1784869756250929277,-1.01664e+06
1784869756394283762,-1.01624e+06
1784869756494915508,-1.01625e+06
1784869756777490476,-1.01627e+06
1784869756934004820,-1.01628e+06
1784869756946975415,-1.0144e+06
1784869757021535337,-1.01432e+06
1784869757162640275,-1.01414e+06
1784869757392411105,-1.00456e+06
1784869757401957206,-1.01402e+06
1784869757426745793,-1.01513e+06
1784869757432107642,-1.01515e+06
1784869757462321688,-1.01421e+06
1784869757469872948,-1.01368e+06
1784869757475970469,-1.01284e+06
1784869757482919293,-1.01341e+06
1784869757490826917,-1.01278e+06
1784869757505928622,-1.01243e+06
1784869757550443247,-1.01254e+06
1784869757605498353,-1.01161e+06
1784869757704861114,-1.01162e+06
1784869757788556361,-1.01162e+06
1784869758127796406,-1.01162e+06
1784869758294346213,-1.01162e+06
1784869758504047319,-1.01162e+06
1784869759037184588,-1.01162e+06
1784869759272579304,-1.01162e+06
1784869759622361177,-1.01162e+06
1784869760043039643,-1.01162e+06
1784869760504198821,-1.01162e+06
1784869760556774612,-1.01162e+06
1784869761804382239,-1.01162e+06
1784869761867900275,-1.01162e+06
1784869761899230791,-1.01162e+06
1784869762004190243,-1.01162e+06
1784869762203075419,-1.01162e+06
1784869763102164900,-1.01162e+06
1784869763711413791,-1.01162e+06
1784869763796582641,-1.01162e+06
1784869763853472253,-1.01162e+06
1784869764399048495,-1.01162e+06
1784869764886448261,-1.01162e+06
1784869765430294505,-1.01162e+06
1784869765441889066,-1.01162e+06
1784869765911437946,-1.01162e+06
1784869766933781202,-1.01162e+06
1784869767312386498,-1.01162e+06
1784869768796501341,-1.01162e+06
1784869768969498271,-1.01162e+06
1784869769515793325,-1.01162e+06
1784869770954736460,-1.01162e+06
1784869771216234046,-1.01166e+06
1784869772187336946,-1.01167e+06
1784869772804189380,-1.01167e+06
1784869772818302005,-1.01167e+06
1784869772821181552,-1.01167e+06
1784869772828827102,-1.01167e+06
1784869772840292378,-1.01167e+06
1784869772866333259,-1.01167e+06
1784869772906679498,-1.01167e+06
1784869772974737340,-1.01167e+06
1784869773398340950,-1.01167e+06
1784869773836134783,-1.01167e+06
1784869774155893469,-1.01167e+06
1784869774890886955,-1.01165e+06
1784869775611836256,-1.01167e+06
1784869775636028969,-1.01167e+06
1784869775794308158,-1.01167e+06
1784869775827992206,-1.01167e+06
1784869775868215670,-1.01167e+06
1784869775896836819,-1.01167e+06
1784869775946387117,-1.01167e+06
1784869775976844590,-1.01167e+06
1784869776115448333,-1.01167e+06
1784869776377343679,-1.01167e+06
1784869776676351804,-1.01167e+06
1784869776689929413,-1.01167e+06
1784869776725679004,-1.01167e+06
1784869777007424663,-1.01167e+06
1784869777177514311,-1.01167e+06
1784869777690679191,-1.01167e+06
1784869779150362047,-1.01167e+06
1784869781124436043,-1.01167e+06
1784869782718366135,-1.01167e+06
1784869783326993615,-1.01167e+06
1784869784697483436,-1.01167e+06
1784869784951737790,-1.01167e+06
1784869784963821757,-1.01167e+06
1784869784983840640,-1.01167e+06
1784869785132324399,-1.01167e+06
1784869785343499608,-1.01167e+06
1784869786038954976,-1.01167e+06
1784869786201006871,-1.01167e+06
1784869787040038881,-1.01168e+06
1784869787767515883,-1.01168e+06
1784869789312920161,-1.01168e+06
1784869790165319627,-1.01168e+06
1784869790716522207,-1.01169e+06
1784869791942699409,-1.01169e+06
1784869791993412562,-1.01169e+06
1784869792012829523,-1.01169e+06
1784869792053875095,-1.01169e+06
1784869792064458395,-1.01169e+06
1784869792217949875,-1.01169e+06
1784869792621466897,-1.01169e+06
1784869793461045183,-1.01169e+06
1784869794047890752,-1.01169e+06
1784869795020106339,-1.01169e+06
1784869795882969554,-1.01169e+06
1784869796664359768,-1.01169e+06
1784869797157738936,-1.01169e+06
1784869797246953985,-1.01169e+06
1784869797881659268,-1.01169e+06
1784869798085652127,-1.01169e+06
1784869798593995895,-1.01169e+06
1784869798620427537,-1.01169e+06
1784869798654668717,-1.01169e+06
1784869798670117754,-1.01169e+06
1784869798835621333,-1.01169e+06
1784869799051144622,-1.01169e+06
1784869799129827601,-1.01169e+06
1784869799924732691,-1.01169e+06
1784869800034239071,-1.01169e+06
1784869800301542245,-1.01169e+06
1784869800512791304,-1.01169e+06
1784869801615275020,-1.01169e+06
1784869801955117904,-1.01169e+06
1784869802035441337,-1.01169e+06
1784869802103846951,-1.01169e+06
1784869802207148053,-1.01169e+06
1784869803107756232,-1.01169e+06
1784869804013211643,-1.01169e+06
1784869804998315852,-1.01169e+06
1784869805444234723,-1.01169e+06
1784869805730942335,-1.01169e+06
1784869805742973118,-1.01169e+06
1784869805802404871,-1.01169e+06
1784869806177992495,-1.01169e+06
1784869807804773026,-1.01169e+06
1784869808078134550,-1.01169e+06
1784869808887480776,-1.01169e+06
1784869809292908834,-1.01169e+06
1784869809520087912,-1.01169e+06
1784869809982508957,-1.01169e+06
1784869810704167312,-1.01169e+06
1784869810890404251,-1.01169e+06
1784869812822232897,-1.01169e+06
1784869814884446420,-1.01169e+06
1784869815885125006,-1.01169e+06
1784869817028448110,-1.01169e+06
1784869817340495340,-1.01169e+06
1784869818033244634,-1.01169e+06
1784869818716919855,-1.01169e+06
1784869820107582419,-1.01169e+06
1784869820138434599,-1.01169e+06
1784869821365225386,-1.01168e+06
1784869822046259339,-1.01168e+06
1784869822394758388,-1.01168e+06
1784869823803960459,-1.01168e+06
1784869823813709787,-1.01168e+06
1784869823850787533,-1.01228e+06
1784869823850956711,-1.01228e+06
1784869823974204428,-1.01228e+06
1784869824002023738,-1.01228e+06
1784869824448840624,-1.01228e+06
1784869825181835603,-1.01229e+06
1784869827256779422,-1.01229e+06
1784869828245303712,-1.0123e+06
1784869828286608742,-1.01231e+06
1784869829451446602,-1.01232e+06
1784869829833252537,-1.01233e+06
1784869831893370949,-1.01233e+06
1784869833576369751,-1.01234e+06
1784869833774884377,-1.01235e+06
1784869834094519513,-1.01236e+06
1784869837615849608,-1.01237e+06
1784869840851692745,-1.01237e+06
1784869844571930296,-1.01238e+06
1784869845300208518,-1.01239e+06
1784869845405975115,-1.0124e+06
1784869845433502936,-1.01241e+06
1784869845616864849,-1.01241e+06
1784869845697340049,-1.01242e+06
1784869845834781740,-1.01243e+06
1784869845871560838,-1.01244e+06
1784869845998605928,-1.01245e+06
1784869846161831856,-1.01245e+06
1784869846595192874,-1.01236e+06
1784869847401406897,-1.01247e+06
1784869847402143638,-1.01248e+06
1784869847426559594,-1.01249e+06
1784869847546605329,-1.01249e+06
1784869847634898275,-1.0125e+06
1784869847870268070,-1.0125e+06
1784869848450923089,-1.0125e+06
1784869849304761207,-1.0125e+06
1784869850699200404,-1.0125e+06
1784869850731867716,-1.0125e+06
1784869850754988366,-1.0125e+06
1784869850891904690,-1.0125e+06
1784869851188778877,-1.0125e+06
1784869852302306193,-1.0125e+06
1784869853331950959,-1.0125e+06
1784869853577421632,-1.0125e+06
1784869853583993972,-1.0125e+06
1784869853603576420,-1.0125e+06
1784869853632545931,-1.0125e+06
1784869853651994776,-1.0125e+06
1784869853753397573,-1.0125e+06
1784869853928377365,-1.0125e+06
1784869854042488466,-1.0125e+06
1784869854064935162,-1.0125e+06
1784869854162686673,-1.0125e+06
1784869854202530972,-1.0125e+06
1784869854256609527,-1.0125e+06
1784869854400993791,-1.0125e+06
1784869854530379571,-1.0125e+06
1784869855468630340,-1.0125e+06
1784869856088332798,-1.0125e+06
1784869856570224689,-1.0125e+06
1784869857082481634,-1.0125e+06
1784869857894999587,-1.0125e+06
1784869857909011558,-1.0125e+06
1784869857984521491,-1.0125e+06
1784869858058986771,-1.01311e+06
1784869858059206853,-1.04132e+06
1784869858060227428,-1.04552e+06
1784869858060466162,-1.04931e+06
1784869858060721368,-1.05055e+06
1784869858067144560,-1.0512e+06
1784869858069342083,-1.05121e+06
1784869858071776748,-1.04776e+06
1784869858074871498,-1.04425e+06
1784869858086771884,-1.04748e+06
1784869858096448686,-1.0446e+06
1784869858098616243,-1.04461e+06
1784869858107191464,-1.04678e+06
1784869858136745581,-1.04892e+06
1784869858153839839,-1.04893e+06
1784869858174309832,-1.04894e+06
1784869858209687491,-1.04895e+06
1784869858244468534,-1.04896e+06
1784869858270962003,-1.04896e+06
1784869858298014426,-1.04897e+06
1784869858386296150,-1.04901e+06
1784869858726438858,-1.04898e+06
1784869858785680716,-1.04898e+06
1784869858797560278,-1.04898e+06
1784869858815888251,-1.04898e+06
1784869858837575570,-1.04898e+06
1784869858853557047,-1.04898e+06
1784869858887287131,-1.04898e+06
1784869858896149488,-1.04898e+06
1784869858923568610,-1.04898e+06
1784869858954650752,-1.04898e+06
1784869859221000019,-1.04898e+06
1784869859297742193,-1.04898e+06
1784869859480280112,-1.04898e+06
1784869859538918348,-1.04898e+06
1784869859607199619,-1.04898e+06
1784869859631699593,-1.04898e+06
1784869859681420520,-1.04898e+06
1784869859790490347,-1.04898e+06
1784869859958430916,-1.04898e+06
1784869860316292215,-1.04898e+06
1784869860569666252,-1.04898e+06
1784869860790134508,-1.04898e+06
1784869861552296218,-1.04898e+06
1784869861652582392,-1.04898e+06
1784869861746661255,-1.04898e+06
1784869861990107201,-1.04898e+06
1784869862610790839,-1.04898e+06
1784869862662280626,-1.04898e+06
1784869862890415581,-1.04898e+06
1784869864846420336,-1.04898e+06
1784869865035771482,-1.04898e+06
1784869865576442744,-1.04898e+06
1784869865663445030,-1.04898e+06
1784869865865693362,-1.04898e+06
1784869865908258677,-1.04898e+06
1784869866045710200,-1.04898e+06
1784869866764392252,-1.04898e+06
1784869866988355524,-1.04898e+06
1784869867011890047,-1.05331e+06
1784869867017216248,-1.05742e+06
1784869867017549505,-1.05887e+06
1784869867149024219,-1.05888e+06
1784869867213313930,-1.05558e+06
1784869867459420096,-1.05559e+06
1784869867882864967,-1.0556e+06
1784869868998760672,-1.05569e+06
1784869870135562487,-1.05757e+06
1784869870467132113,-1.05758e+06
1784869870997165118,-1.0576e+06
1784869871118190089,-1.05762e+06
1784869871337928263,-1.05763e+06
1784869871628286997,-1.05765e+06
1784869871650696787,-1.05765e+06
1784869871740578248,-1.05765e+06
1784869871928721376,-1.05765e+06
1784869872678687346,-1.05767e+06
1784869873165902644,-1.05775e+06
1784869874031611706,-1.05776e+06
1784869874129261126,-1.05777e+06
1784869874158126887,-1.05777e+06
1784869874306072729,-1.05779e+06
1784869874583004952,-1.05782e+06
1784869875925200359,-1.05782e+06
1784869876317389700,-1.05782e+06
1784869876425372404,-1.05782e+06
1784869876630255944,-1.05782e+06
1784869876927711852,-1.05782e+06
1784869877361519187,-1.05782e+06
1784869879149152238,-1.05782e+06
1784869879172340018,-1.05782e+06
1784869879337909142,-1.05782e+06
1784869879995349968,-1.05782e+06
1784869881831271719,-1.05782e+06
1784869882797183689,-1.05782e+06
1784869885118252339,-1.05782e+06
1784869886284260000,-1.05782e+06
1784869887183291183,-1.05782e+06
1784869887504314753,-1.05782e+06
1784869887524551164,-1.05782e+06
1784869887530653594,-1.05782e+06
1784869887606647337,-1.05782e+06
1784869887768611234,-1.05782e+06
1784869888036640078,-1.05782e+06
1784869888747881024,-1.05782e+06
1784869890640271428,-1.05782e+06
1784869891094871684,-1.05782e+06
1784869892027831505,-1.05782e+06
1784869893331900542,-1.05782e+06
1784869893745863129,-1.05782e+06
1784869895022725490,-1.05782e+06
1784869895881989360,-1.05782e+06
1784869896392661548,-1.05782e+06
1784869898972555186,-1.05782e+06
1784869901509271641,-1.05782e+06
1784869903416930469,-1.05782e+06
1784869903996021685,-1.05782e+06
1784869905442496532,-1.05782e+06
1784869908033277178,-1.05782e+06
1784869908760509655,-1.05782e+06
1784869908843505051,-1.05782e+06
1784869909734225360,-1.05782e+06
1784869909770574033,-1.05782e+06
1784869909780311325,-1.05783e+06
1784869909792004513,-1.05783e+06
1784869909837357382,-1.05783e+06
1784869909856393013,-1.05783e+06
1784869909907323302,-1.05783e+06
1784869909985072318,-1.05783e+06
1784869910140116767,-1.05785e+06
1784869910262549996,-1.05785e+06
1784869910790373097,-1.05785e+06
1784869912249462538,-1.05786e+06
1784869912993516862,-1.05786e+06
1784869913471774385,-1.0579e+06
1784869913495499716,-1.05792e+06
1784869913495824750,-1.05794e+06
1784869913500467782,-1.05797e+06
1784869913519968676,-1.05797e+06
1784869913584632281,-1.05797e+06
1784869913653282859,-1.05797e+06
1784869913724225709,-1.05797e+06
1784869913815116265,-1.05797e+06
1784869914405125915,-1.05797e+06
1784869915835460477,-1.05797e+06
1784869917379723665,-1.05797e+06
1784869917549479979,-1.05798e+06
1784869917578450663,-1.05798e+06
1784869917631591316,-1.05798e+06
1784869917649263571,-1.05798e+06
1784869917676400620,-1.05798e+06
1784869917704297728,-1.05798e+06
1784869917806417192,-1.05799e+06
1784869917837890355,-1.05799e+06
1784869918230236755,-1.058e+06
1784869918236508450,-1.05799e+06
1784869918252553629,-1.05799e+06
1784869918342728390,-1.05799e+06
1784869918356016741,-1.05799e+06
1784869919009883899,-1.05799e+06
1784869919255135438,-1.05799e+06
1784869919728116643,-1.05799e+06
1784869919792393670,-1.05799e+06
1784869919799737664,-1.05799e+06
1784869919809931501,-1.05799e+06
1784869919833839942,-1.05799e+06
1784869919868218295,-1.05799e+06
1784869919911393623,-1.05799e+06
1784869919920773923,-1.05799e+06
1784869919933070471,-1.05799e+06
1784869919947363904,-1.05799e+06
1784869919955245983,-1.05799e+06
1784869919971686797,-1.05799e+06
1784869919989085606,-1.05799e+06
1784869920137334747,-1.05799e+06
1784869920355756319,-1.05799e+06
1784869920959275622,-1.05799e+06
1784869921161189182,-1.05799e+06
1784869921692981721,-1.05799e+06
1784869921698900010,-1.05799e+06
1784869921710661923,-1.05799e+06
1784869921727991973,-1.058e+06
1784869921840037591,-1.058e+06
1784869922035382790,-1.058e+06
1784869922324409515,-1.058e+06
1784869924072876036,-1.058e+06
1784869925214323058,-1.058e+06
1784869926116323464,-1.058e+06
1784869926574714320,-1.058e+06
1784869927031990093,-1.058e+06
1784869929128344567,-1.058e+06
1784869929779667901,-1.058e+06
1784869930305171154,-1.058e+06
1784869930946105843,-1.058e+06
1784869932172204363,-1.058e+06
1784869932355331499,-1.058e+06
1784869933578242528,-1.058e+06
1784869933578697707,-1.058e+06
1784869933586641300,-1.05801e+06
1784869933592095826,-1.05801e+06
1784869933612551502,-1.05802e+06
1784869933642543282,-1.05802e+06
1784869933709830277,-1.05802e+06
1784869933760936517,-1.05802e+06
1784869933943505437,-1.05802e+06
1784869933988319800,-1.05802e+06
1784869934348092458,-1.05802e+06
1784869934585872312,-1.05802e+06
1784869935268916505,-1.05802e+06
1784869936011554498,-1.05802e+06
1784869936187229254,-1.05802e+06
1784869936511444421,-1.05801e+06
1784869937622002532,-1.05801e+06
1784869937627085044,-1.06101e+06
1784869937627411014,-1.06354e+06
1784869937633745939,-1.06144e+06
1784869937640323045,-1.06145e+06
1784869937641917861,-1.06146e+06
1784869937650658514,-1.06259e+06
1784869937672349346,-1.06166e+06
1784869937723076340,-1.06592e+06
1784869937792715573,-1.06592e+06
1784869937934733095,-1.06593e+06
1784869938140511331,-1.06594e+06
1784869938357652580,-1.06595e+06
1784869938664601207,-1.06595e+06
1784869938925487949,-1.06613e+06
1784869939402901714,-1.06597e+06
1784869940257030263,-1.06598e+06
1784869941493751317,-1.06599e+06
1784869942336144427,-1.06599e+06
1784869943030485958,-1.066e+06
1784869943170486106,-1.06601e+06
1784869943831232522,-1.06602e+06
1784869944191711806,-1.06602e+06
1784869945878117890,-1.06602e+06
1784869946409968918,-1.06603e+06
1784869946994426468,-1.06603e+06
1784869947434929238,-1.06603e+06
1784869947923174892,-1.06603e+06
1784869948085657333,-1.06603e+06
1784869948454783671,-1.06603e+06
1784869948505274547,-1.06603e+06
1784869948535631112,-1.06603e+06
1784869948573677774,-1.06603e+06
1784869948761262872,-1.06603e+06
1784869949328082250,-1.06603e+06
1784869950021388576,-1.06603e+06
1784869950251122845,-1.06603e+06
1784869950728129724,-1.06603e+06
1784869951073814876,-1.06603e+06
1784869951989519757,-1.06602e+06
1784869953089918477,-1.06602e+06
1784869953308455801,-1.06603e+06
1784869953332599721,-1.06603e+06
1784869953360761469,-1.06603e+06
1784869953826750750,-1.06603e+06
1784869954086264638,-1.06603e+06
1784869955272890112,-1.06603e+06
1784869957865883631,-1.06603e+06
1784869960491401186,-1.06603e+06
1784869962131457750,-1.06603e+06
1784869962485257424,-1.06603e+06
1784869963131063662,-1.06603e+06
1784869966121877918,-1.06603e+06
1784869967429099474,-1.06603e+06
1784869968837129844,-1.06603e+06
1784869969131421833,-1.06603e+06
1784869969152189221,-1.06603e+06
1784869969167853047,-1.06603e+06
1784869969197306264,-1.06603e+06
1784869969377672653,-1.06603e+06
1784869972325349784,-1.06603e+06
1784869973633335411,-1.06603e+06
1784869976240204240,-1.06603e+06
1784869976343976374,-1.06603e+06
1784869977035577863,-1.06603e+06
1784869978128116577,-1.06603e+06
1784869978388057836,-1.07173e+06
1784869978391824438,-1.07211e+06
1784869978406672922,-1.07218e+06
1784869978412230486,-1.06812e+06
1784869978417109657,-1.07154e+06
1784869978423466448,-1.07156e+06
1784869978436966397,-1.07102e+06
1784869978445334431,-1.07115e+06
1784869978454880307,-1.07081e+06
1784869978534216102,-1.07109e+06
1784869978629412506,-1.07107e+06
1784869978778412987,-1.07108e+06
1784869978907473164,-1.0711e+06
1784869979085204762,-1.07111e+06
1784869979199961720,-1.07112e+06
1784869979453407251,-1.07117e+06
1784869979473690951,-1.07123e+06
1784869979579227313,-1.07125e+06
1784869979678994676,-1.07126e+06
1784869979871821107,-1.07126e+06
1784869979977459464,-1.07125e+06
1784869980029543600,-1.07126e+06
1784869980359897823,-1.07126e+06
1784869981207727660,-1.07126e+06
1784869981332067893,-1.07126e+06
1784869981717723870,-1.07126e+06
1784869981762643578,-1.07126e+06
1784869981920626059,-1.07126e+06
1784869982175586805,-1.07126e+06
1784869983222611388,-1.07126e+06
1784869983449855744,-1.07126e+06
1784869983459302792,-1.07126e+06
1784869984893110902,-1.07126e+06
1784869986025579106,-1.07126e+06
1784869986053629935,-1.07126e+06
1784869986080484671,-1.07127e+06
1784869986426523465,-1.07127e+06
1784869986737709453,-1.0715e+06
1784869986773603447,-1.0715e+06
1784869986928250345,-1.07152e+06
1784869987243502424,-1.07152e+06
1784869988008658162,-1.07152e+06
1784869989473567021,-1.07152e+06
1784869990237493483,-1.07152e+06
1784869990681201411,-1.07152e+06
1784869991499418749,-1.07152e+06
1784869991933643506,-1.07152e+06
1784869992960803069,-1.07152e+06
1784869993962517327,-1.07152e+06
1784869994102732463,-1.07152e+06
1784869994125824596,-1.07155e+06
1784869994146298852,-1.07156e+06
1784869994170193708,-1.07157e+06
1784869994211026463,-1.07157e+06
1784869994280690027,-1.07156e+06
1784869994459698631,-1.07157e+06
1784869994544428647,-1.07157e+06
1784869994585085684,-1.07157e+06
1784869994601283540,-1.07157e+06
1784869994782973619,-1.07157e+06
1784869994859913965,-1.07157e+06
1784869995077153805,-1.07157e+06
1784869995680656414,-1.07157e+06
1784869996462131771,-1.07157e+06
1784869997041452941,-1.07157e+06
1784869997340939237,-1.07157e+06
1784869999295214644,-1.07157e+06
1784870000858887405,-1.07157e+06
1784870001134412568,-1.07157e+06
1784870001547252003,-1.07157e+06
1784870001892854921,-1.07157e+06
1784870003554320182,-1.07157e+06
1784870004236420279,-1.07157e+06
1784870005854190106,-1.07157e+06
1784870006185723363,-1.07157e+06
1784870006383333667,-1.07156e+06
1784870006391690241,-1.07258e+06
1784870006391809601,-1.08034e+06
1784870006398358494,-1.08953e+06
1784870006533781355,-1.09259e+06
1784870006537427149,-1.09261e+06
1784870006539154375,-1.08935e+06
1784870006545596568,-1.08938e+06
1784870006549127934,-1.08198e+06
1784870006550975745,-1.08556e+06
1784870006558545282,-1.082e+06
1784870006596454515,-1.08813e+06
1784870006685997113,-1.0822e+06
1784870006772727898,-1.08211e+06
1784870006931454287,-1.08729e+06
1784870006932672782,-1.0822e+06
1784870006942085451,-1.0823e+06
1784870007043688663,-1.08235e+06
1784870007120734595,-1.08605e+06
1784870007261685395,-1.08263e+06
1784870007397634897,-1.08708e+06
1784870007725963176,-1.0831e+06
1784870008125803053,-1.08311e+06
1784870008821087321,-1.08312e+06
1784870009579518345,-1.08313e+06
1784870010966950575,-1.08313e+06
1784870012055254773,-1.08314e+06
1784870013886497044,-1.08315e+06
1784870014489545962,-1.08316e+06
1784870014513779807,-1.08316e+06
1784870014549681447,-1.08316e+06
1784870014623595619,-1.08316e+06
1784870015026399933,-1.08316e+06
1784870015650715482,-1.08316e+06
1784870016075868111,-1.08316e+06
1784870017683608835,-1.08316e+06
1784870019465490481,-1.08316e+06
1784870019980664148,-1.08316e+06
1784870020117721654,-1.08316e+06
1784870020427970440,-1.08316e+06
1784870021121022383,-1.08316e+06
1784870021671070952,-1.08316e+06
1784870021825726870,-1.08316e+06
1784870021869764963,-1.08316e+06
1784870021883595126,-1.08316e+06
1784870021883729789,-1.08316e+06
1784870021909269271,-1.08316e+06
1784870021936603208,-1.08316e+06
1784870022090097345,-1.08316e+06
1784870022918551109,-1.08316e+06
1784870022990415819,-1.08316e+06
1784870023129285012,-1.08316e+06
1784870023255146208,-1.08316e+06
1784870023428816007,-1.08316e+06
1784870023921063716,-1.08316e+06
1784870024181170186,-1.08316e+06
1784870026205374060,-1.08316e+06
1784870026418958819,-1.08316e+06
1784870026765543114,-1.08316e+06
1784870027608849105,-1.08316e+06
1784870028077276827,-1.08316e+06
1784870028746890321,-1.08316e+06
1784870029309376864,-1.08478e+06
1784870029319455911,-1.0871e+06
1784870029330000114,-1.07833e+06
1784870029332878335,-1.07826e+06
1784870029338607133,-1.08435e+06
1784870029344762990,-1.07808e+06
1784870029364939065,-1.08404e+06
1784870029478328336,-1.08917e+06
1784870029638797625,-1.08918e+06
1784870029800148464,-1.08918e+06
1784870029959590060,-1.08912e+06
1784870030123897423,-1.08888e+06
1784870030334100743,-1.0889e+06
1784870030664646790,-1.08892e+06
1784870030961013267,-1.08905e+06
1784870032177354656,-1.08922e+06
1784870032824110456,-1.08922e+06
1784870033833743324,-1.08923e+06
1784870035759553531,-1.0892e+06
1784870035997284858,-1.08907e+06
1784870037572049169,-1.08907e+06
1784870039320711820,-1.08908e+06
1784870040153735288,-1.08909e+06
1784870041472115908,-1.08909e+06
1784870042051764627,-1.08909e+06
1784870042084372346,-1.08909e+06
1784870042094375814,-1.08909e+06
1784870042200015374,-1.08909e+06
1784870042289709990,-1.08909e+06
1784870042600425226,-1.08909e+06
1784870043688088527,-1.08909e+06
1784870043723794593,-1.08909e+06
1784870044162760111,-1.08909e+06
1784870046052822480,-1.08909e+06
1784870047604641679,-1.08909e+06
1784870048832801360,-1.08909e+06
1784870050216079881,-1.08909e+06
1784870051893892113,-1.08909e+06
1784870052146335112,-1.08909e+06
1784870052157140873,-1.08909e+06
1784870052579201078,-1.08909e+06
1784870052786367609,-1.08909e+06
1784870053639628004,-1.08909e+06
1784870054186547487,-1.08909e+06
1784870055889531072,-1.08909e+06
1784870057336258664,-1.08909e+06
1784870058256999203,-1.08909e+06
1784870060796093274,-1.0891e+06
1784870062251860354,-1.0891e+06
1784870062702326590,-1.0891e+06
1784870064113097970,-1.0891e+06
1784870066034436519,-1.0891e+06
1784870067141731223,-1.08911e+06
1784870067187840666,-1.08911e+06
1784870067202529679,-1.08911e+06
1784870067213824774,-1.08911e+06
1784870067229346926,-1.08912e+06
1784870067249377557,-1.08912e+06
1784870067261466999,-1.08913e+06
1784870067273551061,-1.08913e+06
1784870067298267207,-1.08913e+06
1784870067301786549,-1.08913e+06
1784870067313193982,-1.08913e+06
1784870067331467700,-1.08913e+06
1784870067349214270,-1.08913e+06
1784870067359818084,-1.08913e+06
1784870067368924942,-1.08913e+06
1784870067390867263,-1.08913e+06
1784870067412553190,-1.08913e+06
1784870067452233102,-1.08913e+06
1784870067499340236,-1.08913e+06
1784870067612979810,-1.08913e+06
1784870068136861121,-1.08913e+06
1784870069683478348,-1.08913e+06
1784870069894800716,-1.08913e+06
1784870071590495786,-1.08913e+06
1784870071744491564,-1.09068e+06
1784870071745268530,-1.09708e+06
1784870071751384439,-1.09805e+06
1784870071766962565,-1.08714e+06
1784870071779485637,-1.08778e+06
1784870071870675297,-1.10204e+06
1784870072029464432,-1.10193e+06
1784870072070493390,-1.10195e+06
1784870072114598226,-1.10198e+06
1784870072156097116,-1.10189e+06
1784870072240035968,-1.1019e+06
1784870072424237219,-1.10192e+06
1784870072546676317,-1.10248e+06
1784870072895259053,-1.1025e+06
1784870072960034126,-1.10202e+06
1784870073250924191,-1.10253e+06
1784870073633296801,-1.10255e+06
1784870073829295047,-1.10257e+06
1784870073835470613,-1.10234e+06
1784870073883472011,-1.10227e+06
1784870074439945937,-1.10221e+06
1784870074759724681,-1.10211e+06
1784870075994223721,-1.10218e+06
1784870076158814229,-1.10218e+06
1784870076175604955,-1.10219e+06
1784870076196742274,-1.10224e+06
1784870076301208640,-1.10239e+06
1784870076352241293,-1.10241e+06
1784870077355087351,-1.10241e+06
1784870078475632569,-1.10241e+06
1784870079472205774,-1.10242e+06
1784870079633023443,-1.10242e+06
1784870079645975077,-1.10242e+06
1784870079813433982,-1.10242e+06
1784870080078757863,-1.10242e+06
1784870080577739821,-1.10242e+06
1784870082301311887,-1.10242e+06
1784870082406789375,-1.10243e+06
1784870082884338709,-1.10243e+06
1784870083032432854,-1.10243e+06
1784870083071143760,-1.10243e+06
1784870083078630217,-1.10243e+06
1784870083098107152,-1.10243e+06
1784870083400575937,-1.10243e+06
1784870083656911234,-1.10243e+06
1784870083741866562,-1.10243e+06
1784870083881119369,-1.10243e+06
1784870084162874174,-1.10243e+06
1784870084338557179,-1.10243e+06
1784870084882640092,-1.10243e+06
1784870085138954424,-1.10243e+06
1784870085932295680,-1.10243e+06
1784870085943369114,-1.10243e+06
1784870086050548542,-1.10243e+06
1784870086112233566,-1.10243e+06
1784870086206875894,-1.10243e+06
1784870086352806753,-1.10243e+06
1784870086747270603,-1.10243e+06
1784870086784172970,-1.10243e+06
1784870087282280988,-1.10243e+06
1784870087975765430,-1.10243e+06
1784870088495646628,-1.10243e+06
1784870088905764761,-1.10243e+06
1784870089677938002,-1.10243e+06
1784870090321747869,-1.10243e+06
1784870091070823688,-1.10243e+06
1784870091332042871,-1.10243e+06
1784870091506674613,-1.10243e+06
1784870091652272512,-1.10243e+06
1784870093184454161,-1.10243e+06
1784870093978691129,-1.10243e+06
1784870094494567861,-1.10243e+06
1784870094508584773,-1.10243e+06
1784870094643639165,-1.10243e+06
1784870094701784471,-1.10243e+06
1784870094858406109,-1.10243e+06
1784870095021062722,-1.10243e+06
1784870096929878121,-1.10244e+06
1784870098830954427,-1.10244e+06
1784870099996282512,-1.10244e+06
1784870100146447925,-1.10255e+06
1784870100214152830,-1.10256e+06
1784870100366011243,-1.10256e+06
1784870100574619627,-1.10257e+06
1784870100810983630,-1.10258e+06
1784870101456508544,-1.10259e+06
1784870101567822786,-1.10259e+06
1784870101654347223,-1.1026e+06
1784870102484476045,-1.1026e+06
1784870103122307376,-1.1026e+06
1784870105157858767,-1.1026e+06
1784870105458178668,-1.1026e+06
1784870105537442008,-1.1026e+06
1784870105615419528,-1.1026e+06
1784870106340089135,-1.1026e+06
1784870107935358611,-1.1026e+06
1784870110218317425,-1.1026e+06
1784870110230628788,-1.1026e+06
1784870110286184104,-1.1026e+06
1784870111032975058,-1.1026e+06
1784870111115562721,-1.1026e+06
1784870111180860811,-1.1026e+06
1784870111283941412,-1.1026e+06
1784870111631544575,-1.1026e+06
1784870111837136804,-1.1026e+06
1784870111840986834,-1.10406e+06
1784870111841259987,-1.10839e+06
1784870111857581514,-1.10836e+06
1784870111864723569,-1.10288e+06
1784870111867077164,-1.1075e+06
1784870111875292503,-1.10636e+06
1784870111883088974,-1.10444e+06
1784870111933071180,-1.10543e+06
1784870111998456889,-1.10613e+06
1784870112026071626,-1.10613e+06
1784870112043011057,-1.10613e+06
1784870112161688139,-1.10615e+06
1784870112255500471,-1.10618e+06
1784870112374248405,-1.10621e+06
1784870112456539794,-1.10621e+06
1784870112612712136,-1.10641e+06
1784870112705069031,-1.10658e+06
1784870112771382957,-1.10665e+06
1784870112892037115,-1.10678e+06
1784870113076144309,-1.1068e+06
1784870113198825657,-1.1068e+06
1784870113571073590,-1.1068e+06
1784870113807153954,-1.10683e+06
1784870114003603256,-1.10688e+06
1784870114014681200,-1.10689e+06
1784870114047866574,-1.1069e+06
1784870114062403877,-1.10693e+06
1784870114099415619,-1.10693e+06
1784870114141092958,-1.10696e+06
1784870114207158648,-1.10696e+06
1784870114314866518,-1.10696e+06
1784870114881463824,-1.10696e+06
1784870115507082788,-1.10696e+06
1784870115942790861,-1.10697e+06
1784870115975051929,-1.10699e+06
1784870116049414007,-1.10699e+06
1784870116086704289,-1.10699e+06
1784870116097636245,-1.10699e+06
1784870116137142244,-1.10699e+06
1784870116162842123,-1.10699e+06
1784870116170757514,-1.10699e+06
1784870116270720736,-1.10699e+06
1784870116361587271,-1.10699e+06
1784870116412372209,-1.10699e+06
1784870116564434575,-1.10699e+06
1784870116673102197,-1.107e+06
1784870117034991842,-1.107e+06
1784870117436429393,-1.10701e+06
1784870119799936034,-1.10706e+06
1784870119800118493,-1.10706e+06
1784870120005039016,-1.10706e+06
1784870120623819785,-1.10706e+06
1784870120688419279,-1.10706e+06
1784870120847056628,-1.10706e+06
1784870120867439161,-1.10706e+06
1784870120925348625,-1.10706e+06
1784870121085775051,-1.10706e+06
1784870121086062278,-1.10706e+06
1784870121086266887,-1.10706e+06
1784870121089767861,-1.10706e+06
1784870121089932493,-1.10706e+06
1784870121090168636,-1.10706e+06
1784870121090305905,-1.10706e+06
1784870121090717116,-1.10706e+06
1784870121234565479,-1.10706e+06
1784870121235003209,-1.10706e+06
1784870121261791740,-1.10706e+06
1784870121453112615,-1.10706e+06
1784870121716062667,-1.10707e+06
1784870121717523295,-1.10707e+06
1784870121739447694,-1.10707e+06
1784870121793636426,-1.10707e+06
1784870121930318321,-1.10707e+06
1784870122287618352,-1.10707e+06
1784870123537886969,-1.10707e+06
1784870123579601536,-1.10707e+06
1784870123758168213,-1.10707e+06
1784870127462461463,-1.10707e+06
1784870128356934741,-1.10707e+06
1784870128637944674,-1.10707e+06
1784870128644759510,-1.10707e+06
1784870128653644780,-1.10707e+06
1784870128668859683,-1.10707e+06
1784870128701700147,-1.10707e+06
1784870128808755812,-1.10707e+06
1784870128881220912,-1.10707e+06
1784870130293713383,-1.10707e+06
1784870130308438197,-1.10707e+06
1784870132331203791,-1.10707e+06
1784870133038741480,-1.10707e+06
1784870133082695614,-1.10707e+06
1784870133266169955,-1.10707e+06
1784870133373321262,-1.10707e+06
1784870133382856784,-1.10707e+06
1784870133399729361,-1.10707e+06
1784870133407291308,-1.10707e+06
1784870133435367305,-1.10707e+06
1784870133550326482,-1.10707e+06
1784870133817896997,-1.10707e+06
1784870133836140123,-1.10707e+06
1784870134078984958,-1.10707e+06
1784870135173179018,-1.10707e+06
1784870136930505581,-1.10706e+06
1784870137038297508,-1.10706e+06
1784870140125197291,-1.10706e+06
1784870142055408948,-1.10706e+06
1784870142106512107,-1.10707e+06
1784870142677544509,-1.10707e+06
1784870144293056963,-1.10707e+06
1784870144374635046,-1.10707e+06
1784870144879874967,-1.10707e+06
1784870145380496393,-1.10708e+06
1784870145393530753,-1.10708e+06
1784870145402247687,-1.10708e+06
1784870145407725761,-1.10708e+06
1784870145554750799,-1.10708e+06
1784870146468842683,-1.10708e+06
1784870148115295028,-1.10708e+06
1784870148126109543,-1.10708e+06
1784870148170028791,-1.10708e+06
1784870148269260836,-1.10708e+06
1784870149206506014,-1.10708e+06
1784870149471717855,-1.10708e+06
1784870153043031525,-1.10708e+06
1784870153058842345,-1.10708e+06
1784870153065920947,-1.10708e+06
1784870153074108108,-1.10708e+06
1784870153079636793,-1.10708e+06
1784870153102142977,-1.10709e+06
1784870153129814882,-1.10709e+06
1784870153215695642,-1.10709e+06
1784870153282355624,-1.10709e+06
1784870153423757045,-1.10709e+06
1784870153551736057,-1.10709e+06
1784870153616487449,-1.10709e+06
1784870153952327791,-1.10709e+06
1784870154438012769,-1.10709e+06
1784870154734560218,-1.10709e+06
1784870154957006274,-1.10709e+06
1784870155120343607,-1.10709e+06
1784870155599985913,-1.10709e+06
1784870156928553773,-1.10709e+06
1784870157447636780,-1.10709e+06
1784870158957841230,-1.10709e+06
1784870160020245018,-1.10709e+06
1784870160499633736,-1.10709e+06
1784870160523668163,-1.10709e+06
1784870160564235091,-1.10709e+06
1784870160579166141,-1.10709e+06
1784870160655867235,-1.10709e+06
1784870160688609512,-1.10709e+06
1784870160730951518,-1.10709e+06
1784870160903754675,-1.10709e+06
1784870161437410058,-1.10709e+06
1784870162613531133,-1.10709e+06
1784870162630019441,-1.10709e+06
1784870162641930973,-1.10709e+06
1784870162642222225,-1.10709e+06
1784870162654234090,-1.10709e+06
1784870162726611481,-1.10709e+06
1784870162797650752,-1.10709e+06
1784870162863933130,-1.10709e+06
1784870162914174226,-1.10709e+06
1784870162999946504,-1.10709e+06
1784870163000117248,-1.10709e+06
1784870163016254279,-1.10709e+06
1784870163037112474,-1.10709e+06
1784870163090078040,-1.10709e+06
1784870163185150854,-1.10709e+06
1784870163290203118,-1.10709e+06
1784870163438601329,-1.10709e+06
1784870164106986068,-1.10709e+06
1784870164801862403,-1.10709e+06
1784870166277342327,-1.10709e+06
1784870167470397947,-1.10709e+06
1784870169566414134,-1.10709e+06
1784870171556145732,-1.10709e+06
1784870173304538337,-1.10709e+06
1784870176257310603,-1.10709e+06
1784870176353219119,-1.10709e+06
1784870179036512674,-1.1071e+06
1784870179990762802,-1.1071e+06
1784870180060734330,-1.1071e+06
1784870180293299947,-1.1071e+06
1784870181271319206,-1.1071e+06
1784870181576633247,-1.1071e+06
1784870184123826174,-1.1071e+06
1784870184153014555,-1.1071e+06
1784870184167594673,-1.1071e+06
1784870184193072889,-1.1071e+06
1784870184222628147,-1.1071e+06
1784870184260834479,-1.1071e+06
1784870184574964196,-1.1071e+06
1784870184725150933,-1.1071e+06
1784870185891732740,-1.1071e+06
1784870186338463953,-1.1071e+06
1784870186431079404,-1.1071e+06
1784870187127154115,-1.1071e+06
1784870187161308747,-1.1071e+06
1784870187795502438,-1.1071e+06
1784870188038941869,-1.1071e+06
1784870188073108745,-1.1071e+06
1784870188110810580,-1.1071e+06
1784870188239459932,-1.10711e+06
1784870190085645129,-1.10711e+06
1784870190211092622,-1.10711e+06
1784870191913869919,-1.10711e+06
1784870193819389501,-1.10711e+06
1784870195062197173,-1.10711e+06
1784870195486261941,-1.10711e+06
1784870195557739761,-1.10711e+06
1784870196140667271,-1.10711e+06
1784870196928658501,-1.10711e+06
1784870198181280854,-1.10711e+06
1784870199204922483,-1.10711e+06
1784870201003842273,-1.10711e+06
1784870202409588917,-1.10711e+06
1784870202689587226,-1.10711e+06
1784870203030538720,-1.10711e+06
1784870205412311490,-1.10711e+06
1784870207099407930,-1.10711e+06
1784870208889714092,-1.10711e+06
1784870213757869284,-1.10711e+06
1784870215205531941,-1.10711e+06
1784870216000634826,-1.10711e+06
1784870218864190522,-1.10711e+06
1784870221217608395,-1.10711e+06
1784870221259999093,-1.10711e+06
1784870221377584441,-1.10711e+06
1784870221393529436,-1.10711e+06
1784870221437258404,-1.10711e+06
1784870221532321699,-1.12312e+06
1784870221532458574,-1.12513e+06
1784870221532933999,-1.13937e+06
1784870221537901393,-1.14961e+06
1784870221567760908,-1.16399e+06
1784870221694337022,-1.13952e+06
1784870221922966975,-1.13953e+06
1784870222455573603,-1.16286e+06
1784870222882359385,-1.16286e+06
1784870223748140454,-1.16286e+06
1784870223764731873,-1.16286e+06
1784870224385841732,-1.16312e+06
1784870224451981483,-1.16312e+06
1784870224452245215,-1.17162e+06
1784870224457180192,-1.17331e+06
1784870224457405009,-1.17064e+06
1784870224459912376,-1.18143e+06
1784870224506940461,-1.18303e+06
1784870224610859042,-1.18306e+06
1784870224739866162,-1.17236e+06
1784870224888808771,-1.18269e+06
1784870224994766436,-1.18225e+06
1784870225253531726,-1.17302e+06
1784870225353830655,-1.17303e+06
1784870225567185323,-1.18019e+06
1784870225755740637,-1.18424e+06
1784870225951629692,-1.1831e+06
1784870226036299918,-1.18517e+06
1784870226089205240,-1.18518e+06
1784870226287638589,-1.18528e+06
1784870226534579632,-1.18529e+06
1784870227717317265,-1.1853e+06
1784870228733038783,-1.18531e+06
1784870228891602437,-1.18531e+06
1784870229565205614,-1.18532e+06
1784870231677239858,-1.18378e+06
1784870234668421717,-1.18524e+06
1784870236140724216,-1.18525e+06
1784870236148370224,-1.18474e+06
1784870236156651001,-1.18478e+06
1784870236171192371,-1.18506e+06
1784870236171474773,-1.18539e+06
1784870236310218282,-1.18539e+06
1784870236335725789,-1.18561e+06
1784870236428203321,-1.18534e+06
1784870236506883794,-1.18169e+06
1784870236512831673,-1.18528e+06
1784870236656705908,-1.18451e+06
1784870236928941704,-1.18402e+06
1784870237153642857,-1.18384e+06
1784870237395062713,-1.18297e+06
1784870237535379383,-1.18284e+06
1784870237817233229,-1.18256e+06
1784870238000143072,-1.18152e+06
1784870238258218609,-1.18191e+06
1784870238590376710,-1.18155e+06
1784870238731622752,-1.1813e+06
1784870238900514808,-1.1813e+06
1784870239130675955,-1.18134e+06
1784870239410416934,-1.18276e+06
1784870239862498087,-1.18152e+06
1784870240767123009,-1.18153e+06
1784870241542973171,-1.18154e+06
1784870242335608907,-1.18154e+06
1784870243527385280,-1.18154e+06
1784870243536894918,-1.18154e+06
1784870243575981478,-1.18154e+06
1784870243576180837,-1.18154e+06
1784870243596363606,-1.18154e+06
1784870243637671361,-1.18154e+06
1784870243702594893,-1.18154e+06
1784870243863638115,-1.18154e+06
1784870244083908367,-1.18154e+06
1784870246470466420,-1.18154e+06
1784870249478841701,-1.18154e+06
1784870249598505368,-1.18154e+06
1784870249660861062,-1.18154e+06
1784870249860021368,-1.18154e+06
1784870251704291056,-1.18154e+06
1784870253430008631,-1.18154e+06
1784870253599306096,-1.18156e+06
1784870254932461498,-1.18158e+06
1784870256667189495,-1.18161e+06
1784870256673082607,-1.1817e+06
1784870256925347857,-1.18177e+06
1784870257040040453,-1.18177e+06
1784870257198366982,-1.18177e+06
1784870258389371441,-1.18177e+06
1784870258400578129,-1.18177e+06
1784870258579589814,-1.18177e+06
1784870259232867352,-1.18177e+06
1784870259886111835,-1.18266e+06
1784870259889560504,-1.18267e+06
1784870259895398169,-1.18265e+06
1784870259904504928,-1.18266e+06
1784870260046961507,-1.18266e+06
1784870260322399985,-1.18282e+06
1784870260638722481,-1.18282e+06
1784870260905920765,-1.18282e+06
1784870260925057153,-1.18307e+06
1784870261301619231,-1.18303e+06
1784870261970228067,-1.18303e+06
1784870261977904327,-1.18303e+06
1784870262430227405,-1.18303e+06
1784870263300866003,-1.18303e+06
1784870263870484610,-1.18332e+06
1784870263888097808,-1.18311e+06
1784870263900280710,-1.18315e+06
1784870263911504341,-1.18315e+06
1784870263922498095,-1.18316e+06
1784870263927528529,-1.18316e+06
1784870264049115958,-1.18317e+06
1784870264179431392,-1.18318e+06
1784870264635305029,-1.18319e+06
1784870264876753641,-1.18324e+06
1784870265085513977,-1.18327e+06
1784870265109808706,-1.18327e+06
1784870265114144701,-1.18327e+06
1784870265322771593,-1.18361e+06
1784870265525384207,-1.18378e+06
1784870265865647813,-1.18379e+06
1784870266044531449,-1.18381e+06
1784870266145636441,-1.18384e+06
1784870266291404342,-1.18384e+06
1784870266350284010,-1.18384e+06
1784870266468708309,-1.18384e+06
1784870266751365785,-1.18384e+06
1784870266998745263,-1.18434e+06
1784870267578478826,-1.18434e+06
1784870267909276519,-1.18424e+06
1784870267921628922,-1.18424e+06
1784870268035744549,-1.18424e+06
1784870268053940759,-1.18424e+06
1784870268101783217,-1.18424e+06
1784870268199614966,-1.18421e+06
1784870268237425375,-1.18423e+06
1784870268410170975,-1.18422e+06
1784870268694128776,-1.18425e+06
1784870268722423691,-1.18426e+06
1784870268746956524,-1.18426e+06
1784870268774832381,-1.18426e+06
1784870268829967007,-1.18429e+06
1784870268856957597,-1.18431e+06
1784870268871296992,-1.18431e+06
1784870268886705878,-1.18431e+06
1784870268920689054,-1.18432e+06
1784870268955226010,-1.18435e+06
1784870268955693419,-1.18437e+06
1784870268965621405,-1.18441e+06
1784870268999974343,-1.18445e+06
1784870269068707310,-1.18446e+06
1784870269159062045,-1.18447e+06
1784870269273957301,-1.1845e+06
1784870269529121740,-1.18451e+06
1784870270328675046,-1.18451e+06
1784870271325880127,-1.18451e+06
1784870271634549758,-1.18451e+06
1784870271873043850,-1.18451e+06
1784870271882010700,-1.18451e+06
1784870271911520575,-1.18451e+06
1784870271921734511,-1.18451e+06
1784870271959911102,-1.18451e+06
1784870272021670271,-1.18451e+06
1784870272104845197,-1.18451e+06
1784870272225900062,-1.18451e+06
1784870272263036083,-1.18523e+06
1784870272266357270,-1.18685e+06
1784870272266665478,-1.18685e+06
1784870272267205347,-1.187e+06
1784870272270601701,-1.18704e+06
1784870272413552097,-1.18705e+06
1784870272533505880,-1.18705e+06
1784870272563679830,-1.18705e+06
1784870272636736373,-1.18705e+06
1784870272970702864,-1.18705e+06
1784870272984761167,-1.18705e+06
1784870272985279280,-1.18758e+06
1784870273030789256,-1.18761e+06
1784870273191371924,-1.18762e+06
1784870273291010818,-1.18762e+06
1784870273427662532,-1.18762e+06
1784870273747209377,-1.18762e+06
1784870273758651984,-1.18787e+06
1784870273768952523,-1.18798e+06
1784870273882937151,-1.18801e+06
1784870273891330614,-1.18803e+06
1784870273928069081,-1.18807e+06
1784870274008080865,-1.18807e+06
1784870274100976480,-1.18807e+06
1784870274461273166,-1.18807e+06
1784870274503771389,-1.18807e+06
1784870274633876962,-1.18807e+06
1784870274731448907,-1.18807e+06
1784870274781229649,-1.18807e+06
1784870274803476098,-1.18807e+06
1784870274843719703,-1.18847e+06
1784870274928214747,-1.18848e+06
1784870274942646019,-1.18849e+06
1784870275082419149,-1.1885e+06
1784870275138441044,-1.1885e+06
1784870275163112469,-1.1885e+06
1784870275202158984,-1.1885e+06
1784870275349656454,-1.1885e+06
1784870275843630347,-1.1885e+06
1784870275847970206,-1.1885e+06
1784870276195494535,-1.1885e+06
1784870276402263954,-1.18851e+06
1784870276637703102,-1.18851e+06
1784870276696514705,-1.18851e+06
1784870276745845205,-1.18851e+06
1784870276925311383,-1.18851e+06
1784870276943191640,-1.18851e+06
1784870277276472812,-1.18851e+06
1784870277461827575,-1.18851e+06
1784870277728350395,-1.18851e+06
1784870277793182391,-1.18851e+06
1784870277878702585,-1.18851e+06
1784870277910824706,-1.18851e+06
1784870278036548744,-1.18851e+06
1784870278107114768,-1.18851e+06
1784870278121601396,-1.18851e+06
1784870278196583971,-1.18851e+06
1784870278331798652,-1.18851e+06
1784870278654632540,-1.18851e+06
1784870279117368756,-1.18851e+06
1784870279212975334,-1.18851e+06
1784870279290564107,-1.18851e+06
1784870279315393979,-1.18851e+06
1784870279645718648,-1.18851e+06
1784870279973839396,-1.18851e+06
1784870280984514649,-1.18851e+06
1784870280988276811,-1.18851e+06
1784870281005169414,-1.18851e+06
1784870281014742880,-1.18851e+06
1784870281032473641,-1.18851e+06
1784870281082316874,-1.18851e+06
1784870281117023255,-1.18851e+06
1784870281156944009,-1.18851e+06
1784870281239494446,-1.18851e+06
1784870281330808671,-1.18851e+06
1784870281490669530,-1.18851e+06
1784870281563438694,-1.18851e+06
1784870281675498638,-1.18851e+06
1784870282313879931,-1.18851e+06
1784870282322700950,-1.18851e+06
1784870282351265252,-1.18851e+06
1784870282586834725,-1.18851e+06
1784870282875018367,-1.18851e+06
1784870283323621043,-1.18851e+06
1784870283834313239,-1.18851e+06
1784870284179339196,-1.1885e+06
1784870284623732349,-1.1885e+06
1784870284979242786,-1.1885e+06
1784870284995064290,-1.1885e+06
1784870285120177999,-1.1885e+06
1784870285364672634,-1.1885e+06
1784870285875672412,-1.1885e+06
1784870287618076488,-1.18851e+06
1784870287627708533,-1.18851e+06
1784870287641456832,-1.18851e+06
1784870287943899550,-1.18851e+06
1784870288459369956,-1.18851e+06
1784870289308274342,-1.18851e+06
1784870290188118257,-1.18851e+06
1784870290253479690,-1.18851e+06
1784870290309387377,-1.18851e+06
1784870290334498768,-1.18851e+06
1784870290368235060,-1.18851e+06
1784870290398991679,-1.18851e+06
1784870290427069961,-1.18852e+06
1784870290445009959,-1.18852e+06
1784870290712815970,-1.18853e+06
1784870290825706722,-1.18853e+06
1784870290852518961,-1.18853e+06
1784870290870179702,-1.18853e+06
1784870291613140718,-1.18853e+06
1784870291935970484,-1.18853e+06
1784870292028771767,-1.18853e+06
1784870292728633760,-1.18854e+06
1784870293733161854,-1.18854e+06
1784870293805023195,-1.18854e+06
1784870293815921598,-1.18854e+06
1784870293826017548,-1.18854e+06
1784870293848018190,-1.18854e+06
1784870293862570447,-1.18854e+06
1784870293876325145,-1.18854e+06
1784870293889145410,-1.18854e+06
1784870293936178447,-1.18854e+06
1784870294004179062,-1.18854e+06
1784870294146872887,-1.18854e+06
1784870294206891582,-1.18854e+06
1784870294242360138,-1.18854e+06
1784870294275210296,-1.18854e+06
1784870294299254353,-1.18854e+06
1784870294329365175,-1.18854e+06
1784870294348658100,-1.18854e+06
1784870294427956509,-1.18854e+06
1784870294506558581,-1.18854e+06
1784870294860055455,-1.18854e+06
1784870295736593469,-1.18854e+06
1784870297661398011,-1.18854e+06
1784870298291943901,-1.18854e+06
1784870298407742614,-1.18854e+06
1784870298475065139,-1.18854e+06
1784870298532888654,-1.18854e+06
1784870298574652735,-1.18855e+06
1784870298635296372,-1.18855e+06
1784870298667658725,-1.18856e+06
1784870298688989401,-1.18856e+06
1784870298738589834,-1.18856e+06
1784870298829815236,-1.18856e+06
1784870298851106000,-1.18856e+06
1784870299009914554,-1.18856e+06
1784870299195380027,-1.18857e+06
1784870299857498276,-1.18857e+06
1784870299930224871,-1.18857e+06
1784870300192404812,-1.18857e+06
1784870300556519496,-1.18857e+06
1784870300929707520,-1.18857e+06
1784870301151585355,-1.18857e+06
1784870301474088279,-1.18857e+06
1784870301751601582,-1.18857e+06
1784870302198090671,-1.18856e+06
1784870302350691071,-1.18856e+06
1784870302551044017,-1.18857e+06
1784870302625054188,-1.18857e+06
1784870302922223700,-1.18857e+06
1784870303118459544,-1.18857e+06
1784870303491555824,-1.18857e+06
1784870303851389770,-1.18857e+06
1784870303977571991,-1.18857e+06
1784870304187737802,-1.18857e+06
1784870304596271204,-1.18857e+06
1784870305490934913,-1.18857e+06
1784870305749591137,-1.18858e+06
1784870306004189809,-1.18858e+06
1784870306926955081,-1.18858e+06
1784870307856394233,-1.18858e+06
1784870308059802983,-1.18858e+06
1784870308477673722,-1.18858e+06
1784870308899895302,-1.18858e+06
1784870309227275358,-1.18858e+06
1784870309854415607,-1.18858e+06
1784870310517833749,-1.18858e+06
1784870311378311726,-1.18858e+06
1784870311564930611,-1.18858e+06
1784870311902263869,-1.18858e+06
1784870311922640223,-1.18858e+06
1784870312029680751,-1.18858e+06
1784870312206282054,-1.18858e+06
1784870312277753355,-1.18859e+06
1784870312353542760,-1.18859e+06
1784870312414925614,-1.18859e+06
1784870313391017364,-1.18859e+06
1784870313904526011,-1.18859e+06
1784870315073997194,-1.18859e+06
1784870315609803039,-1.18859e+06
1784870315883199366,-1.18859e+06
1784870317061020234,-1.18859e+06
1784870318038799501,-1.18859e+06
1784870321805103572,-1.18859e+06
1784870322277425778,-1.18859e+06
1784870322339774688,-1.18859e+06
1784870322382520396,-1.1886e+06
1784870322382665283,-1.1886e+06
1784870322494686745,-1.1886e+06
1784870322545283373,-1.1886e+06
1784870322561056473,-1.1886e+06
1784870322621097015,-1.1886e+06
1784870322972008169,-1.1886e+06
1784870323142196050,-1.1886e+06
1784870323422615353,-1.1886e+06
1784870323504512121,-1.22768e+06
1784870323504512121,-1.22768e+06
1784870323504766244,-1.32558e+06
1784870323504951501,-1.32559e+06
1784870323513767523,-1.3256e+06
1784870323517272376,-1.3256e+06
1784870323521441447,-1.32957e+06
1784870323525037284,-1.32914e+06
1784870323529791374,-1.32915e+06
1784870323661580817,-1.32916e+06
1784870323684897468,-1.32917e+06
1784870323719449937,-1.32918e+06
1784870323906668665,-1.32918e+06
1784870324041919560,-1.32919e+06
1784870324145719015,-1.3292e+06
1784870324882665155,-1.32957e+06
1784870326521542107,-1.32922e+06
1784870328078291771,-1.32922e+06
1784870329610558156,-1.32923e+06
1784870331894252787,-1.32924e+06
1784870331930216026,-1.32925e+06
1784870332039222983,-1.32926e+06
1784870332325467303,-1.32926e+06
1784870332792804266,-1.32927e+06
1784870333445512159,-1.32928e+06
1784870333786737430,-1.32929e+06
1784870334987596330,-1.3293e+06
1784870336925152577,-1.32957e+06
1784870337850488908,-1.32931e+06
1784870338452076270,-1.32932e+06
1784870339050881025,-1.32933e+06
1784870340991806975,-1.32934e+06
1784870344390799319,-1.32934e+06
1784870345784717873,-1.32935e+06
1784870346252465559,-1.32936e+06
1784870347986265990,-1.32937e+06
1784870348534474691,-1.32938e+06
1784870353051315157,-1.32938e+06
1784870353327205041,-1.32939e+06
1784870353743647944,-1.3294e+06
1784870355010753870,-1.32941e+06
1784870355763830510,-1.32942e+06
1784870355824202598,-1.32942e+06
1784870355872435031,-1.32943e+06
1784870355948701220,-1.32944e+06
1784870356256087977,-1.32945e+06
1784870356351977380,-1.32946e+06
1784870356678930158,-1.32946e+06
1784870357763372740,-1.32947e+06
1784870359783723421,-1.32948e+06
1784870362353883856,-1.32949e+06
1784870363475204073,-1.3295e+06
1784870364622964455,-1.3295e+06
1784870365999065680,-1.32951e+06
1784870366137053464,-1.32952e+06
1784870367441331255,-1.32953e+06
1784870367471861743,-1.32954e+06
1784870367520828813,-1.32954e+06
1784870367538579431,-1.32939e+06
1784870367538753882,-1.32942e+06
1784870367547553061,-1.32937e+06
1784870367672798674,-1.32941e+06
1784870367728427723,-1.32941e+06
1784870367835882674,-1.32941e+06
1784870367915138135,-1.3294e+06
1784870367958792838,-1.32941e+06
1784870367979332303,-1.32941e+06
1784870368023375171,-1.32941e+06
1784870368067458105,-1.32941e+06
1784870368073640715,-1.32941e+06
1784870368234819245,-1.32941e+06
1784870368673971556,-1.32941e+06
1784870368885016698,-1.32941e+06
1784870369211982156,-1.32941e+06
1784870369575883879,-1.32941e+06
1784870369924930377,-1.32941e+06
1784870370085999915,-1.32941e+06
1784870370184724717,-1.32941e+06
1784870370264633652,-1.32941e+06
1784870370620213012,-1.32941e+06
1784870370826664986,-1.32941e+06
1784870370963631091,-1.32941e+06
1784870371168607740,-1.32941e+06
1784870371235728730,-1.32941e+06
1784870371333525634,-1.32941e+06
1784870371620139181,-1.32941e+06
1784870371982760418,-1.32941e+06
1784870372052133450,-1.32941e+06
1784870372549812454,-1.32941e+06
1784870372734832833,-1.32941e+06
1784870372952703514,-1.32941e+06
1784870373060405960,-1.32941e+06
1784870373252804356,-1.32941e+06
1784870374211699635,-1.32941e+06
1784870376303548628,-1.32941e+06
1784870377416002597,-1.32941e+06
1784870377549714751,-1.32941e+06
1784870377626317305,-1.32941e+06
1784870377634559879,-1.32941e+06
1784870377977615954,-1.32941e+06
1784870378024362306,-1.32941e+06
1784870378051398268,-1.32941e+06
1784870378302014036,-1.32941e+06
1784870378888767477,-1.32941e+06
1784870379049323701,-1.32941e+06
1784870379101011935,-1.32941e+06
1784870379115655291,-1.32941e+06
1784870379216618310,-1.32941e+06
1784870380029400584,-1.32941e+06
1784870381717976605,-1.32941e+06
1784870385161499946,-1.32941e+06
1784870387650319790,-1.32936e+06
1784870389926585688,-1.32937e+06
1784870390507654245,-1.32937e+06
1784870390996888114,-1.32938e+06
1784870391550232440,-1.32939e+06
1784870391870078868,-1.3294e+06
1784870392549793139,-1.32941e+06
1784870392988762579,-1.32941e+06
1784870393219937403,-1.32941e+06
1784870393276120819,-1.32941e+06
1784870394204504140,-1.32941e+06
1784870396554779346,-1.32941e+06
1784870397073623126,-1.32941e+06
1784870397774170277,-1.32942e+06
1784870398234185719,-1.32942e+06
1784870398285327865,-1.32942e+06
1784870398293569726,-1.32942e+06
1784870398374316047,-1.32942e+06
1784870398722383650,-1.32942e+06
1784870398760166272,-1.32942e+06
1784870398910694536,-1.32942e+06
1784870399282863663,-1.32942e+06
1784870399607729461,-1.32942e+06
1784870400025491991,-1.32942e+06
1784870400474583936,-1.32942e+06
1784870401106787491,-1.32943e+06
1784870401263205787,-1.32943e+06
1784870401279037682,-1.32943e+06
1784870401521768199,-1.32943e+06
1784870401600191935,-1.32943e+06
1784870402122725101,-1.32943e+06
1784870402631492675,-1.32943e+06
1784870403367793534,-1.32943e+06
1784870404386647304,-1.32944e+06
1784870404875593125,-1.32944e+06
1784870405417569020,-1.32944e+06
1784870405797742440,-1.32944e+06
1784870406076693511,-1.32944e+06
1784870406113696342,-1.32944e+06
1784870406250140998,-1.32945e+06
1784870406608630855,-1.32945e+06
1784870406799319915,-1.32945e+06
1784870406926417082,-1.32945e+06
1784870407141762126,-1.32945e+06
1784870407769664748,-1.32945e+06
1784870407899701659,-1.32945e+06
1784870408969996450,-1.32945e+06
1784870408985024810,-1.32946e+06
1784870409038568573,-1.32946e+06
1784870409080490641,-1.32946e+06
1784870409101470493,-1.32946e+06
1784870409131867760,-1.32946e+06
1784870409154795095,-1.32946e+06
1784870409240399476,-1.32947e+06
1784870409419152476,-1.32947e+06
1784870409793238314,-1.32947e+06
1784870409881506089,-1.32947e+06
1784870410595243669,-1.32947e+06
1784870411193972740,-1.32947e+06
1784870412102804400,-1.32947e+06
1784870412457357286,-1.32947e+06
1784870413876133268,-1.32947e+06
1784870414199329068,-1.32947e+06
1784870414310555708,-1.32947e+06
1784870414322438467,-1.32947e+06
1784870414413894483,-1.32947e+06
1784870414448254225,-1.32947e+06
1784870414466704146,-1.32947e+06
1784870414478349562,-1.32947e+06
1784870414488712246,-1.32947e+06
1784870414515200610,-1.32947e+06
1784870414543976409,-1.32947e+06
1784870414582913770,-1.32947e+06
1784870414608199999,-1.32947e+06
1784870414647662917,-1.32947e+06
1784870414771810655,-1.32947e+06
1784870414785136571,-1.32947e+06
1784870414832030200,-1.32947e+06
1784870414954178408,-1.32947e+06
1784870415072644511,-1.32947e+06
1784870415227878221,-1.32947e+06
1784870415343218911,-1.32947e+06
1784870415534929292,-1.32947e+06
1784870415805646639,-1.32947e+06
1784870417105850894,-1.32947e+06
1784870417875864635,-1.32947e+06
1784870418112712567,-1.32947e+06
1784870419185767562,-1.32947e+06
1784870419635806850,-1.32947e+06
1784870419988516296,-1.32947e+06
1784870421429472742,-1.32947e+06
1784870421947684298,-1.32948e+06
1784870422889868741,-1.32948e+06
1784870424093006880,-1.32948e+06
1784870424340833637,-1.32948e+06
1784870424857402378,-1.32948e+06
1784870425798043618,-1.32948e+06
1784870426014542216,-1.32948e+06
1784870426228718440,-1.32948e+06
1784870427215058330,-1.32948e+06
1784870427215642350,-1.32948e+06
1784870427216013479,-1.32948e+06
1784870427223523598,-1.32948e+06
1784870427227152641,-1.32948e+06
1784870427341576971,-1.32948e+06
1784870427491811199,-1.32948e+06
1784870427926656047,-1.32948e+06
1784870428605209947,-1.32948e+06
1784870429850318768,-1.32948e+06
1784870431481053481,-1.32948e+06
1784870432526797481,-1.32948e+06
1784870434380614340,-1.32948e+06
1784870434774523619,-1.32948e+06
1784870434776506052,-1.32948e+06
1784870435433934006,-1.32948e+06
1784870437069080267,-1.32948e+06
1784870441061358019,-1.32948e+06
1784870442006739648,-1.32948e+06
1784870442020440241,-1.32948e+06
1784870442246128636,-1.32948e+06
1784870442928091576,-1.32948e+06
1784870443179078218,-1.32948e+06
1784870443241359490,-1.32948e+06
1784870443249254573,-1.32948e+06
1784870444306158674,-1.32948e+06
1784870444708762130,-1.32948e+06
1784870444827766701,-1.32948e+06
1784870444839595412,-1.32948e+06
1784870444850729105,-1.32948e+06
1784870444936861513,-1.32948e+06
1784870445201653496,-1.32948e+06
1784870445451489831,-1.32948e+06
1784870445849893681,-1.32948e+06
1784870445933472121,-1.32948e+06
1784870446063661723,-1.32948e+06
1784870446759697398,-1.32948e+06
1784870446923900817,-1.32948e+06
1784870447250522964,-1.32948e+06
1784870449642230757,-1.32948e+06
1784870450955186677,-1.32948e+06
1784870450969979495,-1.32948e+06
1784870450999768061,-1.32948e+06
1784870451011270066,-1.32948e+06
1784870451045860334,-1.32948e+06
1784870451256294141,-1.32948e+06
1784870451363781918,-1.32948e+06
1784870451447310563,-1.32948e+06
1784870451480107312,-1.32948e+06
1784870451602715010,-1.32948e+06
1784870451814662494,-1.32949e+06
1784870452175935952,-1.32949e+06
1784870452408481014,-1.32949e+06
1784870453174635425,-1.32949e+06
1784870453280214748,-1.32949e+06
1784870454485873472,-1.32949e+06
1784870455029576407,-1.32949e+06
1784870455038949174,-1.32949e+06
1784870457115944992,-1.32949e+06
1784870459738179964,-1.32949e+06
1784870460437963225,-1.32949e+06
1784870461758468613,-1.32949e+06
1784870461826604646,-1.32949e+06
1784870461827130487,-1.32949e+06
1784870461848343744,-1.32949e+06
1784870461848543248,-1.32949e+06
1784870461862789057,-1.32949e+06
1784870461862929185,-1.32949e+06
1784870461896067468,-1.32949e+06
1784870462027037252,-1.32949e+06
1784870462086375282,-1.32949e+06
1784870462156798309,-1.32949e+06
1784870462791628510,-1.32949e+06
1784870464025373971,-1.32949e+06
1784870466088603716,-1.32948e+06
1784870466210418391,-1.32948e+06
1784870466234281286,-1.32948e+06
1784870466234510364,-1.32948e+06
1784870466249712206,-1.32948e+06
1784870466318496949,-1.32948e+06
1784870466453527110,-1.32948e+06
1784870466527934562,-1.32949e+06
1784870466619373738,-1.32949e+06
1784870467031453275,-1.32949e+06
1784870467204665203,-1.32949e+06
1784870467376564614,-1.32949e+06
1784870467752052143,-1.32949e+06
1784870468433597762,-1.32949e+06
1784870468808466439,-1.32949e+06
1784870468818715804,-1.32949e+06
1784870468818974823,-1.32949e+06
1784870468842541604,-1.32949e+06
1784870468879680236,-1.32949e+06
1784870468931045908,-1.32949e+06
1784870468971651729,-1.32949e+06
1784870469010944803,-1.32949e+06
1784870469039849412,-1.32949e+06
1784870469040144130,-1.32949e+06
1784870469056921693,-1.32949e+06
1784870469070822253,-1.32949e+06
1784870469081691447,-1.32949e+06
1784870469176740694,-1.32949e+06
1784870469285344548,-1.32949e+06
1784870469428344664,-1.32949e+06
1784870469558940060,-1.32949e+06
1784870469790361603,-1.32949e+06
1784870469949741801,-1.32949e+06
1784870470173786071,-1.32949e+06
1784870470341906524,-1.32949e+06
1784870470401343543,-1.32949e+06
1784870470651399419,-1.32949e+06
1784870470710476436,-1.32949e+06
1784870471104620672,-1.32949e+06
1784870471183728258,-1.32949e+06
1784870471254668735,-1.32949e+06
1784870471288660152,-1.32949e+06
1784870471497979627,-1.32949e+06
1784870471531095073,-1.32949e+06
1784870471883668073,-1.32949e+06
1784870472031968141,-1.32949e+06
1784870472421880192,-1.32949e+06
1784870472483947781,-1.32949e+06
1784870472944242999,-1.32949e+06
1784870473987528702,-1.32949e+06
1784870474869462232,-1.32949e+06
1784870475348623466,-1.32949e+06
1784870475726371876,-1.32949e+06
1784870476031336293,-1.32949e+06
1784870476263482221,-1.32949e+06
1784870476923760270,-1.32949e+06
1784870477148641316,-1.32949e+06
1784870477483170339,-1.32949e+06
1784870477884259300,-1.32949e+06
1784870478148991992,-1.32949e+06
1784870478482440374,-1.32949e+06
1784870478877456331,-1.32949e+06
1784870478981335274,-1.32949e+06
1784870479248974740,-1.32949e+06
1784870479618163697,-1.32949e+06
1784870480121537220,-1.32949e+06
1784870480373674016,-1.32949e+06
1784870480748660282,-1.32949e+06
1784870481031585829,-1.32949e+06
1784870481848650770,-1.32949e+06
1784870481962103927,-1.32949e+06
1784870482149738721,-1.32949e+06
1784870483197931948,-1.32949e+06
1784870484314528473,-1.32949e+06
1784870484449079573,-1.32949e+06
1784870484651279616,-1.32949e+06
1784870485910190090,-1.32949e+06
1784870486098594583,-1.32949e+06
1784870486294099615,-1.32949e+06
1784870486922947504,-1.32949e+06
1784870486925821211,-1.32949e+06
1784870487295937833,-1.32949e+06
1784870487354435571,-1.32949e+06
1784870487427589021,-1.32949e+06
1784870487461092552,-1.32949e+06
1784870487551628120,-1.32949e+06
1784870488452850860,-1.32949e+06
1784870489519191970,-1.32949e+06
1784870490890223881,-1.32949e+06
1784870491397333051,-1.32949e+06
1784870492347851083,-1.32949e+06
1784870492756904637,-1.32949e+06
1784870492802309923,-1.32949e+06
1784870492935171872,-1.32949e+06
1784870493967215149,-1.32949e+06
1784870494030942924,-1.32949e+06
1784870494173141123,-1.32949e+06
1784870494376892033,-1.32949e+06
1784870495531407368,-1.32949e+06
1784870496258481413,-1.32949e+06
1784870498554284724,-1.32949e+06
1784870499077603733,-1.32949e+06
1784870499156861694,-1.32949e+06
1784870499248952828,-1.32949e+06
1784870501666263682,-1.32949e+06
1784870502697156215,-1.32949e+06
1784870503047761536,-1.32949e+06
1784870503486175810,-1.32949e+06
1784870504065718138,-1.32948e+06
1784870504449092643,-1.32949e+06
1784870505949085678,-1.3295e+06
1784870507247774429,-1.3295e+06
1784870508122487072,-1.3295e+06
1784870508664364729,-1.3295e+06
1784870509853826562,-1.3295e+06
1784870510581208540,-1.3295e+06
1784870512348566318,-1.3295e+06
1784870512788573557,-1.3295e+06
1784870513577463077,-1.3295e+06
1784870513617724424,-1.3295e+06
1784870513718568139,-1.3295e+06
1784870513755289886,-1.3295e+06
1784870513772532390,-1.3295e+06
1784870513784528428,-1.32951e+06
1784870513801341972,-1.32951e+06
1784870513807321762,-1.32951e+06
1784870513836892245,-1.32951e+06
1784870513855397958,-1.32951e+06
1784870513885571646,-1.32951e+06
1784870513909047474,-1.32951e+06
1784870513933726138,-1.32951e+06
1784870513963063671,-1.32951e+06
1784870514093730984,-1.32951e+06
1784870514139078379,-1.32952e+06
1784870514228115488,-1.32952e+06
1784870514325780249,-1.32952e+06
1784870514375704011,-1.32952e+06
1784870514399260714,-1.32952e+06
1784870514575705619,-1.32953e+06
1784870514632810771,-1.32953e+06
1784870514670462399,-1.32953e+06
1784870514687243384,-1.32954e+06
1784870514687443902,-1.32954e+06
1784870514687630504,-1.32954e+06
1784870514712471565,-1.32954e+06
1784870514718413307,-1.32954e+06
1784870514941618405,-1.32954e+06
1784870515850649547,-1.32954e+06
1784870516221710244,-1.32954e+06
1784870516447470362,-1.32954e+06
1784870517412855536,-1.32954e+06
1784870518159874374,-1.32954e+06
1784870518842545288,-1.32954e+06
1784870519754695139,-1.32954e+06
1784870521671999231,-1.32954e+06
1784870521684924952,-1.32954e+06
1784870521698716925,-1.32954e+06
1784870521704703884,-1.32954e+06
1784870521737870529,-1.32954e+06
1784870521773182831,-1.32954e+06
1784870521922753172,-1.32954e+06
1784870522028636812,-1.32954e+06
1784870522242651310,-1.32954e+06
1784870522290888287,-1.32954e+06
1784870522938767408,-1.32954e+06
1784870523744198754,-1.32954e+06
1784870525746238279,-1.32954e+06
1784870525763306632,-1.32954e+06
1784870525940644126,-1.32954e+06
1784870526487710749,-1.32954e+06
1784870526602397179,-1.32954e+06
1784870527062480349,-1.32954e+06
1784870527572621838,-1.32954e+06
1784870527946330042,-1.32954e+06
1784870528572535281,-1.32954e+06
1784870529069319233,-1.32954e+06
1784870530264236027,-1.32954e+06
1784870530729124411,-1.32954e+06
1784870530905492681,-1.32954e+06
1784870531569262340,-1.32954e+06
1784870534319245956,-1.32954e+06
1784870535461062104,-1.32954e+06
1784870535674384781,-1.32954e+06
1784870536487271756,-1.32954e+06
1784870537047243191,-1.32954e+06
1784870537063562979,-1.32954e+06
1784870537590006894,-1.32954e+06
1784870537676871944,-1.32955e+06
1784870537677046014,-1.32955e+06
1784870537677285699,-1.32956e+06
1784870537716515658,-1.32956e+06
1784870537735024201,-1.32957e+06
1784870537768278068,-1.32957e+06
1784870537790519093,-1.32957e+06
1784870537809853767,-1.32957e+06
1784870537861864701,-1.32957e+06
1784870537998788697,-1.32957e+06
1784870538059798682,-1.32957e+06
1784870538609437678,-1.32957e+06
1784870538963796773,-1.32957e+06
1784870540079473870,-1.32957e+06
1784870540339996263,-1.32957e+06
1784870541874357529,-1.32957e+06
1784870543777124812,-1.32957e+06
1784870543870654383,-1.32957e+06
1784870544297760396,-1.32957e+06
1784870547140843464,-1.32957e+06
1784870548330014552,-1.32957e+06
1784870548721280603,-1.32957e+06
1784870549688953324,-1.32957e+06
1784870549755537809,-1.32957e+06
1784870550068421447,-1.32957e+06
1784870550094965515,-1.32957e+06
1784870550184388536,-1.32957e+06
1784870550772099664,-1.32957e+06
1784870551133578838,-1.32957e+06
1784870551271003843,-1.32957e+06
1784870553067714413,-1.32957e+06
1784870554377593625,-1.32957e+06
1784870554834461135,-1.32957e+06
1784870557228088584,-1.32957e+06
1784870557471441415,-1.32957e+06
1784870559071776540,-1.32957e+06
1784870560042069341,-1.32957e+06
1784870560116979820,-1.32957e+06
1784870560128704576,-1.32957e+06
1784870560144575293,-1.32957e+06
1784870560161224768,-1.32957e+06
1784870560174622428,-1.32957e+06
1784870560192903974,-1.32957e+06
1784870560228510864,-1.32957e+06
1784870560347158683,-1.32957e+06
1784870560383865532,-1.32957e+06
1784870560420052026,-1.32957e+06
1784870560499601588,-1.32957e+06
1784870560641618231,-1.32957e+06
1784870560759074359,-1.32957e+06
1784870560804031950,-1.32957e+06
1784870560834713183,-1.32957e+06
1784870561008552128,-1.32957e+06
1784870561368346760,-1.32957e+06
1784870561379527350,-1.32958e+06
1784870561386392874,-1.32958e+06
1784870561394779565,-1.32958e+06
1784870561418094126,-1.32959e+06
1784870561531559337,-1.32959e+06
1784870561695567969,-1.32959e+06
1784870561961157664,-1.32959e+06
1784870561988901619,-1.32959e+06
1784870562473054045,-1.3296e+06
1784870562999625769,-1.3296e+06
1784870563447433849,-1.3296e+06
1784870563641101861,-1.3296e+06
1784870563924967016,-1.3296e+06
1784870564248995530,-1.3296e+06
1784870564727940794,-1.3296e+06
1784870565014352236,-1.3296e+06
1784870566059445277,-1.3296e+06
1784870566340585664,-1.3296e+06
1784870567641748620,-1.3296e+06
1784870569979450833,-1.3296e+06
1784870572747509960,-1.3296e+06
1784870575002775144,-1.3296e+06
1784870575020080848,-1.3296e+06
1784870575026996145,-1.3296e+06
1784870575060208186,-1.3296e+06
1784870575083902278,-1.3296e+06
1784870575099316447,-1.3296e+06
1784870575152756291,-1.3296e+06
1784870575417897847,-1.3296e+06
1784870575660850792,-1.3296e+06
1784870575951705546,-1.3296e+06
1784870576543641407,-1.3296e+06
1784870578331890334,-1.3296e+06
1784870579886758310,-1.3296e+06
1784870580239602740,-1.3296e+06
1784870581209547418,-1.3296e+06
1784870581587957328,-1.32958e+06
1784870583391388564,-1.32959e+06
1784870583437450304,-1.3296e+06
1784870583695520243,-1.3296e+06
1784870584004987233,-1.3296e+06
1784870584945132707,-1.3296e+06
1784870585457676251,-1.3296e+06
1784870588757172513,-1.3296e+06
1784870588831027081,-1.3296e+06
1784870588834822453,-1.33014e+06
1784870588839194973,-1.34316e+06
1784870588840511243,-1.35911e+06
1784870588855922175,-1.38395e+06
1784870588860613337,-1.38395e+06
1784870588860802023,-1.46939e+06
1784870588861995381,-1.47453e+06
1784870588870489512,-1.47455e+06
1784870588988656793,-1.47456e+06
1784870589019524664,-1.47246e+06
1784870589057852669,-1.47668e+06
1784870589147707392,-1.4725e+06
1784870589256288533,-1.47251e+06
1784870589606936998,-1.47251e+06
1784870589879261995,-1.47453e+06
1784870590171945533,-1.47452e+06
1784870590868957188,-1.47456e+06
1784870591700421823,-1.4778e+06
1784870591773277052,-1.47781e+06
1784870593718509115,-1.47782e+06
1784870594509583176,-1.47783e+06
1784870594907751772,-1.47784e+06
1784870595422214305,-1.47784e+06
1784870595828146180,-1.47785e+06
1784870596349757571,-1.47786e+06
1784870596612590109,-1.47787e+06
1784870598047591769,-1.47788e+06
1784870598356485036,-1.47619e+06
1784870598379542761,-1.47353e+06
1784870598384614711,-1.47355e+06
1784870598390379585,-1.47357e+06
1784870598401322864,-1.5062e+06
1784870598572398153,-1.51043e+06
1784870598942686816,-1.51037e+06
1784870599153577647,-1.4931e+06
1784870599172372202,-1.493e+06
1784870599312090703,-1.5006e+06
1784870599424653680,-1.50107e+06
1784870599438829658,-1.50459e+06
1784870599450646839,-1.48109e+06
1784870599516388702,-1.50389e+06
1784870599581338920,-1.48156e+06
1784870599692301944,-1.48157e+06
1784870599784991664,-1.48158e+06
1784870600884074271,-1.48159e+06
1784870601893916126,-1.4816e+06
1784870602358257629,-1.4816e+06
1784870602948078056,-1.48669e+06
1784870604112182133,-1.48162e+06
1784870604263291478,-1.48163e+06
1784870604274416485,-1.48164e+06
1784870604286000387,-1.48164e+06
1784870604327519457,-1.48165e+06
1784870604941635146,-1.48166e+06
1784870606353911962,-1.48167e+06
1784870606498856999,-1.48168e+06
1784870608395011639,-1.48168e+06
1784870608424059117,-1.48169e+06
1784870608527074831,-1.4817e+06
1784870608665382482,-1.48171e+06
1784870608796874938,-1.48172e+06
1784870609058717695,-1.48172e+06
1784870609698890150,-1.48173e+06
1784870609772249498,-1.48174e+06
1784870610077264781,-1.48175e+06
1784870610112779197,-1.48176e+06
1784870610314232706,-1.48176e+06
1784870610983051431,-1.48177e+06
1784870612437803995,-1.48178e+06
1784870614222693118,-1.48179e+06
1784870615814748693,-1.4818e+06
1784870615824839408,-1.4818e+06
1784870615856318286,-1.48181e+06
1784870616074578574,-1.48182e+06
1784870616752326701,-1.48183e+06
1784870617058613489,-1.48184e+06
1784870617384026510,-1.48184e+06
1784870617395244695,-1.48259e+06
1784870617399426723,-1.48186e+06
1784870617445721321,-1.48187e+06
1784870617705545759,-1.48188e+06
1784870617846570389,-1.48188e+06
1784870618545303847,-1.48333e+06
1784870619370834316,-1.4819e+06
1784870620353490413,-1.48191e+06
1784870622240472085,-1.48192e+06
1784870622516247187,-1.48192e+06
1784870623824635543,-1.48406e+06
1784870624286240219,-1.48407e+06
1784870626922367482,-1.48404e+06
1784870628269434337,-1.48406e+06
1784870628293031637,-1.48394e+06
1784870628428489415,-1.48262e+06
1784870630244255562,-1.48263e+06
1784870632967748639,-1.48264e+06
1784870635592584898,-1.48265e+06
1784870636006827881,-1.48265e+06
1784870636014612170,-1.48266e+06
1784870636051448707,-1.48262e+06
1784870636207607008,-1.48329e+06
1784870637957335748,-1.48331e+06
1784870639027229336,-1.48331e+06
1784870639628151349,-1.48331e+06
1784870639926366038,-1.48331e+06
1784870640860981576,-1.48331e+06
1784870641019336156,-1.48331e+06
1784870643717155191,-1.48331e+06
1784870644970356846,-1.48331e+06
1784870646526563156,-1.48331e+06
1784870648737856512,-1.48333e+06
1784870650865844806,-1.48349e+06
1784870651510470607,-1.48349e+06
1784870652258356190,-1.48349e+06
1784870653368572825,-1.48349e+06
1784870653425633930,-1.48349e+06
1784870653430273748,-1.48349e+06
1784870653439401887,-1.48349e+06
1784870653479417839,-1.48349e+06
1784870653547394352,-1.48349e+06
1784870653633993626,-1.48349e+06
1784870653767359540,-1.48349e+06
1784870653804480872,-1.48349e+06
1784870653945699949,-1.48349e+06
1784870654061448613,-1.48349e+06
1784870654183988930,-1.48349e+06
1784870654306407885,-1.48349e+06
1784870654657077722,-1.48349e+06
1784870654889292730,-1.48349e+06
1784870655039277344,-1.48349e+06
1784870655243365425,-1.48349e+06
1784870655777920299,-1.48349e+06
1784870656147176514,-1.48349e+06
1784870656346696812,-1.48349e+06
1784870657308275774,-1.48349e+06
1784870658207989649,-1.48349e+06
1784870659120287006,-1.48349e+06
1784870659130981697,-1.48349e+06
1784870659147168156,-1.48349e+06
1784870659157399873,-1.48349e+06
1784870659164676508,-1.48349e+06
1784870659184512854,-1.48349e+06
1784870659285224921,-1.48349e+06
1784870659330548732,-1.48349e+06
1784870659459513671,-1.48349e+06
1784870660227843966,-1.48349e+06
1784870663417207272,-1.48349e+06
1784870664978009689,-1.48349e+06
1784870667729338207,-1.48349e+06
1784870667836398295,-1.48349e+06
1784870668678748778,-1.48349e+06
1784870669919061972,-1.48349e+06
1784870671275678938,-1.48349e+06
1784870675719912383,-1.48349e+06
1784870675815637761,-1.48349e+06
1784870676165432332,-1.48349e+06
1784870676478131592,-1.48349e+06
1784870676782775232,-1.48349e+06
1784870677554809136,-1.48349e+06
1784870677938503299,-1.48349e+06
1784870679735869541,-1.48349e+06
1784870681281789129,-1.48349e+06
1784870681307817331,-1.48349e+06
1784870681331911517,-1.4835e+06
1784870681861144861,-1.4835e+06
1784870686581703460,-1.4835e+06
1784870686728914333,-1.4835e+06
1784870691205946486,-1.48349e+06
1784870691757473602,-1.48349e+06
1784870691807090647,-1.4835e+06
1784870693229304693,-1.4835e+06
1784870698906164296,-1.4835e+06
1784870699236800701,-1.4835e+06
1784870699247667060,-1.48346e+06
1784870699263971986,-1.48348e+06
1784870699276336948,-1.49401e+06
1784870699287682758,-1.49673e+06
1784870699299348892,-1.49748e+06
1784870699313106504,-1.4975e+06
1784870699331910810,-1.49754e+06
1784870699341685506,-1.49756e+06
1784870699373359477,-1.4976e+06
1784870699385070339,-1.49753e+06
1784870699403907507,-1.49754e+06
1784870699431765340,-1.49763e+06
1784870699443697173,-1.49764e+06
1784870699451235951,-1.49765e+06
1784870699476287932,-1.49765e+06
1784870699502335781,-1.49765e+06
1784870699520555445,-1.49765e+06
1784870699533960670,-1.49765e+06
1784870699546959398,-1.49765e+06
1784870699547400215,-1.49765e+06
1784870699557983333,-1.49765e+06
1784870699573414975,-1.49765e+06
1784870699573644447,-1.49765e+06
1784870699585534732,-1.49765e+06
1784870699621586324,-1.49766e+06
1784870699638821591,-1.49766e+06
1784870699736377023,-1.49766e+06
1784870699769080341,-1.49766e+06
1784870699920294497,-1.49766e+06
1784870700044924558,-1.49766e+06
1784870700140341441,-1.49766e+06
1784870700387353257,-1.49766e+06
1784870700982346816,-1.49766e+06
1784870701123438855,-1.49766e+06
1784870701335464062,-1.49766e+06
1784870701356257147,-1.49766e+06
1784870701366668693,-1.49766e+06
1784870701382752977,-1.49766e+06
1784870701406830341,-1.49766e+06
1784870701419199005,-1.49766e+06
1784870701439968428,-1.49766e+06
1784870701460292278,-1.49766e+06
1784870701483827497,-1.49766e+06
1784870701493024905,-1.49766e+06
1784870701520940924,-1.49766e+06
1784870701630129576,-1.49766e+06
1784870702031300322,-1.49766e+06
1784870702246427897,-1.49766e+06
1784870702531415838,-1.49766e+06
1784870703066584307,-1.49766e+06
1784870703431026249,-1.49766e+06
1784870703646125329,-1.49766e+06
1784870703764316188,-1.49766e+06
1784870703815004460,-1.49766e+06
1784870703977170914,-1.49766e+06
1784870704250136223,-1.49766e+06
1784870704969879374,-1.49766e+06
1784870705247699972,-1.49766e+06
1784870706214120580,-1.49766e+06
1784870706980478302,-1.49766e+06
1784870707145670106,-1.49766e+06
1784870707320230026,-1.49766e+06
1784870707417437084,-1.49766e+06
1784870707502344779,-1.49766e+06
1784870707646710179,-1.49766e+06
1784870707875399618,-1.49766e+06
1784870708096392476,-1.49766e+06
1784870708416945831,-1.49766e+06
1784870708653273842,-1.49766e+06
1784870709190622588,-1.49766e+06
1784870709203701987,-1.49766e+06
1784870709209158939,-1.49767e+06
1784870709227028435,-1.49767e+06
1784870709241095260,-1.49767e+06
1784870709260545754,-1.49767e+06
1784870709273183356,-1.49767e+06
1784870709405453636,-1.49767e+06
1784870709559211414,-1.49767e+06
1784870709578989185,-1.49767e+06
1784870709707969911,-1.49767e+06
1784870709708435481,-1.49767e+06
1784870709708875261,-1.49767e+06
1784870709709270462,-1.49767e+06
1784870709727000957,-1.49767e+06
1784870709783608637,-1.49767e+06
1784870709968067450,-1.49767e+06
1784870709973025674,-1.49767e+06
1784870709973188742,-1.49767e+06
1784870710004688415,-1.49767e+06
1784870710049807137,-1.49767e+06
1784870710111498785,-1.49767e+06
1784870710306565779,-1.49767e+06
1784870710440094283,-1.49767e+06
1784870710446845741,-1.49767e+06
1784870710469532054,-1.49767e+06
1784870710521407839,-1.49767e+06
1784870710646797856,-1.49767e+06
1784870710694001065,-1.49767e+06
1784870710704382180,-1.49767e+06
1784870710849266711,-1.49767e+06
1784870710849448736,-1.49767e+06
1784870710900792497,-1.49767e+06
1784870711029012604,-1.49767e+06
1784870711292744486,-1.49767e+06
1784870711499961162,-1.49767e+06
1784870711555605149,-1.49767e+06
1784870711644757300,-1.49767e+06
1784870711867289843,-1.49767e+06
1784870711914528502,-1.49767e+06
1784870712183998228,-1.49767e+06
1784870712365652082,-1.49767e+06
1784870712441979930,-1.49767e+06
1784870712556432783,-1.49767e+06
1784870712849927150,-1.49767e+06
1784870712969707019,-1.49767e+06
1784870712978699001,-1.49767e+06
1784870712984667458,-1.49767e+06
1784870713098514103,-1.49767e+06
1784870713434455737,-1.49767e+06
1784870713579813273,-1.49767e+06
1784870714075444264,-1.49767e+06
1784870714540449640,-1.49767e+06
1784870714779974757,-1.49767e+06
1784870715002258902,-1.49767e+06
1784870715094298614,-1.49767e+06
1784870715278663196,-1.49767e+06
1784870715436079174,-1.49767e+06
1784870715676059495,-1.49767e+06
1784870716231325220,-1.49767e+06
1784870717277067149,-1.49767e+06
1784870717304756941,-1.49767e+06
1784870717319283635,-1.49767e+06
1784870717330289774,-1.49767e+06
1784870717341425656,-1.49768e+06
1784870717405788654,-1.49768e+06
1784870717476302451,-1.49768e+06
1784870717481488923,-1.49768e+06
1784870717547153915,-1.49769e+06
1784870717551664682,-1.4977e+06
1784870717623596487,-1.4977e+06
1784870717623757055,-1.49771e+06
1784870717785477346,-1.49771e+06
1784870717875189142,-1.49771e+06
1784870718348485930,-1.49772e+06
1784870718357261678,-1.49772e+06
1784870718449670621,-1.49772e+06
1784870718488568442,-1.49772e+06
1784870718616142306,-1.49772e+06
1784870719026954584,-1.49772e+06
1784870719696212810,-1.49772e+06
1784870720641270653,-1.49772e+06
1784870721353136509,-1.49772e+06
1784870722009327823,-1.49772e+06
1784870723183112219,-1.49772e+06
1784870723190783129,-1.49772e+06
1784870723389356312,-1.49772e+06
1784870723875007645,-1.49772e+06
1784870723884811713,-1.49772e+06
1784870723972611504,-1.49772e+06
1784870724202831861,-1.49772e+06
1784870724574882701,-1.49772e+06
1784870724768109532,-1.49772e+06
1784870724846098445,-1.49772e+06
1784870724877783826,-1.49772e+06
1784870724914931921,-1.49772e+06
1784870724985345646,-1.49772e+06
1784870725010447844,-1.49772e+06
1784870725364116006,-1.49772e+06
1784870725932710048,-1.49772e+06
1784870727110692321,-1.49772e+06
1784870727459405402,-1.49772e+06
1784870727898708671,-1.49772e+06
1784870728162811401,-1.49772e+06
1784870728551734670,-1.49772e+06
1784870728589890768,-1.49772e+06
1784870730375633605,-1.49772e+06
1784870731827836734,-1.49772e+06
1784870734271320837,-1.49772e+06
1784870734590173523,-1.49772e+06
1784870735284464515,-1.49772e+06
1784870735759552249,-1.49773e+06
1784870736920672091,-1.49773e+06
1784870737872128392,-1.49773e+06
1784870738632072429,-1.49773e+06
1784870740874130274,-1.49773e+06
1784870742872841904,-1.49773e+06
1784870743800168782,-1.49771e+06
1784870744870768304,-1.49771e+06
1784870745181495367,-1.49772e+06
1784870746078264476,-1.49773e+06
1784870746325364714,-1.49773e+06
1784870748930233500,-1.49773e+06
1784870749872138046,-1.49773e+06
1784870750362608604,-1.49773e+06
1784870750876274807,-1.49773e+06
1784870750894245033,-1.49773e+06
1784870750983035346,-1.49773e+06
1784870751875014505,-1.49773e+06
1784870752824615852,-1.49773e+06
1784870753883671162,-1.49773e+06
1784870753888994494,-1.49773e+06
1784870754276643483,-1.49773e+06
1784870755797440826,-1.49773e+06
1784870756922003721,-1.49773e+06
1784870758018221328,-1.49773e+06
1784870758577572515,-1.49773e+06
1784870760871210567,-1.49774e+06
1784870761159169282,-1.49774e+06
1784870762038883723,-1.49774e+06
1784870763442762720,-1.49774e+06
1784870764874532012,-1.49774e+06
1784870764887070917,-1.49774e+06
1784870764902876722,-1.49774e+06
1784870764919299353,-1.49774e+06
1784870764919585962,-1.49774e+06
1784870764949465704,-1.49774e+06
1784870764967895894,-1.49774e+06
1784870764997761590,-1.49774e+06
1784870765470003869,-1.49774e+06
1784870765694738663,-1.49774e+06
1784870765713900498,-1.49774e+06
1784870765839049675,-1.49774e+06
1784870766565998177,-1.49774e+06
1784870767067857493,-1.49774e+06
1784870767361234218,-1.49774e+06
1784870767415837572,-1.49774e+06
1784870767616211342,-1.49775e+06
1784870767940093926,-1.49775e+06
1784870768045291238,-1.49775e+06
1784870768170536594,-1.49775e+06
1784870768219119731,-1.49775e+06
1784870768309064111,-1.49775e+06
1784870768335950416,-1.49776e+06
1784870768371943313,-1.49776e+06
1784870768423646258,-1.49776e+06
1784870768592311230,-1.49776e+06
1784870768630601312,-1.49776e+06
1784870768788995721,-1.49776e+06
1784870768873304963,-1.49776e+06
1784870769111076589,-1.49776e+06
1784870769621702573,-1.49776e+06
1784870770022844566,-1.49776e+06
1784870770973243204,-1.49776e+06
1784870771670463219,-1.49776e+06
1784870771804672935,-1.49776e+06
1784870771850499271,-1.49776e+06
1784870771901219426,-1.49776e+06
1784870771983250094,-1.49776e+06
1784870772427293695,-1.49776e+06
1784870773508024023,-1.49776e+06
1784870774303895258,-1.49776e+06
1784870775441125565,-1.49776e+06
1784870775763171281,-1.49776e+06
1784870775870850661,-1.49777e+06
1784870776117021841,-1.49777e+06
1784870776264378072,-1.49777e+06
1784870777073339879,-1.49777e+06
1784870777208129042,-1.49777e+06
1784870777693595891,-1.49777e+06
1784870777918678448,-1.49777e+06
1784870777935679055,-1.49777e+06
1784870777951180413,-1.49777e+06
1784870778041194532,-1.49777e+06
1784870778191313383,-1.49777e+06
1784870778386794772,-1.49777e+06
1784870780274311017,-1.49777e+06
1784870781778960006,-1.49777e+06
1784870783570403303,-1.49777e+06
1784870784246967395,-1.49777e+06
1784870788820158175,-1.49777e+06
1784870790757037070,-1.49777e+06
1784870792065049299,-1.49777e+06
1784870794871380318,-1.49777e+06
1784870795321160688,-1.49777e+06
1784870797872401444,-1.49777e+06
1784870798320328617,-1.49777e+06
1784870798523519512,-1.49777e+06
1784870800870583368,-1.49777e+06
1784870801219752697,-1.49777e+06
1784870802719739594,-1.49777e+06
1784870807662539050,-1.49777e+06
1784870807825307571,-1.49777e+06
1784870810247870175,-1.49778e+06
1784870812341210881,-1.49778e+06
1784870812983643497,-1.49778e+06
1784870813046662021,-1.49778e+06
1784870813061475255,-1.49778e+06
1784870813111205469,-1.49779e+06
1784870813248963555,-1.49779e+06
1784870813563797871,-1.49779e+06
1784870814015318719,-1.4978e+06
1784870814536841099,-1.4978e+06
1784870815015960620,-1.4978e+06
1784870815515100634,-1.4978e+06
1784870815533643140,-1.4978e+06
1784870815539300785,-1.49781e+06
1784870815572218354,-1.49781e+06
1784870815670202393,-1.49781e+06
1784870815974949894,-1.49781e+06
1784870816588760838,-1.49781e+06
1784870816673951568,-1.49781e+06
1784870818541861828,-1.49781e+06
1784870819680332711,-1.49781e+06
1784870819738262817,-1.49781e+06
1784870820045204488,-1.49781e+06
1784870820179614718,-1.49781e+06
1784870820206558803,-1.49781e+06
1784870820253552449,-1.49781e+06
1784870820355179334,-1.49781e+06
1784870820418592073,-1.49782e+06
1784870820603143174,-1.49782e+06
1784870821007079341,-1.49782e+06
1784870821476003892,-1.49782e+06
1784870821710795238,-1.49782e+06
1784870821806986509,-1.49782e+06
1784870822127401077,-1.49783e+06
1784870823954264360,-1.49783e+06
1784870824359617919,-1.49783e+06
1784870826554843049,-1.49783e+06
1784870826596603733,-1.49784e+06
1784870826610533302,-1.49784e+06
1784870826642857121,-1.49784e+06
1784870826710796431,-1.49784e+06
1784870826920149039,-1.49784e+06
1784870827175550045,-1.49784e+06
1784870827624621473,-1.49785e+06
1784870827796574724,-1.49785e+06
1784870828124983148,-1.49785e+06
1784870828277492247,-1.49785e+06
1784870828366490409,-1.49786e+06
1784870828867604054,-1.49786e+06
1784870829331148862,-1.49786e+06
1784870830410759300,-1.49786e+06
1784870830965733307,-1.49787e+06
1784870831411335358,-1.49787e+06
1784870833613128578,-1.49787e+06
1784870833631403987,-1.49787e+06
1784870833677895336,-1.49787e+06
1784870834379878556,-1.49786e+06
1784870836920718284,-1.49787e+06
1784870839929293651,-1.49786e+06
1784870840445082986,-1.49786e+06
1784870840522886365,-1.49787e+06
1784870841292348093,-1.49787e+06
1784870842935237788,-1.49787e+06
1784870843366271928,-1.49787e+06
1784870843397749572,-1.49788e+06
1784870843408678316,-1.49788e+06
1784870844173076297,-1.49789e+06
1784870846737924697,-1.49789e+06
1784870847188082077,-1.49789e+06
1784870848662439771,-1.49789e+06
1784870849346374102,-1.49789e+06
1784870853982852104,-1.49789e+06
1784870860109656846,-1.49789e+06
1784870861506725557,-1.49789e+06
1784870861538880532,-1.49789e+06
1784870861562252976,-1.49789e+06
1784870861790463101,-1.49789e+06
1784870862115788094,-1.49789e+06
1784870864202565458,-1.49789e+06
1784870864558744686,-1.49789e+06
1784870865065356014,-1.49789e+06
1784870865358656957,-1.49789e+06
1784870867918256695,-1.49789e+06
1784870872456055591,-1.49789e+06
1784870874660816026,-1.49789e+06
1784870880529182377,-1.49789e+06
1784870883454205231,-1.49789e+06
1784870884019469809,-1.49789e+06
1784870885350186143,-1.49789e+06
1784870886197876532,-1.49789e+06
1784870886263395010,-1.49789e+06
1784870886348555477,-1.49789e+06
1784870886355939219,-1.49789e+06
1784870886365236636,-1.49789e+06
1784870886921502061,-1.49789e+06
1784870886921719765,-1.49789e+06
1784870887008743290,-1.49789e+06
1784870888743968156,-1.49789e+06
1784870890491434339,-1.49789e+06
1784870890496010653,-1.49789e+06
1784870891742257298,-1.49789e+06
1784870894326723374,-1.49789e+06
1784870894434801814,-1.49789e+06
1784870894460667729,-1.49789e+06
1784870894477813585,-1.49789e+06
1784870894794258343,-1.49789e+06
1784870895204330572,-1.49789e+06
1784870895557949414,-1.49789e+06
1784870896916618545,-1.49789e+06
1784870897508122767,-1.49789e+06
1784870898714953680,-1.49789e+06
1784870898816321756,-1.49789e+06
1784870898829926589,-1.49789e+06
1784870898894219312,-1.49789e+06
1784870899054269113,-1.49789e+06
1784870901242466898,-1.49789e+06
1784870901509086734,-1.49789e+06
1784870902148885426,-1.49789e+06
1784870902208847627,-1.49789e+06
1784870906528739331,-1.49789e+06
1784870907379067312,-1.49777e+06
1784870907380695729,-1.49706e+06
1784870907380910488,-1.59681e+06
1784870907383072378,-1.59682e+06
1784870907478711206,-1.59683e+06
1784870907658916079,-1.59683e+06
1784870908091668613,-1.59684e+06
1784870908393852400,-1.59685e+06
1784870908404277102,-1.59686e+06
1784870908445050229,-1.59687e+06
1784870908603408553,-1.59687e+06
1784870908946614000,-1.59688e+06
1784870908994539670,-1.59689e+06
1784870909053576938,-1.5969e+06
1784870909183149135,-1.59691e+06
1784870909647377902,-1.59691e+06
1784870910163945269,-1.59692e+06
1784870910814145277,-1.59693e+06
1784870911101114828,-1.59694e+06
1784870913141922059,-1.59732e+06
1784870914852550202,-1.59695e+06
1784870916091379407,-1.59696e+06
1784870916242127827,-1.59697e+06
1784870917834355144,-1.59698e+06
1784870918052628853,-1.59699e+06
1784870919586241747,-1.59699e+06
1784870921279115793,-1.597e+06
1784870925332034577,-1.59701e+06
1784870927739397260,-1.5961e+06
1784870931422342921,-1.59703e+06
1784870934875020085,-1.59703e+06
1784870939137267380,-1.59704e+06
1784870946918557363,-1.59705e+06
1784870952481998264,-1.59706e+06
1784870954976179872,-1.59707e+06
1784870962565338436,-1.59707e+06
1784870966008898015,-1.59708e+06
1784870966419604198,-1.59709e+06
1784870966429175934,-1.5971e+06
1784870966443682538,-1.59711e+06
1784870966476237617,-1.59989e+06
1784870966502289739,-1.60138e+06
1784870966582930477,-1.60138e+06
1784870967247137803,-1.60138e+06
1784870967472418334,-1.60138e+06
1784870970184544564,-1.60138e+06
1784870974899190577,-1.60138e+06
1784870976454570742,-1.60138e+06
1784870977820365698,-1.60138e+06
1784870978424815849,-1.60138e+06
1784870981326512312,-1.60309e+06
1784870983987412997,-1.60309e+06
1784870984083994997,-1.61758e+06
1784870984096900847,-1.61531e+06
1784870984100332944,-1.61522e+06
1784870984106402263,-1.61514e+06
1784870984107720233,-1.61507e+06
1784870984123008231,-1.61502e+06
1784870984134375324,-1.61498e+06
1784870984274211368,-1.61671e+06
1784870984550234377,-1.61285e+06
1784870984759630180,-1.6164e+06
1784870986509923633,-1.61637e+06
1784870988584756154,-1.61639e+06
1784870992585418663,-1.61334e+06
1784870992601504171,-1.61482e+06
1784870993076680226,-1.61338e+06
1784870993442726144,-1.61339e+06
1784870994070891582,-1.6134e+06
1784870994090362000,-1.6134e+06
1784870994240109374,-1.61341e+06
1784870995070457803,-1.61342e+06
1784870995319827831,-1.61343e+06
1784870996061882872,-1.61344e+06
1784870996108637817,-1.61344e+06
1784870997450688161,-1.61345e+06
1784870999913331079,-1.61346e+06
1784871000388311313,-1.61347e+06
1784871000503096264,-1.61348e+06
1784871001286054094,-1.61348e+06
1784871001653241765,-1.61349e+06
1784871002218621270,-1.6135e+06
1784871003577507163,-1.6135e+06
1784871003904305980,-1.6135e+06
1784871004971574145,-1.61351e+06
1784871005743220209,-1.61351e+06
1784871006042251534,-1.61351e+06
1784871007167982882,-1.61351e+06
1784871008658854945,-1.61351e+06
1784871009533415625,-1.61351e+06
1784871010355439284,-1.61351e+06
1784871010869101664,-1.61351e+06
1784871011182170090,-1.61351e+06
1784871011631050511,-1.61351e+06
1784871011649771409,-1.61351e+06
1784871011706509499,-1.61351e+06
1784871011706747022,-1.61351e+06
1784871011706942845,-1.61351e+06
1784871011707135087,-1.61351e+06
1784871011707373709,-1.61351e+06
1784871011727748001,-1.61351e+06
1784871011809177440,-1.61351e+06
1784871011877147797,-1.61351e+06
1784871012004112901,-1.61351e+06
1784871012125928388,-1.61351e+06
1784871012336644286,-1.6135e+06
1784871012557364486,-1.61351e+06
1784871012701439928,-1.61351e+06
1784871013039333246,-1.61351e+06
1784871013669111948,-1.61351e+06
1784871016348227499,-1.61351e+06
1784871016522941192,-1.61351e+06
1784871016545119008,-1.61351e+06
1784871017255868448,-1.61351e+06
1784871020119530787,-1.61351e+06
1784871021576721106,-1.61351e+06
1784871023480028389,-1.61351e+06
1784871023916111183,-1.61352e+06
1784871025687085105,-1.61352e+06
1784871026263640158,-1.61352e+06
1784871027697528927,-1.61352e+06
1784871028094173568,-1.61352e+06
1784871029379268774,-1.61352e+06
1784871029945793404,-1.61352e+06
1784871030070567495,-1.61353e+06
1784871031228221167,-1.61353e+06
1784871031455166747,-1.61353e+06
1784871034749248560,-1.61353e+06
1784871035360301326,-1.61353e+06
1784871036606651287,-1.61353e+06
1784871037229564660,-1.61353e+06
1784871038051097651,-1.61353e+06
1784871038122333185,-1.61353e+06
1784871038146962401,-1.61353e+06
1784871038402123293,-1.61353e+06
1784871038865947188,-1.61353e+06
1784871039317484075,-1.61353e+06
1784871039551756197,-1.61353e+06
1784871040051048894,-1.61353e+06
1784871041581425793,-1.61352e+06
1784871041981846472,-1.61353e+06
1784871046173300892,-1.61353e+06
1784871049430007876,-1.61353e+06
1784871052335376715,-1.61353e+06
1784871055004020119,-1.61353e+06
1784871058085533756,-1.61353e+06
1784871059663900715,-1.61353e+06
1784871060117379839,-1.61353e+06
1784871061805230333,-1.61353e+06
1784871062153831845,-1.61353e+06
1784871062251787810,-1.61353e+06
1784871066171500886,-1.61353e+06
1784871067878515676,-1.61353e+06
1784871069009096109,-1.61353e+06
1784871072100625159,-1.61354e+06
1784871073261681342,-1.61354e+06
1784871075292530187,-1.61354e+06
1784871077141727938,-1.61354e+06
1784871081310766068,-1.61354e+06
1784871084116719293,-1.61354e+06
1784871085058994554,-1.61354e+06
1784871086038756581,-1.61354e+06
1784871087625855762,-1.61354e+06
1784871089217739413,-1.61354e+06
1784871092056886621,-1.61354e+06
1784871100232541031,-1.61354e+06
1784871107993817231,-1.61354e+06
1784871109673522755,-1.61354e+06
1784871109875327917,-1.61354e+06
1784871109890627163,-1.61354e+06
1784871109913471917,-1.61354e+06
1784871109955040709,-1.61354e+06
1784871110239008316,-1.61354e+06
1784871110920547962,-1.61354e+06
1784871111085493431,-1.61354e+06
1784871112867882228,-1.61354e+06
1784871114312840229,-1.61354e+06
1784871119379314031,-1.61354e+06
1784871121545424071,-1.61354e+06
1784871122686474676,-1.61354e+06
1784871124743073789,-1.61354e+06
1784871124778353239,-1.61354e+06
1784871125071884086,-1.61354e+06
1784871126975249546,-1.61353e+06
1784871127994934504,-1.61353e+06
1784871128963579563,-1.61354e+06
1784871129580174592,-1.61354e+06
1784871129606869113,-1.61354e+06
1784871130074535248,-1.61354e+06
1784871131426448788,-1.61354e+06
1784871131612863526,-1.61354e+06
1784871133800240765,-1.61354e+06
1784871134554408887,-1.61354e+06
1784871136423093056,-1.61355e+06
1784871139664245630,-1.61355e+06
1784871142959115826,-1.61355e+06
1784871145014362562,-1.61355e+06
1784871145873384059,-1.61355e+06
1784871147436273343,-1.61355e+06
1784871147471296301,-1.61355e+06
1784871147912964786,-1.61355e+06
1784871149710503535,-1.61355e+06
1784871150058334025,-1.61355e+06
1784871150875652291,-1.61355e+06
1784871152658842259,-1.61355e+06
1784871153205641983,-1.61355e+06
1784871156191662085,-1.61355e+06
1784871156296348947,-1.61355e+06
1784871157877767859,-1.61355e+06
1784871158325223969,-1.61355e+06
1784871158886478001,-1.61354e+06
1784871162292714298,-1.61354e+06
1784871163396922307,-1.61354e+06
1784871164401384603,-1.61354e+06
1784871168486507405,-1.61355e+06
1784871169878817261,-1.61355e+06
1784871170343201465,-1.61355e+06
1784871171534579881,-1.61355e+06
1784871172140713487,-1.61355e+06
1784871173169036801,-1.61355e+06
1784871173936776642,-1.61355e+06
1784871173967809675,-1.61355e+06
1784871174090117978,-1.61355e+06
1784871174508232534,-1.61355e+06
1784871175089180825,-1.61355e+06
1784871177049449899,-1.61355e+06
1784871177100518478,-1.61355e+06
1784871177104552391,-1.61355e+06
1784871177180362780,-1.61355e+06
1784871177404185730,-1.61355e+06
1784871178433786719,-1.61355e+06
1784871179889498173,-1.61355e+06
1784871181078509128,-1.61355e+06
1784871182466366826,-1.61355e+06
1784871185061248813,-1.61355e+06
1784871185198509506,-1.61356e+06
1784871187167799152,-1.61356e+06
1784871190066257527,-1.61356e+06
1784871191948819731,-1.61356e+06
1784871193570810466,-1.61356e+06
1784871194600614074,-1.61356e+06
1784871194898654661,-1.61356e+06
1784871195234909856,-1.61356e+06
1784871195385525183,-1.61356e+06
1784871195676966783,-1.61356e+06
1784871195690579445,-1.61356e+06
1784871195690766374,-1.62746e+06
1784871195696831040,-1.63012e+06
1784871195698653286,-1.63012e+06
1784871195698793282,-1.64135e+06
1784871195698924613,-1.64432e+06
1784871195708622853,-1.64434e+06
1784871195756027777,-1.64436e+06
1784871195830398713,-1.64393e+06
1784871195906951908,-1.64222e+06
1784871196064408100,-1.64333e+06
1784871196252287667,-1.64224e+06
1784871196290901634,-1.64224e+06
1784871196557002325,-1.64225e+06
1784871196928315918,-1.64411e+06
1784871196928637158,-1.66347e+06
1784871196928917976,-1.66453e+06
1784871196929168241,-1.69081e+06
1784871196929441624,-1.69083e+06
1784871196929878541,-1.69116e+06
1784871196984496455,-1.69058e+06
1784871197039412547,-1.6906e+06
1784871197372451265,-1.69061e+06
1784871198039880041,-1.69112e+06
1784871198281308186,-1.69112e+06
1784871198849252858,-1.69113e+06
1784871199022224997,-1.69114e+06
1784871199260569344,-1.69115e+06
1784871199864201330,-1.69116e+06
1784871200016507414,-1.69116e+06
1784871200340558172,-1.69117e+06
1784871200888285482,-1.69118e+06
1784871202019603541,-1.69119e+06
1784871203006322520,-1.6912e+06
1784871203239640323,-1.6912e+06
1784871203352318467,-1.69121e+06
1784871203918749511,-1.69122e+06
1784871205413387072,-1.69123e+06
1784871206047447475,-1.69124e+06
1784871207067703559,-1.69125e+06
1784871208822110729,-1.69126e+06
1784871208823923404,-1.6914e+06
1784871208869030571,-1.69141e+06
1784871208974806086,-1.69141e+06
1784871209331776006,-1.69141e+06
1784871209914420789,-1.69141e+06
1784871211081895801,-1.69141e+06
1784871214267099818,-1.69141e+06
1784871215280730452,-1.69141e+06
1784871216641815373,-1.69236e+06
1784871216641815373,-1.69236e+06
1784871216647633036,-1.7092e+06
1784871216651963454,-1.70921e+06
1784871216914451689,-1.70922e+06
1784871216915005643,-1.70922e+06
1784871216958448079,-1.70923e+06
1784871217159390699,-1.70924e+06
1784871218094478843,-1.70925e+06
1784871219611179773,-1.70926e+06
1784871219611359868,-1.7093e+06
1784871219611536329,-1.70927e+06
1784871219632054329,-1.70928e+06
1784871219890189116,-1.70929e+06
1784871220868287094,-1.7093e+06
1784871221169386474,-1.7093e+06
1784871221473672125,-1.7093e+06
1784871222206825971,-1.7093e+06
1784871225200189295,-1.7093e+06
1784871226019723786,-1.7093e+06
1784871226322881594,-1.7093e+06
1784871227484217126,-1.7093e+06
1784871227519305453,-1.7093e+06
1784871227545697414,-1.7093e+06
1784871227591403202,-1.7093e+06
1784871227866913882,-1.70931e+06
1784871228140469662,-1.70931e+06
1784871228152266272,-1.70931e+06
1784871228170518996,-1.70931e+06
1784871228176539512,-1.70931e+06
1784871228232903480,-1.70931e+06
1784871228300773192,-1.70931e+06
1784871228335101942,-1.70932e+06
1784871228365812812,-1.70932e+06
1784871228396502956,-1.70932e+06
1784871228530782483,-1.70932e+06
1784871228578887596,-1.70932e+06
1784871228674462614,-1.70932e+06
1784871228731632293,-1.70932e+06
1784871229110506575,-1.70932e+06
1784871229453141467,-1.70932e+06
1784871229471955109,-1.70932e+06
1784871229564237400,-1.70932e+06
1784871229597903632,-1.70932e+06
1784871229663472286,-1.70932e+06
1784871229905660249,-1.70932e+06
1784871233012750877,-1.70932e+06
1784871233539396999,-1.70932e+06
1784871234138681023,-1.70932e+06
1784871234739628711,-1.70932e+06
1784871234824856788,-1.70932e+06
1784871235167404243,-1.70932e+06
1784871235840140988,-1.70932e+06
1784871236234971508,-1.70932e+06
1784871237220388241,-1.70932e+06
1784871237251361295,-1.70932e+06
1784871239182225017,-1.70932e+06
1784871241065711961,-1.70932e+06
1784871241400973645,-1.70932e+06
1784871241437023037,-1.70932e+06
1784871241455571219,-1.70932e+06
1784871241469011371,-1.70932e+06
1784871241546375195,-1.70932e+06
1784871241573446627,-1.70932e+06
1784871241581436817,-1.70932e+06
1784871241613521128,-1.70932e+06
1784871241632508545,-1.70933e+06
1784871241685353501,-1.70933e+06
1784871241764749407,-1.70933e+06
1784871241832895823,-1.70933e+06
1784871241852127863,-1.70933e+06
1784871241868456216,-1.70933e+06
1784871242069694077,-1.70933e+06
1784871242116603056,-1.70933e+06
1784871242700233239,-1.70933e+06
1784871244627082085,-1.70933e+06
1784871245234935075,-1.70933e+06
1784871246489019781,-1.70933e+06
1784871247518514383,-1.70933e+06
1784871247598686564,-1.70933e+06
1784871247907837375,-1.70933e+06
1784871247908013321,-1.70933e+06
1784871248161437002,-1.70933e+06
1784871249720337307,-1.70933e+06
1784871250945040059,-1.70933e+06
1784871252074315149,-1.70933e+06
1784871255375851006,-1.70933e+06
1784871256641366790,-1.70933e+06
1784871258412459225,-1.70933e+06
1784871258643775973,-1.70933e+06
1784871259135804135,-1.70934e+06
1784871259317920151,-1.70934e+06
1784871259531173894,-1.70934e+06
1784871260060216418,-1.70934e+06
1784871262045099382,-1.70934e+06
1784871262280088763,-1.70934e+06
1784871263139412562,-1.70934e+06
1784871264440412302,-1.70934e+06
1784871265386740304,-1.70934e+06
1784871265414813560,-1.70934e+06
1784871265486071851,-1.70934e+06
1784871265612913224,-1.70934e+06
1784871265820054777,-1.70934e+06
1784871267090391272,-1.70934e+06
1784871267112378745,-1.70934e+06
1784871267127348787,-1.70934e+06
1784871267257158479,-1.70934e+06
1784871267488418095,-1.70934e+06
1784871269044517960,-1.70934e+06
1784871269908028473,-1.70934e+06
1784871270006282382,-1.70934e+06
1784871270018660072,-1.70934e+06
1784871270026984406,-1.70934e+06
1784871270041939133,-1.70934e+06
1784871270056839452,-1.70934e+06
1784871270079051832,-1.70934e+06
1784871270153194641,-1.70934e+06
1784871270265039004,-1.70934e+06
1784871270314654843,-1.70934e+06
1784871270325522933,-1.70935e+06
1784871270330928539,-1.70935e+06
1784871270335517618,-1.70935e+06
1784871270458365880,-1.70935e+06
1784871270982839377,-1.70935e+06
1784871271749739481,-1.70935e+06
1784871271756490502,-1.70935e+06
1784871271763813005,-1.70935e+06
1784871271769379523,-1.70935e+06
1784871271777762861,-1.70935e+06
1784871271788170088,-1.70935e+06
1784871271806672777,-1.70935e+06
1784871271844360297,-1.70935e+06
1784871271913241555,-1.70935e+06
1784871271963803808,-1.70935e+06
1784871272084896468,-1.70935e+06
1784871272123100430,-1.70935e+06
1784871272216151691,-1.70935e+06
1784871272815087370,-1.70935e+06
1784871274101439996,-1.70935e+06
1784871274348916039,-1.70935e+06
1784871274397213942,-1.70935e+06
1784871275772218789,-1.70935e+06
1784871276116574460,-1.70935e+06
1784871276151154912,-1.70935e+06
1784871276300249800,-1.70935e+06
1784871276739386931,-1.70935e+06
1784871277014583396,-1.70935e+06
1784871277238139318,-1.70935e+06
1784871277465718736,-1.70935e+06
1784871277872232434,-1.70935e+06
1784871279302765506,-1.70935e+06
1784871280015957620,-1.70935e+06
1784871280857102153,-1.70935e+06
1784871280865270310,-1.70935e+06
1784871280878407303,-1.70936e+06
1784871280878604980,-1.70936e+06
1784871280894939954,-1.70937e+06
1784871280901127240,-1.70937e+06
1784871280927881026,-1.70937e+06
1784871280948449248,-1.70937e+06
1784871280948631601,-1.70937e+06
1784871280956165258,-1.70938e+06
1784871280994890061,-1.70938e+06
1784871281010794009,-1.70938e+06
1784871281030369119,-1.70938e+06
1784871281045618881,-1.70938e+06
1784871281157042868,-1.70938e+06
1784871281516472159,-1.70938e+06
1784871282128326082,-1.70938e+06
1784871282698434841,-1.70938e+06
1784871284234164910,-1.70938e+06
1784871284308491426,-1.70938e+06
1784871284327404219,-1.70937e+06
1784871284480862683,-1.70938e+06
1784871284664204626,-1.70938e+06
1784871285081346295,-1.70938e+06
1784871285140687515,-1.70938e+06
1784871286064427928,-1.70938e+06
1784871286142249438,-1.70938e+06
1784871286152615241,-1.70938e+06
1784871286190317656,-1.7094e+06
1784871286213400148,-1.70938e+06
1784871286225858044,-1.70939e+06
1784871286232157216,-1.70939e+06
1784871286272910438,-1.7094e+06
1784871286325320366,-1.7094e+06
1784871286440392591,-1.7094e+06
1784871286912553402,-1.7094e+06
1784871287129263509,-1.7094e+06
1784871287726618876,-1.7094e+06
1784871287819281925,-1.7094e+06
1784871287858697695,-1.7094e+06
1784871287974878173,-1.7094e+06
1784871289126488804,-1.7094e+06
1784871290418268298,-1.7094e+06
1784871290812528226,-1.7094e+06
1784871291288333362,-1.7094e+06
1784871291887115216,-1.7094e+06
1784871292890207532,-1.7094e+06
1784871293133386706,-1.7094e+06
1784871294938521110,-1.7094e+06
1784871297998779828,-1.7094e+06
1784871299369157206,-1.7094e+06
1784871300058189419,-1.7094e+06
1784871300183691010,-1.7094e+06
1784871300200043787,-1.7094e+06
1784871300219273361,-1.70941e+06
1784871300237836715,-1.70941e+06
1784871300248440329,-1.70941e+06
1784871300286988345,-1.70941e+06
1784871300340275655,-1.70941e+06
1784871300376549613,-1.70941e+06
1784871300483071456,-1.70941e+06
1784871300566634294,-1.70941e+06
1784871300638991091,-1.70941e+06
1784871300725806988,-1.70941e+06
1784871301131719754,-1.70941e+06
1784871301902452163,-1.70941e+06
1784871302943183754,-1.70941e+06
1784871304329212316,-1.70941e+06
1784871304776410554,-1.70941e+06
1784871305886124093,-1.70941e+06
1784871305943657945,-1.70941e+06
1784871305944234143,-1.70941e+06
1784871305946180209,-1.70941e+06
1784871305953349985,-1.70941e+06
1784871305963823920,-1.70941e+06
1784871306025108697,-1.70942e+06
1784871306335563025,-1.70942e+06
1784871307049645770,-1.70942e+06
1784871307385768485,-1.70942e+06
1784871309060919775,-1.70942e+06
1784871309077242626,-1.70942e+06
1784871309091467753,-1.70942e+06
1784871309096010055,-1.70942e+06
1784871309105719864,-1.70942e+06
1784871309145957923,-1.70942e+06
1784871309666413872,-1.70942e+06
1784871310416937980,-1.70942e+06
1784871310779052204,-1.70942e+06
1784871311181884396,-1.70942e+06
1784871311318443123,-1.70942e+06
1784871311350777345,-1.70942e+06
1784871311524468874,-1.70942e+06
1784871312959656705,-1.70942e+06
1784871313232329625,-1.70942e+06
1784871313368433787,-1.70942e+06
1784871313865433474,-1.70942e+06
1784871314241906462,-1.70942e+06
1784871315010296047,-1.70942e+06
1784871315058921700,-1.70942e+06
1784871315203323597,-1.70942e+06
1784871315307985095,-1.70942e+06
1784871315739596521,-1.70942e+06
1784871316107687323,-1.70942e+06
1784871317267630893,-1.70942e+06
1784871317434402365,-1.70942e+06
1784871317536105885,-1.70942e+06
1784871317564276898,-1.70942e+06
1784871317587388647,-1.70942e+06
1784871318036035464,-1.70942e+06
1784871318867878872,-1.70942e+06
1784871319367306051,-1.70942e+06
1784871319848960265,-1.70942e+06
1784871319858628723,-1.70942e+06
1784871319865799465,-1.70942e+06
1784871319911512439,-1.70942e+06
1784871319953563711,-1.70942e+06
1784871320474385550,-1.70942e+06
1784871321074506146,-1.70942e+06
1784871321087265917,-1.70942e+06
1784871321122376788,-1.70942e+06
1784871321138726762,-1.70942e+06
1784871321139015393,-1.70942e+06
1784871321150429936,-1.70942e+06
1784871321287234220,-1.70942e+06
1784871321567155915,-1.70942e+06
1784871322121853856,-1.70942e+06
1784871322601611699,-1.70942e+06
1784871323332085637,-1.70942e+06
1784871323466499955,-1.70942e+06
1784871323997830281,-1.70942e+06
1784871324254387012,-1.70942e+06
1784871324414988562,-1.70942e+06
1784871325136037343,-1.70942e+06
1784871325271970526,-1.70942e+06
1784871325969291833,-1.70942e+06
1784871326863673190,-1.70942e+06
1784871329343127922,-1.70942e+06
1784871329903076662,-1.70942e+06
1784871331044530443,-1.70942e+06
1784871332864386166,-1.70942e+06
1784871334076970701,-1.70942e+06
1784871335219785707,-1.70941e+06
1784871335864658950,-1.70941e+06
1784871337615573300,-1.70941e+06
1784871337619826004,-1.70942e+06
1784871337681737650,-1.70942e+06
1784871337863988785,-1.70942e+06
1784871338520737019,-1.70942e+06
1784871339112286326,-1.70942e+06
1784871341296417359,-1.70942e+06
1784871341733599791,-1.70942e+06
1784871341826870624,-1.70942e+06
1784871343401646044,-1.70942e+06
1784871344193706854,-1.70942e+06
1784871345008426000,-1.70942e+06
1784871345169086116,-1.70942e+06
1784871348768861884,-1.70942e+06
1784871350176628244,-1.70942e+06
1784871351399959584,-1.70942e+06
1784871351418720908,-1.70942e+06
1784871351607517337,-1.70942e+06
1784871352686376270,-1.70942e+06
1784871354246250748,-1.70942e+06
1784871355587041927,-1.70942e+06
1784871356783653036,-1.70942e+06
1784871357834819730,-1.70942e+06
1784871360494933822,-1.70942e+06
1784871360796571842,-1.70942e+06
1784871362860720602,-1.70942e+06
1784871363584105528,-1.70942e+06
1784871364671377121,-1.70942e+06
1784871365867859466,-1.7094e+06
1784871366620266483,-1.70941e+06
1784871367046146714,-1.70941e+06
1784871367301269397,-1.70942e+06
1784871367968089421,-1.70942e+06
1784871369861258971,-1.70942e+06
1784871370843843112,-1.70942e+06
1784871371310704251,-1.70943e+06
1784871372083715545,-1.70943e+06
1784871373016224373,-1.70943e+06
1784871375700092385,-1.70943e+06
1784871377587061581,-1.70943e+06
1784871378874481685,-1.70943e+06
1784871380406043974,-1.70943e+06
1784871381237207651,-1.70943e+06
1784871382091084755,-1.70943e+06
1784871383257967232,-1.70943e+06
1784871385350839754,-1.70943e+06
1784871386213642995,-1.70943e+06
1784871388872580900,-1.70943e+06
1784871389860754105,-1.70943e+06
1784871390398262574,-1.70943e+06
1784871392280372084,-1.70943e+06
1784871393377791881,-1.70943e+06
1784871395015045344,-1.70943e+06
1784871395356730194,-1.70943e+06
1784871396763887952,-1.70943e+06
1784871396913774527,-1.70943e+06
1784871396913902021,-1.70943e+06
1784871396914143957,-1.70943e+06
1784871396914278188,-1.70943e+06
1784871397016179526,-1.70943e+06
1784871397056977388,-1.70943e+06
1784871397191289309,-1.70943e+06
1784871398154798832,-1.70943e+06
1784871399870413101,-1.70943e+06
1784871400917114476,-1.70943e+06
1784871400931154443,-1.70943e+06
1784871400953046832,-1.70943e+06
1784871400971973874,-1.70943e+06
1784871401069727275,-1.70943e+06
1784871401350480744,-1.70943e+06
1784871401375155215,-1.70943e+06
1784871401687046717,-1.70944e+06
1784871402417967121,-1.70944e+06
1784871404785319122,-1.70944e+06
1784871407410827778,-1.70944e+06
1784871409009995368,-1.70944e+06
1784871409010363330,-1.70944e+06
1784871411863376741,-1.70944e+06
1784871413277424917,-1.70944e+06
1784871414009130931,-1.70944e+06
1784871415099921905,-1.70944e+06
1784871416344491151,-1.70944e+06
1784871416408362620,-1.70944e+06
1784871416418609008,-1.70944e+06
1784871416703508622,-1.70944e+06
1784871417319322409,-1.70944e+06
1784871418006654236,-1.70944e+06
1784871419006481145,-1.70944e+06
1784871422667621405,-1.70944e+06
1784871424075295919,-1.70944e+06
1784871424605826519,-1.70944e+06
1784871426987974022,-1.70944e+06
1784871429738481532,-1.70944e+06
1784871429978149632,-1.70944e+06
1784871431389952099,-1.70944e+06
1784871431412746088,-1.70944e+06
1784871431421288943,-1.70944e+06
1784871431589931611,-1.70944e+06
1784871431875677050,-1.70944e+06
1784871432509695885,-1.70945e+06
1784871433162420065,-1.70945e+06
1784871433223773626,-1.70945e+06
1784871433895518601,-1.70945e+06
1784871435200755334,-1.70945e+06
1784871435406659725,-1.70945e+06
1784871435406849317,-1.70945e+06
1784871435416394235,-1.70946e+06
1784871435548171767,-1.70947e+06
1784871435977753744,-1.70947e+06
1784871436707052639,-1.70947e+06
1784871436733079344,-1.70947e+06
1784871436764911160,-1.70947e+06
1784871436783220406,-1.70947e+06
1784871436914576870,-1.70947e+06
1784871436915030325,-1.70947e+06
1784871436918852158,-1.70947e+06
1784871436919065647,-1.70947e+06
1784871437090087222,-1.70947e+06
1784871437149531589,-1.70947e+06
1784871437207083054,-1.70947e+06
1784871437449861138,-1.70947e+06
1784871437689028809,-1.70947e+06
1784871439573644794,-1.70947e+06
1784871442249557599,-1.70947e+06
1784871445422285964,-1.70947e+06
1784871445569745649,-1.70947e+06
1784871445733435771,-1.70947e+06
1784871446003478482,-1.70947e+06
1784871446412008747,-1.70947e+06
1784871446444711707,-1.70947e+06
1784871446561020552,-1.70947e+06
1784871446569119676,-1.70947e+06
1784871446634434011,-1.70947e+06
1784871447400352427,-1.70947e+06
1784871447443919706,-1.70947e+06
1784871447908131385,-1.70947e+06
1784871448305246850,-1.70947e+06
1784871448358010664,-1.70947e+06
1784871448677392074,-1.70947e+06
1784871449925515988,-1.70947e+06
1784871450814151945,-1.71971e+06
1784871450827579703,-1.74609e+06
1784871450920732144,-1.7461e+06
1784871451064863465,-1.7461e+06
1784871451464485229,-1.74611e+06
1784871452554676372,-1.74612e+06
1784871453121567233,-1.74613e+06
1784871453427271635,-1.74614e+06
1784871453896656877,-1.74614e+06
1784871454819825112,-1.74615e+06
1784871456034230033,-1.74616e+06
1784871456076610549,-1.74617e+06
1784871456091820815,-1.74617e+06
1784871456105034914,-1.74618e+06
1784871456136591031,-1.74619e+06
1784871456226762214,-1.7462e+06
1784871456476295423,-1.74621e+06
1784871456528568193,-1.74622e+06
1784871456735833905,-1.74622e+06
1784871457513944852,-1.74623e+06
1784871460064618195,-1.74624e+06
1784871461338675526,-1.74625e+06
1784871461395623944,-1.74626e+06
1784871462136064723,-1.74626e+06
1784871465863071181,-1.74627e+06
1784871468983962245,-1.74628e+06
1784871469069157843,-1.74629e+06
1784871469113723954,-1.7463e+06
1784871469266308678,-1.7463e+06
1784871469580170523,-1.74631e+06
1784871469715208733,-1.74632e+06
1784871470866434219,-1.74633e+06
1784871473448892931,-1.74634e+06
1784871476445817775,-1.74634e+06
1784871479115632449,-1.74635e+06
1784871481481683315,-1.74636e+06
1784871483083842431,-1.74596e+06
1784871483175745518,-1.74638e+06
1784871483209103602,-1.74638e+06
1784871483278839069,-1.74639e+06
1784871483546601631,-1.7464e+06
1784871484516775468,-1.74641e+06
1784871485341419298,-1.74642e+06
1784871485770277147,-1.74642e+06
1784871487425819323,-1.74643e+06
1784871488979668311,-1.74644e+06
1784871490298298676,-1.74645e+06
1784871491124534107,-1.74646e+06
1784871491146818660,-1.74646e+06
1784871491156413057,-1.74647e+06
1784871491168476774,-1.74648e+06
1784871491177260606,-1.74648e+06
1784871491213002254,-1.74649e+06
1784871491296667484,-1.74649e+06
1784871491446959402,-1.74649e+06
1784871491454768341,-1.74649e+06
1784871491460038102,-1.74649e+06
1784871491619996167,-1.74649e+06
1784871491749515031,-1.74649e+06
1784871491940036024,-1.74649e+06
1784871492352778234,-1.74649e+06
1784871492584752025,-1.74649e+06
1784871492817238350,-1.74649e+06
1784871492830361205,-1.74649e+06
1784871492851916694,-1.74649e+06
1784871492872353584,-1.74649e+06
1784871492883204581,-1.74649e+06
1784871492904498372,-1.74649e+06
1784871492914695839,-1.74649e+06
1784871492935463382,-1.74649e+06
1784871492959552199,-1.74649e+06
1784871492975324407,-1.74649e+06
1784871493010253297,-1.74649e+06
1784871493022357749,-1.74649e+06
1784871493026418808,-1.74649e+06
1784871493066886188,-1.74649e+06
1784871493196073728,-1.74649e+06
1784871493481538326,-1.74649e+06
1784871493966401994,-1.74649e+06
1784871496125459691,-1.74649e+06
1784871496257639413,-1.74649e+06
1784871496351593172,-1.74649e+06
1784871496603545315,-1.74649e+06
1784871497072747553,-1.74649e+06
1784871498309348273,-1.74649e+06
1784871498338814630,-1.74649e+06
1784871498360360149,-1.74649e+06
1784871498861820539,-1.74649e+06
1784871499377218060,-1.74649e+06
1784871499540250119,-1.74649e+06
1784871499625762952,-1.74649e+06
1784871499888508350,-1.74649e+06
1784871500867652678,-1.74649e+06
1784871501865830874,-1.74649e+06
1784871503627015720,-1.74649e+06
1784871503833048554,-1.74649e+06
1784871503932242331,-1.74649e+06
1784871504320486671,-1.74649e+06
1784871505861760705,-1.74649e+06
1784871507996558612,-1.74649e+06
1784871509252017746,-1.74649e+06
1784871509270474277,-1.75898e+06
1784871509273939759,-1.774e+06
1784871509274182379,-1.77402e+06
1784871509275793234,-1.77403e+06
1784871509280913447,-1.78019e+06
1784871509283106161,-1.78021e+06
1784871509293052277,-1.77943e+06
1784871509300126378,-1.78009e+06
1784871509315116139,-1.77865e+06
1784871509326354568,-1.7787e+06
1784871509337858089,-1.77872e+06
1784871509423413449,-1.78087e+06
1784871509470396119,-1.77989e+06
1784871509489593170,-1.78136e+06
1784871509845875682,-1.77871e+06
1784871510669683372,-1.78229e+06
1784871510723887014,-1.78231e+06
1784871511397456555,-1.78223e+06
1784871512781353585,-1.7823e+06
1784871513160089814,-1.78232e+06
1784871514132500302,-1.78234e+06
1784871514511514157,-1.78235e+06
1784871515615204015,-1.78236e+06
1784871515889548722,-1.78238e+06
1784871517154151253,-1.78239e+06
1784871517640837294,-1.78246e+06
1784871518696819123,-1.78246e+06
1784871518873268010,-1.78246e+06
1784871519063946054,-1.78246e+06
1784871519073625277,-1.78246e+06
1784871519077423290,-1.78246e+06
1784871519155495381,-1.78247e+06
1784871519226753942,-1.78247e+06
1784871520786228696,-1.78247e+06
1784871521241005143,-1.78247e+06
1784871521384863695,-1.78247e+06
1784871523022767199,-1.78247e+06
1784871523028541032,-1.78247e+06
1784871523042712350,-1.78247e+06
1784871523056301040,-1.78247e+06
1784871523070909357,-1.78247e+06
1784871523090401103,-1.78247e+06
1784871523177020327,-1.78247e+06
1784871523224229951,-1.78247e+06
1784871523353437423,-1.78247e+06
1784871524132647251,-1.78247e+06
1784871525666921567,-1.78247e+06
1784871525820731549,-1.78247e+06
1784871526091428049,-1.78247e+06
1784871526267431064,-1.78247e+06
1784871526394300071,-1.78247e+06
1784871526418528333,-1.78247e+06
1784871526547417796,-1.78247e+06
1784871526574987406,-1.78247e+06
1784871526715141237,-1.78247e+06
1784871526736276915,-1.78247e+06
1784871526914243863,-1.78247e+06
1784871526998598639,-1.78247e+06
1784871527138382094,-1.78247e+06
1784871527182884934,-1.78247e+06
1784871527294731945,-1.78247e+06
1784871527339519615,-1.78247e+06
1784871527594422504,-1.78247e+06
1784871527750864879,-1.78247e+06
1784871528376285972,-1.78247e+06
1784871528537538873,-1.78247e+06
1784871529016753496,-1.78247e+06
1784871529553530068,-1.78247e+06
1784871530687003982,-1.78247e+06
1784871530694252712,-1.78247e+06
1784871530729211251,-1.78247e+06
1784871530829557362,-1.78247e+06
1784871530859161013,-1.78247e+06
1784871531130184663,-1.78247e+06
1784871532044099317,-1.78503e+06
1784871532045987408,-1.7863e+06
1784871532047938200,-1.78631e+06
1784871532056283775,-1.78632e+06
1784871532064925301,-1.78626e+06
1784871532065179002,-1.78627e+06
1784871532077779760,-1.78629e+06
1784871532191619339,-1.78631e+06
1784871532206898564,-1.78632e+06
1784871532409245564,-1.78617e+06
1784871532525410973,-1.78608e+06
1784871532551921767,-1.78627e+06
1784871532571962145,-1.78629e+06
1784871532572150936,-1.78632e+06
1784871532574993500,-1.78639e+06
1784871532575164677,-1.78639e+06
1784871532591684186,-1.7864e+06
1784871532591847404,-1.78641e+06
1784871532602722018,-1.78641e+06
1784871532667279409,-1.78641e+06
1784871532710075742,-1.78642e+06
1784871532732645786,-1.78644e+06
1784871532743214302,-1.7865e+06
1784871532841560332,-1.78656e+06
1784871533019837283,-1.78682e+06
1784871533135512303,-1.78682e+06
1784871533173218374,-1.78682e+06
1784871533460624791,-1.78682e+06
1784871533891863157,-1.78682e+06
1784871534424149402,-1.78682e+06
1784871534628702743,-1.78682e+06
1784871534849280890,-1.78682e+06
1784871535131598410,-1.78682e+06
1784871535293646019,-1.78682e+06
1784871535551998890,-1.78682e+06
1784871535558865008,-1.78682e+06
1784871535595978177,-1.78682e+06
1784871535731657775,-1.78683e+06
1784871535748473159,-1.78683e+06
1784871535765277586,-1.78683e+06
1784871535791893195,-1.78683e+06
1784871536041244802,-1.78684e+06
1784871536349327345,-1.78684e+06
1784871537822511555,-1.78684e+06
1784871537875339470,-1.78684e+06
1784871537891586156,-1.78684e+06
1784871538873660542,-1.78684e+06
1784871539157350451,-1.78684e+06
1784871539173717072,-1.78684e+06
1784871539321119592,-1.78684e+06
1784871539530233184,-1.78684e+06
1784871539840363260,-1.78684e+06
1784871540092225223,-1.78684e+06
1784871540356450455,-1.78684e+06
1784871540358229124,-1.78684e+06
1784871540363577590,-1.78684e+06
1784871540829448467,-1.78684e+06
1784871541043015624,-1.78684e+06
1784871541076144904,-1.78684e+06
1784871541140439003,-1.78684e+06
1784871542046308971,-1.78684e+06
1784871542054849046,-1.78684e+06
1784871542071650521,-1.78684e+06
1784871542320088676,-1.78684e+06
1784871542327635086,-1.78684e+06
1784871542335682485,-1.78684e+06
1784871542340510664,-1.78684e+06
1784871542349868345,-1.78684e+06
1784871542472009968,-1.78684e+06
1784871542520004962,-1.78684e+06
1784871542914674963,-1.78684e+06
1784871542925006902,-1.78684e+06
1784871542957800415,-1.78684e+06
1784871543048315567,-1.78684e+06
1784871543142131895,-1.78684e+06
1784871543485322918,-1.78684e+06
1784871544253521751,-1.78684e+06
1784871544799531351,-1.78684e+06
1784871544815833822,-1.78684e+06
1784871544820360966,-1.78684e+06
1784871544841616337,-1.78684e+06
1784871544859282021,-1.78684e+06
1784871544941888047,-1.78684e+06
1784871545134380178,-1.78684e+06
1784871546695018725,-1.78684e+06
1784871547213049720,-1.78683e+06
1784871547232251138,-1.78684e+06
1784871547244660654,-1.78684e+06
1784871547392003089,-1.78684e+06
1784871547854731049,-1.78684e+06
1784871548017538381,-1.78684e+06
1784871548362635136,-1.78684e+06
1784871548538548805,-1.78684e+06
1784871548577920507,-1.78684e+06
1784871548581794224,-1.78684e+06
1784871548630810644,-1.78684e+06
1784871548846463459,-1.78684e+06
1784871549024974550,-1.78684e+06
1784871549799691139,-1.78684e+06
1784871550058415160,-1.78684e+06
1784871551491219919,-1.78684e+06
1784871551857377186,-1.78684e+06
1784871552021049974,-1.78684e+06
1784871552873142609,-1.78684e+06
1784871554735399772,-1.78684e+06
1784871554829628312,-1.78684e+06
1784871555542732877,-1.78684e+06
1784871556136413267,-1.78684e+06
1784871556170227168,-1.78684e+06
1784871556191791756,-1.78684e+06
1784871556211347696,-1.78684e+06
1784871556240505014,-1.78684e+06
1784871556460532017,-1.78684e+06
1784871556555458681,-1.78684e+06
1784871556561956286,-1.78684e+06
1784871557019289359,-1.78684e+06
1784871557861358133,-1.78684e+06
1784871559006655149,-1.78684e+06
1784871559293615801,-1.78684e+06
1784871559953141951,-1.78684e+06
1784871561486923321,-1.78684e+06
1784871561499847585,-1.78684e+06
1784871561519372602,-1.78684e+06
1784871561530131196,-1.78685e+06
1784871561558281324,-1.78685e+06
1784871561651519925,-1.78685e+06
1784871561782955272,-1.78685e+06
1784871561981864196,-1.78685e+06
1784871562010533573,-1.78685e+06
1784871562665460860,-1.78685e+06
1784871563184621590,-1.78685e+06
1784871563606981400,-1.78685e+06
1784871564048442668,-1.78685e+06
1784871564930941524,-1.78685e+06
1784871566634927547,-1.78685e+06
1784871567051341671,-1.78685e+06
1784871568128978969,-1.78685e+06
1784871569546956385,-1.78685e+06
1784871569906093340,-1.78685e+06
1784871574405702736,-1.78685e+06
1784871576909204263,-1.78684e+06
1784871577736151759,-1.78684e+06
1784871579338355568,-1.78684e+06
1784871582968378247,-1.78685e+06
1784871583338501434,-1.78685e+06
1784871584540363155,-1.78685e+06
1784871586180505361,-1.78685e+06
1784871592231662793,-1.79517e+06
1784871592236585589,-1.80007e+06
1784871592241225059,-1.8025e+06
1784871592245794829,-1.80679e+06
1784871592251977284,-1.8016e+06
1784871592460723936,-1.80161e+06
1784871592667813591,-1.80162e+06
1784871592891639318,-1.80163e+06
1784871593269049982,-1.81942e+06
1784871593279242253,-1.82776e+06
1784871593279443452,-1.8019e+06
1784871593292847065,-1.80191e+06
1784871593301027989,-1.80191e+06
1784871593343872683,-1.80192e+06
1784871593421991378,-1.80193e+06
1784871593731973826,-1.80194e+06
1784871593999104093,-1.80195e+06
1784871595168492661,-1.80226e+06
1784871596026737748,-1.80196e+06
1784871597558761927,-1.80197e+06
1784871597579298568,-1.80198e+06
1784871597904507427,-1.80199e+06
1784871599314827021,-1.802e+06
1784871599868796669,-1.802e+06
1784871599881443232,-1.80201e+06
1784871599895341663,-1.80202e+06
1784871599914148553,-1.80203e+06
1784871600026242051,-1.80204e+06
1784871600235067397,-1.80204e+06
1784871600492497677,-1.80205e+06
1784871601073698874,-1.80206e+06
1784871602128869245,-1.8017e+06
1784871602910432816,-1.80208e+06
1784871603179293005,-1.80208e+06
1784871603956435135,-1.80209e+06
1784871604900987566,-1.8021e+06
1784871605352763216,-1.80211e+06
1784871606341455830,-1.80212e+06
1784871606780639823,-1.80212e+06
1784871607410489366,-1.80213e+06
1784871607509829290,-1.80214e+06
1784871607521606127,-1.80215e+06
1784871607539047153,-1.80216e+06
1784871607730430394,-1.80216e+06
1784871608288321480,-1.80217e+06
1784871608507289503,-1.80203e+06
1784871611558732130,-1.80339e+06
1784871611575289794,-1.8022e+06
1784871612112775508,-1.8022e+06
1784871612507250307,-1.80221e+06
1784871612824907168,-1.80222e+06
1784871614100350534,-1.80223e+06
1784871614773910569,-1.80224e+06
1784871615301433427,-1.80224e+06
1784871615775726837,-1.80225e+06
1784871616520014071,-1.80226e+06
1784871617564558543,-1.80226e+06
1784871617912853732,-1.80226e+06
1784871617990387419,-1.80226e+06
1784871620124192603,-1.80226e+06
1784871620269662678,-1.80226e+06
1784871620755017091,-1.80226e+06
1784871621396186403,-1.80226e+06
1784871621447409457,-1.80226e+06
1784871621786584286,-1.80226e+06
1784871621850841261,-1.80226e+06
1784871621871504056,-1.80226e+06
1784871621894347157,-1.80226e+06
1784871621929160181,-1.80226e+06
1784871622007362980,-1.80226e+06
1784871623909227478,-1.80226e+06
1784871626582879133,-1.80226e+06
1784871627132349623,-1.80226e+06
1784871627734258885,-1.80226e+06
1784871629141506211,-1.80226e+06
1784871629288492845,-1.80226e+06
1784871629818919359,-1.80226e+06
1784871631473410718,-1.80226e+06
1784871632203657108,-1.80226e+06
1784871632992438159,-1.80226e+06
1784871634497859036,-1.80226e+06
1784871634707938622,-1.80226e+06
1784871634837058740,-1.80226e+06
1784871635033353775,-1.80227e+06
1784871635130419852,-1.80227e+06
1784871636291330728,-1.80227e+06
1784871637252058461,-1.80227e+06
1784871637716307150,-1.80227e+06
1784871639352820575,-1.80227e+06
1784871639855348696,-1.80227e+06
1784871641035166671,-1.80227e+06
1784871642708343943,-1.80227e+06
1784871643508814375,-1.80227e+06
1784871644608855678,-1.80227e+06
1784871646308605786,-1.80227e+06
1784871647571538923,-1.80227e+06
1784871647781634933,-1.80227e+06
1784871648141035848,-1.80227e+06
1784871648452171398,-1.80227e+06
1784871648466714524,-1.80227e+06
1784871648513415227,-1.80227e+06
1784871648620226022,-1.80227e+06
1784871649157245676,-1.80227e+06
1784871649305213644,-1.80227e+06
1784871650836436873,-1.80228e+06
1784871653467776028,-1.80228e+06
1784871653559832033,-1.80228e+06
1784871655524955511,-1.80228e+06
1784871655542158942,-1.80228e+06
1784871655868290627,-1.80228e+06
1784871655874366563,-1.80228e+06
1784871655887110117,-1.80228e+06
1784871655895388469,-1.80228e+06
1784871656151157683,-1.80228e+06
1784871656162568252,-1.80228e+06
1784871656177011289,-1.80228e+06
1784871656238303424,-1.80227e+06
1784871656306573229,-1.80228e+06
1784871656382499183,-1.80228e+06
1784871657158591515,-1.80228e+06
1784871657997131291,-1.80228e+06
1784871658334828318,-1.80228e+06
1784871659187305198,-1.80228e+06
1784871659480107007,-1.80228e+06
1784871659942838243,-1.80228e+06
1784871660707554019,-1.80228e+06
1784871660814723825,-1.80228e+06
1784871661288848632,-1.80228e+06
1784871661543706302,-1.80228e+06
1784871662021095822,-1.80228e+06
1784871662117038401,-1.80228e+06
1784871662562743201,-1.80228e+06
1784871663384353749,-1.80228e+06
1784871664269404950,-1.80228e+06
1784871664279493060,-1.80228e+06
1784871664860333788,-1.80228e+06
1784871665727869645,-1.80228e+06
1784871667217119773,-1.80228e+06
1784871667860239270,-1.80228e+06
1784871668373350139,-1.80228e+06
1784871669273003949,-1.80228e+06
1784871669461559396,-1.80228e+06
1784871670411333272,-1.80228e+06
1784871671058575406,-1.80228e+06
1784871672884357422,-1.80228e+06
1784871673102490248,-1.80228e+06
1784871673832536777,-1.80228e+06
1784871675124599032,-1.80228e+06
1784871676159223867,-1.80228e+06
1784871677808249494,-1.80229e+06
1784871679516443542,-1.80229e+06
1784871680039478228,-1.80229e+06
1784871680057131489,-1.80229e+06
1784871680077148777,-1.80229e+06
1784871680135051488,-1.80229e+06
1784871681325240026,-1.80229e+06
1784871681950845914,-1.80229e+06
1784871682177391687,-1.80229e+06
1784871683733986593,-1.80229e+06
1784871687270395295,-1.80229e+06
1784871687483463330,-1.80229e+06
1784871687735515842,-1.80229e+06
1784871689067851348,-1.80229e+06
1784871690175142245,-1.80229e+06
1784871690547285940,-1.80229e+06
1784871692604002943,-1.80229e+06
1784871693802233778,-1.80229e+06
1784871695409379648,-1.80229e+06
1784871698218520473,-1.80229e+06
1784871698706164652,-1.80229e+06
1784871700842503011,-1.80229e+06
1784871700928977759,-1.80229e+06
1784871701083591293,-1.80229e+06
1784871701444975742,-1.8023e+06
1784871705844710328,-1.8023e+06
1784871708667412635,-1.80231e+06
1784871711579876158,-1.80231e+06
1784871714422434919,-1.80231e+06
1784871714445017084,-1.80231e+06
1784871715475905892,-1.80231e+06
1784871716589070632,-1.80231e+06
1784871718338751127,-1.80231e+06
1784871718354591835,-1.80231e+06
1784871718967452622,-1.80231e+06
1784871718975539516,-1.80231e+06
1784871719004645264,-1.80231e+06
1784871719015595638,-1.80231e+06
1784871719268518138,-1.80231e+06
1784871719486275758,-1.80231e+06
1784871719982117276,-1.80231e+06
1784871722069280132,-1.80231e+06
1784871723130895405,-1.80231e+06
1784871723210845766,-1.80231e+06
1784871724309908214,-1.80231e+06
1784871724899745721,-1.806e+06
1784871724904488583,-1.81234e+06
1784871724920673254,-1.81169e+06
1784871724924581385,-1.81252e+06
1784871724939764311,-1.8124e+06
1784871724993741574,-1.8124e+06
1784871725084705453,-1.81252e+06
1784871725961220408,-1.81252e+06
1784871727069620155,-1.81252e+06
1784871730675421547,-1.81252e+06
1784871732349291967,-1.81244e+06
1784871733820456414,-1.81245e+06
1784871734331406481,-1.81246e+06
1784871734769359010,-1.81252e+06
1784871735332720247,-1.81248e+06
1784871735370717519,-1.81248e+06
1784871735377057662,-1.81249e+06
1784871735410400229,-1.8125e+06
1784871735468328663,-1.81251e+06
1784871735515336124,-1.81252e+06
1784871735986670039,-1.81252e+06
1784871736334371453,-1.81252e+06
1784871738456956905,-1.81252e+06
1784871740850855889,-1.81252e+06
1784871743194312784,-1.81252e+06
1784871743571372758,-1.81252e+06
1784871743624540682,-1.81252e+06
1784871743686017257,-1.81252e+06
1784871743743372330,-1.81252e+06
1784871743850339227,-1.81252e+06
1784871743920955189,-1.81252e+06
1784871743996934424,-1.81252e+06
1784871744545636496,-1.81252e+06
1784871745167147386,-1.81252e+06
1784871745194013071,-1.81252e+06
1784871745863835441,-1.81252e+06
1784871746970413740,-1.81252e+06
1784871747085506291,-1.81252e+06
1784871747419489139,-1.81252e+06
1784871750051173609,-1.81251e+06
1784871750398588456,-1.81252e+06
1784871750459997333,-1.81252e+06
1784871750581161965,-1.81252e+06
1784871750620572802,-1.81252e+06
1784871750642727302,-1.81252e+06
1784871750746673474,-1.81252e+06
1784871751029271053,-1.81252e+06
1784871751083041547,-1.81252e+06
1784871751104668180,-1.81252e+06
1784871751105150886,-1.81252e+06
1784871751129599389,-1.81252e+06
1784871751288303141,-1.81252e+06
1784871751453315794,-1.81252e+06
1784871751487694837,-1.81252e+06
1784871751517847654,-1.81252e+06
1784871751533363432,-1.81252e+06
1784871751632890048,-1.81252e+06
1784871751774782436,-1.81252e+06
1784871751948210051,-1.81252e+06
1784871751969876357,-1.81252e+06
1784871751981005949,-1.81252e+06
1784871751998270840,-1.81252e+06
1784871752974767190,-1.81252e+06
1784871753023207719,-1.81252e+06
1784871753050098880,-1.81252e+06
1784871753079893181,-1.81252e+06
1784871753150667334,-1.81252e+06
1784871753611481913,-1.81253e+06
1784871754450573802,-1.81253e+06
1784871754713158972,-1.81253e+06
1784871754865607414,-1.81253e+06
1784871755012989341,-1.81253e+06
1784871755166789787,-1.81253e+06
1784871755474132455,-1.81253e+06
1784871755776385326,-1.81253e+06
1784871755935895314,-1.81253e+06
1784871756928536680,-1.81253e+06
1784871756947615681,-1.81253e+06
1784871756965442305,-1.81253e+06
1784871756981245246,-1.81253e+06
1784871757005055291,-1.81253e+06
1784871757038791392,-1.81253e+06
1784871757606572816,-1.81253e+06
1784871758290763115,-1.81253e+06
1784871758360807793,-1.81253e+06
1784871758459513428,-1.81253e+06
1784871759013635973,-1.81253e+06
1784871759026690272,-1.81253e+06
1784871759846443141,-1.81253e+06
1784871760606225380,-1.81253e+06
1784871760867262384,-1.81253e+06
1784871761296551554,-1.81253e+06
1784871761460608987,-1.81253e+06
1784871762684916631,-1.81253e+06
1784871765772229685,-1.81253e+06
1784871766907912411,-1.81253e+06
1784871767129761447,-1.81253e+06
1784871768483116231,-1.81253e+06
1784871770124456686,-1.81253e+06
1784871770144511683,-1.81253e+06
1784871770168142089,-1.81253e+06
1784871770284697508,-1.81253e+06
1784871770337771290,-1.81253e+06
1784871771088200419,-1.81253e+06
1784871772491977081,-1.81253e+06
1784871772525175506,-1.81253e+06
1784871772665740098,-1.81253e+06
1784871772817846195,-1.81253e+06
1784871775087329894,-1.81253e+06
1784871775863262970,-1.81253e+06
1784871776674539839,-1.81253e+06
1784871777281275185,-1.81253e+06
1784871777296649102,-1.81253e+06
1784871777462739536,-1.81253e+06
1784871778090295223,-1.81253e+06
1784871779029086875,-1.81253e+06
1784871780314945507,-1.81253e+06
1784871780337051071,-1.81253e+06
1784871780535483609,-1.81253e+06
1784871780730603678,-1.81253e+06
1784871781004329753,-1.81253e+06
1784871781227330075,-1.81253e+06
1784871781834428739,-1.81253e+06
1784871782105569961,-1.81253e+06
1784871782219014452,-1.81253e+06
1784871782733306931,-1.81253e+06
1784871783333463825,-1.81253e+06
1784871784698884354,-1.81253e+06
1784871784784897109,-1.81253e+06
1784871784974400251,-1.81253e+06
1784871785274484752,-1.81253e+06
1784871785579833748,-1.81253e+06
1784871785913656112,-1.81253e+06
1784871786672518713,-1.81253e+06
1784871786690962649,-1.81253e+06
1784871787210060588,-1.81253e+06
1784871788475576043,-1.81253e+06
1784871789484875699,-1.81253e+06
1784871789649140500,-1.81253e+06
1784871791000713854,-1.81253e+06
1784871791333274895,-1.81253e+06
1784871791562865117,-1.81254e+06
1784871791631359793,-1.81254e+06
1784871791734771532,-1.81254e+06
1784871791927012605,-1.81254e+06
1784871791940942044,-1.81254e+06
1784871792731179795,-1.81254e+06
1784871792947060197,-1.81254e+06
1784871793197977801,-1.81254e+06
1784871793247196250,-1.81254e+06
1784871793463409293,-1.81254e+06
1784871793696945804,-1.81254e+06
1784871793851699267,-1.81254e+06
1784871794091107756,-1.81254e+06
1784871794214553940,-1.81254e+06
1784871794319909433,-1.81254e+06
1784871794633573925,-1.81254e+06
1784871794959458526,-1.81254e+06
1784871795127563030,-1.81254e+06
1784871795551841896,-1.81254e+06
1784871795592013231,-1.81254e+06
1784871795967310147,-1.81254e+06
1784871796103338160,-1.81428e+06
1784871796103650246,-1.82741e+06
1784871796104738214,-1.82742e+06
1784871796154502949,-1.8269e+06
1784871796344903824,-1.82743e+06
1784871797126820644,-1.82744e+06
1784871797340120409,-1.82745e+06
1784871798331095226,-1.82746e+06
1784871798569911362,-1.82746e+06
1784871798630344518,-1.82747e+06
1784871798722536386,-1.82748e+06
1784871798816532259,-1.82749e+06
1784871799228435690,-1.8275e+06
1784871799423597819,-1.82915e+06
1784871799625236489,-1.84212e+06
1784871800511386104,-1.85066e+06
1784871801575759329,-1.86111e+06
1784871804346503037,-1.86111e+06
1784871806575645583,-1.86111e+06
1784871806596768709,-1.86111e+06
1784871806613030508,-1.86111e+06
1784871806621667592,-1.86111e+06
1784871806641971154,-1.86111e+06
1784871806666343125,-1.85627e+06
1784871806738154127,-1.85628e+06
1784871806766916932,-1.85111e+06
1784871806930782475,-1.85113e+06
1784871806947903563,-1.85115e+06
1784871807241343307,-1.85104e+06
1784871807676755161,-1.85118e+06
1784871807946479125,-1.85097e+06
1784871807952452032,-1.85066e+06
1784871807961601308,-1.83872e+06
1784871808016616917,-1.83873e+06
1784871808117150469,-1.83873e+06
1784871808542866672,-1.83874e+06
1784871808920338584,-1.83875e+06
1784871809087648030,-1.83876e+06
1784871809850833622,-1.83877e+06
1784871809972449695,-1.83877e+06
1784871810097987848,-1.83878e+06
1784871810098357124,-1.83879e+06
1784871810734503381,-1.83922e+06
1784871811999626087,-1.83923e+06
1784871812767482672,-1.83924e+06
1784871813494713762,-1.83924e+06
1784871813966564628,-1.83924e+06
1784871815263995237,-1.83924e+06
1784871815346213397,-1.83924e+06
1784871815933651754,-1.83924e+06
1784871816903936418,-1.83924e+06
1784871818233494300,-1.83924e+06
1784871820617772709,-1.83924e+06
1784871823720437545,-1.83924e+06
1784871823991822376,-1.83924e+06
1784871824037471857,-1.83924e+06
1784871824041153699,-1.83924e+06
1784871824112680172,-1.83925e+06
1784871824798805760,-1.83925e+06
1784871826337992086,-1.83925e+06
1784871826361063528,-1.83925e+06
1784871828559982896,-1.83925e+06
1784871829898502306,-1.83925e+06
1784871830293062764,-1.83925e+06
1784871830732063434,-1.83925e+06
1784871831141161626,-1.84064e+06
1784871831144093195,-1.84414e+06
1784871831146925928,-1.84557e+06
1784871831153909954,-1.84359e+06
1784871831161413759,-1.84527e+06
1784871831161662767,-1.84537e+06
1784871831165135790,-1.84538e+06
1784871831176721694,-1.84539e+06
1784871831188941427,-1.84539e+06
1784871831299647606,-1.84539e+06
1784871831336023355,-1.84608e+06
1784871831557035611,-1.8461e+06
1784871831657842992,-1.84611e+06
1784871831865891227,-1.84611e+06
1784871832200803187,-1.84665e+06
1784871832438455931,-1.8468e+06
1784871832772529771,-1.84682e+06
1784871833362842389,-1.84682e+06
1784871834064623680,-1.84682e+06
1784871834072717825,-1.84682e+06
1784871834111025393,-1.84682e+06
1784871834143989494,-1.84682e+06
1784871834230232562,-1.84682e+06
1784871834472115079,-1.84682e+06
1784871835322567399,-1.84682e+06
1784871836710405908,-1.84682e+06
1784871837858272432,-1.84682e+06
1784871838003067268,-1.84707e+06
1784871838010018278,-1.84687e+06
1784871838018949408,-1.84687e+06
1784871838027944522,-1.84687e+06
1784871838312272412,-1.84689e+06
1784871838354482882,-1.84692e+06
1784871838460656095,-1.84693e+06
1784871838470868160,-1.847e+06
1784871838685235453,-1.84703e+06
1784871838782827078,-1.84706e+06
1784871839042771873,-1.84708e+06
1784871839206636127,-1.8471e+06
1784871839584947965,-1.84711e+06
1784871840344550771,-1.84713e+06
1784871840467837606,-1.84715e+06
1784871840971286854,-1.84715e+06
1784871841342081731,-1.84716e+06
1784871841738448821,-1.84716e+06
1784871842605323036,-1.84716e+06
1784871842915440172,-1.84716e+06
1784871842967409823,-1.84716e+06
1784871843224080207,-1.84716e+06
1784871844530837709,-1.84716e+06
1784871844537671335,-1.84716e+06
1784871845648811852,-1.84716e+06
1784871846320484653,-1.84716e+06
1784871846911448401,-1.84716e+06
1784871847054680002,-1.84716e+06
1784871848706216187,-1.84716e+06
1784871848790354018,-1.84716e+06
1784871848861189269,-1.84716e+06
1784871848867855323,-1.84716e+06
1784871849053706757,-1.84716e+06
1784871849116978742,-1.84716e+06
1784871849145142074,-1.84716e+06
1784871849165468542,-1.84716e+06
1784871849210205550,-1.84716e+06
1784871849231644965,-1.84716e+06
1784871849257823710,-1.84716e+06
1784871849338848243,-1.84716e+06
1784871849518854262,-1.84716e+06
1784871849700532931,-1.84716e+06
1784871849731424863,-1.84716e+06
1784871850200129253,-1.84716e+06
1784871850941891177,-1.84716e+06
1784871850984884693,-1.84716e+06
1784871851222465287,-1.84716e+06
1784871851278717677,-1.84716e+06
1784871851380308816,-1.84716e+06
1784871851402527654,-1.84874e+06
1784871851407356876,-1.84916e+06
1784871851409970783,-1.8491e+06
1784871851500337739,-1.84912e+06
1784871851556801047,-1.84919e+06
1784871851651847343,-1.84919e+06
1784871851831643815,-1.8492e+06
1784871852309196254,-1.84921e+06
1784871852794095596,-1.84922e+06
1784871854177476231,-1.84922e+06
1784871856244007939,-1.84923e+06
1784871858360161908,-1.84924e+06
1784871858774703491,-1.84924e+06
1784871858804491415,-1.84924e+06
1784871858862529958,-1.84924e+06
1784871858918543427,-1.84924e+06
1784871859163345001,-1.84924e+06
1784871859757724073,-1.84924e+06
1784871859778666622,-1.84924e+06
1784871859803828434,-1.84924e+06
1784871859982684690,-1.84924e+06
1784871860592094303,-1.84924e+06
1784871860906413866,-1.84924e+06
1784871861395243575,-1.84924e+06
1784871863388307802,-1.84924e+06
1784871865649923489,-1.84924e+06
1784871867168354468,-1.84924e+06
1784871867183510410,-1.84924e+06
1784871867260732487,-1.84924e+06
1784871867616284897,-1.84924e+06
1784871868059825293,-1.84924e+06
1784871868341697782,-1.84924e+06
1784871868908512867,-1.84924e+06
1784871869119460142,-1.84924e+06
1784871869367767905,-1.84924e+06
1784871871316549953,-1.84924e+06
1784871872018715954,-1.84924e+06
1784871875909529875,-1.84924e+06
1784871878713512285,-1.84924e+06
1784871880025308438,-1.84924e+06
1784871882081388041,-1.84924e+06
1784871882329100458,-1.84924e+06
1784871882579156356,-1.84924e+06
1784871883964398510,-1.84924e+06
1784871884165560993,-1.84924e+06
1784871885225770898,-1.84924e+06
1784871886224406378,-1.84924e+06
1784871886249246601,-1.84924e+06
1784871886324991960,-1.84924e+06
1784871886340786383,-1.84924e+06
1784871886928940394,-1.85139e+06
1784871886929090841,-1.85717e+06
1784871886929224708,-1.85718e+06
1784871886929333188,-1.85718e+06
1784871886929402745,-1.85719e+06
1784871886929402745,-1.85719e+06
1784871886929402745,-1.85719e+06
1784871886932353033,-1.85722e+06
1784871886932464986,-1.85722e+06
1784871886932753658,-1.85723e+06
1784871886981690398,-1.85724e+06
1784871887030357097,-1.85725e+06
1784871887067894738,-1.85726e+06
1784871887109940335,-1.85727e+06
1784871887292850212,-1.85728e+06
1784871887542725813,-1.85728e+06
1784871887746590305,-1.85729e+06
1784871887876539664,-1.8573e+06
1784871888194887455,-1.8573e+06
1784871888378919309,-1.8573e+06
1784871888634892951,-1.8573e+06
1784871888772883602,-1.8573e+06
1784871888785935903,-1.8573e+06
1784871889151711622,-1.8573e+06
1784871889830641176,-1.8573e+06
1784871889873839275,-1.8573e+06
1784871890478016610,-1.8573e+06
1784871890980540226,-1.8573e+06
1784871892531029137,-1.8573e+06
1784871892543289940,-1.8573e+06
1784871892543468115,-1.85293e+06
1784871892543738863,-1.85925e+06
1784871892552216299,-1.89148e+06
1784871892552475074,-1.90781e+06
1784871892558302054,-1.9273e+06
1784871892567846251,-1.9493e+06
1784871892576121640,-1.95258e+06
1784871892615681949,-1.9526e+06
1784871892639922898,-1.95263e+06
1784871892698655537,-1.95265e+06
1784871892780575045,-1.95268e+06
1784871892813279396,-1.95865e+06
1784871892827395279,-1.96073e+06
1784871892871676805,-1.95866e+06
1784871892949322188,-1.95867e+06
1784871892962650549,-1.95868e+06
1784871893269899147,-1.95869e+06
1784871893521659801,-1.95869e+06
1784871893670094902,-1.96055e+06
1784871893754684907,-1.96611e+06
1784871893831454937,-1.96612e+06
1784871894589272763,-1.96613e+06
1784871895537255448,-1.96544e+06
1784871895540264710,-1.96546e+06
1784871895540697096,-1.96548e+06
1784871895545190449,-1.98095e+06
1784871895545613308,-2.01301e+06
1784871895548929186,-2.0181e+06
1784871895683671901,-2.01811e+06
1784871895698130551,-2.01811e+06
1784871895715079531,-2.0138e+06
1784871895768988619,-2.01779e+06
1784871895878988860,-2.0139e+06
1784871895984726527,-2.0159e+06
1784871896126351716,-2.01392e+06
1784871896279014564,-2.01392e+06
1784871896361428317,-2.01394e+06
1784871896531622763,-2.01757e+06
1784871896710783993,-2.01758e+06
1784871897519673972,-2.01759e+06
1784871898052603981,-2.01759e+06
1784871898461601313,-2.0176e+06
1784871898497638566,-2.01761e+06
1784871898503988226,-2.01762e+06
1784871898515157610,-2.01476e+06
1784871898525690338,-2.01751e+06
1784871898533034969,-2.01488e+06
1784871898561574630,-2.01489e+06
1784871898598654975,-2.0149e+06
1784871898671950518,-2.0149e+06
1784871898755939307,-2.01598e+06
1784871898801950020,-2.01492e+06
1784871898840630138,-2.01493e+06
1784871898904361286,-2.01494e+06
1784871899028169783,-2.01494e+06
1784871899103224126,-2.01574e+06
1784871899251489610,-2.01496e+06
1784871899286857514,-2.01497e+06
1784871899328395316,-2.01498e+06
1784871899723628799,-2.01498e+06
1784871900096657291,-2.01499e+06
1784871900110913268,-2.015e+06
1784871900591888245,-2.01501e+06
1784871901316874368,-2.01487e+06
1784871901531780645,-2.01502e+06
1784871901859396995,-2.01503e+06
1784871902003704762,-2.01504e+06
1784871902163125708,-2.01505e+06
1784871902371785269,-2.01506e+06
1784871904722906986,-2.01506e+06
1784871907537559538,-2.01507e+06
1784871907647431692,-2.01507e+06
1784871907860281231,-2.01507e+06
1784871908230676737,-2.01507e+06
1784871909017004203,-2.01507e+06
1784871909461322120,-2.01507e+06
1784871909634929801,-2.01507e+06
1784871909874897900,-2.01507e+06
1784871910229755735,-2.01507e+06
1784871911470189810,-2.01507e+06
1784871911743227153,-2.01507e+06
1784871911774537086,-2.01507e+06
1784871911785971556,-2.01507e+06
1784871911817165976,-2.01507e+06
1784871911896635579,-2.01507e+06
1784871912003359833,-2.01507e+06
1784871912356531996,-2.01507e+06
1784871912933992534,-2.01507e+06
1784871913196775705,-2.01507e+06
1784871913731375791,-2.01507e+06
1784871915070513924,-2.01507e+06
1784871915777405872,-2.01507e+06
1784871916316022706,-2.01507e+06
1784871917582914983,-2.01507e+06
1784871917597232957,-2.01507e+06
1784871917622640377,-2.01507e+06
1784871917627328725,-2.01507e+06
1784871917652423227,-2.01507e+06
1784871917756947930,-2.01507e+06
1784871917854616805,-2.01507e+06
1784871918090636191,-2.01507e+06
1784871918644329471,-2.01507e+06
1784871918651836208,-2.01507e+06
1784871918802809042,-2.01507e+06
1784871918811705698,-2.01507e+06
1784871918886223681,-2.01507e+06
1784871919020887031,-2.01507e+06
1784871919922943086,-2.01507e+06
1784871920079817194,-2.01507e+06
1784871920098653169,-2.01507e+06
1784871920156098955,-2.01507e+06
1784871920160542924,-2.01507e+06
1784871920178534358,-2.01507e+06
1784871920284645099,-2.01507e+06
1784871920337154272,-2.01507e+06
1784871920431674324,-2.01507e+06
1784871920489040656,-2.01507e+06
1784871920568594048,-2.01507e+06
1784871920644937709,-2.01507e+06
1784871920791292790,-2.01507e+06
1784871920945151394,-2.01507e+06
1784871921028482337,-2.01507e+06
1784871921138509807,-2.01507e+06
1784871921251690856,-2.01507e+06
1784871921479113610,-2.01507e+06
1784871921635335941,-2.01507e+06
1784871921896494180,-2.01507e+06
1784871922087368974,-2.01507e+06
1784871923440174214,-2.01507e+06
1784871925014918040,-2.01507e+06
1784871925818797742,-2.01507e+06
1784871932813027538,-2.01507e+06
1784871935509563523,-2.01507e+06
1784871936009479623,-2.01507e+06
1784871936505290226,-2.01507e+06
1784871936905477218,-2.01507e+06
1784871936905888542,-2.01507e+06
1784871936943058474,-2.01507e+06
1784871936993454645,-2.01507e+06
1784871937020588830,-2.01507e+06
1784871937026943165,-2.01507e+06
1784871937042950835,-2.01507e+06
1784871937113597986,-2.01507e+06
1784871937355519333,-2.01507e+06
1784871937596878932,-2.01507e+06
1784871938204230989,-2.01507e+06
1784871938531893236,-2.01507e+06
1784871941211343408,-2.01507e+06
1784871941597124596,-2.01507e+06
1784871943064532081,-2.01507e+06
1784871945221975092,-2.01507e+06
1784871946146211343,-2.01507e+06
1784871946663589423,-2.01507e+06
1784871946942161154,-2.01507e+06
1784871947192850124,-2.01508e+06
1784871947227475212,-2.01508e+06
1784871947603081671,-2.01508e+06
1784871951264218999,-2.01508e+06
1784871951943046682,-2.01508e+06
1784871952358755516,-2.01508e+06
1784871953825526032,-2.01508e+06
1784871955338739904,-2.01508e+06
1784871956910296959,-2.01508e+06
1784871958597523393,-2.01508e+06
1784871963953369219,-2.01508e+06
1784871964291620572,-2.01508e+06
1784871965476521777,-2.01508e+06
1784871969054305532,-2.01508e+06
1784871971756355235,-2.01508e+06
1784871974971506587,-2.01508e+06
1784871975093621166,-2.01508e+06
1784871975110445081,-2.01508e+06
1784871975180144683,-2.01508e+06
1784871976033224329,-2.01508e+06
1784871977785789524,-2.01508e+06
1784871982360069292,-2.01508e+06
1784871984159766288,-2.01508e+06
1784871986083837094,-2.01508e+06
1784871988223234084,-2.01508e+06
1784871991474526561,-2.01508e+06
1784871991766557466,-2.01508e+06
1784871991889850762,-2.01508e+06
1784871991908316978,-2.01509e+06
1784871991924701035,-2.01509e+06
1784871991937885149,-2.0151e+06
1784871991950775520,-2.0151e+06
1784871991969517390,-2.01511e+06
1784871992038363991,-2.01511e+06
1784871992085090230,-2.01511e+06
1784871992160735930,-2.01511e+06
1784871992443439264,-2.01511e+06
1784871993215574919,-2.01511e+06
1784871994939118737,-2.01511e+06
1784871995399022503,-2.01511e+06
1784871996378441576,-2.01511e+06
1784871997136119496,-2.01511e+06
1784871997417735297,-2.01511e+06
1784871998159482543,-2.01511e+06
1784871998989776974,-2.01511e+06
1784871999541049380,-2.01511e+06
1784872001334409580,-2.01511e+06
1784872002085206964,-2.01511e+06
1784872003694323687,-2.01511e+06
1784872004783679567,-2.01511e+06
1784872005692896292,-2.01511e+06
1784872007489272307,-2.01511e+06
1784872007929748670,-2.01507e+06
1784872008629923636,-2.01508e+06
1784872009732608202,-2.01509e+06
1784872011196137511,-2.01509e+06
1784872015645748245,-2.0151e+06
1784872017046495265,-2.01511e+06
1784872017561516565,-2.01511e+06
1784872019384515511,-2.01511e+06
1784872021043285943,-2.01512e+06
1784872021054250763,-2.01512e+06
1784872021069796930,-2.01512e+06
1784872021374145564,-2.01512e+06
1784872021973504034,-2.01512e+06
1784872021985667193,-2.01512e+06
1784872022541151926,-2.01512e+06
1784872023856138591,-2.01508e+06
1784872023866609839,-2.02196e+06
1784872023872641997,-2.02196e+06
1784872024280238152,-2.02197e+06
1784872024759513549,-2.02198e+06
1784872024777266008,-2.02189e+06
1784872024784251073,-2.0219e+06
1784872024808107891,-2.02177e+06
1784872024834539876,-2.02178e+06
1784872024877966681,-2.02169e+06
1784872024929628490,-2.02101e+06
1784872025147749162,-2.02103e+06
1784872025474164243,-2.02105e+06
1784872026288521954,-2.0206e+06
1784872026545364717,-2.02026e+06
1784872027527700111,-2.02084e+06
1784872028981489781,-2.0209e+06
1784872030004387090,-2.02096e+06
1784872031278274036,-2.02098e+06
1784872033483386482,-2.02098e+06
1784872033650015169,-2.02098e+06
1784872033727497262,-2.02098e+06
1784872033745966407,-2.02098e+06
1784872033789706009,-2.02098e+06
1784872033867781433,-2.02098e+06
1784872033892234039,-2.02098e+06
1784872034196808567,-2.02098e+06
1784872034866213067,-2.02098e+06
1784872035590619123,-2.02098e+06
1784872035820056201,-2.02098e+06
1784872036059751613,-2.02098e+06
1784872036205056985,-2.02098e+06
1784872037111715946,-2.02098e+06
1784872039455239142,-2.02098e+06
1784872042235577218,-2.02098e+06
1784872042795036892,-2.02098e+06
1784872042802790869,-2.02098e+06
1784872043872230480,-2.02098e+06
1784872044284994046,-2.02098e+06
1784872044293825992,-2.02098e+06
1784872044349886981,-2.02098e+06
1784872044574889662,-2.02098e+06
1784872045104249193,-2.02148e+06
1784872045114211573,-2.021e+06
1784872045118249760,-2.02134e+06
1784872045120861852,-2.02135e+06
1784872045127968395,-2.02136e+06
1784872045150643377,-2.02136e+06
1784872045187162139,-2.02137e+06
1784872045344911981,-2.02137e+06
1784872045634420918,-2.02137e+06
1784872046227688300,-2.02137e+06
1784872047011171766,-2.02137e+06
1784872047283284291,-2.02137e+06
1784872048201059315,-2.02137e+06
1784872048220367236,-2.02137e+06
1784872048297602189,-2.02137e+06
1784872048445812712,-2.02193e+06
1784872048450402611,-2.02146e+06
1784872048514540794,-2.02208e+06
1784872048725216982,-2.02208e+06
1784872050224823487,-2.02209e+06
1784872051200819851,-2.02209e+06
1784872052117630040,-2.02209e+06
1784872052915855747,-2.02209e+06
1784872055913250791,-2.02209e+06
1784872059987713034,-2.02209e+06
1784872060197813923,-2.02209e+06
1784872060545012561,-2.02209e+06
1784872060612435667,-2.02209e+06
1784872060621507564,-2.02209e+06
1784872060675071203,-2.02209e+06
1784872061506500975,-2.02209e+06
1784872062288825892,-2.02209e+06
1784872064004894525,-2.02209e+06
1784872064016514411,-2.02209e+06
1784872064063784340,-2.02209e+06
1784872064206498599,-2.02209e+06
1784872064830015200,-2.02209e+06
1784872065779610057,-2.02209e+06
1784872065816558929,-2.02209e+06
1784872066372865711,-2.02209e+06
1784872067123370791,-2.02209e+06
1784872068397705284,-2.02209e+06
1784872070350044996,-2.02209e+06
1784872071606517356,-2.02209e+06
1784872071620941234,-2.02209e+06
1784872071653965120,-2.02209e+06
1784872071713614794,-2.02209e+06
1784872072070524925,-2.02203e+06
1784872072074235648,-2.02733e+06
1784872072074509708,-2.02736e+06
1784872072079008634,-2.02757e+06
1784872072167258813,-2.02743e+06
1784872072364623023,-2.02759e+06
1784872072783621966,-2.0276e+06
1784872072879680949,-2.02761e+06
1784872073013582672,-2.02761e+06
1784872073863494126,-2.02759e+06
1784872075288904715,-2.02763e+06
1784872076273494151,-2.02763e+06
1784872076413978847,-2.02763e+06
1784872078892494501,-2.02763e+06
1784872080814726361,-2.02763e+06
1784872080900545068,-2.02763e+06
1784872081990597500,-2.02763e+06
1784872082209082500,-2.02763e+06
1784872082438850607,-2.02763e+06
1784872084924108569,-2.02763e+06
1784872085535536160,-2.02763e+06
1784872086992202579,-2.02763e+06
1784872087904681022,-2.02764e+06
1784872088417385621,-2.02768e+06
1784872088418176810,-2.02768e+06
1784872088418676171,-2.02768e+06
1784872088419123677,-2.02768e+06
1784872088419481735,-2.02768e+06
1784872088445674215,-2.02768e+06
1784872088463408583,-2.02768e+06
1784872088476363803,-2.02768e+06
1784872088481235961,-2.02908e+06
1784872088481802103,-2.02988e+06
1784872088494775237,-2.03053e+06
1784872088495284065,-2.03078e+06
1784872088503526864,-2.03084e+06
1784872088523345427,-2.03086e+06
1784872088541304796,-2.03089e+06
1784872088593865848,-2.03092e+06
1784872088657913268,-2.03113e+06
1784872088660689081,-2.03114e+06
1784872088661071749,-2.0314e+06
1784872088662798263,-2.03167e+06
1784872088667204147,-2.03168e+06
1784872088669567761,-2.03168e+06
1784872088676053198,-2.03169e+06
1784872088690705403,-2.03169e+06
1784872088799383964,-2.03171e+06
1784872088846945763,-2.03183e+06
1784872088906017812,-2.03183e+06
1784872089056754396,-2.03183e+06
1784872089194918761,-2.03183e+06
1784872089603298640,-2.03183e+06
1784872089764568825,-2.03183e+06
1784872090723906424,-2.03185e+06
1784872091488010987,-2.03185e+06
1784872092196551031,-2.03185e+06
1784872092206988383,-2.03185e+06
1784872092225716309,-2.03185e+06
1784872092335101751,-2.03185e+06
1784872092433565158,-2.03185e+06
1784872092771039613,-2.03185e+06
1784872092852335425,-2.03185e+06
1784872092947461834,-2.03185e+06
1784872093489973771,-2.03185e+06
1784872093782976718,-2.03185e+06
1784872094515180978,-2.03185e+06
1784872094582714889,-2.03185e+06
1784872095838261174,-2.03185e+06
1784872096329996088,-2.03185e+06
1784872096607102088,-2.03185e+06
1784872096635067061,-2.03185e+06
1784872096711308640,-2.03185e+06
1784872097018502384,-2.03185e+06
1784872097261223241,-2.03185e+06
1784872097939066359,-2.03186e+06
1784872098756613002,-2.03186e+06
1784872100396833119,-2.03186e+06
1784872102035264405,-2.03188e+06
1784872105754945689,-2.03188e+06
1784872109205086780,-2.03188e+06
1784872115144040414,-2.03189e+06
1784872115213014087,-2.03189e+06
1784872115264239870,-2.03191e+06
1784872115353539935,-2.03192e+06
1784872115392426380,-2.03192e+06
1784872115544075628,-2.03192e+06
1784872115558580088,-2.03192e+06
1784872115629203824,-2.03192e+06
1784872115907607914,-2.03192e+06
1784872116069382943,-2.03192e+06
1784872116904204690,-2.03192e+06
1784872117303872344,-2.03192e+06
1784872117343562135,-2.03192e+06
1784872117907038321,-2.03192e+06
1784872118017166339,-2.03192e+06
1784872118030666313,-2.032e+06
1784872118052762323,-2.032e+06
1784872118073770738,-2.032e+06
1784872118101122280,-2.032e+06
1784872118257034328,-2.03201e+06
1784872119359545543,-2.03201e+06
1784872119484566856,-2.03201e+06
1784872119992428653,-2.03201e+06
1784872122725475437,-2.03201e+06
1784872123968969053,-2.03201e+06
1784872124016597779,-2.03201e+06
1784872124094981288,-2.03201e+06
1784872124337371700,-2.03201e+06
1784872124767875070,-2.03201e+06
1784872125309009498,-2.03201e+06
1784872125499621252,-2.03201e+06
1784872125659463362,-2.03201e+06
1784872125969582583,-2.03201e+06
1784872126368557793,-2.03201e+06
1784872127310366795,-2.03201e+06
1784872127738643155,-2.03201e+06
1784872132447001772,-2.03201e+06
1784872132927877737,-2.03201e+06
1784872133425921774,-2.03201e+06
1784872134298308072,-2.03201e+06
1784872134309811536,-2.03201e+06
1784872134317123699,-2.03201e+06
1784872134326453559,-2.03201e+06
1784872134336318218,-2.03201e+06
1784872134343084378,-2.03201e+06
1784872134351660037,-2.03201e+06
1784872134363356091,-2.03201e+06
1784872134407233228,-2.03201e+06
1784872134464389800,-2.03201e+06
1784872134474840947,-2.03201e+06
1784872134485067825,-2.03201e+06
1784872134505328264,-2.03201e+06
1784872134553893666,-2.03201e+06
1784872134904499642,-2.03201e+06
1784872135213649149,-2.03201e+06
1784872135264301730,-2.03201e+06
1784872136583863752,-2.03201e+06
1784872136745009785,-2.03201e+06
1784872136977529137,-2.03201e+06
1784872136977930432,-2.03201e+06
1784872136978602325,-2.03201e+06
1784872136979644055,-2.03201e+06
1784872137588145980,-2.03201e+06
1784872137768027093,-2.03201e+06
1784872137779112320,-2.03201e+06
1784872137845183750,-2.03201e+06
1784872137846387400,-2.03201e+06
1784872137926294039,-2.03201e+06
1784872137934673632,-2.03201e+06
1784872137941703946,-2.03201e+06
1784872138060688646,-2.03201e+06
1784872138075075822,-2.03201e+06
1784872138403684460,-2.03201e+06
1784872138812174065,-2.03201e+06
1784872139017532801,-2.03201e+06
1784872139084056603,-2.03201e+06
1784872139222652915,-2.03201e+06
1784872139631221463,-2.03201e+06
1784872140083712689,-2.03201e+06
1784872142166465922,-2.03201e+06
1784872142860744187,-2.03201e+06
1784872144003296352,-2.03201e+06
1784872144448265234,-2.03201e+06
1784872145159801603,-2.03201e+06
1784872145508911188,-2.03201e+06
1784872145787434109,-2.03201e+06
1784872147160025133,-2.03201e+06
1784872149100853497,-2.03201e+06
1784872149164163254,-2.03201e+06
1784872149404075479,-2.03201e+06
1784872150034753773,-2.03201e+06
1784872150342741601,-2.03201e+06
1784872150349231398,-2.03201e+06
1784872150367739822,-2.03201e+06
1784872150380723298,-2.03201e+06
1784872150422425553,-2.03201e+06
1784872150737706763,-2.03201e+06
1784872150972111721,-2.03201e+06
1784872151064194510,-2.03201e+06
1784872151082012140,-2.03201e+06
1784872151226748909,-2.03201e+06
1784872151322851260,-2.03201e+06
1784872151361299344,-2.03201e+06
1784872151594387917,-2.03201e+06
1784872151791139258,-2.03201e+06
1784872152008043391,-2.03201e+06
1784872152185792130,-2.03201e+06
1784872152257776401,-2.03201e+06
1784872152563306233,-2.03201e+06
1784872153046152153,-2.03201e+06
1784872154965964777,-2.03201e+06
1784872157540790043,-2.03201e+06
1784872158960175902,-2.03201e+06
1784872159405732465,-2.032e+06
1784872159867181206,-2.03201e+06
1784872160954716934,-2.03201e+06
1784872162441989821,-2.03202e+06
1784872162880496284,-2.03202e+06
1784872164466886913,-2.03202e+06
1784872166140499418,-2.03202e+06
1784872166742981409,-2.03202e+06
1784872166743391601,-2.03202e+06
1784872166796523023,-2.03202e+06
1784872166853707505,-2.03202e+06
1784872167261276824,-2.03202e+06
1784872168793490285,-2.03201e+06
1784872169656491605,-2.03202e+06
1784872170224388641,-2.03202e+06
1784872171193639546,-2.03203e+06
1784872171890630604,-2.03203e+06
1784872173561245755,-2.03203e+06
1784872174272543502,-2.03203e+06
1784872174284923425,-2.03203e+06
1784872175139861550,-2.03203e+06
1784872176051244364,-2.03203e+06
1784872177186931582,-2.03203e+06
1784872178829062618,-2.03203e+06
1784872179239106451,-2.03203e+06
1784872179239518904,-2.03202e+06
1784872179240029062,-2.08876e+06
1784872179240537913,-2.095e+06
1784872179241040898,-2.09503e+06
1784872179241421197,-2.12846e+06
1784872179242945183,-2.12846e+06
1784872179243455328,-2.12846e+06
1784872179284107725,-2.12846e+06
1784872179401441722,-2.12846e+06
1784872179671710381,-2.12847e+06
1784872179962422796,-2.12819e+06
1784872180828788655,-2.12849e+06
1784872181080832462,-2.12849e+06
1784872181081331879,-2.1285e+06
1784872181293818971,-2.12851e+06
1784872181568043257,-2.12852e+06
1784872182406328161,-2.12853e+06
1784872182585214111,-2.12853e+06
1784872183128511725,-2.12854e+06
1784872183145394846,-2.12855e+06
1784872183233819289,-2.12856e+06
1784872183239537744,-2.12857e+06
1784872183370969271,-2.12857e+06
1784872183747513284,-2.12858e+06
1784872184666671601,-2.12859e+06
1784872185176105780,-2.1286e+06
1784872185527503419,-2.12861e+06
1784872185927573679,-2.12861e+06
1784872186560244366,-2.12862e+06
1784872187121420831,-2.12863e+06
1784872187121885048,-2.1289e+06
1784872187204402922,-2.1289e+06
1784872187262823126,-2.1289e+06
1784872187837512291,-2.1289e+06
1784872188657327685,-2.1289e+06
1784872189018169474,-2.1289e+06
1784872189138567942,-2.1289e+06
1784872189236640178,-2.1289e+06
1784872189328197638,-2.12904e+06
1784872189388831243,-2.12904e+06
1784872189588675451,-2.12904e+06
1784872189853432891,-2.12904e+06
1784872190446408910,-2.12904e+06
1784872191728791338,-2.12904e+06
1784872191883373869,-2.12904e+06
1784872192027488264,-2.12904e+06
1784872192230836842,-2.12904e+06
1784872193041738664,-2.12864e+06
1784872193585393936,-2.12865e+06
1784872193994340910,-2.12866e+06
1784872194383743352,-2.12866e+06
1784872195017452258,-2.12867e+06
1784872196146498537,-2.12868e+06
1784872197175525547,-2.12869e+06
1784872198319108576,-2.1287e+06
1784872199000586174,-2.1287e+06
1784872199146526540,-2.12871e+06
1784872199549046908,-2.12872e+06
1784872200871149243,-2.12873e+06
1784872202148422542,-2.12874e+06
1784872202328072573,-2.12874e+06
1784872203153044615,-2.12875e+06
1784872203235654622,-2.12876e+06
1784872203245687710,-2.12877e+06
1784872203295439594,-2.12877e+06
1784872203295729718,-2.12877e+06
1784872203344142869,-2.12878e+06
1784872203434313622,-2.12878e+06
1784872203457429195,-2.12878e+06
1784872203501522897,-2.12878e+06
1784872203526525118,-2.12878e+06
1784872203556183410,-2.12878e+06
1784872203581096475,-2.12878e+06
1784872203608595703,-2.12878e+06
1784872203693115852,-2.12878e+06
1784872203936025862,-2.12877e+06
1784872203936341656,-2.12926e+06
1784872203937684240,-2.12927e+06
1784872204199728800,-2.12928e+06
1784872204357276925,-2.12928e+06
1784872204416446473,-2.12928e+06
1784872204443523384,-2.12928e+06
1784872204562218062,-2.12928e+06
1784872204855795414,-2.12928e+06
1784872205757027432,-2.12928e+06
1784872207080776466,-2.12928e+06
1784872207298541220,-2.12928e+06
1784872207305595114,-2.12928e+06
1784872207328599359,-2.12928e+06
1784872207416435840,-2.12928e+06
1784872207461760201,-2.12928e+06
1784872207703035135,-2.12928e+06
1784872208294662450,-2.12928e+06
1784872208830577579,-2.12928e+06
1784872211082929187,-2.12928e+06
1784872211377448869,-2.12928e+06
1784872212105228310,-2.12928e+06
1784872212590536392,-2.12928e+06
1784872212607857120,-2.12928e+06
1784872212623309013,-2.12928e+06
1784872212953764814,-2.12928e+06
1784872214074564295,-2.12928e+06
1784872214313807613,-2.12928e+06
1784872214551649233,-2.12928e+06
1784872215693676182,-2.12928e+06
1784872215741110413,-2.12928e+06
1784872215888333311,-2.12928e+06
1784872216392096503,-2.12928e+06
1784872216920757895,-2.12928e+06
1784872217276032795,-2.12928e+06
1784872217539481196,-2.12928e+06
1784872218027490944,-2.12928e+06
1784872219543040395,-2.12928e+06
1784872219750788351,-2.12928e+06
1784872220194250728,-2.12928e+06
1784872221854236100,-2.12928e+06
1784872222860737934,-2.12928e+06
1784872224727917226,-2.12928e+06
1784872226239062601,-2.12928e+06
1784872226872714777,-2.12928e+06
1784872227467621897,-2.12928e+06
1784872227468361724,-2.12928e+06
1784872227851752436,-2.12928e+06
1784872230332620876,-2.12928e+06
1784872231767594864,-2.12928e+06
1784872232554338402,-2.12928e+06
1784872234225495271,-2.12928e+06
1784872234254009026,-2.12928e+06
1784872234300571606,-2.12928e+06
1784872234325720484,-2.12928e+06
1784872234371419593,-2.12928e+06
1784872234487758444,-2.12928e+06
1784872234499995214,-2.12928e+06
1784872234544880094,-2.12928e+06
1784872234568563730,-2.12928e+06
1784872234636339395,-2.12928e+06
1784872234837618551,-2.12928e+06
1784872236900080053,-2.12928e+06
1784872237934435450,-2.12928e+06
1784872237996616821,-2.12928e+06
1784872238060935600,-2.12928e+06
1784872238116023748,-2.12928e+06
1784872238215578662,-2.12928e+06
1784872238707568903,-2.12928e+06
1784872239139549498,-2.12928e+06
1784872239334895838,-2.12914e+06
1784872239338160967,-2.17458e+06
1784872239338754122,-2.17459e+06
1784872239343987027,-2.17459e+06
1784872239480400007,-2.1746e+06
1784872239625204844,-2.17461e+06
1784872240254533367,-2.17462e+06
1784872240528713090,-2.17463e+06
1784872240930625757,-2.17463e+06
1784872241530592725,-2.17464e+06
1784872242619663424,-2.17465e+06
1784872243136555148,-2.17466e+06
1784872243283084937,-2.17467e+06
1784872244444272055,-2.17467e+06
1784872246387258098,-2.17468e+06
1784872246605343588,-2.17469e+06
1784872246986632037,-2.1747e+06
1784872247006360696,-2.17471e+06
1784872247018342703,-2.17471e+06
1784872247115548797,-2.17472e+06
1784872247389014854,-2.17473e+06
1784872248668791344,-2.17474e+06
1784872249860508879,-2.17475e+06
1784872251669829085,-2.17475e+06
1784872252658578055,-2.17476e+06
1784872253168931802,-2.17477e+06
1784872253608969997,-2.17478e+06
1784872255779709260,-2.17479e+06
1784872256162577047,-2.17479e+06
1784872256650530745,-2.1748e+06
1784872256943063614,-2.17485e+06
1784872258800349787,-2.17535e+06
1784872259721781327,-2.1776e+06
1784872260156343262,-2.17764e+06
1784872260546855207,-2.17768e+06
1784872263102999450,-2.17772e+06
1784872263308970223,-2.17776e+06
1784872263374915666,-2.17776e+06
1784872263380031305,-2.17781e+06
1784872263381125361,-2.1779e+06
1784872263382888774,-2.17794e+06
1784872263450710750,-2.17795e+06
1784872263529991759,-2.17802e+06
1784872263842768364,-2.17805e+06
1784872264115741644,-2.17809e+06
1784872264866500431,-2.17809e+06
1784872266339609970,-2.17809e+06
1784872266357917810,-2.17809e+06
1784872266367554108,-2.17847e+06
1784872266495951960,-2.17848e+06
1784872266991918939,-2.17848e+06
1784872267132042740,-2.17848e+06
1784872268326872476,-2.17848e+06
1784872268523457392,-2.17848e+06
1784872269808856740,-2.17848e+06
1784872270954862999,-2.17848e+06
1784872273143485698,-2.17848e+06
1784872273200553444,-2.17848e+06
1784872273209877992,-2.17848e+06
1784872273219911248,-2.17848e+06
1784872273237574487,-2.17848e+06
1784872273247410556,-2.17848e+06
1784872273283968046,-2.17848e+06
1784872273299427260,-2.17848e+06
1784872273362795612,-2.17848e+06
1784872273427386496,-2.17848e+06
1784872273548952673,-2.17848e+06
1784872273856349959,-2.17848e+06
1784872274398701101,-2.17848e+06
1784872274659816993,-2.17848e+06
1784872274785256893,-2.17848e+06
1784872274904059884,-2.17848e+06
1784872275854415612,-2.17848e+06
1784872275873826781,-2.17848e+06
1784872275892823371,-2.17848e+06
1784872275924950246,-2.17847e+06
1784872275936614194,-2.17843e+06
1784872275965731540,-2.17844e+06
1784872276041961485,-2.17845e+06
1784872276127095718,-2.17846e+06
1784872276426484562,-2.17853e+06
1784872277028144715,-2.17847e+06
1784872278928406259,-2.17848e+06
1784872278993455040,-2.17848e+06
1784872279609990842,-2.17848e+06
1784872282149676187,-2.17848e+06
1784872282150704411,-2.17848e+06
1784872282151568315,-2.17848e+06
1784872282151993019,-2.17848e+06
1784872282168123492,-2.17848e+06
1784872282168840303,-2.17848e+06
1784872282171991806,-2.17848e+06
1784872282193168146,-2.17848e+06
1784872282227067017,-2.17848e+06
1784872282250643820,-2.17848e+06
1784872282269305236,-2.17848e+06
1784872282300822228,-2.17848e+06
1784872282310627355,-2.17893e+06
1784872282311229212,-2.17893e+06
1784872282324371354,-2.17894e+06
1784872282328799298,-2.17895e+06
1784872282384196988,-2.17895e+06
1784872282465370832,-2.17904e+06
1784872282474012208,-2.17904e+06
1784872282474896661,-2.17904e+06
1784872282587243250,-2.17904e+06
1784872282639482489,-2.17904e+06
1784872282677890125,-2.17904e+06
1784872282854960496,-2.17904e+06
1784872282889790598,-2.17904e+06
1784872283170408058,-2.17904e+06
1784872283271754405,-2.17904e+06
1784872283271983342,-2.18206e+06
1784872283277351558,-2.18662e+06
1784872283277878352,-2.18665e+06
1784872283279218311,-2.18668e+06
1784872283289899329,-2.18672e+06
1784872283305665460,-2.18675e+06
1784872283322486859,-2.18677e+06
1784872283363628534,-2.18677e+06
1784872283380465301,-2.18677e+06
1784872283457041820,-2.18677e+06
1784872283549639189,-2.18677e+06
1784872283735273413,-2.18677e+06
1784872283874657201,-2.18679e+06
1784872284184472636,-2.18683e+06
1784872284388760104,-2.18683e+06
1784872284615641585,-2.18699e+06
1784872284718961963,-2.18702e+06
1784872284853741761,-2.18706e+06
1784872285736387358,-2.18706e+06
1784872285736661919,-2.18706e+06
1784872285823396763,-2.18708e+06
1784872285867391279,-2.18714e+06
1784872285882371064,-2.18714e+06
1784872285895688980,-2.18714e+06
1784872285908419574,-2.18714e+06
1784872285936630178,-2.18714e+06
1784872286041597363,-2.18714e+06
1784872286234263575,-2.18714e+06
1784872286662508509,-2.18714e+06
1784872286909502136,-2.18714e+06
1784872287574991765,-2.18714e+06
1784872287633826638,-2.18714e+06
1784872288203872572,-2.18714e+06
1784872288655330281,-2.18714e+06
1784872288718786135,-2.18714e+06
1784872288758470584,-2.18714e+06
1784872288775692572,-2.18714e+06
1784872288783623692,-2.18714e+06
1784872288823337617,-2.18714e+06
1784872289004163741,-2.18714e+06
1784872289274948531,-2.18714e+06
1784872289553627594,-2.18936e+06
1784872289828064775,-2.18937e+06
1784872290275239434,-2.18893e+06
1784872291263426466,-2.1893e+06
1784872291386761592,-2.18932e+06
1784872291433748542,-2.18933e+06
1784872291795071278,-2.18929e+06
1784872292428392182,-2.18932e+06
1784872293035943890,-2.18932e+06
1784872294815592155,-2.18932e+06
1784872295066602419,-2.18932e+06
1784872296080322557,-2.18932e+06
1784872297208981882,-2.18946e+06
1784872298334485561,-2.18946e+06
1784872298335127510,-2.18947e+06
1784872299350863491,-2.18947e+06
1784872299351257665,-2.18947e+06
1784872299414656443,-2.18947e+06
1784872299966867744,-2.18947e+06
1784872299967163131,-2.18947e+06
1784872299967442737,-2.18947e+06
1784872299991417040,-2.18947e+06
1784872300416441934,-2.18947e+06
1784872300868679004,-2.18947e+06
1784872300869052942,-2.18947e+06
1784872301953063152,-2.18947e+06
1784872303754163077,-2.18947e+06
1784872303967220238,-2.18947e+06
1784872303967839509,-2.18947e+06
1784872304013737064,-2.18947e+06
1784872304163661372,-2.18947e+06
1784872304249884189,-2.18947e+06
1784872305084133948,-2.18947e+06
1784872305700316226,-2.18947e+06
1784872305757606313,-2.18947e+06
1784872306148947220,-2.18947e+06
1784872306926974756,-2.18947e+06
1784872307663000747,-2.18947e+06
1784872308673461922,-2.18947e+06
1784872308674435286,-2.18947e+06
1784872308763916466,-2.18947e+06
1784872309794830153,-2.18947e+06
1784872310744288305,-2.18947e+06
1784872311229215141,-2.18947e+06
1784872311279298640,-2.18947e+06
1784872311901243978,-2.18948e+06
1784872312201474279,-2.18948e+06
1784872312969231198,-2.18948e+06
1784872314108903280,-2.18948e+06
1784872315144814308,-2.18948e+06
1784872315732312211,-2.18948e+06
1784872316350437701,-2.18948e+06
1784872317988824218,-2.18948e+06
1784872317989370055,-2.18948e+06
1784872317989908381,-2.18948e+06
1784872319967795210,-2.18948e+06
1784872321130996146,-2.18948e+06
1784872323031556001,-2.18948e+06
1784872324236368991,-2.18948e+06
1784872324285587333,-2.18948e+06
1784872324346004441,-2.18948e+06
1784872324628134126,-2.18948e+06
1784872325260277844,-2.18948e+06
1784872326488011712,-2.18948e+06
1784872328666885112,-2.18948e+06
1784872328704998304,-2.18948e+06
1784872328760720069,-2.18948e+06
1784872328893668939,-2.18948e+06
1784872329353728093,-2.18948e+06
1784872329354681510,-2.18948e+06
1784872329403992506,-2.18948e+06
1784872329478311675,-2.18948e+06
1784872329525990866,-2.18948e+06
1784872329845320149,-2.18948e+06
1784872330037422473,-2.18948e+06
1784872330289984870,-2.18948e+06
1784872331038135205,-2.18948e+06
1784872333365783684,-2.18948e+06
1784872334786010023,-2.18948e+06
1784872335089566986,-2.18948e+06
1784872335665369964,-2.18948e+06
1784872337756895904,-2.18948e+06
1784872338493832827,-2.18948e+06
1784872338525919312,-2.18948e+06
1784872338737986311,-2.18948e+06
1784872338980277368,-2.18948e+06
1784872339185415505,-2.18949e+06
1784872339598194089,-2.1895e+06
1784872339670611658,-2.19103e+06
1784872339678898089,-2.19015e+06
1784872339685365420,-2.19022e+06
1784872339689646309,-2.18947e+06
1784872339690048430,-2.19013e+06
1784872339698635297,-2.19009e+06
1784872339715836479,-2.19007e+06
1784872339716364485,-2.18962e+06
1784872339725676051,-2.19036e+06
1784872339843360280,-2.19042e+06
1784872340004171038,-2.19043e+06
1784872340928209507,-2.19074e+06
1784872342666837565,-2.19045e+06
1784872345158950417,-2.19046e+06
1784872346045339766,-2.19047e+06
1784872346118376855,-2.19047e+06
1784872348915216505,-2.19047e+06
1784872350145164118,-2.19047e+06
1784872350858924292,-2.19047e+06
1784872352191633304,-2.19047e+06
1784872355674670295,-2.19047e+06
1784872358844793784,-2.19047e+06
1784872358972360088,-2.19047e+06
1784872359442766532,-2.19047e+06
1784872359668323640,-2.19047e+06
1784872361097946694,-2.19047e+06
1784872361490517788,-2.19046e+06
1784872362601626962,-2.19047e+06
1784872362841105630,-2.19047e+06
1784872362962276973,-2.19047e+06
1784872363096324081,-2.19047e+06
1784872366415903054,-2.19047e+06
1784872371136951397,-2.19051e+06
1784872371137665851,-2.19057e+06
1784872371138218111,-2.19057e+06
1784872371138657554,-2.19057e+06
1784872371143094769,-2.19057e+06
1784872371297113755,-2.19057e+06
1784872371433721340,-2.19057e+06
1784872372669293667,-2.19057e+06
1784872377909088619,-2.19057e+06
1784872377912923784,-2.19057e+06
1784872377923181145,-2.19058e+06
1784872377948938268,-2.19058e+06
1784872378917645929,-2.19058e+06
1784872379739809803,-2.19058e+06
1784872381273312870,-2.19058e+06
1784872383926464445,-2.19058e+06
1784872383944935992,-2.19058e+06
1784872383945562566,-2.19058e+06
1784872383948469704,-2.19058e+06
1784872383952597585,-2.19067e+06
1784872383958258209,-2.19073e+06
1784872384086392620,-2.19072e+06
1784872384178748332,-2.19067e+06
1784872384240012993,-2.19065e+06
1784872384251689163,-2.19065e+06
1784872384273789259,-2.19065e+06
1784872384304542952,-2.19065e+06
1784872384734579074,-2.19065e+06
1784872385861845809,-2.19065e+06
1784872388749079700,-2.19065e+06
1784872389734870452,-2.19065e+06
1784872391240318647,-2.19065e+06
1784872392432445030,-2.18841e+06
1784872392444072487,-2.19247e+06
1784872392453968004,-2.18889e+06
1784872392468140143,-2.18904e+06
1784872392473901555,-2.19515e+06
1784872392479978512,-2.19515e+06
1784872392495472004,-2.19517e+06
1784872392501721099,-2.19474e+06
1784872392518205776,-2.19508e+06
1784872392592478954,-2.19553e+06
1784872392599864213,-2.19515e+06
1784872392609897933,-2.19516e+06
1784872392737705758,-2.19501e+06
1784872392814695519,-2.19501e+06
1784872393114873444,-2.19502e+06
1784872393496342679,-2.19514e+06
1784872393924340364,-2.19518e+06
1784872394639669285,-2.19522e+06
1784872395047388966,-2.19531e+06
1784872395693479390,-2.19532e+06
1784872395838621471,-2.19534e+06
1784872396836977251,-2.1954e+06
1784872398885500030,-2.1954e+06
1784872399191746041,-2.1954e+06
1784872402230730797,-2.1954e+06
1784872403914318109,-2.1954e+06
1784872405539586326,-2.1954e+06
1784872407674669826,-2.1954e+06
1784872407987124303,-2.1954e+06
1784872411994705295,-2.1954e+06
1784872414654456119,-2.1954e+06
1784872418022850254,-2.19541e+06
1784872418034001347,-2.19541e+06
1784872418041211235,-2.19541e+06
1784872418053543662,-2.19541e+06
1784872418130430925,-2.19541e+06
1784872418956600164,-2.19541e+06
1784872419264323329,-2.19541e+06
1784872420600625275,-2.19541e+06
1784872421724867082,-2.19541e+06
1784872423247053313,-2.19541e+06
1784872431014860687,-2.19541e+06
1784872431052768986,-2.19541e+06
1784872431139826733,-2.19541e+06
1784872431201048249,-2.19541e+06
1784872431208179064,-2.19541e+06
1784872431213638717,-2.19541e+06
1784872431284714434,-2.19541e+06
1784872431285239979,-2.19541e+06
1784872431505147015,-2.19541e+06
1784872431975325421,-2.19541e+06
1784872433803650121,-2.19541e+06
1784872434629834769,-2.19541e+06
1784872435379910389,-2.19541e+06
1784872435701522789,-2.19541e+06
1784872435720407292,-2.19541e+06
1784872436061922352,-2.19541e+06
1784872438998016344,-2.19541e+06
1784872439218865827,-2.19541e+06
1784872441110448915,-2.19541e+06
1784872442715103479,-2.19541e+06
1784872442915888720,-2.19541e+06
1784872444030312568,-2.19541e+06
1784872444879551880,-2.19541e+06
1784872445026814656,-2.19541e+06
1784872445033223648,-2.19541e+06
1784872445051286522,-2.19541e+06
1784872445064259182,-2.19541e+06
1784872445100568273,-2.19541e+06
1784872445153043288,-2.19541e+06
1784872445191782052,-2.19541e+06
1784872445208341052,-2.19541e+06
1784872445222354893,-2.19541e+06
1784872445273523294,-2.19541e+06
1784872445330781830,-2.19541e+06
1784872445353725230,-2.19541e+06
1784872445470863002,-2.19541e+06
1784872445503856196,-2.19541e+06
1784872445641251999,-2.19541e+06
1784872445724817614,-2.19541e+06
1784872445783835781,-2.19541e+06
1784872445829440467,-2.19541e+06
1784872446123623094,-2.19541e+06
1784872447526453231,-2.19541e+06
1784872448275447684,-2.19541e+06
1784872448706744736,-2.19541e+06
1784872449263870350,-2.19541e+06
1784872449291900050,-2.19541e+06
1784872449340154135,-2.19541e+06
1784872449372830720,-2.19541e+06
1784872449600120382,-2.19541e+06
1784872449820617845,-2.19541e+06
1784872449833749551,-2.19541e+06
1784872449878560700,-2.19541e+06
1784872449891196191,-2.19541e+06
1784872449924115897,-2.19541e+06
1784872449972416550,-2.19541e+06
1784872450013258420,-2.19541e+06
1784872450084417579,-2.19541e+06
1784872450403431050,-2.19541e+06
1784872450403789888,-2.19541e+06
1784872450413408144,-2.19541e+06
1784872450461874269,-2.19541e+06
1784872450518628245,-2.19541e+06
1784872450650008306,-2.19541e+06
1784872451112768417,-2.19541e+06
1784872451577004453,-2.19541e+06
1784872451603314256,-2.19541e+06
1784872451624969995,-2.19541e+06
1784872451666778297,-2.19541e+06
1784872451762888909,-2.19541e+06
1784872451866950852,-2.19541e+06
1784872452063334810,-2.19541e+06
1784872452093310135,-2.19541e+06
1784872452099100410,-2.19541e+06
1784872452116245708,-2.19541e+06
1784872452133135291,-2.19541e+06
1784872452175281049,-2.19541e+06
1784872452184857279,-2.19541e+06
1784872452195695249,-2.19541e+06
1784872452198802926,-2.19541e+06
1784872452204115435,-2.19541e+06
1784872452207454804,-2.19541e+06
1784872452215774790,-2.19541e+06
1784872452224135044,-2.19541e+06
1784872452324948878,-2.19541e+06
1784872452351517213,-2.19541e+06
1784872452400439294,-2.19541e+06
1784872452503305122,-2.19541e+06
1784872452644899147,-2.19541e+06
1784872452777000493,-2.19541e+06
1784872452833753731,-2.19541e+06
1784872452966987877,-2.19541e+06
1784872453071413791,-2.19541e+06
1784872453326685707,-2.19541e+06
1784872454487290350,-2.19541e+06
1784872455102142403,-2.19541e+06
1784872455184358479,-2.19541e+06
1784872455633809941,-2.19541e+06
1784872456053686520,-2.19541e+06
1784872456637201592,-2.19541e+06
1784872458768170495,-2.19541e+06
1784872461349343098,-2.19541e+06
1784872461349774805,-2.19541e+06
1784872461350268587,-2.19541e+06
1784872462020355775,-2.19541e+06
1784872462042221576,-2.19541e+06
1784872462056836373,-2.19541e+06
1784872462057819634,-2.19541e+06
1784872462062974024,-2.19541e+06
1784872462100140506,-2.19541e+06
1784872462129475618,-2.19541e+06
1784872462205718685,-2.19541e+06
1784872462205962532,-2.19541e+06
1784872462262895987,-2.19541e+06
1784872462480425306,-2.19541e+06
1784872462985264348,-2.19541e+06
1784872463700968739,-2.19541e+06
1784872463786295951,-2.19541e+06
1784872464856968538,-2.19541e+06
1784872466024554788,-2.19541e+06
1784872466607923042,-2.19541e+06
1784872467962211181,-2.19541e+06
1784872467977437900,-2.19541e+06
1784872468326311136,-2.19541e+06
1784872470542731988,-2.19541e+06
1784872470545154653,-2.19541e+06
1784872470583539808,-2.19542e+06
1784872470615253760,-2.19542e+06
1784872470627309158,-2.19543e+06
1784872470646586351,-2.19543e+06
1784872470663780565,-2.19543e+06
1784872470693175121,-2.19544e+06
1784872470694137103,-2.19544e+06
1784872470715366720,-2.19544e+06
1784872470753412544,-2.19544e+06
1784872470794802167,-2.19544e+06
1784872471002699856,-2.19544e+06
1784872472823730860,-2.19544e+06
1784872473796514992,-2.19544e+06
1784872474969771073,-2.19544e+06
1784872475119627670,-2.19544e+06
1784872475358196146,-2.19544e+06
1784872475386034244,-2.19544e+06
1784872475863824723,-2.19544e+06
1784872476075567265,-2.19544e+06
1784872476111617051,-2.19544e+06
1784872476919311302,-2.19544e+06
1784872476919829775,-2.19544e+06
1784872476923070797,-2.19544e+06
1784872476978002657,-2.19544e+06
1784872477037045837,-2.19544e+06
1784872477064152712,-2.19544e+06
1784872477095316590,-2.19544e+06
1784872477139784377,-2.19544e+06
1784872477186782565,-2.19544e+06
1784872477235333642,-2.19544e+06
1784872477267474463,-2.19544e+06
1784872477393652745,-2.19544e+06
1784872477846355467,-2.19544e+06
1784872477894516756,-2.19544e+06
1784872478654609569,-2.19544e+06
1784872478661303377,-2.19544e+06
1784872478689732685,-2.19544e+06
1784872478697159854,-2.19544e+06
1784872478703928444,-2.19544e+06
1784872478706464209,-2.19544e+06
1784872478712450297,-2.19544e+06
1784872478722643087,-2.19545e+06
1784872478850932000,-2.19545e+06
1784872479172432407,-2.19545e+06
1784872479590680316,-2.19544e+06
1784872480174909187,-2.19545e+06
1784872480715000132,-2.19545e+06
1784872481936559067,-2.19545e+06
1784872482236739290,-2.19545e+06
1784872483123915874,-2.19545e+06
1784872483346427242,-2.19545e+06
1784872483461105210,-2.19545e+06
1784872483979232503,-2.19545e+06
1784872486312749598,-2.19545e+06
1784872486651716993,-2.19545e+06
1784872486676274730,-2.19545e+06
1784872486698729992,-2.19545e+06
1784872486708226277,-2.19545e+06
1784872486732634441,-2.19545e+06
1784872486905193085,-2.19545e+06
1784872486978420266,-2.19545e+06
1784872487497959410,-2.19545e+06
1784872487589152655,-2.19545e+06
1784872487604194287,-2.19545e+06
1784872487620051034,-2.19545e+06
1784872487655000911,-2.19545e+06
1784872488177581175,-2.19545e+06
1784872488905460832,-2.19545e+06
1784872488918221448,-2.19545e+06
1784872488930374516,-2.19545e+06
1784872488968917622,-2.19545e+06
1784872489340285915,-2.19545e+06
1784872490837645964,-2.19545e+06
1784872491458709943,-2.19545e+06
1784872493014999168,-2.19545e+06
1784872493289655404,-2.19545e+06
1784872493912436931,-2.19545e+06
1784872494478376677,-2.19545e+06
1784872494631376460,-2.19545e+06
1784872494637540866,-2.19545e+06
1784872494637966041,-2.19545e+06
1784872494638696399,-2.19545e+06
1784872494652842800,-2.19545e+06
1784872494687957024,-2.19545e+06
1784872494729284303,-2.19545e+06
1784872494743205736,-2.19545e+06
1784872494761195373,-2.19545e+06
1784872494765138488,-2.19545e+06
1784872494837924287,-2.19545e+06
1784872494868092976,-2.19545e+06
1784872494928811928,-2.19545e+06
1784872494963254695,-2.19545e+06
1784872495022775982,-2.19545e+06
1784872495294490791,-2.19545e+06
1784872496014156410,-2.19545e+06
1784872497019560206,-2.19545e+06
1784872497394384302,-2.19545e+06
1784872497394953064,-2.19545e+06
1784872497452456459,-2.19545e+06
1784872497559361131,-2.19545e+06
1784872498111123645,-2.19545e+06
1784872498294302108,-2.19541e+06
1784872498296348495,-2.19542e+06
1784872498421266168,-2.19543e+06
1784872498581261523,-2.19543e+06
1784872498870840510,-2.19545e+06
1784872499351691903,-2.19545e+06
1784872499885906215,-2.19546e+06
1784872500117097161,-2.19546e+06
1784872500151129350,-2.19546e+06
1784872500429045707,-2.19546e+06
1784872500622322681,-2.19546e+06
1784872500827916212,-2.19546e+06
1784872501028322187,-2.19546e+06
1784872501131218429,-2.19546e+06
1784872501384150736,-2.19546e+06
1784872501390150103,-2.19546e+06
1784872501405425806,-2.19546e+06
1784872501428770149,-2.19546e+06
1784872501448337021,-2.19546e+06
1784872501453190211,-2.19546e+06
1784872501469510566,-2.19547e+06
1784872501495104064,-2.19547e+06
1784872501533275047,-2.19547e+06
1784872501553463851,-2.19547e+06
1784872501626317886,-2.19547e+06
1784872501657025768,-2.19547e+06
1784872501761187931,-2.19547e+06
1784872501769481411,-2.19547e+06
1784872501804976014,-2.19547e+06
1784872501869804447,-2.19547e+06
1784872501962189086,-2.19547e+06
1784872502128389628,-2.19547e+06
1784872502675776618,-2.19547e+06
1784872502924091134,-2.19547e+06
1784872503087744784,-2.19547e+06
1784872503470435330,-2.19547e+06
1784872503949430690,-2.19547e+06
1784872504442293527,-2.19547e+06
1784872504451412416,-2.19547e+06
1784872504492060355,-2.19547e+06
1784872504613181937,-2.19547e+06
1784872504613788410,-2.19547e+06
1784872504714681960,-2.19547e+06
1784872504847834453,-2.19547e+06
1784872504859834996,-2.19547e+06
1784872504884871025,-2.19547e+06
1784872504959822312,-2.19547e+06
1784872504996599688,-2.19547e+06
1784872505071038375,-2.19547e+06
1784872505112862714,-2.19547e+06
1784872505145254882,-2.19547e+06
1784872505295931986,-2.19547e+06
1784872505352793609,-2.19547e+06
1784872505371599252,-2.19547e+06
1784872505430429352,-2.19547e+06
1784872505539926961,-2.19547e+06
1784872505634225863,-2.19547e+06
1784872505636300833,-2.19547e+06
1784872505637195952,-2.19547e+06
1784872505664313645,-2.19547e+06
1784872505705487613,-2.19547e+06
1784872505881765368,-2.19547e+06
1784872506013284924,-2.19547e+06
1784872506113335367,-2.19547e+06
1784872506384774756,-2.19547e+06
1784872506408020211,-2.19547e+06
1784872507328393084,-2.19547e+06
1784872507339066386,-2.19547e+06
1784872507348639053,-2.19547e+06
1784872507381572164,-2.19547e+06
1784872507419816357,-2.19547e+06
1784872507438738416,-2.19547e+06
1784872507569505891,-2.19547e+06
1784872507941019688,-2.19547e+06
1784872509105454917,-2.19547e+06
1784872510096662511,-2.19547e+06
1784872510518012597,-2.19547e+06
1784872510681076710,-2.19547e+06
1784872511626640645,-2.19547e+06
1784872512446350665,-2.19547e+06
1784872512652400478,-2.19547e+06
1784872514085207533,-2.19547e+06
1784872514373940941,-2.19547e+06
1784872514388485134,-2.19547e+06
1784872514453461879,-2.19547e+06
1784872514531986093,-2.19547e+06
1784872515256153265,-2.19547e+06
1784872516385143118,-2.19547e+06
1784872517054844516,-2.19547e+06
1784872517104437186,-2.19547e+06
1784872517283849269,-2.19547e+06
1784872517784761075,-2.19547e+06
1784872518024293969,-2.19548e+06
1784872518120627301,-2.19548e+06
1784872518283141096,-2.19548e+06
1784872518589077672,-2.19548e+06
1784872518889476811,-2.19548e+06
1784872518965379273,-2.19548e+06
1784872519213029015,-2.19548e+06
1784872520063305113,-2.19548e+06
1784872520557919202,-2.19548e+06
1784872520785673222,-2.19548e+06
1784872521594499535,-2.19549e+06
1784872522254255743,-2.19549e+06
1784872523657963024,-2.19549e+06
1784872524478517810,-2.19549e+06
1784872525635134038,-2.19549e+06
1784872526507663202,-2.19549e+06
1784872528012135019,-2.19549e+06
1784872528012748656,-2.19549e+06
1784872528013234271,-2.19549e+06
1784872528114584415,-2.19549e+06
1784872528456771948,-2.19549e+06
1784872528930183780,-2.19549e+06
1784872530037348764,-2.19549e+06
1784872530925667021,-2.19549e+06
1784872530939910626,-2.19549e+06
1784872531140128498,-2.19549e+06
1784872532126676731,-2.19549e+06
1784872532777242677,-2.19549e+06
1784872533334787403,-2.19549e+06
1784872533414000387,-2.19549e+06
1784872534155391548,-2.19549e+06
1784872534188739719,-2.19549e+06
1784872534504101050,-2.19549e+06
1784872534946578763,-2.19549e+06
1784872535017245902,-2.19549e+06
1784872536053100167,-2.19549e+06
1784872536165957896,-2.19549e+06
1784872536919415359,-2.19549e+06
1784872537635686821,-2.19549e+06
1784872537999563093,-2.19549e+06
1784872538328622806,-2.19549e+06
1784872539893297735,-2.19549e+06
1784872540299030909,-2.19549e+06
1784872541219558340,-2.19549e+06
1784872541734721421,-2.19549e+06
1784872541735266877,-2.19549e+06
1784872543370292965,-2.19549e+06
1784872545003795710,-2.19549e+06
1784872546741555328,-2.19549e+06
1784872547852544753,-2.19549e+06
1784872548387347340,-2.19549e+06
1784872548757801594,-2.19549e+06
1784872549108048348,-2.19549e+06
1784872549703895369,-2.19549e+06
1784872552531967704,-2.19549e+06
1784872552536998414,-2.25145e+06
1784872552537268855,-2.27866e+06
1784872552538767496,-2.28228e+06
1784872552541210881,-2.28455e+06
1784872552680824756,-2.2745e+06
1784872552829611434,-2.27703e+06
1784872553148570215,-2.25315e+06
1784872553819315492,-2.28981e+06
1784872556169944542,-2.27645e+06
1784872558118562248,-2.2987e+06
1784872558135473604,-2.29914e+06
1784872558152355527,-2.29914e+06
1784872558325621949,-2.29914e+06
1784872558935444818,-2.29914e+06
1784872559133327373,-2.29914e+06
1784872559387291987,-2.29914e+06
1784872560259602976,-2.29914e+06
1784872560932029150,-2.30129e+06
1784872563684036898,-2.30129e+06
1784872565797058127,-2.3013e+06
1784872566919945444,-2.30131e+06
1784872567601932220,-2.30132e+06
1784872569464563658,-2.30133e+06
1784872569656377963,-2.30133e+06
1784872569891953764,-2.30134e+06
1784872570064455325,-2.30171e+06
1784872570815939958,-2.30065e+06
1784872570816406649,-2.30138e+06
1784872570817530458,-2.3007e+06
1784872570893288208,-2.30442e+06
1784872571092754353,-2.30502e+06
1784872571937932523,-2.30494e+06
1784872574399750194,-2.30142e+06
1784872575838713425,-2.30143e+06
1784872576855068744,-2.30143e+06
1784872578496719159,-2.30144e+06
1784872579286936006,-2.30145e+06
1784872580132560291,-2.30146e+06
1784872580745913044,-2.30147e+06
1784872581996097986,-2.30148e+06
1784872584697893587,-2.30787e+06
1784872585045156038,-2.30787e+06
1784872587412825471,-2.30812e+06
1784872588776162571,-2.3084e+06
1784872589000022082,-2.30843e+06
1784872591298186802,-2.30846e+06
1784872591910385302,-2.30802e+06
1784872591918226003,-2.31578e+06
1784872591921953384,-2.31513e+06
1784872591924780985,-2.31516e+06
1784872591934230513,-2.31476e+06
1784872591942915857,-2.31526e+06
1784872591956360221,-2.31535e+06
1784872592040028378,-2.31464e+06
1784872592111926377,-2.31467e+06
1784872592487231425,-2.31503e+06
1784872592833822649,-2.31472e+06
1784872595085917005,-2.31472e+06
1784872595086826681,-2.31473e+06
1784872595087299586,-2.31474e+06
1784872595087780295,-2.31475e+06
1784872595088520832,-2.31475e+06
1784872595117522054,-2.31476e+06
1784872595123738509,-2.31477e+06
1784872595189374183,-2.31478e+06
1784872595193002068,-2.31479e+06
1784872595259940822,-2.31479e+06
1784872595287949253,-2.3148e+06
1784872595328893482,-2.31481e+06
1784872595329404448,-2.31482e+06
1784872595329771231,-2.31483e+06
1784872595698405406,-2.31484e+06
1784872596085369971,-2.31484e+06
1784872596823318841,-2.31485e+06
1784872596823880353,-2.31486e+06
1784872596824348256,-2.31487e+06
1784872597107302288,-2.31487e+06
1784872597745108222,-2.31509e+06
1784872597745673776,-2.3151e+06
1784872597746428841,-2.31511e+06
1784872597773707757,-2.31511e+06
1784872597931776291,-2.31511e+06
1784872597938529363,-2.31511e+06
1784872597959543380,-2.31511e+06
1784872598086894614,-2.31511e+06
1784872598255848500,-2.31511e+06
1784872598318511283,-2.31511e+06
1784872599021735688,-2.31511e+06
1784872600547718798,-2.3151e+06
1784872600561041023,-2.3151e+06
1784872600575837299,-2.3151e+06
1784872600617862447,-2.3151e+06
1784872600658130741,-2.3151e+06
1784872600669708796,-2.31813e+06
1784872600669945037,-2.32017e+06
1784872600672776793,-2.32147e+06
1784872600673211453,-2.32147e+06
1784872600673657613,-2.32046e+06
1784872600679133596,-2.33495e+06
1784872600680140487,-2.33486e+06
1784872600690845882,-2.35359e+06
1784872600758647934,-2.35359e+06
1784872600824722414,-2.35359e+06
1784872600843412865,-2.35466e+06
1784872600882233866,-2.35519e+06
1784872600985462604,-2.35733e+06
1784872601102954055,-2.35733e+06
1784872601114477083,-2.35733e+06
1784872601123692339,-2.38554e+06
1784872601250464126,-2.38554e+06
1784872601285791405,-2.38267e+06
1784872601437608612,-2.37872e+06
1784872601583558879,-2.38036e+06
1784872601843511869,-2.37429e+06
1784872601967879939,-2.37322e+06
1784872602186528543,-2.37165e+06
1784872602453839535,-2.37168e+06
1784872602626518426,-2.37064e+06
1784872603689566964,-2.36755e+06
1784872603696101133,-2.38144e+06
1784872603974621150,-2.37086e+06
1784872604410985308,-2.37941e+06
1784872604916817609,-2.37943e+06
1784872605731189573,-2.38137e+06
1784872605892325123,-2.38233e+06
1784872606423830881,-2.3856e+06
1784872606535904823,-2.39171e+06
1784872606574582328,-2.3802e+06
1784872606665478108,-2.38329e+06
1784872607371960416,-2.37434e+06
1784872607512459541,-2.37347e+06
1784872608087177736,-2.37086e+06
1784872609216923740,-2.37346e+06
1784872609621990490,-2.3612e+06
1784872609741812220,-2.37344e+06
1784872610035533050,-2.37345e+06
1784872610050410720,-2.37345e+06
1784872610080084451,-2.37346e+06
1784872610341012935,-2.37347e+06
1784872610543673395,-2.37348e+06
1784872611164219582,-2.37349e+06
1784872611773810407,-2.37349e+06
1784872611995009808,-2.3735e+06
1784872612134622223,-2.37351e+06
1784872612388582302,-2.37352e+06
1784872613415563756,-2.37353e+06
1784872613416062596,-2.38768e+06
1784872613416443665,-2.38961e+06
1784872613778560321,-2.37367e+06
1784872614769902625,-2.37368e+06
1784872614835483700,-2.37369e+06
1784872615152770062,-2.37369e+06
1784872615632402497,-2.3737e+06
1784872615937761559,-2.37371e+06
1784872616382588028,-2.37372e+06
1784872617210455197,-2.37373e+06
1784872617815014774,-2.37373e+06
1784872620309967085,-2.37374e+06
1784872620485575143,-2.37375e+06
1784872620633811952,-2.37376e+06
1784872622218577939,-2.37377e+06
1784872623856390311,-2.37801e+06
1784872624269383925,-2.37378e+06
1784872628162259310,-2.37379e+06
1784872629108665123,-2.3738e+06
1784872629830856671,-2.37381e+06
1784872632254645166,-2.37381e+06
1784872633452641743,-2.37382e+06
1784872633994554670,-2.37383e+06
1784872634817158624,-2.37384e+06
1784872635638981853,-2.37385e+06
1784872637066864463,-2.37385e+06
1784872638825678491,-2.37386e+06
1784872638896025874,-2.37387e+06
1784872639292203494,-2.37388e+06
1784872640452664168,-2.37389e+06
1784872641844189797,-2.37389e+06
1784872641872155763,-2.3739e+06
1784872641892443584,-2.37391e+06
1784872641909899451,-2.37392e+06
1784872641932818586,-2.37393e+06
1784872642430336452,-2.37393e+06
1784872642904648695,-2.37394e+06
1784872643395732264,-2.37395e+06
1784872643520196603,-2.37396e+06
1784872644473163122,-2.37397e+06
1784872645119063083,-2.37397e+06
1784872645153545025,-2.37397e+06
1784872645975601926,-2.37397e+06
1784872647345415790,-2.37397e+06
1784872649252887010,-2.37398e+06
1784872649253359209,-2.37398e+06
1784872650377833370,-2.37398e+06
1784872650788511070,-2.37398e+06
1784872651615526160,-2.37398e+06
1784872651702746914,-2.37398e+06
1784872652103814718,-2.37398e+06
1784872654269299343,-2.37398e+06
1784872654270455146,-2.37398e+06
1784872654403855337,-2.37398e+06
1784872655265889291,-2.37398e+06
1784872655909474827,-2.37398e+06
1784872657444932467,-2.37398e+06
1784872658841802844,-2.37398e+06
1784872660085262624,-2.37397e+06
1784872661437007650,-2.37397e+06
1784872662064305874,-2.37397e+06
1784872663692029067,-2.37397e+06
1784872664818271415,-2.37397e+06
1784872664835272246,-2.37397e+06
1784872665638146972,-2.37397e+06
1784872667481688153,-2.37397e+06
1784872669940315463,-2.37397e+06
1784872671677665502,-2.37397e+06
1784872672804015175,-2.37397e+06
1784872679050524726,-2.37397e+06
1784872691440278943,-2.37397e+06
1784872692157352153,-2.37397e+06
1784872693432520960,-2.37397e+06
1784872694206639788,-2.37397e+06
1784872694800460947,-2.37397e+06
1784872697072489061,-2.37397e+06
1784872698609888544,-2.37397e+06
1784872700698181371,-2.37397e+06
1784872701343047724,-2.37397e+06
1784872705633603392,-2.37397e+06
1784872709974720375,-2.37397e+06
1784872711651707316,-2.37397e+06
1784872714254472765,-2.37397e+06
1784872715296546433,-2.37398e+06
1784872715909589774,-2.37398e+06
1784872718265060457,-2.37398e+06
1784872718991605769,-2.37398e+06
1784872720896883156,-2.37398e+06
1784872723737637101,-2.37398e+06
1784872727842685520,-2.37398e+06
1784872728205159513,-2.37398e+06
1784872731196675122,-2.37398e+06
1784872731696800169,-2.37398e+06
1784872732817614903,-2.37399e+06
1784872733516645121,-2.37399e+06
1784872735558491236,-2.37399e+06
1784872738655699689,-2.37399e+06
1784872738689494426,-2.37399e+06
1784872740772095244,-2.37399e+06
1784872743215807098,-2.37399e+06
1784872744083394980,-2.37399e+06
1784872744083864723,-2.37399e+06
1784872744097634826,-2.37399e+06
1784872744107818714,-2.37399e+06
1784872744112306914,-2.37399e+06
1784872744134972311,-2.37399e+06
1784872744137851230,-2.37399e+06
1784872744167215652,-2.37399e+06
1784872744212971582,-2.37399e+06
1784872744271026205,-2.37399e+06
1784872747360274968,-2.37399e+06
1784872752951690905,-2.37399e+06
1784872753810448184,-2.37399e+06
1784872754325010184,-2.37399e+06
1784872755038012196,-2.37399e+06
1784872755677077504,-2.37399e+06
1784872756062392654,-2.37399e+06
1784872758930181039,-2.37399e+06
1784872761078954860,-2.37399e+06
1784872763948733730,-2.37399e+06
1784872767494803459,-2.37399e+06
1784872769500549248,-2.37399e+06
1784872772344723564,-2.37399e+06
1784872781355372077,-2.37399e+06
1784872781864441439,-2.38698e+06
1784872781865019115,-2.38731e+06
1784872781882582738,-2.389e+06
1784872781897984723,-2.38733e+06
1784872782022945892,-2.38733e+06
1784872782328816349,-2.38734e+06
1784872782355834473,-2.38735e+06
1784872782848135761,-2.38736e+06
1784872783197636467,-2.38737e+06
1784872783425126341,-2.38737e+06
1784872783560524420,-2.38738e+06
1784872783779058895,-2.38739e+06
1784872783859399484,-2.38764e+06
1784872784996262432,-2.38741e+06
1784872785264567484,-2.38741e+06
1784872785366917148,-2.38741e+06
1784872785435924051,-2.38741e+06
1784872785724052825,-2.38741e+06
1784872786896475317,-2.38741e+06
1784872787806696220,-2.38741e+06
1784872789221932883,-2.38741e+06
1784872790161520792,-2.38741e+06
1784872790778214060,-2.38741e+06
1784872790778708199,-2.38741e+06
1784872790779222561,-2.38742e+06
1784872790780659078,-2.38742e+06
1784872790784067432,-2.38742e+06
1784872790812677069,-2.38742e+06
1784872790878730999,-2.38742e+06
1784872790917567057,-2.38742e+06
1784872790936183851,-2.38742e+06
1784872790958844745,-2.38742e+06
1784872790985523134,-2.38742e+06
1784872791013178611,-2.38742e+06
1784872791048969528,-2.38742e+06
1784872791061101766,-2.38806e+06
1784872791073447606,-2.38807e+06
1784872791078306777,-2.38963e+06
1784872791100339351,-2.38965e+06
1784872791146586705,-2.38965e+06
1784872791185630746,-2.38965e+06
1784872791231644744,-2.38832e+06
1784872791299575638,-2.38824e+06
1784872791351879432,-2.38824e+06
1784872791558575844,-2.38824e+06
1784872791722446899,-2.38824e+06
1784872791868949618,-2.38896e+06
1784872791869594946,-2.38896e+06
1784872791881491533,-2.38896e+06
1784872791881889183,-2.38907e+06
1784872791883009177,-2.38915e+06
1784872791883437174,-2.38916e+06
1784872791967222702,-2.38917e+06
1784872792082378609,-2.38918e+06
1784872792260728896,-2.38918e+06
1784872792277671925,-2.38918e+06
1784872792317179767,-2.38918e+06
1784872792391849709,-2.38918e+06
1784872792481463614,-2.38918e+06
1784872792765875627,-2.38918e+06
1784872792850012422,-2.38918e+06
1784872792883213108,-2.38918e+06
1784872792894012571,-2.38918e+06
1784872793212322662,-2.38918e+06
1784872793467109857,-2.38918e+06
1784872793745606923,-2.38918e+06
1784872793888510960,-2.38918e+06
1784872794770892598,-2.38918e+06
1784872795490940234,-2.38918e+06
1784872795622231932,-2.38918e+06
1784872796925543364,-2.38918e+06
1784872796994466190,-2.38918e+06
1784872798148742159,-2.38918e+06
1784872798868695727,-2.38918e+06
1784872800074209435,-2.38918e+06
1784872800176413331,-2.38918e+06
1784872800187137716,-2.38918e+06
1784872800232487075,-2.38918e+06
1784872800269627175,-2.38918e+06
1784872800323870027,-2.38918e+06
1784872800757606307,-2.38918e+06
1784872800875587329,-2.38918e+06
1784872801220249846,-2.38918e+06
1784872801601208066,-2.38918e+06
1784872801627402605,-2.38918e+06
1784872801659911219,-2.38918e+06
1784872801716152427,-2.38918e+06
1784872801805816680,-2.38918e+06
1784872802088017762,-2.38918e+06
1784872802177165577,-2.38918e+06
1784872802195129401,-2.38918e+06
1784872802206174919,-2.38918e+06
1784872802212198168,-2.38919e+06
1784872802219321867,-2.38919e+06
1784872802232564628,-2.38919e+06
1784872802258829911,-2.38919e+06
1784872802303002276,-2.38919e+06
1784872802365987908,-2.38919e+06
1784872802527853283,-2.38919e+06
1784872802634589699,-2.38919e+06
1784872802658883453,-2.38919e+06
1784872802693656026,-2.38919e+06
1784872802785071815,-2.38919e+06
1784872803176226786,-2.38919e+06
1784872803308972992,-2.38919e+06
1784872804190818245,-2.38919e+06
1784872804316758079,-2.38919e+06
1784872804327714406,-2.38919e+06
1784872804328176497,-2.3892e+06
1784872804459088926,-2.3892e+06
1784872804546515852,-2.3892e+06
1784872804561061309,-2.3892e+06
1784872804579267520,-2.3892e+06
1784872804605488054,-2.3892e+06
1784872804700547511,-2.3892e+06
1784872804808952399,-2.3892e+06
1784872804851427456,-2.3892e+06
1784872804959143222,-2.3892e+06
1784872805034007195,-2.3892e+06
1784872805229114721,-2.3892e+06
1784872805403051201,-2.3892e+06
1784872805501474295,-2.3892e+06
1784872805793713875,-2.3892e+06
1784872806062737713,-2.3892e+06
1784872806083528956,-2.3892e+06
1784872806101610642,-2.3892e+06
1784872806317011524,-2.3892e+06
1784872806379638880,-2.3892e+06
1784872806750899276,-2.3892e+06
1784872806957208396,-2.3892e+06
1784872807263387430,-2.3892e+06
1784872807263703636,-2.3892e+06
1784872807315905337,-2.3892e+06
1784872807353556042,-2.3892e+06
1784872807590257464,-2.3892e+06
1784872808145332459,-2.3892e+06
1784872808644202758,-2.3892e+06
1784872808901371375,-2.3892e+06
1784872808905552516,-2.3892e+06
1784872808956185023,-2.3892e+06
1784872809213703064,-2.3892e+06
1784872810092025693,-2.3892e+06
1784872810235006680,-2.3892e+06
1784872810390588696,-2.3892e+06
1784872810502526833,-2.3892e+06
1784872810511396152,-2.3892e+06
1784872810790811974,-2.3892e+06
1784872811068296901,-2.3892e+06
1784872811169623417,-2.3892e+06
1784872811250813586,-2.38918e+06
1784872811870829292,-2.38916e+06
1784872812586778425,-2.38917e+06
1784872812638926306,-2.38917e+06
1784872812675192786,-2.38918e+06
1784872812721618053,-2.38919e+06
1784872812766915257,-2.3892e+06
1784872812894720439,-2.3892e+06
1784872812974152364,-2.3892e+06
1784872813516078892,-2.3892e+06
1784872814311593453,-2.3892e+06
1784872814541927245,-2.3892e+06
1784872816486228480,-2.3892e+06
1784872817047953597,-2.3892e+06
1784872817296493225,-2.3892e+06
1784872817449409310,-2.3892e+06
1784872819499324858,-2.3892e+06
1784872819514965517,-2.3892e+06
1784872820062309710,-2.3892e+06
1784872820678131719,-2.3892e+06
1784872821803510824,-2.3892e+06
1784872822826707790,-2.3892e+06
1784872823665648768,-2.3892e+06
1784872823972678590,-2.3892e+06
1784872824912711956,-2.3892e+06
1784872827131519569,-2.3892e+06
1784872827132058281,-2.3892e+06
1784872827132754132,-2.3892e+06
1784872827540984598,-2.3892e+06
1784872827541795181,-2.3892e+06
1784872827585881058,-2.3892e+06
1784872827653412718,-2.3892e+06
1784872827720966811,-2.3892e+06
1784872827722654195,-2.3892e+06
1784872827730949971,-2.3892e+06
1784872827783357024,-2.3892e+06
1784872827855740547,-2.3892e+06
1784872828255389488,-2.3892e+06
1784872828256354173,-2.3892e+06
1784872828256874516,-2.3892e+06
1784872828349402349,-2.3892e+06
1784872828573939723,-2.3892e+06
1784872830404947943,-2.3892e+06
1784872831636527868,-2.3892e+06
1784872833478381483,-2.3892e+06
1784872836039911136,-2.3892e+06
1784872836441531937,-2.38918e+06
1784872838085503422,-2.38918e+06
1784872841388772010,-2.38919e+06
1784872841492219218,-2.3892e+06
1784872841492465082,-2.3892e+06
1784872841801045771,-2.3892e+06
1784872841801456523,-2.40879e+06
1784872841801828989,-2.43044e+06
1784872841802364666,-2.44525e+06
1784872841802717844,-2.44861e+06
1784872841803137275,-2.46638e+06
1784872841803555255,-2.47447e+06
1784872841804709186,-2.4745e+06
1784872841805094229,-2.47453e+06
1784872841805440250,-2.47457e+06
1784872841805826738,-2.47516e+06
1784872841847242419,-2.47516e+06
1784872841847662075,-2.47517e+06
1784872841848058835,-2.47518e+06
1784872841919026910,-2.47519e+06
1784872841919449623,-2.4752e+06
1784872842114662827,-2.4752e+06
1784872842114937780,-2.47521e+06
1784872842115169008,-2.47522e+06
1784872842185485061,-2.47523e+06
1784872842185767071,-2.47524e+06
1784872842186180133,-2.47524e+06
1784872842186516331,-2.47525e+06
1784872842186965287,-2.47526e+06
1784872842187299963,-2.47527e+06
1784872842187641526,-2.47528e+06
1784872842187881111,-2.47528e+06
1784872842188137426,-2.47529e+06
1784872842188409137,-2.4753e+06
1784872842188737768,-2.47531e+06
1784872842188985362,-2.47531e+06
1784872842189353571,-2.47532e+06
1784872842189712297,-2.47533e+06
1784872842190074901,-2.47534e+06
1784872842190380729,-2.47535e+06
1784872842190614149,-2.47535e+06
1784872842190899005,-2.47536e+06
1784872842191227454,-2.47537e+06
1784872842191474682,-2.47538e+06
1784872842191769640,-2.47539e+06
1784872842192040266,-2.47539e+06
1784872842192311501,-2.4754e+06
1784872842192638631,-2.47541e+06
1784872842192984677,-2.47541e+06
1784872842193557365,-2.47541e+06
1784872842194663909,-2.47541e+06
1784872842195228783,-2.47541e+06
1784872842195845315,-2.47541e+06
1784872842196426203,-2.47541e+06
1784872842197117000,-2.47541e+06
1784872842197841689,-2.47541e+06
1784872842198525467,-2.47541e+06
1784872842199300591,-2.47541e+06
1784872842199861457,-2.47541e+06
1784872842200039225,-2.47541e+06
1784872842244406775,-2.47541e+06
1784872842244956769,-2.47541e+06
1784872842245371560,-2.47541e+06
1784872842246262477,-2.47541e+06
1784872842246588798,-2.47541e+06
1784872842246972785,-2.47541e+06
1784872842247234696,-2.47541e+06
1784872842247812394,-2.47541e+06
1784872842261002254,-2.47541e+06
1784872842261505515,-2.47541e+06
1784872842262295477,-2.47541e+06
1784872842262575401,-2.47541e+06
1784872842262926238,-2.47541e+06
1784872842263218833,-2.47541e+06
1784872842263491059,-2.47541e+06
1784872842263717425,-2.47541e+06
1784872842263930595,-2.47541e+06
1784872842264179464,-2.47542e+06
1784872842264451479,-2.47542e+06
1784872842264731197,-2.47543e+06
1784872842265035840,-2.47543e+06
1784872842265317392,-2.47544e+06
1784872842265547304,-2.47544e+06
1784872842265868352,-2.47545e+06
1784872842266266709,-2.47546e+06
1784872842266491456,-2.47546e+06
1784872842266744872,-2.47547e+06
1784872842266998706,-2.47548e+06
1784872842267220975,-2.47548e+06
1784872842267489026,-2.47548e+06
1784872842267844725,-2.47548e+06
1784872842268159607,-2.47548e+06
1784872842268515757,-2.47548e+06
1784872842268816480,-2.47548e+06
1784872842269143585,-2.47548e+06
1784872842316783734,-2.47548e+06
1784872842317247265,-2.47547e+06
1784872842317672332,-2.47548e+06
1784872842318181390,-2.47549e+06
1784872842318496031,-2.47549e+06
1784872842319033131,-2.47549e+06
1784872842319388158,-2.47549e+06
1784872842319593423,-2.47549e+06
1784872842320036564,-2.47549e+06
1784872842320251461,-2.47549e+06
1784872842320466671,-2.4755e+06
1784872842320635489,-2.47552e+06
1784872842320831489,-2.47552e+06
1784872842321007689,-2.47553e+06
1784872842321378092,-2.47555e+06
1784872842321573974,-2.47557e+06
1784872842321897462,-2.47561e+06
1784872842322253624,-2.47564e+06
1784872842322672774,-2.47544e+06
1784872842323037967,-2.47554e+06
1784872842323377130,-2.47565e+06
1784872842323773872,-2.47569e+06
1784872842324080153,-2.47569e+06
1784872842324391771,-2.4757e+06
1784872842324691789,-2.4757e+06
1784872842324937762,-2.47571e+06
1784872842325295447,-2.47571e+06
1784872842325583417,-2.47572e+06
1784872842325977015,-2.47572e+06
1784872842326263669,-2.47572e+06
1784872842326434968,-2.47572e+06
1784872842326650158,-2.47572e+06
1784872842326859859,-2.47572e+06
1784872842327067857,-2.47572e+06
1784872842365077890,-2.47572e+06
1784872842365382219,-2.47572e+06
1784872842365661927,-2.47572e+06
1784872842366011331,-2.47573e+06
1784872842366626767,-2.47573e+06
1784872842366958115,-2.47573e+06
1784872842367177299,-2.47573e+06
1784872842367378090,-2.47573e+06
1784872842367544227,-2.47573e+06
1784872842367781031,-2.47573e+06
1784872842375588513,-2.47573e+06
1784872842375876691,-2.47573e+06
1784872842376188297,-2.47573e+06
1784872842376389160,-2.47573e+06
1784872842376575195,-2.47573e+06
1784872842376851075,-2.47573e+06
1784872842377248919,-2.47573e+06
1784872842377627869,-2.47573e+06
1784872842378438755,-2.47573e+06
1784872842378773884,-2.47573e+06
1784872842379015948,-2.47573e+06
1784872842379227218,-2.47573e+06
1784872842379472611,-2.47573e+06
1784872842379678629,-2.47573e+06
1784872842379965477,-2.47572e+06
1784872842380132501,-2.47572e+06
1784872842380952089,-2.48036e+06
1784872842382258188,-2.48528e+06
1784872842382810457,-2.48558e+06
1784872842383109874,-2.48552e+06
1784872842383353196,-2.48552e+06
1784872842383559259,-2.48553e+06
1784872842383778486,-2.48554e+06
1784872842384098703,-2.48555e+06
1784872842453601359,-2.48555e+06
1784872842453830190,-2.48556e+06
1784872842454405422,-2.48557e+06
1784872842454921163,-2.48558e+06
1784872842455584624,-2.48558e+06
1784872842456103046,-2.48558e+06
1784872842456537926,-2.48558e+06
1784872842457147323,-2.48558e+06
1784872842457739425,-2.48558e+06
1784872842458232947,-2.48558e+06
1784872842458711803,-2.48558e+06
1784872842458926548,-2.48558e+06
1784872842459197032,-2.48558e+06
1784872842459424094,-2.48558e+06
1784872842459766139,-2.48558e+06
1784872842459991401,-2.48558e+06
1784872842460236569,-2.48558e+06
1784872842460419855,-2.48559e+06
1784872842460715052,-2.4856e+06
1784872842460905744,-2.4856e+06
1784872842461135457,-2.48561e+06
1784872842461352237,-2.48562e+06
1784872842461518957,-2.48562e+06
1784872842461747318,-2.48563e+06
1784872842462017494,-2.48563e+06
1784872842462508333,-2.48563e+06
1784872842462899906,-2.48563e+06
1784872842463431695,-2.48563e+06
1784872842463943770,-2.48563e+06
1784872842464485938,-2.48564e+06
1784872842464868350,-2.48564e+06
1784872842465508654,-2.48564e+06
1784872842465921411,-2.48564e+06
1784872842466586904,-2.48564e+06
1784872842467118665,-2.48564e+06
1784872842525607878,-2.48564e+06
1784872842526474446,-2.48564e+06
1784872842526730031,-2.48564e+06
1784872842526968365,-2.48564e+06
1784872842527191116,-2.48564e+06
1784872842527431786,-2.48564e+06
1784872842527617196,-2.48564e+06
1784872842527834849,-2.48564e+06
1784872842528233340,-2.48564e+06
1784872842528863479,-2.48564e+06
1784872842529294167,-2.48564e+06
1784872842544659640,-2.48564e+06
1784872842545452043,-2.49053e+06
1784872842546255063,-2.49072e+06
1784872842546860377,-2.49614e+06
1784872842547287471,-2.49598e+06
1784872842548230971,-2.49599e+06
1784872842548963781,-2.496e+06
1784872842549821786,-2.49601e+06
1784872842550193830,-2.49601e+06
1784872842550442214,-2.49602e+06
1784872842550695977,-2.49603e+06
1784872842550963847,-2.49604e+06
1784872842551217489,-2.49605e+06
1784872842551474428,-2.49605e+06
1784872842551662384,-2.49606e+06
1784872842551846090,-2.49607e+06
1784872842552056237,-2.49608e+06
1784872842552269494,-2.49609e+06
1784872842552470897,-2.49609e+06
1784872842552921776,-2.4961e+06
1784872842553697190,-2.49611e+06
1784872842554629952,-2.49612e+06
1784872842554945782,-2.49613e+06
1784872842603983327,-2.49659e+06
1784872842604218831,-2.4966e+06
1784872842604452933,-2.49662e+06
1784872842604644838,-2.49665e+06
1784872842604847969,-2.49667e+06
1784872842605106616,-2.49668e+06
1784872842605363214,-2.49668e+06
1784872842605617043,-2.49668e+06
1784872842606378443,-2.49668e+06
1784872842606703901,-2.49668e+06
1784872842606922137,-2.49668e+06
1784872842607171105,-2.49668e+06
1784872842607381316,-2.49668e+06
1784872842607594555,-2.49668e+06
1784872842607778847,-2.49668e+06
1784872842607975853,-2.49668e+06
1784872842608167555,-2.49668e+06
1784872842608436175,-2.49668e+06
1784872842608623952,-2.49668e+06
1784872842608814107,-2.49669e+06
1784872842609160777,-2.49669e+06
1784872842609994368,-2.49669e+06
1784872842610726358,-2.50565e+06
1784872842611607431,-2.50417e+06
1784872842612138451,-2.50552e+06
1784872842612659546,-2.50553e+06
1784872842613285538,-2.50532e+06
1784872842614201226,-2.50555e+06
1784872842614958829,-2.50555e+06
1784872842615572421,-2.50556e+06
1784872842615953346,-2.50557e+06
1784872842616190320,-2.50558e+06
1784872842616426862,-2.50558e+06
1784872842616630551,-2.50559e+06
1784872842616872687,-2.5056e+06
1784872842666622857,-2.50553e+06
1784872842666860790,-2.50562e+06
1784872842667083237,-2.50562e+06
1784872842667315572,-2.50563e+06
1784872842667533100,-2.50564e+06
1784872842667804100,-2.50565e+06
1784872842668017393,-2.50566e+06
1784872842668260904,-2.50566e+06
1784872842668433132,-2.50567e+06
1784872842668643189,-2.50567e+06
1784872842668837600,-2.50568e+06
1784872842669043586,-2.50568e+06
1784872842669503721,-2.50569e+06
1784872842670419636,-2.50569e+06
1784872842670986361,-2.50569e+06
1784872842671751928,-2.50569e+06
1784872842671986510,-2.50569e+06
1784872842672233833,-2.50569e+06
1784872842672461572,-2.50569e+06
1784872842672675819,-2.50569e+06
1784872842673011040,-2.50569e+06
1784872842673227551,-2.50569e+06
1784872842673480346,-2.50569e+06
1784872842676174168,-2.50569e+06
1784872842676425322,-2.50569e+06
1784872842676647368,-2.50569e+06
1784872842676842043,-2.50569e+06
1784872842677054365,-2.50569e+06
1784872842677255020,-2.50569e+06
1784872842677711071,-2.50569e+06
1784872842678283262,-2.50569e+06
1784872842678700406,-2.50569e+06
1784872842678988816,-2.50569e+06
1784872842679235621,-2.50569e+06
1784872842716777300,-2.50569e+06
1784872842717493469,-2.50569e+06
1784872842717975591,-2.50569e+06
1784872842718697765,-2.50569e+06
1784872842718962221,-2.50569e+06
1784872842719208616,-2.50569e+06
1784872842719416150,-2.50569e+06
1784872842719629608,-2.50569e+06
1784872842719845749,-2.50569e+06
1784872842720113103,-2.5057e+06
1784872842720617487,-2.5057e+06
1784872842721241862,-2.50571e+06
1784872842721519868,-2.50571e+06
1784872842721758704,-2.50571e+06
1784872842721956225,-2.50571e+06
1784872842722297872,-2.50571e+06
1784872842722502699,-2.50571e+06
1784872842722736233,-2.50571e+06
1784872842722964479,-2.50571e+06
1784872842723336909,-2.50571e+06
1784872842723571361,-2.50571e+06
1784872842724000411,-2.50571e+06
1784872842724233169,-2.50571e+06
1784872842724489830,-2.50571e+06
1784872842724696060,-2.50571e+06
1784872842724949628,-2.50571e+06
1784872842725315350,-2.5057e+06
1784872842727328266,-2.5057e+06
1784872842727682947,-2.5057e+06
1784872842727909448,-2.50571e+06
1784872842728120850,-2.50572e+06
1784872842728338919,-2.50572e+06
1784872842765696084,-2.50573e+06
1784872842765928688,-2.50573e+06
1784872842766252621,-2.50574e+06
1784872842766456679,-2.50574e+06
1784872842766715530,-2.50575e+06
1784872842766959415,-2.5066e+06
1784872842767188154,-2.50559e+06
1784872842767468672,-2.5056e+06
1784872842767645922,-2.50561e+06
1784872842767823355,-2.50562e+06
1784872842768014929,-2.50563e+06
1784872842768206793,-2.50566e+06
1784872842768380210,-2.50564e+06
1784872842768563980,-2.50565e+06
1784872842768761494,-2.50566e+06
1784872842769307110,-2.50566e+06
1784872842769925335,-2.50566e+06
1784872842770513413,-2.50566e+06
1784872842771058181,-2.50566e+06
1784872842771828074,-2.50566e+06
1784872842772219390,-2.50566e+06
1784872842772417102,-2.50566e+06
1784872842772617329,-2.50566e+06
1784872842772820076,-2.50566e+06
1784872842773053611,-2.50566e+06
1784872842773206241,-2.50566e+06
1784872843507558828,-2.50566e+06
1784872843848650334,-2.50566e+06
1784872845559632480,-2.50566e+06
1784872846170453706,-2.50566e+06
1784872847206359342,-2.50566e+06
1784872847207004914,-2.50566e+06
1784872847207286585,-2.50567e+06
1784872847207286585,-2.50567e+06
