ts,equity
1784867004792229009,1e+06
1784867005220432167,1e+06
1784867006121902556,1e+06
1784867006706531742,1e+06
1784867007062247696,1e+06
1784867007062574558,1e+06
1784867007074118309,1e+06
1784867007114640445,1e+06
1784867007134933683,1e+06
1784867007173110444,1e+06
1784867007206457713,1e+06
1784867007287860940,1e+06
1784867007545176863,1e+06
1784867007561713289,1e+06
1784867007629586926,1e+06
1784867007917806656,1e+06
1784867008040994037,1e+06
1784867008074977099,1e+06
1784867008112014408,999999
1784867008221582574,999999
1784867008910824327,1e+06
1784867013505179431,1e+06
1784867013733809175,999999
1784867013949705215,999996
1784867013965894876,999996
1784867014200397068,999996
1784867014253943815,999996
1784867014299273094,999996
1784867014484281501,999996
1784867014605623221,999996
1784867015339654164,999996
1784867016260617805,999996
1784867017080419409,999996
1784867017140529921,999996
1784867017223244558,999996
1784867017590951593,999996
1784867017713705743,999996
1784867018002891995,999996
1784867019026781004,999996
1784867019208802315,999996
1784867019435839074,999996
1784867019437487885,999996
1784867019627089770,999996
1784867019989786544,999996
1784867020492802131,999996
1784867022219122048,999996
1784867022219727533,999996
1784867022220968784,999996
1784867022236971292,999996
1784867022264510628,999996
1784867022275815766,999996
1784867022361391308,999996
1784867022396337553,999996
1784867022421915641,999996
1784867022445927732,999996
1784867022471921748,999996
1784867022487501198,999996
1784867022499878398,999996
1784867022672735958,999996
1784867023047075161,999996
1784867023092311250,999996
1784867023157710722,999996
1784867023367981834,999996
1784867023458294831,999996
1784867023609525919,999996
1784867023691863101,999996
1784867024154004814,999996
1784867024467017047,999996
1784867024964294842,999996
1784867025809444522,999996
1784867025883331191,999996
1784867026008917934,999996
1784867026207168517,999996
1784867026338221798,999840
1784867026357746846,999840
1784867026359411062,999840
1784867026360018535,999840
1784867026394826537,999840
1784867026406886762,999585
1784867026409246926,999585
1784867026489757563,999585
1784867026524390045,999585
1784867026701126156,999657
1784867027055894245,999657
1784867027163443275,999657
1784867027186217866,999657
1784867027230172342,999657
1784867027276504690,999657
1784867027393349417,999657
1784867027598997695,999657
1784867028242230628,999657
1784867028242681562,999657
1784867029191431833,999660
1784867029882551417,999657
1784867030700522027,999657
1784867031512785548,999657
1784867031611391674,999657
1784867031634780693,999599
1784867031652884049,999575
1784867031665276762,999575
1784867031665747665,999575
1784867031687095942,999575
1784867031692816057,999575
1784867031703148371,999208
1784867031704138512,999185
1784867031719910966,998740
1784867031720774224,998740
1784867031740830168,998740
1784867031755578692,998740
1784867031789391603,998740
1784867031827071474,998740
1784867031867860457,998740
1784867031902622928,998740
1784867031973176090,998740
1784867032139523327,998740
1784867032165102981,998740
1784867032183990617,998740
1784867032326655403,998740
1784867032641930044,998740
1784867033044008673,998740
1784867033064489594,998740
1784867033080095468,998740
1784867033097767515,998740
1784867033135789744,998740
1784867033163209551,998740
1784867033192306705,998740
1784867033222400848,998740
1784867033357714811,998740
1784867033634985428,998612
1784867033638907890,998260
1784867033639567674,998260
1784867033646356135,998260
1784867033780223095,998260
1784867033891072484,998260
1784867034005572737,998260
1784867034027800681,998260
1784867034159974793,998260
1784867034588605725,998260
1784867034897443558,998260
1784867034920327137,998260
1784867034987628341,998260
1784867035020404543,998260
1784867035042996613,998260
1784867035056731338,998102
1784867035071027241,998005
1784867035084242136,998005
1784867035090969959,998005
1784867035106571072,997955
1784867035121499830,997955
1784867035122749588,997955
1784867035131600236,997955
1784867035141658719,997955
1784867035152027448,997955
1784867035163577482,997955
1784867035182389672,997955
1784867035191257451,997955
1784867035208294325,997955
1784867035223784577,997955
1784867035291923760,997955
1784867035304153734,997955
1784867035367474283,997955
1784867035411954337,997955
1784867035554285961,997955
1784867035603381045,997955
1784867035759444237,997955
1784867035902624901,997955
1784867036126644390,997955
1784867036442321329,997955
1784867036967931514,997955
1784867037590505689,997955
1784867038301545633,997955
1784867038607038873,997955
1784867039199483105,997955
1784867039520813180,997955
1784867040140393360,997955
1784867040140748533,997955
1784867040186681106,997955
1784867040603286963,997955
1784867040861155440,997955
1784867041021243026,997955
1784867041677762341,997955
1784867041695247258,997955
1784867041701855437,997955
1784867041826234286,997955
1784867041896343975,997955
1784867041969954441,997955
1784867042069348004,997955
1784867042170936037,997955
1784867042265711987,997955
1784867042434275190,997955
1784867042653342349,997955
1784867043065214176,997955
1784867043539285196,997955
1784867044744662974,997955
1784867044793030765,997955
1784867044816252657,997955
1784867044921455962,997955
1784867045162198930,997955
1784867045916145903,997955
1784867046145837530,997955
1784867046198858381,997955
1784867046250807484,997955
1784867046268817589,997955
1784867046295138052,997955
1784867046494930223,997955
1784867046965771709,997955
1784867047193956482,997955
1784867048009204490,997955
1784867048824988577,997955
1784867049101877777,997955
1784867049742368043,997955
1784867051081844838,997955
1784867051758219082,997955
1784867051799774799,997955
1784867052010296948,997955
1784867052171796560,997955
1784867052185042352,997955
1784867052241142841,997955
1784867052952709518,997955
1784867053130912812,997955
1784867053425716891,997955
1784867053700859771,997955
1784867054062529453,997955
1784867054266216847,997955
1784867054839111298,997955
1784867055246617909,997955
1784867055594166851,997955
1784867056014361609,997955
1784867056554368089,997955
1784867056966580722,997955
1784867057323029593,997955
1784867057570952055,997955
1784867057856027670,997955
1784867058240274165,997955
1784867058695879554,997955
1784867059019750645,997955
1784867059100686996,997955
1784867059157958685,997955
1784867059275762505,997955
1784867059821291894,997955
1784867061534532702,997955
1784867061718779005,997955
1784867061744761166,997955
1784867061774909040,997955
1784867061799297333,997955
1784867061823494104,997955
1784867061849882911,997955
1784867061862675379,997955
1784867061926634652,997955
1784867061962660824,997955
1784867061981332452,997955
1784867061992529015,997955
1784867062018913362,997955
1784867062057638763,997955
1784867062075318578,997955
1784867062099517735,997955
1784867062210200004,997955
1784867062277748216,997955
1784867062407027453,997957
1784867062486904176,997955
1784867062487246875,997955
1784867062500275876,997955
1784867062524171458,997955
1784867062573601726,997955
1784867062689649141,997955
1784867062944603132,997955
1784867063059598210,997955
1784867063163233671,997955
1784867063274589042,997955
1784867063311805035,997955
1784867063344691212,997955
1784867063582646025,997955
1784867063705750877,997955
1784867063722007724,997955
1784867063765772462,997955
1784867063836585094,997955
1784867063838185633,998065
1784867063838334990,998065
1784867063852338726,998043
1784867063857879999,998043
1784867063925004276,998043
1784867064021013635,998043
1784867064078103509,998043
1784867064331214073,998043
1784867064925866076,998043
1784867065456302921,998043
1784867065858744568,998043
1784867066374157232,998043
1784867066393911792,998043
1784867066399905802,998043
1784867066412775526,998043
1784867066454903876,998043
1784867066503980390,998043
1784867066565161095,998043
1784867066606779563,998043
1784867066685804771,997952
1784867066690811760,997840
1784867066691341947,997831
1784867066706334928,997831
1784867066767775193,997831
1784867066965468159,997831
1784867066965775960,997831
1784867066988884935,997831
1784867067067991910,997828
1784867067243890298,997831
1784867067253703837,997831
1784867067271436815,997831
1784867067275845157,997831
1784867067344438876,997831
1784867067409886159,997831
1784867067582973589,997831
1784867067935315197,997831
1784867068536698250,997831
1784867068553784542,997831
1784867068625248708,997831
1784867068655041316,997831
1784867068943300370,997831
1784867069233732515,997831
1784867069771065147,997831
1784867070033570630,997831
1784867071061559528,997831
1784867072405874436,997831
1784867072672151606,997831
1784867073088978531,997831
1784867073863610192,997831
1784867073875340186,997831
1784867073942212003,997831
1784867074210260054,997831
1784867075183300743,997831
1784867075776591808,997831
1784867076312113865,997831
1784867076559229183,997831
1784867077033971845,997831
1784867077611291048,997831
1784867079481602672,997831
1784867079921281782,997831
1784867080305955131,997831
1784867080312414671,997831
1784867080318325406,997831
1784867080331424635,997831
1784867080378792873,997831
1784867080496595685,997831
1784867081023063272,997831
1784867081039615608,997831
1784867081047541245,997831
1784867081080521920,997831
1784867081106877889,997831
1784867081240801685,997831
1784867081609287566,997831
1784867081998395803,997831
1784867082170472628,997831
1784867082973410420,997832
1784867083646274980,997832
1784867083742597916,997832
1784867084604601751,997832
1784867086345833599,997832
1784867086420479621,997832
1784867087299632981,997832
1784867087393894371,997832
1784867088138292014,997832
1784867088934076932,997832
1784867088952014468,997832
1784867088976485506,997832
1784867088995661185,997832
1784867089027189149,997832
1784867089108747823,997832
1784867089289476588,997832
1784867089881535436,997832
1784867090025891480,997832
1784867090045127231,997832
1784867090079974071,997832
1784867090158822744,997830
1784867090854770340,997830
1784867091146630561,997830
1784867091546707011,997830
1784867092118103591,997832
1784867092707230044,997832
1784867092718487621,997832
1784867092775062793,997832
1784867093064631996,997832
1784867093075139150,997832
1784867093116090489,997832
1784867093211593460,997832
1784867093238554671,997832
1784867093254916988,997832
1784867093287635783,997832
1784867093364700359,997832
1784867093446135824,997832
1784867093921854855,997832
1784867094089046356,997832
1784867094295133104,997832
1784867094522373309,997832
1784867094749564170,997832
1784867095226622411,997832
1784867095569920438,997832
1784867095636739612,997830
1784867095660470464,997832
1784867095686992886,997832
1784867095699974852,997832
1784867095775324237,997832
1784867095951597517,997832
1784867096227787823,997832
1784867096966374606,997832
1784867097710379585,997832
1784867098372229553,997832
1784867098845052180,997832
1784867099949631305,997832
1784867099964132389,997832
1784867100078151459,997832
1784867100222150637,997832
1784867100841338449,997832
1784867100854907075,997832
1784867101287280778,997832
1784867101420496554,997832
1784867101462377538,997832
1784867101568996571,997832
1784867102068378111,997832
1784867102226637400,997832
1784867102951150460,997832
1784867103015912490,997832
1784867103034553939,997832
1784867103046873815,997832
1784867103064606243,997832
1784867103110407723,997830
1784867103278169786,997832
1784867103804269615,997832
1784867104749308944,997832
1784867105147758031,997830
1784867105157714162,997832
1784867105763087380,997832
1784867106580684212,997832
1784867111236148776,997832
1784867111629396631,997832
1784867112911054839,997832
1784867113498838081,997832
1784867114607007852,997831
1784867114989408910,997832
1784867115271710705,997832
1784867115845702627,997831
1784867116492815821,997832
1784867116737225197,997832
1784867116969688391,997832
1784867118111015934,997832
1784867121362182468,997832
1784867125458874253,997832
1784867126046273716,997832
1784867129046849135,997831
1784867129206212996,997832
1784867130383614905,997832
1784867131807831294,997832
1784867132667806422,997832
1784867134266110394,997832
1784867139113149804,997832
1784867140633163238,997832
1784867141307285017,997832
1784867142287220187,997832
1784867143763081555,997832
1784867144458803155,997832
1784867145692775764,997832
1784867146699101190,997832
1784867148174658149,997832
1784867150142099420,997832
1784867153318492507,997832
1784867153651632908,997832
1784867153686968167,997832
1784867153761209124,997832
1784867155017420647,997832
1784867155353188646,997832
1784867155447386631,997832
1784867155471893083,997832
1784867155547494037,997832
1784867155574906663,997832
1784867155590352314,997832
1784867155636569467,997832
1784867155722661183,997832
1784867155835904673,997832
1784867155847062597,997832
1784867155875349323,997832
1784867155941167246,997832
1784867156143598698,997832
1784867156968740939,997832
1784867157173091333,997832
1784867157834446434,997832
1784867157869914598,997834
1784867157872984440,997850
1784867157873145569,997850
1784867157873961370,997850
1784867157877234281,997848
1784867157878469591,997848
1784867157885513661,997848
1784867158023132284,997848
1784867158083561827,997848
1784867158200337977,997848
1784867158222114198,997848
1784867158257080409,997848
1784867158304222836,997848
1784867159022917456,997848
1784867160554907648,997848
1784867162686465732,997848
1784867162742350668,997848
1784867164230198286,997848
1784867167170902399,997848
1784867168583571367,997848
1784867168746336562,997778
1784867168751312886,997625
1784867168753523157,997625
1784867168946242341,997619
1784867168962826578,997619
1784867168986919001,997624
1784867169127784014,997624
1784867169595366445,997624
1784867169821079441,997624
1784867170798620033,997624
1784867171042177087,997624
1784867171059041218,997624
1784867171085730194,997624
1784867171132628031,997624
1784867171284114219,997624
1784867171544186126,997624
1784867171718354706,997624
1784867171868585867,997552
1784867171871516758,997530
1784867172068813209,997530
1784867172076022906,997322
1784867172084041651,997269
1784867172084351010,997461
1784867172084608182,997460
1784867172096337415,997460
1784867172176406871,997460
1784867172735728950,997460
1784867172751039349,997460
1784867172913835460,997460
1784867173149362684,997461
1784867173458443371,997460
1784867173791535656,997460
1784867174061010296,997460
1784867174265079387,997460
1784867174693342527,997460
1784867175038784776,997460
1784867175426214994,997460
1784867175815035952,997460
1784867176366493910,997460
1784867176778576718,997460
1784867177113883884,997461
1784867177442954739,997460
1784867177618917007,997460
1784867177841884229,997460
1784867178112052055,997460
1784867178298171486,997460
1784867178787561788,997460
1784867178809079979,997460
1784867178990152065,997460
1784867179191763046,997460
1784867180469447745,997460
1784867181001210065,997460
1784867181550536112,997460
1784867183084856643,997460
1784867183091766345,997460
1784867183117975218,997460
1784867183127084887,997460
1784867183139943147,997460
1784867183140945400,997460
1784867183151569860,997460
1784867183221373997,997460
1784867183292247978,997460
1784867183292745863,997460
1784867183293157009,997460
1784867183368239362,997460
1784867183430974113,997460
1784867183431337031,997460
1784867183442537863,997460
1784867183589975755,997460
1784867183604019489,997502
1784867183604812076,997504
1784867183607199725,997596
1784867183607370105,997596
1784867183615442735,997596
1784867183660502343,997596
1784867183803922400,997596
1784867183916768760,997596
1784867183961897394,997596
1784867184095142107,997596
1784867184112474918,997596
1784867184123262478,997596
1784867184141005761,997596
1784867184172861074,997596
1784867184271636634,997596
1784867184849913299,997596
1784867185217353000,997596
1784867185507732520,997596
1784867186308517654,997596
1784867187242556991,997596
1784867189300245158,997596
1784867189314549625,997596
1784867189330879867,997596
1784867189343732866,997596
1784867189359746814,997596
1784867189400657761,997596
1784867189431737423,997596
1784867189445601987,997596
1784867189468805060,997596
1784867189493605525,997596
1784867189556399038,997596
1784867189595145123,997596
1784867189608618273,997596
1784867189630407573,997596
1784867189652353879,997600
1784867189652689144,997573
1784867189657104516,997558
1784867189671197554,997558
1784867189671624642,997558
1784867189682278731,997558
1784867189696428177,997558
1784867189744220277,997558
1784867189788668583,997558
1784867189804569274,997556
1784867189804958825,997556
1784867189884050442,997556
1784867190042468011,997556
1784867190288431863,997556
1784867190377302846,997556
1784867190587723606,997556
1784867191020933031,997535
1784867191025657843,997379
1784867191026271480,997379
1784867191126604932,997379
1784867191367570872,997379
1784867191825292218,997379
1784867191929147971,997379
1784867191975571236,997379
1784867191996051986,997379
1784867192028744969,997379
1784867192039831245,997379
1784867192351583055,997379
1784867192662816859,997379
1784867192812377787,997379
1784867192836267186,997379
1784867193030349037,997379
1784867193396110533,997379
1784867194985681065,997379
1784867195111136752,997379
1784867195327376354,997379
1784867196083664846,997380
1784867196086466636,997380
1784867196291778904,997380
1784867196471750577,997380
1784867196830665975,997380
1784867197668920522,997380
1784867197736735151,997380
1784867198025278457,997380
1784867198420943621,997380
1784867198685811734,997380
1784867199110653729,997380
1784867199149216070,997380
1784867199161280328,997380
1784867199166663764,997380
1784867199180984848,997380
1784867199200166795,997380
1784867199235788705,997380
1784867199270900380,997380
1784867199371260868,997380
1784867199444278608,997380
1784867199511484722,997380
1784867199584745221,997380
1784867199584960000,997380
1784867199883637697,997380
1784867200199854326,997380
1784867200562379020,997380
1784867200639686329,997380
1784867200847568747,997380
1784867201475627559,997380
1784867203166172289,997380
1784867205918637489,997380
1784867206374789512,997380
1784867206523321258,997380
1784867207001013862,997380
1784867207038856059,997380
1784867207158408897,997380
1784867207442909420,997380
1784867207606420744,997380
1784867208953071295,997380
1784867209112705419,997380
1784867209934526373,997380
1784867210721440855,997380
1784867210994850112,997380
1784867212425196965,997380
1784867212984040055,997380
1784867213708969875,997380
1784867213925027458,997380
1784867214612187957,997380
1784867214916024479,997380
1784867215060674269,997380
1784867216489138892,997380
1784867216531036419,997380
1784867216536136775,997380
1784867216541393550,997380
1784867216688762332,997380
1784867216963094240,997380
1784867217036461592,997380
1784867217236407056,997380
1784867217913491972,997380
1784867218189446156,997380
1784867218925063637,997380
1784867219016007302,997380
1784867219023172063,997380
1784867219112078408,997380
1784867219184437587,997380
1784867219421497832,997380
1784867219728212438,997380
1784867220020836807,997380
1784867220320004779,997381
1784867220385080719,997381
1784867220391605880,997381
1784867220421418538,997380
1784867220456701041,997380
1784867220467882858,997380
1784867220470240845,997380
1784867220480032856,997380
1784867220488781206,997380
1784867220553822770,997380
1784867220554469015,997380
1784867220554808597,997380
1784867220573382794,997380
1784867220601558765,997380
1784867220621061695,997380
1784867220650997913,997380
1784867220694261303,997380
1784867220745617148,997380
1784867220824245901,997380
1784867220893249690,997380
1784867221208122428,997380
1784867221538406690,997380
1784867222109688144,997380
1784867223006002658,997380
1784867223760008590,997380
1784867224192574893,997380
1784867225101387421,997380
1784867226010470230,997380
1784867226580269969,997380
1784867226667576310,997380
1784867227146810854,997380
1784867227868456579,997380
1784867228670938103,997380
1784867229278942764,997380
1784867229407531641,997380
1784867229572591551,997380
1784867229581073060,997380
1784867229586628934,997380
1784867229599947622,997380
1784867229605726615,997380
1784867229640766826,997380
1784867229658367109,997380
1784867229670342525,997380
1784867229696684746,997380
1784867229711384516,997380
1784867229732223554,997380
1784867229790765879,997380
1784867229855371354,997380
1784867229894663705,997380
1784867229957199730,997380
1784867230080019538,997380
1784867230149204313,997380
1784867230599207590,997380
1784867230799509834,997380
1784867231148006568,997380
1784867231167133267,997380
1784867231189767934,997380
1784867231214774881,997380
1784867231221918782,997380
1784867231300599824,997380
1784867231532691005,997380
1784867232153770621,997380
1784867232204999147,997380
1784867232232206735,997380
1784867232379295156,997380
1784867232580166652,997380
1784867232908551553,997380
1784867233260608250,997380
1784867233968862244,997380
1784867233978446241,997380
1784867234000516692,997380
1784867234013763545,997380
1784867234020943350,997380
1784867234049845257,997380
1784867234065528204,997380
1784867234078555859,997380
1784867234095415533,997380
1784867234146742219,997380
1784867234154896951,997380
1784867234194670367,997380
1784867234199185452,997380
1784867234213146368,997380
1784867234262948239,997380
1784867234369183160,997380
1784867234499046507,997380
1784867234840277848,997360
1784867234842914594,997283
1784867234845158646,997282
1784867234854857022,997282
1784867234867135103,997282
1784867234871008613,997282
1784867234886583615,997282
1784867234898812560,997282
1784867234969929897,997282
1784867235006601015,997282
1784867235127875133,997282
1784867235246823830,997282
1784867235871212676,997283
1784867237798432929,997282
1784867237891856768,997282
1784867238314755853,997282
1784867238603422321,997282
1784867239572354890,997282
1784867239929816770,997282
1784867240556128962,997282
1784867240925447309,997282
1784867241549268025,997282
1784867241676083564,997282
1784867241696855725,997282
1784867241717964781,997282
1784867241728950579,997282
1784867241745402908,997282
1784867241754312143,997282
1784867241762285468,997282
1784867241770795670,997284
1784867241778262494,997282
1784867241797190101,997284
1784867241804335302,997282
1784867241815085807,997282
1784867241820270138,997282
1784867241839456287,997282
1784867241877783946,997282
1784867241918257896,997282
1784867242072225871,997282
1784867242081326816,997282
1784867242165905109,997282
1784867242575721385,997282
1784867242711109588,997284
1784867242917600623,997282
1784867243351033554,997282
1784867243801718727,997282
1784867243928991566,997282
1784867244118349608,997282
1784867244297646129,997282
1784867244323206876,997282
1784867244382901806,997282
1784867244448656061,997220
1784867244449029946,997038
1784867244449814186,997036
1784867244450304803,996994
1784867244456424030,996994
1784867244456745128,996994
1784867244460463391,996994
1784867244471514607,996994
1784867244481828534,996994
1784867244490405084,996994
1784867244536896769,996994
1784867244593408297,996994
1784867244644181065,996994
1784867244865495062,996994
1784867245035559665,996994
1784867245999287170,996994
1784867247342577691,996994
1784867247403613733,996994
1784867247456723157,996994
1784867247501626187,996984
1784867247506825563,996984
1784867247549028679,996984
1784867247580832554,996887
1784867247580956610,996839
1784867247585400510,996743
1784867247585598664,996743
1784867247607403797,996731
1784867247654261809,996614
1784867247657524462,996614
1784867247752018025,996614
1784867247757834259,996634
1784867247782613897,996634
1784867247893665694,996634
1784867247961146824,996632
1784867247983482100,996629
1784867248020855891,996629
1784867248276485048,996629
1784867248875510154,996631
1784867250914386676,996629
1784867251788672719,996629
1784867251855908281,996629
1784867251903027017,996629
1784867252701540108,996629
1784867253722912943,996629
1784867253771474545,996629
1784867253785182113,996629
1784867253832789376,996629
1784867254721395489,996629
1784867254929541463,996629
1784867256119609115,996629
1784867256200726547,996631
1784867256475577448,996629
1784867256606500271,996629
1784867256647155053,996629
1784867256691544662,996631
1784867256694355879,996632
1784867256788440638,996646
1784867256987421680,996642
1784867256999603362,996642
1784867257014914964,996642
1784867257028349918,996642
1784867257039233497,996642
1784867257049270470,996642
1784867257076615010,996642
1784867257113579248,996642
1784867257563292317,996642
1784867258112366654,996642
1784867258262489705,996642
1784867258435325609,996642
1784867258937689300,996642
1784867261108800738,996642
1784867262374636003,996642
1784867262387057217,996642
1784867262399497896,996642
1784867262403438432,996642
1784867263059616503,996642
1784867264538866734,996642
1784867264639287822,996642
1784867264654919288,996642
1784867265408750285,996642
1784867265479557975,996642
1784867265690014431,996642
1784867267024334111,996642
1784867267033737806,996642
1784867267038328104,996642
1784867267332263742,996642
1784867267347124212,996642
1784867267448678053,996642
1784867267712502421,996642
1784867268126165653,996642
1784867269301315963,996642
1784867269646386998,996642
1784867271278282548,996642
1784867271588132129,996642
1784867271980124219,996642
1784867272923724266,996642
1784867273356862595,996642
1784867273369637400,996642
1784867273376129486,996642
1784867273396323411,996642
1784867274172544455,996642
1784867274222600828,996642
1784867274550981634,996642
1784867274557534400,996642
1784867274642422046,996642
1784867274919619783,996642
1784867275657313203,996642
1784867275713235891,996642
1784867275796428048,996643
1784867276075253600,996643
1784867277550656601,996643
1784867278541858739,996643
1784867279780661331,996643
1784867281756626685,996643
1784867282661738928,996643
1784867284579300198,996643
1784867287754336650,996643
1784867290364894190,996643
1784867290525968321,996643
1784867292879637394,996643
1784867293003034699,996643
1784867293966919733,996643
1784867294442432626,996643
1784867294471811432,996643
1784867294495342858,996643
1784867294616602370,996643
1784867294914298278,996643
1784867294967586093,996643
1784867294973155442,996643
1784867295109349723,996643
1784867295777645797,996644
1784867296090360175,996596
1784867296099075593,996485
1784867296610298916,996507
1784867297656272260,996507
1784867299703265274,996507
1784867301114495188,996507
1784867301123214901,996507
1784867301162426351,996507
1784867303348761751,996507
1784867303676397619,996507
1784867303680427033,996507
1784867303697273524,996507
1784867303697924570,996507
1784867303709009496,996507
1784867303724581122,996507
1784867303745765017,996507
1784867303774546113,996507
1784867303801610133,996512
1784867303803768641,996654
1784867303803912188,996670
1784867303804937824,996670
1784867303819776821,996670
1784867303849731873,996670
1784867303947565604,996670
1784867304000404888,996670
1784867304172924298,996670
1784867304320010231,996670
1784867304515591235,996670
1784867305449951092,996670
1784867306035065393,996670
1784867306080120672,996670
1784867306494780181,996670
1784867306654541327,996670
1784867308506156808,996670
1784867310412337808,996670
1784867310643081714,996670
1784867311477783217,996670
1784867311818937396,996670
1784867311819222481,996670
1784867311819468392,996670
1784867311819782255,996670
1784867311820004532,996670
1784867311992605354,996670
1784867312116993697,996670
1784867312603858855,996670
1784867312977406238,996670
1784867313353297254,996670
1784867313892438443,996670
1784867314222310016,996670
1784867314303320165,996670
1784867314318128395,996670
1784867314327678322,996670
1784867314336603175,996670
1784867314375117361,996670
1784867314414887707,996670
1784867314456299884,996670
1784867314564019698,996670
1784867315068920720,996670
1784867315187685016,996670
1784867316671411593,996670
1784867319466843052,996670
1784867320021225327,996670
1784867321122008568,996670
1784867322368777325,996670
1784867322382547203,996670
1784867322408245638,996670
1784867322426236620,996670
1784867322566399143,996670
1784867322951206921,996670
1784867323559825987,996670
1784867323669800594,996670
1784867323950930464,996670
1784867324597142556,996670
1784867327198097634,996670
1784867327214323346,996670
1784867327353114623,996670
1784867327389399702,996670
1784867327460109138,996670
1784867327495456134,996670
1784867327535448268,996670
1784867327691571007,996670
1784867327746393247,996670
1784867327784503134,996670
1784867327852703695,996670
1784867327892550702,996670
1784867328014782226,996670
1784867328611495664,996670
1784867330336264189,996670
1784867331861694042,996670
1784867331891458275,996670
1784867332038539363,996670
1784867333319189666,996670
1784867333710992753,996670
1784867334387309035,996670
1784867335250789469,996670
1784867336065872397,996670
1784867337573729006,996670
1784867337917065787,996670
1784867339960031367,996670
1784867341051363223,996670
1784867342315285850,996670
1784867343381128635,996650
1784867343381683499,996558
1784867343381963591,996558
1784867343383491798,996558
1784867343386370428,996559
1784867343391828145,996559
1784867343397558538,996559
1784867343420689579,996559
1784867343420816625,996636
1784867343425038916,996616
1784867343491094338,996504
1784867343570367383,996503
1784867343626009205,996504
1784867343780903840,996503
1784867344521475262,996503
1784867344922943756,996503
1784867345613269915,996503
1784867346041786142,996503
1784867346710094617,996503
1784867347668444740,996503
1784867349919849043,996503
1784867352140704549,996504
1784867354158998155,996504
1784867354169880096,996504
1784867354335557364,996504
1784867354524539429,996504
1784867354653554244,996504
1784867355056142631,996504
1784867356441942244,996504
1784867357733467023,996504
1784867360673879739,996504
1784867362528336169,996504
1784867365330218475,996504
1784867365539991890,996504
1784867365550569403,996504
1784867366070347097,996504
1784867366523250585,996504
1784867368140471906,996504
1784867369432447615,996504
1784867369442289244,996504
1784867369442557574,996504
1784867369453598676,996504
1784867369496002961,996504
1784867369604848039,996504
1784867369983964335,996504
1784867370704028727,996504
1784867371973653873,996504
1784867371986987641,996504
1784867371994434153,996504
1784867372101095617,996504
1784867373060334823,996504
1784867373516409375,996504
1784867374677678357,996504
1784867374787851001,996504
1784867374805879976,996504
1784867375782123382,996504
1784867375797272431,996504
1784867375797491602,996504
1784867375815407611,996504
1784867376033630129,996504
1784867376342904795,996504
1784867376963469274,996504
1784867376963649780,996504
1784867376963985552,996504
1784867376964185092,996504
1784867377022445158,996504
1784867377277999998,996504
1784867377744117964,996504
1784867377928106956,996504
1784867378285851866,996504
1784867378554152959,996504
1784867379413310322,996504
1784867380161124028,996504
1784867381117285580,996504
1784867381430461561,996504
1784867381945478496,996504
1784867383126014435,996504
1784867383741383523,996504
1784867386373183609,996504
1784867387761341336,996504
1784867388395165982,996504
1784867388578728793,996504
1784867388619361534,996504
1784867388634568188,996504
1784867388686695811,996504
1784867389182658207,996504
1784867389987943560,996504
1784867390438616332,996504
1784867391934354120,996504
1784867392250904389,996504
1784867392270043382,996504
1784867392270402688,996504
1784867392278346883,996504
1784867392293158500,996504
1784867392301772176,996504
1784867392329728705,996504
1784867392339257304,996504
1784867392383845699,996504
1784867392419800093,996504
1784867392498391450,996504
1784867392549009203,996504
1784867392791880543,996504
1784867393843291417,996504
1784867395218503227,996504
1784867395261163560,996504
1784867395285409071,996504
1784867395302381312,996504
1784867395600204842,996504
1784867395748701143,996504
1784867397991125796,996504
1784867398170389761,996504
1784867398294739408,996504
1784867400060392501,996504
1784867400219458176,996504
1784867400292151883,996504
1784867400319276253,996504
1784867400343493151,996504
1784867400367002367,996504
1784867400418190745,996504
1784867400549788999,996504
1784867400626789703,996504
1784867400966610590,996504
1784867401165271697,996504
1784867401356204332,996504
1784867401608373154,996504
1784867401895939881,996504
1784867402085151078,996504
1784867402128963672,996504
1784867402194912054,996504
1784867403435643945,996504
1784867404002599119,996504
1784867405134212695,996504
1784867405177599112,996504
1784867405217909160,996504
1784867405245505453,996504
1784867405264159049,996504
1784867405272622050,996504
1784867405298935718,996504
1784867405316609723,996504
1784867405368651827,996504
1784867405372750472,996586
1784867405372884780,996588
1784867405373187980,996688
1784867405380326037,996700
1784867405383064473,996700
1784867405389451246,996700
1784867405458510803,996700
1784867405512560549,996700
1784867405526269259,996700
1784867405680305634,996700
1784867405780407948,996700
1784867405911434093,996700
1784867406186670726,996718
1784867406190731366,996663
1784867406190927271,996610
1784867406200522456,996599
1784867406329052085,996599
1784867406480504356,996600
1784867406960628414,996600
1784867406961023849,996600
1784867407137958120,996600
1784867407350499019,996600
1784867407561735456,996600
1784867407600245535,996600
1784867407728641859,996600
1784867407842281273,996600
1784867408132868894,996600
1784867408294989515,996600
1784867408635886654,996600
1784867408981655722,996600
1784867409246248627,996600
1784867409398907329,996600
1784867409419590102,996600
1784867409426478248,996600
1784867409457062138,996600
1784867409457463331,996600
1784867409486496840,996600
1784867409573674119,996600
1784867409603879261,996600
1784867409723801187,996600
1784867409930517857,996600
1784867410174881447,996600
1784867410222293563,996600
1784867410274437467,996600
1784867410891264636,996600
1784867411763884060,996600
1784867412336922499,996599
1784867412341734061,996514
1784867412345649223,996512
1784867412465780532,996512
1784867412600548003,996512
1784867412603338866,996512
1784867412611470417,996512
1784867412624292276,996512
1784867412646406896,996512
1784867412878469478,996512
1784867412909777274,996512
1784867413001388025,996512
1784867413235375114,996512
1784867413938541831,996512
1784867414916313238,996512
1784867415152998288,996512
1784867415179405272,996512
1784867415211271506,996512
1784867415284576861,996512
1784867415701544865,996512
1784867415788569092,996466
1784867415788687353,996425
1784867415789163461,996410
1784867415789303230,996410
1784867415793653677,996410
1784867415793799598,996192
1784867415796979005,996190
1784867415797137794,996009
1784867415797252150,995811
1784867415803921078,995698
1784867415823608861,995610
1784867415923738815,995610
1784867415928859468,995516
1784867415931542547,995408
1784867415937076356,995407
1784867415940224194,995407
1784867415944580098,995402
1784867415944750294,995398
1784867415952017314,995390
1784867415952191475,995365
1784867415956151985,995369
1784867415960937061,995314
1784867415972801386,995362
1784867415993170478,995302
1784867416129020511,995302
1784867416274127666,995302
1784867416457970611,995302
1784867416476055819,995302
1784867416502397846,995302
1784867416621615798,995302
1784867416659524510,995302
1784867416782418862,995320
1784867417030225439,995316
1784867417278208400,995318
1784867417465987130,995318
1784867417542321350,995329
1784867417677880136,995329
1784867417783838709,995329
1784867418413797061,995329
1784867418508123267,995329
1784867418520500625,995329
1784867418524083443,995329
1784867418538406991,995329
1784867418558644449,995328
1784867418596415801,995329
1784867418647062566,995329
1784867418695571805,995329
1784867418767118866,995329
1784867419040181473,995329
1784867419054453075,995329
1784867419084240663,995329
1784867419242472963,995329
1784867419843379792,995329
1784867420911940035,995329
1784867421354585667,995329
1784867421911374983,995329
1784867422722708889,995329
1784867423483682060,995329
1784867424692827755,995329
1784867425712369654,995329
1784867430281375451,995329
1784867432879381310,995329
1784867434514679361,995329
1784867436959420063,995329
1784867436959820525,995329
1784867436964985040,995329
1784867437044092597,995329
1784867438060405326,995329
1784867439929688411,995329
1784867439972279405,995329
1784867440054359557,995329
1784867440110852107,995329
1784867440326977951,995329
1784867440512444563,995329
1784867440721452378,995329
1784867440937482421,995329
1784867441182467969,995329
1784867441571687169,995329
1784867442039906002,995329
1784867443050787870,995329
1784867443737415761,995329
1784867444878435870,995329
1784867444906734467,995329
1784867444975657282,995329
1784867444990413180,995329
1784867444999806916,995329
1784867445129096213,995329
1784867446258435518,995329
1784867446292260556,995329
1784867446323339194,995329
1784867446465012145,995329
1784867447981808864,995329
1784867448329804125,995329
1784867448982774465,995329
1784867449644041569,995329
1784867451228352559,995330
1784867452989129795,995330
1784867453819431979,995330
1784867454561510882,995330
1784867454949671818,995330
1784867455018360099,995330
1784867455097992848,995330
1784867455125743162,995330
1784867455364252166,995330
1784867455807134694,995330
1784867456133081145,995328
1784867458612970140,995330
1784867459893019284,995330
1784867460369829617,995330
1784867460811272336,995330
1784867461953055055,995330
1784867462970936430,995330
1784867463313186785,995330
1784867464349744571,995330
1784867465354592330,995330
1784867465610111303,995328
1784867465834835593,995330
1784867467236652552,995330
1784867468395393623,995330
1784867470119166021,995330
1784867470518565866,995330
1784867471158842355,995330
1784867471874909360,995330
1784867472084343047,995330
1784867472911529899,995330
1784867472943353054,995330
1784867473581073489,995330
1784867474083700276,995330
1784867474529748048,995330
1784867474582218394,995330
1784867474623727529,995330
1784867474638719260,995330
1784867474663652499,995330
1784867474683309907,995330
1784867474708895803,995330
1784867474732247098,995330
1784867474814344995,995330
1784867474950516857,995330
1784867474994672423,995330
1784867475054088781,995330
1784867475457437608,995330
1784867475613521255,995330
1784867475771611714,995330
1784867477042016528,995330
1784867477415928896,995330
1784867479361536807,995330
1784867479822317893,995330
1784867479837655414,995330
1784867480009304636,995335
1784867480012848108,995238
1784867480013032828,995240
1784867480014180706,995186
1784867480017472060,995186
1784867480065331820,995186
1784867480127254038,995114
1784867480129788025,994812
1784867480131337867,994674
1784867480133069280,994674
1784867480164575473,994674
1784867480291460110,994674
1784867480674426417,994673
1784867481247326164,994673
1784867482680845944,994673
1784867482716925721,994673
1784867482742123264,994673
1784867482751170365,994673
1784867482791203215,994672
1784867482869470270,994672
1784867482922322425,994672
1784867483119004863,994672
1784867484048024852,994672
1784867484671937847,994672
1784867484672090165,994672
1784867484722606157,994672
1784867484786514579,994672
1784867484857458315,994672
1784867484904949789,994672
1784867485057028530,994672
1784867485618842997,994672
1784867485661605504,994672
1784867485792430412,994672
1784867485867851427,994672
1784867486274905945,994672
1784867486454677149,994672
1784867486963419848,994672
1784867487939264699,994672
1784867487959375145,994672
1784867487967678270,994672
1784867488001879621,994672
1784867488325734684,994672
1784867490069824355,994672
1784867492245796225,994672
1784867495988689234,994672
1784867499148020592,994672
1784867499313528487,994672
1784867499885545366,994672
1784867499936435179,994672
1784867500008397204,994672
1784867500877572373,994672
1784867502194803079,994672
1784867502876830011,994672
1784867503124580615,994672
1784867503191091119,994310
1784867503191335995,994213
1784867503201998895,994212
1784867503205980835,994208
1784867503212993008,994210
1784867503219535147,994210
1784867503229512590,994288
1784867503236332905,994199
1784867503253530557,994297
1784867503361598266,994185
1784867503443711251,994185
1784867503558507900,994231
1784867503829269675,994231
1784867503982795941,994231
1784867504056602792,994231
1784867504414804293,994231
1784867504798642646,994231
1784867505080240703,994186
1784867505992554904,994222
1784867506000095599,993966
1784867506148227415,994025
1784867506541481273,994017
1784867506566610263,994034
1784867506585302071,994040
1784867506661202228,994044
1784867506959742436,994048
1784867506979886313,994111
1784867507505829209,994111
1784867507766486796,994111
1784867508240446273,994113
1784867509149796315,994113
1784867509485737902,994113
1784867509829429288,994113
1784867509894460849,994113
1784867509958986069,994165
1784867510918912490,994165
1784867512514492758,994165
1784867512913685849,994165
1784867512936547141,994165
1784867512940159335,994165
1784867512950614024,994165
1784867512964865761,994165
1784867512964991260,994165
1784867512977711382,994165
1784867512988279981,994165
1784867512998018057,994165
1784867513007498354,994165
1784867513067569417,994165
1784867513094391042,994165
1784867513265088599,994165
1784867513412746482,994165
1784867513661084823,994165
1784867513967626435,994165
1784867513990431105,994165
1784867514190778923,994165
1784867515118378311,994165
1784867515709480720,994165
1784867516700441840,994165
1784867518343647657,994165
1784867518576676212,994281
1784867518579604214,994368
1784867518579794740,994368
1784867518589354734,994251
1784867518597271730,994252
1784867518627233642,994272
1784867518834229087,994272
1784867518966127741,994272
1784867518973720782,994272
1784867518983540266,994272
1784867518996501837,994272
1784867519030195763,994272
1784867519071804736,994272
1784867519124944434,994230
1784867519141121814,994230
1784867519159422056,994230
1784867519277529150,994230
1784867519328920267,994230
1784867519440832378,994230
1784867519835324427,994230
1784867519979199831,994230
1784867519979335126,994201
1784867519979478444,994201
1784867519979606424,994206
1784867520058442577,994210
1784867520174559067,994210
1784867520774830486,994209
1784867520986468085,994181
1784867521162364956,994180
1784867521216394729,994180
1784867521230386545,994180
1784867521235615496,994180
1784867521311262604,994180
1784867521491013595,994180
1784867521521683558,994180
1784867521533109311,994180
1784867521549339250,994180
1784867521579380051,994180
1784867521683417527,994180
1784867521786232454,994180
1784867521975668162,994180
1784867522197381620,994180
1784867522644823164,994180
1784867522720536060,994180
1784867522743132818,994181
1784867522985247844,994180
1784867523237747294,994180
1784867524455802128,994180
1784867526730134153,994181
1784867529416889460,994180
1784867530794538411,994180
1784867530912785886,994180
1784867531054423381,994180
1784867531143351687,994180
1784867531269227683,994180
1784867531295307005,994180
1784867531368100730,994180
1784867531705909080,994180
1784867531755631527,994180
1784867531773504757,994180
1784867531795062370,994180
1784867531805522859,994180
1784867531831152963,994180
1784867531870476158,994180
1784867531889359296,994180
1784867531921529154,994180
1784867531953360424,994180
1784867532001514550,994180
1784867532032460737,994180
1784867532065580501,994180
1784867532306537199,994180
1784867532659482023,994180
1784867532941005955,994180
1784867533640226298,994180
1784867533655142478,994180
1784867533809015283,994180
1784867534093077369,994180
1784867534702775744,994180
1784867534719728898,994180
1784867534725642108,994180
1784867534735447938,994181
1784867534740484871,994181
1784867534743008794,994180
1784867534747752367,994180
1784867534751287424,994180
1784867534770236987,994180
1784867534804761681,994180
1784867534887799949,994180
1784867534907575550,994180
1784867534915907752,994180
1784867534931380602,994180
1784867534949183783,994180
1784867534981536979,994180
1784867535020172664,994180
1784867535051448350,994180
1784867535174949289,994180
1784867535289820735,994180
1784867535523293676,994180
1784867535861603306,994180
1784867536180590862,994180
1784867536192945658,994180
1784867536215838250,994180
1784867536371919115,994180
1784867536507824388,994181
1784867536575547606,994180
1784867536960021917,994181
1784867538629554642,994180
1784867539466522654,994181
1784867539707892354,994180
1784867541717889776,994180
1784867542243766549,994182
1784867543917922616,994180
1784867543930346518,994180
1784867544656353697,994180
1784867545782541101,994180
1784867545795550186,994180
1784867545833763971,994180
1784867546490423868,994180
1784867547205086749,994180
1784867551141412524,994180
1784867556339783285,994180
1784867558967401215,994180
1784867561052535060,994180
1784867563109675026,994181
1784867563115087127,994011
1784867563115972422,993840
1784867563118904373,993840
1784867563128007887,993834
1784867563131608594,993833
1784867563139041330,993835
1784867563143592839,993833
1784867563147979557,993833
1784867563269087013,993833
1784867563571528753,993833
1784867563752518644,993833
1784867563917884191,993833
1784867565007142110,993833
1784867565347755548,993833
1784867565779707150,993833
1784867566571927884,993833
1784867567883944779,993833
1784867568054555860,993833
1784867568448726010,993834
1784867568555531179,993834
1784867569112773823,993834
1784867569886739978,993834
1784867570048210439,993834
1784867571021978118,993834
1784867571085436961,993834
1784867571217276577,993834
1784867573863198139,993834
1784867575095736063,993834
1784867575372943818,993834
1784867576357493985,993834
1784867578972283631,993834
1784867581089426406,993834
1784867581203467099,993834
1784867582754937955,993834
1784867584419341333,993834
1784867585130418659,993834
1784867585147782286,993836
1784867585153809679,993834
1784867585158075111,993834
1784867585160056502,993836
1784867585161840893,993834
1784867585164423481,993834
1784867585168049018,993834
1784867585281339081,993834
1784867585691737155,993834
1784867586990205424,993836
1784867587371047972,993834
1784867587658688225,993834
1784867588213082536,993834
1784867588218746890,993834
1784867588350126317,993834
1784867588606118571,993834
1784867590347458516,993834
1784867590403960361,993834
1784867590594910305,993834
1784867590618280721,993834
1784867590632689643,993834
1784867590665127445,993834
1784867590680882917,993834
1784867590681383784,993834
1784867590694912284,993834
1784867590695239262,993834
1784867590737784066,993834
1784867590772456639,993834
1784867590786890782,993834
1784867590830813087,993834
1784867590858965640,993834
1784867590871129878,993834
1784867590894544294,993834
1784867590986347839,993834
1784867591208727190,993834
1784867591777982342,993834
1784867592799401368,993834
1784867593042212124,993834
1784867594322933699,993834
1784867595995303912,993834
1784867597127868803,993834
1784867597288077256,993834
1784867597294789579,993834
1784867597427121171,993834
1784867597652411019,993834
1784867597917585829,993834
1784867598562579002,993834
1784867598652530615,993834
1784867598869277746,993834
1784867599730351067,993834
1784867600391456857,993834
1784867600471747133,993834
1784867600512067743,993834
1784867600524365055,993834
1784867600530558723,993834
1784867600562215795,993834
1784867600627967522,993834
1784867600818625288,993836
1784867600981599927,993834
1784867601026339203,993834
1784867601068112252,993834
1784867601122197221,993834
1784867601237645567,993834
1784867602136106400,993834
1784867602487509027,993834
1784867602500054337,993834
1784867602783001669,993834
1784867602824342640,993834
1784867603010942361,993834
1784867603093776776,993834
1784867603284146914,993834
1784867603472671439,993834
1784867603647311330,993834
1784867603905798957,993612
1784867603909103744,993528
1784867603909569281,993528
1784867603913800158,993528
1784867603920868613,993528
1784867603929942386,993528
1784867603935740390,993528
1784867603940739805,993457
1784867604047896042,993457
1784867604098904728,993457
1784867604109657930,993457
1784867604127873709,993457
1784867604254108345,993457
1784867604429841565,993340
1784867604755302983,993340
1784867605055335435,993256
1784867606384818936,993255
1784867606395411872,993255
1784867608892871909,993255
1784867609055487352,993255
1784867610473283155,993255
1784867610480558883,993255
1784867610488328661,993255
1784867610509092794,993255
1784867610622524591,993255
1784867610661542054,993255
1784867610768861735,993255
1784867610813883151,993255
1784867611150270474,993255
1784867611156949794,993228
1784867611218230358,993228
1784867611340912587,993228
1784867611687659671,993228
1784867611952701645,993228
1784867612232214742,993228
1784867612278916029,993228
1784867612938976754,993228
1784867613033108552,993228
1784867613287982606,993228
1784867613882346693,993228
1784867614543576092,993228
1784867615564582434,993228
1784867616051684769,993228
1784867616780830348,993228
1784867617104693295,993228
1784867617904879075,993228
1784867618548013966,993228
1784867618618281114,993228
1784867619060071726,993228
1784867619694442800,993228
1784867620159126166,993228
1784867621030414915,993228
1784867621516478524,993228
1784867621949801136,993228
1784867622420449756,993228
1784867624177516820,993228
1784867625733265119,993228
1784867627019243688,993228
1784867628132802988,993228
1784867628468651411,993228
1784867628526632691,993228
1784867628744400662,993228
1784867628778127236,993228
1784867628838264873,993228
1784867629056332205,993228
1784867629585116183,993228
1784867629769958124,993228
1784867629790584204,993228
1784867629818411661,993228
1784867629853856984,993228
1784867629962500488,993228
1784867630183654002,993228
1784867630213202862,993228
1784867630387706776,993228
1784867630988004425,993228
1784867631066576006,993228
1784867631134466463,993228
1784867632612646713,993228
1784867633475564566,993228
1784867634628819228,993228
1784867635091927603,993228
1784867636587188528,993228
1784867637064221831,993228
1784867637097498367,993228
1784867637208366585,993228
1784867637216549150,993228
1784867637239200418,993228
1784867637439519639,993228
1784867637743210667,993228
1784867637777874689,993228
1784867638190785789,993228
1784867638797932431,993228
1784867639286036860,993228
1784867640188191546,993228
1784867640718269889,993228
1784867640731274806,993228
1784867640741709118,993228
1784867640759277602,993228
1784867640783616996,993228
1784867640830780231,993228
1784867640857358064,993228
1784867640905378863,993228
1784867640921752975,993228
1784867640921911173,993228
1784867640941625445,993228
1784867640956126961,993228
1784867640966378614,993228
1784867640966620455,993228
1784867640983825694,993228
1784867641042443966,993228
1784867641427771396,993228
1784867641673117860,993228
1784867641919388139,993228
1784867642327216518,993228
1784867642342203193,993228
1784867642517922038,993228
1784867642982500372,993228
1784867643048386996,993228
1784867643108940740,993228
1784867643198365095,993228
1784867643735674475,993228
1784867643884970603,993228
1784867643961306659,993228
1784867643998207430,993228
1784867644053790322,993228
1784867644077619645,993228
1784867644381333543,993228
1784867645496117604,993228
1784867646088231150,993228
1784867647262888692,993228
1784867647307549258,993228
1784867647466923119,993228
1784867647938110780,993228
1784867648322191416,993228
1784867648493971953,993228
1784867648500889625,993322
1784867648501006618,993354
1784867648502514222,993355
1784867648502673226,993355
1784867648509328306,993355
1784867648509482216,993355
1784867648511868658,993355
1784867648597654363,993355
1784867648666204683,993355
1784867648684785673,993355
1784867648807716101,993355
1784867648958170354,993355
1784867649277684148,993355
1784867649667402890,993355
1784867650042238576,993355
1784867650234503391,993355
1784867651070998728,993355
1784867651581735164,993355
1784867652921770897,993355
1784867653374662847,993355
1784867654153584683,993355
1784867656111701350,993355
1784867656769637697,993400
1784867656773918967,993194
1784867656774283431,993194
1784867656793832672,993194
1784867656865988928,993108
1784867656867758803,992991
1784867656868007766,992785
1784867656894147521,992785
1784867656925239906,992785
1784867657016109503,992785
1784867657303177915,992783
1784867657668081158,992785
1784867658058305418,992785
1784867658500412304,992785
1784867659250503542,992785
1784867659464541777,992785
1784867659537165550,992616
1784867659540564782,992611
1784867659544353274,992468
1784867659694121695,992473
1784867659914944647,992473
1784867660048728335,992473
1784867660783588793,992473
1784867660847309588,992473
1784867660919857919,992473
1784867661085692348,992473
1784867661577171268,992473
1784867661802763025,992473
1784867661816519361,992473
1784867661831245197,992473
1784867661842007545,992473
1784867661859288808,992473
1784867661879879376,992473
1784867661892478623,992473
1784867661924524928,992473
1784867661968213626,992473
1784867662027691601,992473
1784867662127226775,992473
1784867662282775014,992473
1784867662346755505,992473
1784867662416779363,992473
1784867662422903676,992473
1784867662486394265,992473
1784867662743679742,992473
1784867662804726292,992473
1784867663043942655,992473
1784867664922372272,992473
1784867666030936195,992473
1784867667063518687,992473
1784867667435062323,992473
1784867669163930168,992473
1784867670065011197,992473
1784867670821550564,992473
1784867671888849953,992473
1784867671933842538,992473
1784867672178774308,992473
1784867672457600619,992473
1784867672758262593,992473
1784867672762625123,992473
1784867672891596009,992473
1784867673055715592,992473
1784867673279443730,992473
1784867673400421678,992473
1784867674173945507,992473
1784867675750973987,992473
1784867678267737715,992473
1784867679561542550,992473
1784867679607929261,992473
1784867679741252960,992473
1784867680336490712,992473
1784867680344468660,992473
1784867680380736559,992473
1784867680400791450,992473
1784867680415492663,992473
1784867680464060573,992462
1784867680476829130,992462
1784867680477010594,992323
1784867680477422435,992141
1784867680481490735,992135
1784867680481665150,992135
1784867680496002242,992135
1784867680502383086,992142
1784867680502560755,992142
1784867680508549468,992150
1784867680516444246,992191
1784867680568906672,992191
1784867680648848523,992188
1784867680754487802,992188
1784867680823160628,992188
1784867680961937096,992159
1784867681181599513,992159
1784867681310449481,992159
1784867681361018402,992159
1784867681436882895,992159
1784867681527115803,992176
1784867681674295837,992176
1784867682385133862,992176
1784867683968799220,992176
1784867685692027262,992176
1784867685695393023,992176
1784867685780326955,992176
1784867685850476492,992175
1784867686057215505,992176
1784867686713836732,992176
1784867686727828105,992176
1784867686760258113,992176
1784867686863402195,992176
1784867686968244251,992176
1784867687171913261,992176
1784867689198909565,992176
1784867689943116868,992176
1784867690744492606,992176
1784867691498525272,992176
1784867691571011301,992176
1784867691627411883,992176
1784867691645877876,992176
1784867691689310718,992176
1784867691698892569,992176
1784867691962734636,992176
1784867692969743624,992176
1784867693247194637,992176
1784867694002374766,992176
1784867695126158769,992176
1784867696653202256,992176
1784867697693123122,992176
1784867698957419591,992176
1784867698965274321,992176
1784867698996345266,992176
1784867699089590505,992176
1784867699105932013,992176
1784867699189883382,992176
1784867699407361600,992176
1784867699412929130,992176
1784867699418534690,992176
1784867699426405717,992176
1784867699428885558,992176
1784867699431301844,992176
1784867699440641587,992176
1784867699443438620,992176
1784867699560306839,992176
1784867699639218502,992176
1784867699926651742,992176
1784867700102487616,992176
1784867700470739939,992176
1784867701407742791,992176
1784867701477289766,992176
1784867701477450183,992176
1784867701477594590,992176
1784867701543695896,992176
1784867701680177849,992176
1784867701721418499,992176
1784867701743635853,992176
1784867701761116557,992176
1784867701785013941,992176
1784867701810265680,992176
1784867701827314025,992176
1784867701857115376,992176
1784867701896554092,992176
1784867701921583302,992176
1784867702041027789,992176
1784867702501521662,992176
1784867702589746388,992176
1784867702600805233,992176
1784867702604583456,992176
1784867702655985150,992176
1784867702706541757,992176
1784867702953698542,992176
1784867703106940502,992176
1784867703549180480,992176
1784867703554976070,992176
1784867703563260473,992176
1784867703595907589,992176
1784867703603163798,992176
1784867703620396335,992176
1784867703678737133,992176
1784867703723140289,992176
1784867703946714311,992176
1784867704399018314,992176
1784867704908868202,992176
1784867707001010027,992176
1784867708680546403,992176
1784867709007874028,992176
1784867709076907107,992176
1784867709193639311,992176
1784867709315088027,992176
1784867710170520616,992176
1784867711028968346,992176
1784867711555355866,992176
1784867711690537131,992176
1784867711690651385,992176
1784867711705537467,992176
1784867711749264167,992176
1784867711874469358,992176
1784867712085983904,992176
1784867712785523988,992176
1784867713352566754,992176
1784867713610199914,992176
1784867714363032957,992176
1784867714922801223,992176
1784867716001616108,992176
1784867716613759207,992176
1784867716989556520,992176
1784867717036153059,992176
1784867717105272951,992176
1784867717519522686,992176
1784867717796879079,992176
1784867718751413452,992176
1784867719566337579,992176
1784867720618007709,992176
1784867723421173112,992176
1784867723852022514,992176
1784867724090634369,992176
1784867726266512241,992176
1784867728642189227,992177
1784867729909453857,992177
1784867733574569595,992177
1784867734491865432,992177
1784867735205076082,992177
1784867735882766262,992177
1784867735918143028,992177
1784867735957160947,992177
1784867736055246930,992177
1784867736077468588,992177
1784867736175476611,992177
1784867736265481853,992177
1784867736745439271,992177
1784867737048110781,992177
1784867737852705167,992177
1784867738850258604,992177
1784867740534359970,992171
1784867740534675982,992170
1784867740538333666,992077
1784867740538800343,992076
1784867740656917409,992076
1784867740907315248,992076
1784867741390008789,992076
1784867742615187399,992076
1784867743903893229,992076
1784867744092613141,992076
1784867745527277374,992076
1784867745575136939,992076
1784867745593924642,992076
1784867745610657629,992076
1784867745690461935,992076
1784867745716532217,992076
1784867745813968832,992076
1784867746711628968,992076
1784867747911800150,992076
1784867748633763597,992076
1784867749156901874,992076
1784867749194554658,992076
1784867749204431941,992076
1784867749238347603,992076
1784867749282914901,992076
1784867749314339760,992076
1784867749348266948,992076
1784867749383438694,992076
1784867749513073584,992076
1784867749707308675,992076
1784867750333903921,992076
1784867750449958402,992076
1784867750471532501,992076
1784867751205350780,992077
1784867751687918479,992077
1784867751788058765,992077
1784867752013824976,992077
1784867752296999412,992077
1784867752554629066,992077
1784867752839846610,992077
1784867753041336178,992077
1784867753100669269,992077
1784867753518358020,992077
1784867753961852753,992077
1784867754307014817,992077
1784867754605187758,992077
1784867754757700006,992077
1784867755432699470,992077
1784867755443963010,992077
1784867755470986494,992077
1784867755837063421,992077
1784867756908436965,992077
1784867757219222108,992077
1784867757240695562,992077
1784867757263661587,992075
1784867757286686742,991991
1784867757286879139,991953
1784867757300598956,991869
1784867757300759199,991864
1784867757319533414,991754
1784867757319673642,991768
1784867757329881143,991632
1784867757330040301,991643
1784867757344251982,991638
1784867757344407821,991628
1784867757355632890,991628
1784867757364920943,991625
1784867757365068099,991625
1784867757370725448,991625
1784867757389809868,991436
1784867757390121841,991435
1784867757407225428,991433
1784867757428589444,991435
1784867757478171471,991435
1784867757522207131,991435
1784867757618565187,991435
1784867758055446028,991435
1784867758389209616,991435
1784867758762516499,991435
1784867759312676545,991435
1784867760431547401,991435
1784867760526313792,991435
1784867760564597394,991435
1784867760567199891,991435
1784867760584653150,991435
1784867760801360041,991435
1784867761645295535,991435
1784867762926409786,991435
1784867764314727564,991436
1784867764419279173,991436
1784867764803093093,991436
1784867766073717823,991436
1784867766197597564,991436
1784867766230136768,991436
1784867766235367849,991436
1784867766241627395,991436
1784867766270603621,991436
1784867766281532714,991436
1784867766297529136,991436
1784867766303952075,991436
1784867766324286482,991436
1784867766330232405,991436
1784867766339723543,991436
1784867766355313242,991436
1784867766361685944,991436
1784867766377651557,991436
1784867766439116429,991436
1784867766481292012,991436
1784867766517326309,991436
1784867766566644926,991436
1784867766666880512,991436
1784867766771132039,991436
1784867767273410092,991436
1784867767302173402,991436
1784867767560729808,991436
1784867767567279253,991436
1784867767594541673,991436
1784867767706149475,991436
1784867767771650555,991436
1784867767934842223,991436
1784867768213521940,991436
1784867769046507220,991436
1784867769615027386,991436
1784867769801626253,991436
1784867770030325340,991436
1784867770348877366,991436
1784867770383140925,991436
1784867770444234006,991436
1784867770579413248,991436
1784867771057394330,991436
1784867771675279909,991436
1784867771782592598,991436
1784867771804942235,991436
1784867771857187672,991436
1784867771869912938,991489
1784867771876074216,991489
1784867771876374518,991486
1784867771880754538,991486
1784867771881150849,991486
1784867771890533317,991486
1784867771903443484,991486
1784867771924251179,991486
1784867771973164550,991486
1784867772018524932,991486
1784867772058251397,991486
1784867772202536657,991486
1784867772376848082,991486
1784867772949657071,991486
1784867773654334710,991486
1784867773695123304,991472
1784867773695241025,991459
1784867773696828635,991351
1784867773697028932,991232
1784867773699348873,991232
1784867773699511693,991232
1784867773785134632,991232
1784867773887395042,991232
1784867773991838359,991232
1784867774091776040,991232
1784867774351324820,991232
1784867774471511499,991232
1784867774959765805,991232
1784867775399667334,991232
1784867775687403029,991232
1784867776234120236,991139
1784867776234284050,991136
1784867776235448945,991038
1784867776244528456,991035
1784867776251725211,991035
1784867776256855719,991035
1784867776265792425,991035
1784867776322443049,991035
1784867776540707647,991035
1784867776915678748,991035
1784867776938596110,991035
1784867776944009857,991035
1784867776959174087,991035
1784867776974656905,991035
1784867777102530679,991035
1784867777125501760,991035
1784867777156687795,990893
1784867777188704462,990877
1784867777289706052,990877
1784867777336701014,990877
1784867777411563015,990877
1784867777514558417,990877
1784867777636905103,990877
1784867778479947208,990877
1784867779538741344,990877
1784867780535744359,990877
1784867781056258981,990877
1784867781917223120,990877
1784867782637123438,990877
1784867783997124666,990877
1784867784421163219,990877
1784867784534862736,990877
1784867784557974559,990877
1784867784682585767,990877
1784867784882198155,990877
1784867784898672521,990877
1784867785154640129,990877
1784867785253035336,990877
1784867785277312973,990877
1784867785300766478,990877
1784867785325184005,990877
1784867785335553631,990877
1784867785357950666,990877
1784867785404582827,990877
1784867785502277072,990877
1784867785923061289,990877
1784867786006569992,990877
1784867786082413780,990877
1784867786161613280,990877
1784867786168396809,990877
1784867786266844026,990877
1784867786676718336,990877
1784867786886207360,990877
1784867787511171791,990877
1784867788252954056,990877
1784867788772663467,990877
1784867788994261226,990877
1784867789096920710,990877
1784867789273454047,990877
1784867789555113536,990877
1784867789846991455,990877
1784867790444051618,990877
1784867790801908317,990877
1784867790829065746,990877
1784867790923673040,990877
1784867790956143170,990877
1784867791024177857,990877
1784867791118852220,990877
1784867791180828848,990877
1784867791737263617,990877
1784867792517639903,990877
1784867793604188361,990877
1784867794090891552,990877
1784867794409436987,990877
1784867794917993875,990877
1784867795449771020,990877
1784867797901968316,990877
1784867798857369785,990983
1784867798866895966,991023
1784867799004424033,990909
1784867799007359791,991003
1784867799012513782,991004
1784867799019494797,990940
1784867799027993633,990940
1784867799035560658,990998
1784867799159127722,990999
1784867799549257877,990999
1784867799780620822,991001
1784867800900306298,990999
1784867801214206579,990999
1784867802637602486,990999
1784867804518709684,990999
1784867805312489109,991001
1784867805335475946,990999
1784867805342881223,990999
1784867805350657415,990999
1784867805401727784,990999
1784867805475863860,990999
1784867805512601424,991045
1784867805512903304,991107
1784867805517828471,991114
1784867805521925618,991114
1784867805529480396,991105
1784867805542351263,991105
1784867805566409147,991099
1784867805584407644,991099
1784867805687101012,991096
1784867805687551947,991096
1784867805710162452,991096
1784867805782366271,991096
1784867805819771496,991096
1784867806184601170,991096
1784867806567802699,991096
1784867807621333383,991096
1784867808124687265,991096
1784867808351738368,991096
1784867808666304502,991096
1784867809561244324,991096
1784867811082133178,991096
1784867811185186675,991096
1784867811197371524,991096
1784867811215217917,991096
1784867811246514121,991096
1784867811295423930,991096
1784867811368109338,991096
1784867812034432822,991096
1784867813179205841,991096
1784867813413385682,991096
1784867814887042434,991096
1784867815190703155,991096
1784867816141465319,991096
1784867816344484374,991096
1784867816671414975,991096
1784867818508176245,991096
1784867820156341501,991096
1784867820517856024,991096
1784867820591931018,991096
1784867820604662483,991096
1784867820650080320,991096
1784867820650436254,991096
1784867820714395145,991096
1784867820781396525,991096
1784867821411687099,991096
1784867822305919957,991096
1784867822512107027,991096
1784867823262660646,991096
1784867823309514168,991096
1784867824055326902,991096
1784867824998009495,991096
1784867824998961566,991096
1784867825058618809,991096
1784867825715364464,991096
1784867827483192227,991096
1784867828488254190,991096
1784867830683805488,991096
1784867831571102447,991096
1784867833473212331,991096
1784867834094636176,991096
1784867835713490318,991096
1784867837106333153,991096
1784867838431312739,991096
1784867841243666681,991096
1784867843072528688,991096
1784867847106779454,991096
1784867848715814834,991096
1784867849888158698,991096
1784867849907038939,991096
1784867849934772785,991096
1784867849935099688,991096
1784867849958397520,991096
1784867850008625587,991096
1784867850008763792,991096
1784867850008888684,991096
1784867850008991256,991096
1784867850015717778,991096
1784867850042537974,991096
1784867850057944378,991096
1784867850082428709,991096
1784867850082701531,991096
1784867850097092301,991096
1784867850116391288,991096
1784867850140544312,991096
1784867850184324118,991096
1784867850237693978,991096
1784867850262181394,991096
1784867850264958131,991096
1784867850306239824,991096
1784867850359389950,991096
1784867850766493114,991096
1784867850934294744,991096
1784867851515804719,991097
1784867851618697599,991097
1784867851978586240,991097
1784867852295228538,991097
1784867852422834035,991097
1784867852429808792,991097
1784867852449937904,991097
1784867852474849662,991097
1784867852484305295,991097
1784867852490575125,991097
1784867852499822159,991097
1784867852515325926,991097
1784867852579866175,991097
1784867852609615122,991097
1784867852620236960,991097
1784867852666892868,991097
1784867852691144981,991097
1784867852837481235,991097
1784867853027117068,991097
1784867853373152761,991097
1784867853844127471,991097
1784867854906795596,991097
1784867855556831215,991097
1784867856127100486,991097
1784867856148549591,991097
1784867856164775977,991097
1784867856186004210,991097
1784867856200714519,991097
1784867856269943579,991097
1784867856319735558,991097
1784867856853473948,991097
1784867857602357023,991097
1784867859024425125,991097
1784867860051673398,991097
1784867860906969715,991097
1784867862346706843,991097
1784867862461737670,991097
1784867862798907676,991097
1784867862812851241,991097
1784867862855421534,991097
1784867864585056463,991097
1784867865325176492,991097
1784867866830837944,991097
1784867867136549519,991097
1784867867145443734,991097
1784867867298245008,991097
1784867868008669659,991097
1784867870186623707,991097
1784867871092636406,991089
1784867871098891730,991031
1784867871099115128,991006
1784867871099866128,991006
1784867871102883868,991004
1784867871110349047,990993
1784867871114140842,990993
1784867871258557889,990993
1784867871318924756,990993
1784867871986782910,990993
1784867871991400777,990993
1784867872048221215,990993
1784867872077828701,990993
1784867872204325892,990993
1784867872917705039,990992
1784867873040411495,990993
1784867873433090505,990993
1784867873765125970,990992
1784867873787671684,990993
1784867873978672554,990993
1784867875482111955,990993
1784867875515588855,990993
1784867875558590181,990993
1784867875980325355,990993
1784867877100162471,990993
1784867877807205675,990993
1784867878388392893,990993
1784867878394530804,990993
1784867878407201228,990993
1784867878420069862,990993
1784867878494108592,990993
1784867878502772279,990993
1784867878537461926,990993
1784867878552673122,990993
1784867878575022037,990993
1784867878618801097,990993
1784867878694116612,990993
1784867878856889638,990993
1784867878865957272,990993
1784867878914520962,990993
1784867878932788794,990944
1784867878932926142,990723
1784867878940528912,990722
1784867878945620483,990722
1784867878961411580,990722
1784867878969696988,990722
1784867878984046880,990722
1784867878996397901,990722
1784867879026423641,990722
1784867879062176348,990722
1784867879086938479,990722
1784867879097744675,990722
1784867879116677595,990722
1784867879164147678,990722
1784867879257759815,990722
1784867879374546911,990722
1784867879450317094,990722
1784867879480856646,990722
1784867879495127875,990722
1784867879500708384,990722
1784867879518425342,990722
1784867879547450797,990722
1784867879644685887,990722
1784867879790624187,990722
1784867879894116772,990722
1784867880488028198,990722
1784867880511377231,990722
1784867880525246448,990722
1784867880545415093,990722
1784867880549944182,990722
1784867880578587727,990722
1784867880675468016,990722
1784867880813548268,990722
1784867881055345246,990722
1784867881570288447,990722
1784867882179260968,990722
1784867882629350308,990722
1784867883055605775,990722
1784867883915278165,990722
1784867884264875414,990722
1784867884678809646,990722
1784867885260917336,990722
1784867886969986673,990722
1784867887740927215,990720
1784867888475400585,990722
1784867891661340815,990722
1784867891922780895,990722
1784867891993808862,990722
1784867892108376743,990722
1784867892301865866,990722
1784867892311286822,990722
1784867892315396100,990722
1784867892464953592,990722
1784867892487174666,990722
1784867892518352078,990722
1784867892610706929,990722
1784867892685690993,990722
1784867892881041787,990722
1784867893031397392,990722
1784867893632015489,990722
1784867893953187602,990722
1784867894343203012,990722
1784867895064866239,990722
1784867895687961105,990722
1784867896390069880,990722
1784867896584514942,990722
1784867896590662737,990722
1784867896615321421,990722
1784867896623537033,990722
1784867896674472107,990722
1784867896689550330,990722
1784867896747846500,990722
1784867896938847654,990722
1784867897040158765,990641
1784867897040399536,990485
1784867897042321204,990485
1784867897046439816,990487
1784867897049754810,990487
1784867897057338620,990487
1784867897057932295,990530
1784867897061303100,990580
1784867897065482747,990496
1784867897070348387,990496
1784867897125723994,990489
1784867897196156652,990534
1784867897256432499,990534
1784867897366959720,990534
1784867897520740366,990534
1784867897766089347,990534
1784867897943578221,990534
1784867898148964487,990572
1784867898298857937,990572
1784867898575037855,990569
1784867899422644861,990570
1784867900042204797,990570
1784867900579412971,990569
1784867901064898709,990570
1784867901674950519,990570
1784867901686602140,990570
1784867901696624431,990570
1784867901736597313,990570
1784867901769354724,990570
1784867901847926445,990570
1784867901988455578,990570
1784867902003819335,990570
1784867902137867754,990570
1784867902228498164,990570
1784867902915406496,990570
1784867903455229188,990569
1784867903927472851,990571
1784867904212776790,990571
1784867905050616428,990571
1784867905294608395,990571
1784867905503500986,990571
1784867906286938494,990571
1784867906299818705,990571
1784867906734221370,990571
1784867907301944089,990571
1784867907320345435,990571
1784867907324779755,990571
1784867907373778369,990571
1784867907912474198,990571
1784867908211829124,990571
1784867908777803419,990571
1784867909283839748,990571
1784867909550346230,990571
1784867909623331411,990571
1784867909650693040,990571
1784867909665325017,990571
1784867909857712210,990571
1784867910052164335,990571
1784867910253521028,990571
1784867911018818251,990571
1784867911510822703,990571
1784867911995463492,990571
1784867912515303712,990571
1784867912907511986,990571
1784867914052973257,990571
1784867914215597586,990571
1784867915906784459,990571
1784867916356073830,990571
1784867916962344368,990570
1784867918905492785,990571
1784867919204397237,990571
1784867919509636904,990571
1784867920911290656,990571
1784867921751453777,990571
1784867921999064150,990571
1784867922812623449,990571
1784867923626787564,990571
1784867923670642217,990571
1784867923755258915,990571
1784867923989918696,990571
1784867925781662782,990571
1784867927152100979,990571
1784867928059231994,990571
1784867929895233271,990571
1784867930413698711,990571
1784867931250952888,990571
1784867932596952922,990571
1784867933143279828,990571
1784867933318016529,990571
1784867934159723954,990571
1784867934580347578,990571
1784867935906727178,990571
1784867936205736854,990571
1784867937594538348,990571
1784867938211945175,990572
1784867939185758128,990572
1784867939430996354,990572
1784867939596984947,990572
1784867940005842416,990572
1784867940618655022,990572
1784867941059413778,990572
1784867941386723439,990572
1784867941833200160,990572
1784867942191473982,990572
1784867944587490823,990572
1784867944587724548,990572
1784867944591462449,990572
1784867944591694525,990572
1784867944591895872,990572
1784867944592075846,990572
1784867944592315148,990572
1784867944592516921,990572
1784867944592665598,990572
1784867944592847707,990572
1784867944593036461,990572
1784867944605915411,990572
1784867944606115218,990572
1784867944606215050,990572
1784867944606321363,990572
1784867944606423754,990572
1784867944606509739,990572
1784867944615152822,990572
1784867944904414046,990572
1784867945391122611,990572
1784867945402709080,990572
1784867945410464973,990572
1784867945439556983,990572
1784867945597168553,990572
1784867946103281254,990572
1784867946468871267,990496
1784867946472642351,990489
1784867946477528743,990475
1784867946510398501,990468
1784867946618916304,990468
1784867946959754920,990468
1784867947298901573,990468
1784867947937632691,990468
1784867947975297113,990468
1784867948955332077,990468
1784867949567956497,990468
1784867949855346914,990468
1784867950233543203,990468
1784867950802501854,990468
1784867952032508563,990468
1784867953304956221,990468
1784867954680762199,990468
1784867955097169562,990468
1784867957096216356,990465
1784867957102232801,990462
1784867957282458032,990462
1784867957771597346,990462
1784867958109567491,990463
1784867958156106300,990463
1784867958462564428,990463
1784867958811325639,990463
1784867959946323028,990463
1784867961064360425,990463
1784867962918538095,990463
1784867964118882291,990463
1784867964841016535,990463
1784867965763920056,990463
1784867967145531838,990463
1784867968755242281,990463
1784867969650262623,990463
1784867971231205942,990463
1784867972719943357,990463
1784867973569614040,990463
1784867973627933297,990463
1784867973850430129,990463
1784867974096774406,990463
1784867974622679856,990463
1784867974953928326,990463
1784867975798561988,990463
1784867977001187056,990461
1784867977244283875,990463
1784867977756402235,990463
1784867977957976142,990463
1784867978363627097,990463
1784867979486931369,990463
1784867979487734284,990463
1784867979500523253,990463
1784867979513030435,990463
1784867979523373976,990463
1784867979555012066,990463
1784867979578410730,990463
1784867979599937767,990463
1784867979613768779,990461
1784867979614144974,990238
1784867979620794684,990237
1784867979621103779,990239
1784867979634855977,990190
1784867979635234629,990087
1784867979635446451,990087
1784867979649661963,990087
1784867979649888376,990080
1784867979653132036,989849
1784867979673931737,989849
1784867979680233789,989849
1784867979772999551,989849
1784867979793640815,989849
1784867979874529304,989849
1784867979948419188,989849
1784867980064502950,989849
1784867980266420921,989849
1784867980472850929,989849
1784867980834842526,989849
1784867980891132960,989849
1784867981317333451,989849
1784867981384341513,989849
1784867981858290051,989849
1784867982777567722,989849
1784867983027576711,989849
1784867983038575408,989849
1784867983046570981,989849
1784867983206398471,989849
1784867983877066554,989849
1784867986653263099,989849
1784867987522505377,989846
1784867987934351386,989849
1784867988122358668,989849
1784867988400616286,989849
1784867988802755642,989849
1784867989284310018,989849
1784867989345193862,989849
1784867989794355317,989849
1784867990057392392,989849
1784867990231066635,989849
1784867990691977257,989849
1784867991755526356,989849
1784867992156354027,989849
1784867992290571821,989849
1784867992936393198,989849
1784867993176620398,989849
1784867993794448520,989849
1784867995527861284,989849
1784867996269357743,989849
1784867997054598810,989849
1784867997197482972,989849
1784867998209948047,989849
1784867998763371559,989849
1784867998997360142,989849
1784867999621214379,989849
1784867999907917794,989849
1784868000197600699,989849
1784868000483395050,989849
1784868001259788774,989849
1784868002170766055,989849
1784868002191259004,989849
1784868002237587634,989849
1784868002386425564,989849
1784868002456299382,989849
1784868002928861820,989849
1784868003556120708,989849
1784868003569592916,989849
1784868003584097962,989849
1784868003596985732,989849
1784868003610585879,989849
1784868003622704135,989849
1784868003630544102,989849
1784868003656179700,989849
1784868003701064483,989849
1784868003946334326,989849
1784868004299328054,989849
1784868004547994904,989849
1784868004973917553,989849
1784868005438912293,989849
1784868006601405376,989849
1784868006618180188,989849
1784868007045726512,989849
1784868007078453136,989849
1784868007098766610,989849
1784868007736183012,989849
1784868008057885133,989849
1784868008973598682,989849
1784868009033196818,989849
1784868010840891978,989849
1784868010999297513,989849
1784868011080248990,989849
1784868011476330501,989849
1784868011936297387,989849
1784868011991436185,989849
1784868012094831397,989849
1784868013040751122,989849
1784868014866253765,989849
1784868017072092637,989849
1784868017316205671,989849
1784868017711330010,989849
1784868017846968185,989849
1784868017847319912,989849
1784868017847594670,989849
1784868018047499753,989849
1784868018604558636,989849
1784868018692874883,989849
1784868019112091730,989849
1784868019277956434,989849
1784868020437786441,989849
1784868020636785847,989849
1784868021279281855,989849
1784868022242483172,989849
1784868022612899432,989849
1784868025428429930,989849
1784868025561706478,989849
1784868025926892535,989849
1784868026200333417,989849
1784868027014345831,989849
1784868027763596324,989849
1784868028182962121,989849
1784868028191218123,989849
1784868028327502375,989849
1784868029510200422,989849
1784868030817331507,989849
1784868032373089281,989849
1784868034774364167,989849
1784868036462284542,989849
1784868037208077936,989849
1784868037683881512,989849
1784868037703565699,989849
1784868037735790337,989849
1784868037780831487,989849
1784868037803781574,989848
1784868037804129846,989785
1784868037823531756,989717
1784868037824036096,989717
1784868037836245665,989717
1784868037842433633,989717
1784868037860022411,989717
1784868037889276100,989717
1784868037920860074,989717
1784868037952183233,989717
1784868037972782793,989717
1784868038138541911,989717
1784868039021347306,989717
1784868039612489055,989717
1784868040686227112,989717
1784868041091608327,989717
1784868041663562484,989717
1784868043326684161,989717
1784868044375623088,989717
1784868044392225435,989581
1784868044392568886,989567
1784868044400486390,989414
1784868044400839534,989413
1784868044410263050,989413
1784868044522988787,989413
1784868044583325591,989411
1784868044680677337,989413
1784868044835899127,989413
1784868045056422377,989413
1784868045135522853,989413
1784868045330606434,989413
1784868046463379788,989413
1784868047907493402,989413
1784868048488008643,989364
1784868048488261019,989033
1784868048490664066,989014
1784868048490952810,989045
1784868048497358962,988844
1784868048503026996,988642
1784868048607518759,988630
1784868048694330962,988630
1784868048757586400,988630
1784868048824792679,988630
1784868048863001552,988630
1784868048912195406,988630
1784868049017556114,988630
1784868049350630424,988630
1784868050197962021,988630
1784868050233654401,988630
1784868050506877145,988630
1784868050652305483,988630
1784868050835838753,988630
1784868050842586385,988630
1784868050848883943,988630
1784868051056208185,988630
1784868051174185802,988630
1784868051187522458,988630
1784868051196123038,988630
1784868051215981639,988630
1784868051261751388,988630
1784868051367329349,988630
1784868051450918768,988630
1784868051564414044,988630
1784868052239175350,988630
1784868052257488424,988630
1784868052304071221,988630
1784868052951383155,988630
1784868054188889342,988630
1784868055204653040,988630
1784868055353129572,988630
1784868055365321507,988630
1784868055376157148,988630
1784868055386417948,988630
1784868055520001241,988630
1784868055785079719,988630
1784868056657601680,988630
1784868056828630853,988630
1784868056954669652,988630
1784868056955142169,988630
1784868057117631866,988630
1784868057782183656,988630
1784868057907508507,988630
1784868057956045472,988630
1784868058703832835,988630
1784868058878940344,988630
1784868059196670040,988630
1784868059287807897,988630
1784868059627252714,988630
1784868060125929143,988630
1784868060273585416,988630
1784868060672967009,988630
1784868061110783073,988630
1784868061333402602,988630
1784868061591155458,988630
1784868061897155807,988630
1784868062517483362,988496
1784868062526540965,988496
1784868062531597871,988496
1784868062534013064,988496
1784868062672763404,988599
1784868062679785595,988597
1784868062686149111,988495
1784868062852005141,988495
1784868063088812224,988495
1784868063400866111,988495
1784868063477565340,988495
1784868063477787072,988495
1784868063535990410,988495
1784868063739567039,988495
1784868063797342866,988495
1784868064111160815,988495
1784868064248610735,988495
1784868064303803218,988495
1784868064311630951,988495
1784868064347655120,988495
1784868064378692001,988495
1784868064448780339,988495
1784868064749354229,988495
1784868065059008603,988495
1784868065788984796,988495
1784868067923233158,988495
1784868068889925500,988495
1784868068895622668,988495
1784868068912230881,988495
1784868068929360565,988495
1784868068954908322,988495
1784868069036812787,988495
1784868069057983641,988495
1784868069108629058,988495
1784868069249682008,988495
1784868069638657819,988495
1784868070033010178,988495
1784868070866318836,988495
1784868070903765462,988495
1784868070933326759,988495
1784868071064717673,988495
1784868071909320624,988495
1784868073052540417,988495
1784868073958271068,988495
1784868077308173580,988495
1784868077796561556,988495
1784868077973762219,988495
1784868079994113105,988495
1784868083306549172,988495
1784868087192957969,988495
1784868090281052120,988495
1784868090304190840,988495
1784868090316567025,988495
1784868090337196811,988495
1784868090410609198,988495
1784868090940907319,988495
1784868090987083572,988495
1784868091222491238,988495
1784868091584875402,988495
1784868093360831146,988495
1784868095067036026,988495
1784868095102328170,988495
1784868095476338193,988495
1784868096084297110,988495
1784868096208059515,988495
1784868097029837592,988495
1784868097918050883,988495
1784868098992369100,988495
1784868099366607321,988493
1784868099747412148,988495
1784868099769659606,988495
1784868099800462187,988493
1784868099846791943,988495
1784868100081777593,988495
1784868100940103735,988495
1784868101526804122,988495
1784868102009267232,988495
1784868102150469243,988495
1784868102676057595,988495
1784868103141888260,988495
1784868103912381357,988495
1784868104743942737,988495
1784868104877690596,988495
1784868105716285781,988495
1784868105799275543,988495
1784868105920617327,988495
1784868106017959099,988495
1784868106028622913,988495
1784868106040413002,988495
1784868106051935333,988495
1784868106113117408,988495
1784868106189307868,988495
1784868106228308508,988495
1784868106339354611,988495
1784868106439439454,988495
1784868106668844987,988495
1784868106953177127,988495
1784868107451672557,988495
1784868107477035241,988495
1784868107482173142,988495
1784868107492839282,988495
1784868107499832445,988495
1784868107537101890,988495
1784868107584775360,988495
1784868107629639504,988496
1784868107721016737,988496
1784868107833103970,988496
1784868107998101083,988496
1784868108633609546,988496
1784868108640064384,988496
1784868108646566185,988496
1784868108706950743,988496
1784868108831568192,988496
1784868109487286703,988496
1784868110943337271,988496
1784868111848158053,988496
1784868112066991996,988496
1784868112419718038,988496
1784868112451153512,988496
1784868112653810398,988496
1784868112740188631,988496
1784868114010770159,988496
1784868114834873654,988496
1784868114844683685,988496
1784868114857401065,988496
1784868114857592155,988496
1784868114873965813,988496
1784868114896185630,988496
1784868114896535556,988495
1784868114907116627,988496
1784868114917416323,988496
1784868114932066328,988496
1784868114953178225,988496
1784868114975042547,988496
1784868114988910628,988496
1784868115016032863,988496
1784868115082990416,988496
1784868115175782210,988496
1784868115385722614,988496
1784868115565893633,988496
1784868115597167720,988496
1784868115907816567,988496
1784868116645654381,988496
1784868116716958194,988496
1784868116950742700,988496
1784868117608096651,988496
1784868118062241169,988496
1784868118066709413,988496
1784868118116192186,988496
1784868118662328997,988496
1784868118711976688,988496
1784868119251932821,988496
1784868119757921383,988496
1784868119908382467,988496
1784868119993319101,988496
1784868120700094298,988496
1784868121118394899,988495
1784868121687672380,988496
1784868121844432611,988496
1784868122970608555,988496
1784868122975067955,988496
1784868123107527495,988496
1784868123126908192,988496
1784868123227163476,988496
1784868123804534777,988496
1784868124783247499,988496
1784868125018895115,988496
1784868125845158539,988496
1784868126591919062,988496
1784868126620016966,988496
1784868126640892869,988496
1784868126681455496,988496
1784868126809885323,988496
1784868126953921481,988496
1784868127127090433,988496
1784868127799064452,988496
1784868128322882858,988496
1784868128568151999,988496
1784868128621344869,988496
1784868128656643694,988496
1784868129009598494,988496
1784868129950271462,988496
1784868131083207729,988496
1784868132042356943,988496
1784868132905706843,988496
1784868132988362577,988496
1784868133903976136,988496
1784868135917616482,988496
1784868136575681210,988496
1784868136590276012,988496
1784868136607931999,988496
1784868136624621749,988496
1784868136649533760,988496
1784868136686227413,988496
1784868136959503720,988496
1784868137046015299,988496
1784868137394507206,988496
1784868138249277563,988496
1784868139528033395,988496
1784868139534540998,988496
1784868140308582279,988496
1784868140373483216,988496
1784868140379762864,988496
1784868140383587434,988496
1784868140392885529,988496
1784868140426332996,988496
1784868140461341728,988496
1784868140466892657,988496
1784868140522392088,988496
1784868140577898234,988496
1784868140660010545,988496
1784868140875758205,988496
1784868140896055214,988496
1784868140914353306,988496
1784868140970212284,988496
1784868141011815747,988496
1784868141056433907,988496
1784868141153943854,988496
1784868141932088564,988496
1784868142334439284,988496
1784868142655917621,988496
1784868142732782586,988496
1784868142865757062,988496
1784868142998647814,988496
1784868143195115793,988496
1784868144009766083,988496
1784868144882488855,988496
1784868146264785016,988496
1784868147434572528,988496
1784868149021378547,988496
1784868149061010609,988496
1784868149121692436,988496
1784868149489536664,988496
1784868150007097403,988496
1784868153260986887,988496
1784868155535480399,988496
1784868156193040037,988558
1784868156198292402,988505
1784868156205765626,988505
1784868156352358907,988505
1784868156948610531,988505
1784868158917511556,988505
1784868160675115067,988505
1784868161175454330,988505
1784868161196402528,988505
1784868161370728654,988505
1784868161918464992,988505
1784868162276974660,988505
1784868162869940331,988505
1784868162906340105,988505
1784868164959834501,988506
1784868167947483159,988506
1784868167981281479,988506
1784868168462732572,988506
1784868170634361790,988506
1784868172205852712,988506
1784868175140202144,988506
1784868177264371872,988506
1784868178780907745,988506
1784868179233073579,988506
1784868180244339446,988506
1784868181415855957,988507
1784868181698392348,988506
1784868181983569593,988506
1784868182004238298,988506
1784868182014538820,988506
1784868182038552506,988506
1784868182053268511,988506
1784868182082886068,988507
1784868182127335386,988506
1784868182182825686,988506
1784868182367881684,988506
1784868182635309326,988506
1784868182973087477,988506
1784868184104759752,988506
1784868184790597227,988506
1784868184845102570,988506
1784868184982182107,988506
1784868185641663685,988506
1784868186819084027,988506
1784868187389438393,988506
1784868187413740500,988506
1784868187565653569,988506
1784868187945324189,988506
1784868188029438406,988506
1784868189963318216,988506
1784868190860223348,988506
1784868192933552886,988506
1784868193029200507,988506
1784868193672029867,988506
1784868194707365219,988506
1784868196474354320,988506
1784868196707599687,988506
1784868196715910439,988506
1784868196801848790,988506
1784868196950350175,988506
1784868196978351619,988506
1784868198652693206,988506
1784868198680830901,988506
1784868198696759785,988506
1784868198707998922,988506
1784868198742339683,988506
1784868198859660238,988506
1784868198952469860,988506
1784868199479990101,988506
1784868200587534576,988506
1784868201402117920,988506
1784868202159583762,988506
1784868203686329498,988506
1784868204106143085,988506
1784868204787888211,988506
1784868205638298938,988506
1784868205690348552,988506
1784868205713484021,988506
1784868205952512381,988506
1784868206202117006,988506
1784868206528414169,988506
1784868207758706666,988506
1784868209288398405,988509
1784868209301506909,988115
1784868209301713820,988115
1784868209301947466,988115
1784868209302469103,988115
1784868209440867645,988115
1784868209517922083,988114
1784868209618592571,988114
1784868209909919191,988114
1784868210047928441,987918
1784868210048113069,987914
1784868210048319747,987738
1784868210054624305,987713
1784868210054852772,987713
1784868210076359702,987713
1784868210121588578,987713
1784868210254603243,987713
1784868210316564627,987712
1784868210341889225,987712
1784868210370935993,987712
1784868210449985475,987712
1784868210503056049,987712
1784868210593659076,987712
1784868210936205342,987712
1784868211085213354,987712
1784868211683354614,987712
1784868212094460661,987712
1784868212264968890,987712
1784868212450316614,987712
1784868212534260793,987532
1784868212539314440,987527
1784868212541051528,987522
1784868212542803819,987516
1784868212549067655,987511
1784868212553300545,987320
1784868212559778133,987156
1784868212562861015,987129
1784868212620474806,987088
1784868212759944029,987080
1784868212905284629,987080
1784868213062281489,987080
1784868213146842536,987080
1784868213169156022,987080
1784868213182956641,987080
1784868213237027717,987080
1784868213273584853,987080
1784868213307190126,987080
1784868213482265010,987080
1784868213557759067,987080
1784868213735981002,987080
1784868213952011212,987212
1784868213976967075,987212
1784868214125842465,987302
1784868214177593797,987161
1784868215569630671,987260
1784868215857132021,987260
1784868216205873184,987260
1784868216375289514,987260
1784868217945420462,987260
1784868218600418314,987260
1784868218617363543,987260
1784868218628497330,987260
1784868218637153354,987260
1784868218646015083,987260
1784868218653486955,987260
1784868218666814560,987260
1784868218706962965,987260
1784868218778620401,987260
1784868218937362810,987260
1784868219128668551,987260
1784868219138334923,987260
1784868219153246137,987260
1784868219189328987,987260
1784868219234333590,987260
1784868219245942473,987263
1784868219267793826,987260
1784868219309031085,987260
1784868219366462276,987260
1784868219613353135,987260
1784868220209023579,987260
1784868220218911185,987260
1784868220226716950,987260
1784868220390011585,987260
1784868220591449816,987260
1784868221193545988,987260
1784868221432694350,987260
1784868221437637501,987260
1784868221442205731,987260
1784868221552300947,987260
1784868221932666804,987260
1784868222305900835,987260
1784868223436356375,987260
1784868224416494766,987260
1784868224472319933,987260
1784868224569845472,987260
1784868224950795281,987260
1784868225056194238,987260
1784868225198638999,986995
1784868225200549591,986979
1784868225206696300,986921
1784868225302970973,986937
1784868225430098200,986942
1784868225514361538,986950
1784868225772566971,986950
1784868226171246372,986950
1784868226251068777,986950
1784868226953723181,986950
1784868227238640592,986939
1784868227431021970,986939
1784868227701337234,986939
1784868227991005425,986939
1784868228024434365,986939
1784868228035702941,986939
1784868228047470266,986939
1784868228047635599,986939
1784868228067105951,986939
1784868228092850479,986939
1784868228115623840,986939
1784868228178724679,986941
1784868228204422997,986939
1784868228391247241,986939
1784868228646399711,986939
1784868229182408969,986939
1784868229357059739,986941
1784868230176605559,986939
1784868230225305845,986939
1784868230574236095,986939
1784868231884898877,986939
1784868232411239892,986939
1784868232427159339,986939
1784868232667263828,986939
1784868232690209542,986941
1784868233055302831,986939
1784868233934011766,986939
1784868234755116007,986939
1784868235838765552,986939
1784868236035742160,986939
1784868236490701566,986939
1784868237509986995,986939
1784868238126999402,986939
1784868238394599335,986939
1784868239262777261,986939
1784868239710520084,986939
1784868240629340663,986939
1784868241166899896,986939
1784868242046533646,986939
1784868242108705316,986939
1784868242149772559,986939
1784868242167065068,986939
1784868242180284797,986939
1784868242203402568,986939
1784868242257831432,986939
1784868242642785570,986939
1784868242921252165,986939
1784868245097866418,986939
1784868245955280200,986939
1784868245961230953,986939
1784868246489980708,986939
1784868247265243453,986939
1784868248158118352,986939
1784868249313163928,986939
1784868251107591588,986939
1784868252735984991,986939
1784868252905753485,986939
1784868252916314377,986939
1784868252991267742,986939
1784868253053624935,986939
1784868253249157185,986939
1784868253879090764,986939
1784868254547429592,986939
1784868255341106786,986939
1784868257618397448,986941
1784868258748644122,986939
1784868260022939456,986939
1784868261899323895,986939
1784868265310167162,986939
1784868266311583882,986939
1784868267737819262,986939
1784868269103317646,986939
1784868270509503344,986939
1784868271610867368,986939
1784868274307102135,986939
1784868276039010416,986939
1784868276954255130,986939
1784868277004287898,986939
1784868277499188599,986939
1784868277506546212,986939
1784868277523065076,986939
1784868277563005671,986939
1784868277601862159,986939
1784868277713272067,986939
1784868278128695201,986939
1784868278241927609,986939
1784868279100731149,986939
1784868280375586710,986939
1784868280586414104,986939
1784868280728876201,986939
1784868280865196504,986939
1784868280985248470,986939
1784868281119716298,986939
1784868281637274407,986939
1784868281979926089,986939
1784868282423677062,986939
1784868282646185250,986939
1784868283159056556,986939
1784868283716564412,986939
1784868283891111663,986939
1784868284054887517,986939
1784868284238647795,986939
1784868284700810521,986939
1784868284974787849,986939
1784868285364027983,986939
1784868285886309313,986939
1784868286540350740,986939
1784868287102581053,986939
1784868287604647427,986939
1784868288051717032,986939
1784868288673876123,986939
1784868289178409427,986939
1784868289524994490,986939
1784868289711331937,986939
1784868290020302421,986939
1784868290109692508,986939
1784868290524211395,986939
1784868290949512248,986939
1784868291418860921,986939
1784868292090399618,986939
1784868292107332982,986647
1784868292114005879,986650
1784868292120480022,986641
1784868292124663875,986580
1784868292126514797,986579
1784868292135882209,986579
1784868292141043146,986601
1784868292152851802,986575
1784868292258667636,986578
1784868292303361958,986579
1784868292530147955,986612
1784868292668264998,986612
1784868292738210959,986612
1784868292748070638,986612
1784868292851426526,986612
1784868292913267462,986612
1784868292966647599,986612
1784868293071559044,986612
1784868293160356708,986612
1784868293250446949,986577
1784868293580472064,986577
1784868293902757406,986577
1784868294113592303,986577
1784868294297807635,986575
1784868294693263959,986575
1784868294941840608,986575
1784868295188228260,986532
1784868295326100137,986533
1784868295502443184,986533
1784868295535497325,986533
1784868295646737876,986533
1784868295760741191,986535
1784868296019236453,986535
1784868296256397713,986535
1784868296265952169,986569
1784868296448063311,986545
1784868296722585399,986545
1784868297016350685,986545
1784868297266308755,986545
1784868297615211168,986531
1784868297777161983,986531
1784868297896739369,986531
1784868297938896349,986531
1784868298173249474,986531
1784868298350338028,986515
1784868298697050464,986560
1784868298737565675,986560
1784868299049372673,986560
1784868299217836448,986508
1784868299605581824,986509
1784868299619588511,986509
1784868299627399335,986566
1784868299640215158,986566
1784868299655893330,986566
1784868299671622931,986566
1784868299690701642,986566
1784868299698245390,986566
1784868299707799698,986566
1784868299737112970,986566
1784868299762114137,986566
1784868299869723103,986566
1784868300052036484,986566
1784868300311810483,986566
1784868300988686151,986566
1784868301235945292,986566
1784868301736705404,986566
1784868301906782388,986566
1784868301939448524,986566
1784868302786172125,986566
1784868303098949995,986566
1784868303669629218,986566
1784868304354272322,986566
1784868306092715757,986566
1784868306557822078,986566
1784868306953263048,986566
1784868307715458311,986566
1784868308397885527,986566
1784868308489266255,986627
1784868308489917929,986618
1784868308502623114,986618
1784868308619316854,986618
1784868308785745795,986619
1784868308955777478,986618
1784868309511020853,986618
1784868309981941099,986618
1784868310971932027,986618
1784868311902772609,986618
1784868312897484195,986618
1784868314050738042,986618
1784868314401262386,986618
1784868314798878373,986618
1784868314799145484,986618
1784868314799470624,986618
1784868314804466873,986618
1784868314804628769,986618
1784868314838667558,986618
1784868314946996192,986618
1784868315043940781,986618
1784868315276831687,986618
1784868315483484919,986618
1784868315504044881,986618
1784868315534617099,986618
1784868315647173799,986618
1784868315660193108,986618
1784868315713392361,986618
1784868315800363140,986618
1784868315860151742,986618
1784868315958322673,986618
1784868316236733490,986618
1784868316429323486,986618
1784868317094445920,986618
1784868317210396640,986619
1784868318402422292,986618
1784868318909786687,986618
1784868319967299068,986618
1784868322022776334,986618
1784868322214378403,986618
1784868322557993801,986618
1784868322972230111,986618
1784868323059717723,986618
1784868323268921963,986618
1784868324041458606,986618
1784868325103613794,986618
1784868326775152988,986618
1784868327951030281,986618
1784868327981770947,986618
1784868328036076889,986618
1784868328385787245,986618
1784868328887711921,986618
1784868329029900168,986618
1784868330026811009,986618
1784868330055717973,986618
1784868330065762657,986618
1784868330180924973,986618
1784868330662732098,986618
1784868330670380498,986618
1784868330686526361,986618
1784868330703988968,986618
1784868330722662382,986618
1784868330751021875,986618
1784868330771473445,986619
1784868330813216175,986618
1784868330835467229,986618
1784868330879656677,986618
1784868330923310014,986618
1784868331039699717,986618
1784868331067503329,986618
1784868331138331090,986618
1784868331248737675,986618
1784868331402538408,986618
1784868331547691832,986618
1784868331722730260,986619
1784868331798361172,986619
1784868333218474984,986619
1784868333457244746,986619
1784868333584275845,986619
1784868334032355073,986619
1784868335150716089,986619
1784868335310013667,986619
1784868335405417332,986619
1784868335410716105,986619
1784868335447146362,986619
1784868335688510610,986619
1784868336248351267,986619
1784868337147832449,986619
1784868338355616888,986619
1784868339428414673,986619
1784868339967259228,986619
1784868340502830073,986619
1784868340757371558,986619
1784868340772846610,986619
1784868340779001430,986619
1784868340824728517,986619
1784868340954463701,986619
1784868341061809155,986619
1784868341902263083,986619
1784868343774323523,986619
1784868343909423960,986619
1784868343927355774,986619
1784868344188199660,986619
1784868345089680485,986619
1784868345095164278,986619
1784868345309400527,986620
1784868345591527116,986619
1784868346949067924,986619
1784868348818439464,986619
1784868349486856183,986619
1784868350330557422,986620
1784868350975061969,986619
1784868352863452748,986618
1784868353621224955,986618
1784868355171247082,986618
1784868356800439409,986618
1784868357566939638,986618
1784868358682869468,986618
1784868358744697798,986618
1784868358905381142,986618
1784868358993728695,986618
1784868359060668395,986618
1784868359877457281,986618
1784868359965193112,986618
1784868360114270956,986618
1784868360330862957,986618
1784868360715020655,986618
1784868360913284513,986618
1784868362563859202,986618
1784868362667667959,986618
1784868362679886976,986618
1784868362874999251,986618
1784868363959250043,986618
1784868364643660845,986618
1784868365866456994,986618
1784868368378525088,986618
1784868368393101098,986618
1784868368445338464,986618
1784868368470464953,986618
1784868368497894063,986618
1784868368551536320,986618
1784868368566764478,986618
1784868368590490840,986618
1784868368688867546,986618
1784868368763159994,986618
1784868368845343041,986618
1784868368856228235,986313
1784868368856387504,986255
1784868368856512975,986248
1784868368871382575,985897
1784868368871551035,985889
1784868368872531007,985881
1784868368872650212,985881
1784868368875882452,985881
1784868368993105637,985881
1784868369014293500,985881
1784868369056507153,985881
1784868369072650053,985881
1784868369080004877,985881
1784868369086753577,985881
1784868369092427778,985881
1784868369115165883,985881
1784868369156811299,985881
1784868369227915921,985881
1784868369250415608,985881
1784868369373908672,985881
1784868369419505768,985881
1784868369523672924,985881
1784868369659736628,985881
1784868369902639001,985881
1784868370129673736,985881
1784868370196759594,985881
1784868370229199537,985881
1784868370318000244,985881
1784868370381909721,985881
1784868370611722661,985881
1784868370741728617,985881
1784868370918667129,985881
1784868370960844339,985881
1784868371755689963,985881
1784868372045813397,985881
1784868373254996051,985881
1784868373398583119,985881
1784868373421004068,985881
1784868373570975082,985881
1784868373575304527,985881
1784868373718324133,985881
1784868374605199859,985881
1784868375002830422,985881
1784868376610927127,985882
1784868378084605257,985882
1784868378396176315,985882
1784868378418784225,985882
1784868378475974987,985882
1784868378588733171,985882
1784868378786647634,985882
1784868378800186353,985882
1784868378807168082,985882
1784868378807415090,985882
1784868378822951008,985882
1784868378843746812,985882
1784868378857125964,985882
1784868378899207654,985882
1784868378950636120,985882
1784868379013444386,985882
1784868379126398962,985882
1784868379307143812,985882
1784868379465772910,985882
1784868380053778886,985882
1784868380907777346,985882
1784868381224549049,985882
1784868381841378243,985882
1784868382255088834,985882
1784868383606913945,985882
1784868384898961281,985882
1784868385044831970,985882
1784868385099051025,985882
1784868385400329260,985882
1784868385413716256,985882
1784868385429443305,985882
1784868385486017710,985882
1784868385556577442,985882
1784868385620315944,985882
1784868385679718060,985882
1784868385834756413,985882
1784868386266744778,985882
1784868386463863143,985882
1784868386707922396,985882
1784868387028182366,985882
1784868387878163816,985882
1784868389702090401,985882
1784868389768048394,985882
1784868389818442804,985882
1784868389863282349,985882
1784868389863533714,985882
1784868389895531698,985882
1784868389895820922,985882
1784868389933151561,985882
1784868389972207398,985882
1784868389972523391,985882
1784868390002267326,985882
1784868390075921259,985882
1784868390078494446,985882
1784868390078662288,985882
1784868390116579062,985882
1784868390223436903,985882
1784868390318468060,985882
1784868390481744046,985882
1784868390822436962,985882
1784868390888450598,985882
1784868391009537527,985882
1784868391013786392,985882
1784868391032556235,985882
1784868391627277999,985882
1784868392201103933,985882
1784868392492154730,985882
1784868393002873649,985882
1784868393846475576,985882
1784868393982327562,985882
1784868394555648831,985882
1784868395673347332,985882
1784868395905252536,985882
1784868396621232819,985882
1784868397051006709,985882
1784868397569777918,985882
1784868397764046797,985882
1784868397786465656,985882
1784868397814720221,985882
1784868397826686693,985882
1784868397885370343,985882
1784868397917313780,985882
1784868397960623677,985882
1784868398067898744,985882
1784868398101438144,985882
1784868398186808548,985882
1784868398336412035,985882
1784868398958338152,985882
1784868399745432697,985882
1784868400103859540,985882
1784868400115198138,985882
1784868400955477750,985882
1784868401347275570,985882
1784868401931109446,985882
1784868402002644874,985882
1784868402132891651,985882
1784868402993312176,985882
1784868403021738672,985882
1784868403089159652,985882
1784868403154294518,985882
1784868403897998456,985882
1784868404247809174,985882
1784868404566773055,985882
1784868404907607399,985882
1784868405294740821,985882
1784868406020084084,985882
1784868407901544775,985882
1784868408086989241,985882
1784868408312774083,985882
1784868408942536331,985882
1784868410327360462,985882
1784868410512171410,985882
1784868410544785914,985882
1784868411025952675,985882
1784868411484121378,985882
1784868412234527157,985882
1784868412505877824,985882
1784868412584579507,985882
1784868414928366213,985882
1784868417900485330,985882
1784868418345600220,985882
1784868419346717196,985882
1784868419436863284,985882
1784868419502131179,985882
1784868420131899038,985882
1784868420144480031,985882
1784868420256268486,985882
1784868420851041148,985882
1784868420952523339,986192
1784868420957045210,986334
1784868420957228627,986391
1784868420962444409,986414
1784868420968819188,986414
1784868420975154336,986300
1784868420981126001,986446
1784868420985119080,986288
1784868420990350738,986288
1784868421101088640,986288
1784868421117597502,986288
1784868421152337016,986288
1784868421285009430,986288
1784868421470709627,986291
1784868421504740260,986288
1784868421570889180,986288
1784868421738288205,986288
1784868421745435579,986288
1784868421754897806,986288
1784868421756690913,986288
1784868421762732382,986288
1784868421830095764,986288
1784868421902458638,986288
1784868421911406931,986288
1784868422019727152,986288
1784868422094815336,986288
1784868422376296374,986288
1784868422385899790,986288
1784868422413139219,986288
1784868422425324778,986288
1784868422444819141,986288
1784868422598796435,986288
1784868423053321953,986288
1784868423064930925,986288
1784868423191428846,986288
1784868423530679949,986288
1784868423551939551,986288
1784868423586702869,986288
1784868423657590076,986288
1784868423697813927,986288
1784868423926881173,986288
1784868424035785652,986254
1784868424038261483,986241
1784868424138799672,986241
1784868424229344625,986088
1784868424235141249,985968
1784868424403615713,985955
1784868424519639408,986015
1784868424704163555,986015
1784868424810285320,986015
1784868424953405130,986015
1784868425102298404,985992
1784868425159132921,986001
1784868425310304249,986001
1784868426329752935,986001
1784868427022831216,986001
1784868427033189157,986001
1784868427232532297,986001
1784868427310279287,986001
1784868427404820257,986001
1784868427644411977,986001
1784868428245336528,986001
1784868428726144228,986001
1784868428906496976,986004
1784868429207190517,986001
1784868429248738858,986001
1784868429264510784,986001
1784868429291910544,986001
1784868429321388067,986001
1784868429399653495,986001
1784868429437491528,986001
1784868429444247339,986001
1784868429451465267,986001
1784868429503233464,985863
1784868429509709695,985806
1784868429516675304,985859
1784868429577686903,985804
1784868429646232968,985804
1784868429668368409,985804
1784868429773789000,985804
1784868429900243215,985804
1784868429954091181,985804
1784868430315895785,985804
1784868430427305750,985804
1784868431419126371,985804
1784868431899106307,985806
1784868432322662408,985804
1784868433267819405,985804
1784868433553193238,985804
1784868434906737495,985804
1784868435694269584,985804
1784868435992951010,985804
1784868436525464482,985804
1784868437189026829,985804
1784868437352838508,985804
1784868437810144297,985804
1784868437972937678,985804
1784868438977661095,985804
1784868439916795620,985804
1784868440064546697,985804
1784868440082630556,985804
1784868440094159277,985804
1784868440100228151,985804
1784868440120074230,985804
1784868440122732497,985806
1784868440152360877,985804
1784868440192286332,985804
1784868440225499202,985804
1784868440562335560,985804
1784868440624948063,985804
1784868441128798655,985804
1784868441564826217,985804
1784868442151745900,985804
1784868443734916367,985804
1784868443766330185,985804
1784868443807617912,985804
1784868444055856165,985804
1784868444334437787,985804
1784868445270724012,985804
1784868446805940388,985804
1784868447896838127,985804
1784868447913356494,985804
1784868448028572983,985804
1784868448108400077,985804
1784868448114802609,985804
1784868448200894334,985804
1784868448274833521,985804
1784868448903111406,985804
1784868449655156267,985804
1784868449904165884,985804
1784868450936131296,985804
1784868452369003844,985804
1784868452513548097,985804
1784868453375263506,985804
1784868454699266484,985804
1784868456490565723,985804
1784868456517097094,985804
1784868456522624299,985804
1784868456538413889,985804
1784868456577931216,985804
1784868456660235578,985804
1784868456723475101,985804
1784868456946703752,985804
1784868457662511487,985989
1784868457662676149,986005
1784868457664950692,986004
1784868457665558357,986004
1784868457682888201,986004
1784868457714097306,986004
1784868457842609567,986004
1784868458180618319,986004
1784868459525047053,986004
1784868460306353812,986004
1784868461236420508,986004
1784868462507393123,986004
1784868463338831792,986004
1784868463486532056,986004
1784868463804505539,986004
1784868464611566077,986004
1784868465142736728,986004
1784868465145291144,986004
1784868465149063466,986004
1784868465157890214,986004
1784868465195527590,986004
1784868465251932717,986004
1784868465337461862,986004
1784868465599488436,986004
1784868465607679510,986004
1784868465622807641,986004
1784868465676603336,986004
1784868465920486507,986004
1784868466385019496,986005
1784868466409574580,986005
1784868466478422644,986005
1784868466500691683,986005
1784868466525069031,986005
1784868466554714201,986005
1784868466593776671,986005
1784868466615781196,986005
1784868466629921812,986005
1784868466650469318,986005
1784868466708229565,986005
1784868466764775926,986005
1784868467054861367,986005
1784868467209492315,986005
1784868467695921068,986005
1784868468484866602,986005
1784868468908405161,986005
1784868469104740620,986005
1784868469499224895,986005
1784868470443104685,986005
1784868471295663180,986005
1784868472877581163,986005
1784868473324984644,986005
1784868473706472767,986005
1784868473910334351,986005
1784868474079182785,986005
1784868475048409722,986005
1784868475545336492,986038
1784868475545509939,985900
1784868475551332737,985862
1784868475551458207,985862
1784868475553475445,985862
1784868475556894251,986020
1784868475565543883,985882
1784868475567858303,985783
1784868475571506087,985742
1784868475574509195,985774
1784868475578155777,985754
1784868475699061615,985752
1784868475710804563,985752
1784868475726730716,985752
1784868475875176065,985747
1784868475910345832,985747
1784868475923322971,985749
1784868475928380730,985744
1784868475988532776,985742
1784868476019929677,985742
1784868476061033988,985743
1784868476168348287,985743
1784868476210224852,985738
1784868476237408115,985739
1784868476383369268,985739
1784868476407714353,985739
1784868476649298174,985739
1784868476951271183,985739
1784868477131005760,985739
1784868477150505445,985739
1784868477868622517,985739
1784868478304234857,985739
1784868478406589617,985739
1784868478497010274,985739
1784868478761936479,985739
1784868478985691848,985739
1784868478987130039,985705
1784868478992847066,985705
1784868479041792233,985705
1784868479124644145,985705
1784868479352190187,985705
1784868479817494671,985705
1784868480220395508,985705
1784868481287664118,985705
1784868481748532618,985705
1784868481813062200,985705
1784868481823163821,985705
1784868481828149645,985705
1784868481869213852,985705
1784868481948190121,985705
1784868482154340411,985705
1784868482159113629,985705
1784868482165365986,985705
1784868482266033505,985705
1784868482816474710,985705
1784868484013550609,985705
1784868484133184450,985705
1784868484348845354,985705
1784868484353319957,985705
1784868484580498696,985705
1784868484771536663,985705
1784868485734534804,985705
1784868485864637603,985705
1784868486056648456,985705
1784868486262388873,985705
1784868486411026685,985705
1784868486510630822,985705
1784868486521881900,985705
1784868486537942983,985705
1784868486657132780,985705
1784868487116663454,985705
1784868487553321059,985705
1784868488913657417,985705
1784868489703302639,985705
1784868489821408274,985705
1784868490253712983,985705
1784868490689045766,985705
1784868490880406495,985705
1784868490979620251,985705
1784868491417821517,985705
1784868491786424963,985705
1784868492279150065,985705
1784868493306344943,985705
1784868494123067575,985705
1784868494289018387,985705
1784868494603184522,985705
1784868495512063293,985705
1784868495552612735,985705
1784868495773632478,985705
1784868497258200418,985706
1784868497443090753,985706
1784868498995371748,985706
1784868499033384260,985706
1784868499557193612,985706
1784868499570015957,985706
1784868499790507793,985706
1784868500682251083,985706
1784868501558782176,985706
1784868502207835995,985706
1784868503330923552,985706
1784868503768695452,985706
1784868505742568745,985706
1784868506650626138,985706
1784868507148475374,985706
1784868507345376309,985706
1784868508502371970,985706
1784868509620931700,985706
1784868510948025111,985706
1784868511303439391,985706
1784868511365764444,985706
1784868511465851166,985706
1784868512153054831,985705
1784868512783428933,985706
1784868512922457821,985706
1784868513039457036,985706
1784868513236351088,985706
1784868514296787271,985706
1784868514608951830,985706
1784868514718956292,985706
1784868514845952047,985706
1784868515137877012,985706
1784868515150438027,985706
1784868515152349258,985706
1784868515165927620,985706
1784868515187904533,985706
1784868515215186119,985706
1784868515241605459,985706
1784868515283995666,985706
1784868515304356788,985706
1784868515429973740,985706
1784868515605464548,985706
1784868515922398155,985706
1784868517084435610,985706
1784868517757221565,985706
1784868518011785530,985706
1784868518024130205,985706
1784868518204164805,985706
1784868519042914455,985706
1784868519875375748,985706
1784868519965772224,985706
1784868521152802638,985706
1784868523659581439,985706
1784868524899924740,985705
1784868525931123196,985706
1784868526046880114,985706
1784868526055851193,985706
1784868526079849150,985706
1784868526080090064,985706
1784868526099770357,985706
1784868526131121699,985705
1784868526222349555,985706
1784868526282482124,985706
1784868526321471793,985706
1784868526443524611,985706
1784868526695106997,985706
1784868527054668068,985706
1784868527635703124,985706
1784868528197252749,985706
1784868528368573241,985706
1784868528591193250,985706
1784868529557202811,985706
1784868530927356968,985706
1784868532345585432,985706
1784868534537048057,985706
1784868536057703890,985706
1784868536294008629,985706
1784868536483256977,985706
1784868536656251235,985706
1784868537899613820,985706
1784868538898726760,985706
1784868539202815765,985706
1784868540467481726,985706
1784868540982860513,985706
1784868541635750068,985706
1784868541962014072,985706
1784868542197448461,985706
1784868543053144155,985706
1784868544110621119,985706
1784868546968443930,985706
1784868548042910921,985706
1784868548346638591,985706
1784868549052263105,985706
1784868549839244126,985706
1784868550622179856,985706
1784868551649925564,985707
1784868554487446190,985707
1784868554509927734,985707
1784868554524752666,985707
1784868554585084710,985707
1784868554601167221,985707
1784868554622896728,985707
1784868554646874173,985707
1784868554688776614,985707
1784868554714286208,985707
1784868554828074118,985707
1784868554844723744,985707
1784868554930828864,985707
1784868555026749120,985707
1784868555105563731,985707
1784868555176902712,985707
1784868555228822149,985707
1784868555302188193,985707
1784868555741133924,985707
1784868555936684705,985707
1784868556202816609,985707
1784868556234221637,985707
1784868556253336510,985707
1784868556381874642,985707
1784868556568290457,985707
1784868556750500726,985707
1784868556950856237,985707
1784868557928023711,985707
1784868558242261000,985707
1784868558394540773,985707
1784868559662929217,985707
1784868560453353144,985707
1784868560557662526,985707
1784868561048584815,985707
1784868561634276945,985707
1784868562349110832,985707
1784868563736701686,985707
1784868565496343599,985707
1784868566948215296,985707
1784868568252467137,985707
1784868568648676861,985707
1784868569767005415,985707
1784868569986071080,985707
1784868570547000772,985707
1784868571425203529,985707
1784868571497877221,985707
1784868571515732730,985707
1784868571527057687,985707
1784868571535688981,985707
1784868571555646297,985707
1784868571694472176,985707
1784868572131929016,985707
1784868572361033971,985707
1784868574136485941,985707
1784868574902804545,985707
1784868576223653419,985707
1784868576385781875,985707
1784868576635311070,985707
1784868577354734759,985708
1784868578186936445,985708
1784868581016109656,985708
1784868582585689625,985708
1784868582605444352,985708
1784868582611213888,985708
1784868582629993362,985708
1784868582641721620,985708
1784868582660206610,985708
1784868582667093079,985708
1784868582689540424,985708
1784868582723751875,985708
1784868582731196532,985708
1784868582736772880,985708
1784868582744450886,985708
1784868582751003109,985708
1784868582763970093,985708
1784868582788922942,985708
1784868582804316205,985708
1784868582821938590,985708
1784868582874348648,985708
1784868583053419130,985708
1784868583618656495,985708
1784868583855454481,985708
1784868584251271968,985708
1784868584265147812,985708
1784868584284981525,985708
1784868584378816669,985708
1784868584527778344,985708
1784868585538905581,985708
1784868587271368390,985708
1784868587399176276,985708
1784868587407751763,985708
1784868587447193505,985708
1784868587545377048,985708
1784868588041377044,985708
1784868588631098402,985708
1784868588796665907,985708
1784868590814378333,985708
1784868590819894931,985708
1784868591085789673,985708
1784868592611345766,985708
1784868593943387231,985708
1784868595032345947,985708
1784868595394535750,985708
1784868596491853977,985708
1784868596944913315,985708
1784868598731852883,985708
1784868598734457617,985708
1784868598763275130,985708
1784868598789958561,985708
1784868598803114050,985708
1784868598822409161,985708
1784868598833623255,985708
1784868598862511838,985708
1784868598878438084,985708
1784868598887911256,985708
1784868598986484272,985708
1784868599019778719,985708
1784868599217862684,985708
1784868599398713047,985708
1784868599880249080,985708
1784868600132301376,985708
1784868601597410862,985708
1784868601863103102,985708
1784868602050561962,985708
1784868602344543998,985708
1784868602907262053,985708
1784868603088448591,985708
1784868603454487313,985708
1784868604043860435,985708
1784868604202084480,985708
1784868604597484878,985708
1784868604864888169,985708
1784868605566630968,985708
1784868605610353850,985708
1784868605644348632,985708
1784868605709557954,985708
1784868605957883223,985708
1784868606112649818,985708
1784868606135846704,985708
1784868606153356113,985708
1784868606172236335,985708
1784868606220903256,985708
1784868606310280098,985708
1784868606353388956,985708
1784868606407937493,985708
1784868606570800436,985708
1784868607290732405,985708
1784868607837226896,985708
1784868608228308063,985708
1784868608779954088,985708
1784868608904109239,985708
1784868609106862442,985708
1784868609235392354,985708
1784868609399679930,985708
1784868609851632241,985708
1784868610100434938,985708
1784868611255614399,985708
1784868612776573981,985708
1784868613050816246,985708
1784868613714872186,985708
1784868614424621630,985708
1784868614581568826,985708
1784868615987899342,985708
1784868618098441007,985708
1784868619221181411,985708
1784868619246868623,985708
1784868619263767268,985708
1784868619287436861,985708
1784868619299817459,985708
1784868619313461961,985708
1784868619317329669,985708
1784868619337896842,985708
1784868619381655992,985708
1784868619426642289,985708
1784868619450324212,985708
1784868619484567350,985708
1784868619553827339,985708
1784868619618953951,985708
1784868619777605118,985708
1784868620268301015,985709
1784868620462243980,985708
1784868621507259509,985709
1784868622025745914,985708
1784868622039194024,985708
1784868622046405878,985708
1784868622095497658,985708
1784868622230282429,985708
1784868622994326416,985708
1784868623761263939,985709
1784868624034726472,985708
1784868624343800223,985708
1784868624361655782,985708
1784868624489888834,985708
1784868624799213077,985708
1784868626043150125,985708
1784868626797275623,985708
1784868627247697189,985708
1784868627897048742,985708
1784868629746498229,985708
1784868631405761379,985708
1784868632784912688,985708
1784868634183325808,985708
1784868636607829058,985708
1784868636948883145,985708
1784868637507984905,985708
1784868639911746403,985708
1784868640563085913,985708
1784868640579073788,985708
1784868640586178779,985708
1784868640604105859,985708
1784868640619991198,985708
1784868640658970203,985708
1784868640783815309,985708
1784868640933139789,985708
1784868641003878098,985708
1784868641380583078,985708
1784868642610457975,985708
1784868643881571841,985708
1784868644813216061,985708
1784868646946461957,985708
1784868646946679195,985708
1784868646946936562,985708
1784868646947144081,985708
1784868646947324558,985708
1784868646971913696,985708
1784868646989837891,985708
1784868647002998798,985708
1784868647025918234,985708
1784868647037836717,985708
1784868647058590707,985708
1784868647058858674,985708
1784868647083680513,985708
1784868647108723560,985708
1784868647125406034,985708
1784868647135550047,985708
1784868647194986668,985708
1784868647233273240,985708
1784868647346126003,985708
1784868647470983348,985708
1784868647546594071,985708
1784868647652989319,985708
1784868647846160212,985708
1784868647981748287,985708
1784868648773109152,985708
1784868648850680975,985708
1784868649043087494,985708
1784868649334905509,985708
1784868649934238332,985708
1784868650298370851,985708
1784868650903990125,985708
1784868652261582094,985709
1784868653352637377,985709
1784868653897095384,985709
1784868654443981413,985709
1784868655627758309,985709
1784868655897460759,985709
1784868655909424862,985709
1784868655982255072,985709
1784868656086128089,985709
1784868656803105342,985709
1784868658089945099,985709
1784868659043833233,985709
1784868660039595087,985709
1784868660569568755,985709
1784868661050417253,985709
1784868661405699039,985709
1784868661947541649,985709
1784868662377952881,985709
1784868663435112106,985709
1784868663881423399,985709
1784868664242823822,985709
1784868665040128985,985709
1784868666672333508,985709
1784868668468221298,985709
1784868669616077003,985709
1784868670050321087,985709
1784868670233772531,985709
1784868670376823820,985709
1784868670579321271,985709
1784868671242299982,985709
1784868672197181411,985709
1784868673556190990,985709
1784868674050280160,985709
1784868674500677926,985709
1784868676046740181,985709
1784868676583839312,985711
1784868676588209553,985834
1784868676588435655,985834
1784868676590261444,985834
1784868676593965807,985834
1784868676600596472,985834
1784868676711038327,985834
1784868676946543881,985834
1784868677177680131,985835
1784868678039167831,985834
1784868678598490759,985834
1784868679220947084,985834
1784868682473545213,985834
1784868682623752916,985834
1784868682623974245,985834
1784868682624217431,985834
1784868682704893974,985834
1784868682723723924,985834
1784868682842223124,985834
1784868683030154636,985834
1784868683136309381,985834
1784868683505359947,985834
1784868683986096055,985834
1784868684458017237,985834
1784868684598823014,985834
1784868684610385862,985834
1784868684661076310,985834
1784868685094098344,985834
1784868685592338130,985834
1784868685692358035,985834
1784868685797412867,985834
1784868686039880257,985834
1784868687238393771,985834
1784868687350410765,985834
1784868687408580097,985834
1784868687455920036,985834
1784868687468388648,985834
1784868687478308964,985834
1784868687510601870,985834
1784868687526595629,985834
1784868687668228152,985834
1784868688050576244,985834
1784868688588021971,985834
1784868688640060822,985834
1784868689047249588,985834
1784868689619281092,985834
1784868690918342831,985834
1784868691137313633,985834
1784868691333185715,985834
1784868691598892382,985834
1784868692877381734,985834
1784868692935041514,985834
1784868692984327693,985834
1784868693092070975,985834
1784868693261994265,985834
1784868693993325491,985834
1784868694132117750,985834
1784868694259614595,985834
1784868694695674568,985834
1784868695191749559,985834
1784868696184930107,985834
1784868696631845284,985834
1784868698306206055,985834
1784868698317868500,985834
1784868698330157027,985834
1784868698335581569,985834
1784868698374118192,985834
1784868699049124992,985834
1784868700799612807,985834
1784868702009199418,985834
1784868703386301060,985834
1784868704132400340,985834
1784868704410867272,985834
1784868704551204825,985978
1784868704555603540,985934
1784868704559616810,985934
1784868704566334023,985928
1784868704571260540,985953
1784868704575378278,985917
1784868704585657133,985917
1784868704596417431,985938
1784868704603082553,985887
1784868704613656056,985857
1784868704624190876,985858
1784868704740679521,985858
1784868705005866877,985858
1784868705270709415,985816
1784868705454855789,985823
1784868705924867333,985823
1784868706495081047,985823
1784868706792682752,985814
1784868706946555451,985815
1784868706946851313,985815
1784868707015781932,985815
1784868707244454255,985816
1784868707438754657,985817
1784868707546443423,985818
1784868707679740658,985818
1784868707957993778,985819
1784868708302544318,985820
1784868708308064147,985797
1784868708609734779,985797
1784868709252260724,985798
1784868709266940329,985829
1784868709272560911,985829
1784868709280324666,985829
1784868709321164359,985801
1784868709378743787,985807
1784868709437138089,985807
1784868709504737950,985807
1784868710048093610,985807
1784868710897756508,985807
1784868711077251773,985807
1784868711612335951,985807
1784868711830652252,985807
1784868711954467719,985807
1784868712335547793,985805
1784868712895533200,985802
1784868713087787910,985802
1784868713284558466,985802
1784868713292419971,985802
1784868713297982432,985802
1784868713339799617,985802
1784868713509746148,985803
1784868713913848077,985803
1784868714629358742,985801
1784868714941861155,985801
1784868715332084351,985801
1784868715953630603,985801
1784868716137336438,985789
1784868716388439331,985787
1784868716595750821,985780
1784868716987077406,985780
1784868717622498673,985780
1784868718037781522,985775
1784868718606628575,985773
1784868718943661485,985773
1784868718984771174,985773
1784868719009091129,985773
1784868719037669657,985773
1784868719133631484,985773
1784868719309166552,985769
1784868719932458303,985769
1784868719940837985,985767
1784868719991409815,985767
1784868720022215060,985767
1784868720066411064,985767
1784868720252817713,985767
1784868720479451882,985767
1784868721050748536,985767
1784868721828739628,985767
1784868721893956233,985767
1784868722003073280,985767
1784868722717469874,985767
1784868723634156513,985767
1784868723916544171,985767
1784868723924497648,985767
1784868723990008416,985767
1784868724128399547,985767
1784868724363655938,985767
1784868724384080060,985767
1784868724466593436,985767
1784868725233296723,985767
1784868726184307099,985767
1784868726947454300,985767
1784868727151160996,985767
1784868727900338376,985767
1784868728568715250,985767
1784868728729015144,985767
1784868728794226288,985767
1784868728818985845,985767
1784868728839833216,985767
1784868728855868617,985767
1784868728864558606,985767
1784868728883669634,985767
1784868728891896638,985767
1784868728910781522,985767
1784868728937397268,985767
1784868729005009483,985767
1784868729099863029,985767
1784868729137951181,985767
1784868729246431896,985767
1784868729951481257,985767
1784868730205860777,985767
1784868730533905974,985767
1784868732577524262,985767
1784868733621107309,985767
1784868733636563353,985767
1784868733649772861,985767
1784868733684917723,985767
1784868733716044410,985767
1784868733778950975,985767
1784868734023901433,985767
1784868734143436043,985767
1784868734460012211,985767
1784868734487795127,985767
1784868735199287536,985767
1784868735925404304,985767
1784868737611563416,985767
1784868737895372386,985767
1784868738749799698,985767
1784868739851803014,985767
1784868739923012556,985767
1784868739930098151,985767
1784868739957389845,985767
1784868740157878644,985767
1784868740915164561,985767
1784868743552077767,985767
1784868744097370543,985767
1784868744999175922,985767
1784868746577313537,985767
1784868747263337324,985767
1784868748422246122,985769
1784868748457630166,985766
1784868748838713253,985766
1784868749440012134,985766
1784868750969032465,985766
1784868752248689837,985767
1784868752260185878,985623
1784868752281485102,985642
1784868752284228606,985599
1784868752288250465,985597
1784868752289993035,985597
1784868752293138034,985597
1784868752398576636,985669
1784868752552053116,985669
1784868752960843294,985745
1784868752974395485,985745
1784868753238268404,985745
1784868753259251903,985745
1784868753266851364,985745
1784868753312269096,985741
1784868753391480940,985731
1784868753532756150,985731
1784868753907531026,985731
1784868754052218495,985790
1784868754251787521,985791
1784868754853555910,985790
1784868755418843629,985790
1784868755746263520,985790
1784868756211708751,985791
1784868756429262086,985790
1784868756750568962,985657
1784868757040340574,985772
1784868757191579021,985714
1784868757253818082,985714
1784868757319127749,985714
1784868757319518487,985714
1784868757319771151,985732
1784868757333706212,985607
1784868757804491339,985691
1784868757989469175,985691
1784868759012744360,985691
1784868759628297882,985775
1784868759831566323,985687
1784868760312593636,985573
1784868761393090567,985595
1784868762062421265,985579
1784868762430567670,985559
1784868762582210527,985691
1784868763419274052,985691
1784868763659501150,985632
1784868763757011903,985632
1784868763813901891,985632
1784868763884727871,985632
1784868764285422258,985632
1784868764695041661,985632
1784868764973254680,985632
1784868765948925697,985560
1784868766383747573,985560
1784868766401864449,985643
1784868766405984556,985643
1784868766411131913,985643
1784868766417111370,985643
1784868766457723130,985643
1784868766554357606,985643
1784868766697980536,985643
1784868766974338238,985643
1784868767043923430,985643
1784868768486864032,985643
1784868768999945044,985643
1784868770978990430,985643
1784868771635299179,985643
1784868771649425410,985643
1784868771687686868,985643
1784868771706114491,985644
1784868771735146930,985643
1784868771805554995,985643
1784868771852282644,985643
1784868772051855932,985643
1784868772341439484,985643
1784868773529734758,985643
1784868775846929385,985643
1784868777386662402,985643
1784868778593886271,985643
1784868780047929741,985643
1784868780555928631,985643
1784868781152240985,985643
1784868781168947947,985643
1784868781170341025,985643
1784868781176712880,985643
1784868781189751030,985643
1784868781251286601,985643
1784868781289818410,985643
1784868781323989328,985643
1784868781510561211,985643
1784868781554914124,985643
1784868782188159285,985643
1784868783271067869,985643
1784868783818457183,985643
1784868783962486413,985393
1784868783970415127,985515
1784868783979031397,985517
1784868784008181265,985487
1784868784008385895,985468
1784868784013283116,985402
1784868784025164261,985494
1784868784370506985,985481
1784868785345412106,985481
1784868785634633005,985481
1784868786945608785,985481
1784868790630856279,985492
1784868790631149172,985521
1784868790640901761,985521
1784868790836194592,985521
1784868791008185834,985521
1784868791138482188,985464
1784868791658307820,985433
1784868791984331015,985433
1784868792600449328,985433
1784868792648916659,985433
1784868792788657213,985394
1784868793580578153,985394
1784868793639200634,985418
1784868793790140360,985404
1784868794810781927,985393
1784868795688572284,985400
1784868796701919146,985400
1784868798712409704,985400
1784868800289481763,985400
1784868800373179709,985400
1784868800379602906,985402
1784868800384365011,985400
1784868800511860098,985400
1784868801506605231,985400
1784868801940374975,985400
1784868802112621290,985400
1784868803007947769,985400
1784868804285679438,985400
1784868804573638026,985400
1784868805777869425,985400
1784868805825740638,985400
1784868805826199068,985400
1784868805832697894,985400
1784868805843892169,985400
1784868805848103350,985400
1784868805858910039,985400
1784868805876037569,985400
1784868805887646001,985400
1784868805896961364,985400
1784868805914105996,985400
1784868805960697647,985400
1784868805979213776,985400
1784868806008985506,985400
1784868806224926909,985400
1784868806402382025,985400
1784868807007558361,985400
1784868807686897036,985400
1784868809581350707,985400
1784868810184148680,985400
1784868810212279619,985400
1784868810248626004,985400
1784868811045195942,985400
1784868811270594997,985213
1784868811270980698,985203
1784868811333586323,985203
1784868811467432217,985202
1784868811695940632,985201
1784868812785598626,985201
1784868814034957575,985201
1784868814048074011,985201
1784868814058705645,985201
1784868814058971901,985201
1784868814070370229,985201
1784868814081483152,985201
1784868814105979603,985201
1784868814132420412,985201
1784868814147832526,985201
1784868814160608323,985201
1784868814186879318,985201
1784868814210112468,985201
1784868814232509970,985201
1784868814279459435,985201
1784868814321141627,985201
1784868814541837246,985201
1784868815114977524,985201
1784868815399080218,985201
1784868816494682200,985201
1784868816787170022,985201
1784868816946697459,985201
1784868818479951710,985202
1784868819273957315,985202
1784868820922758721,985202
1784868822576516922,985202
1784868822678675564,985202
1784868823575485091,985201
1784868823737644791,985201
1784868824308069838,985201
1784868825057134582,985201
1784868825708317380,985201
1784868826733617320,985201
1784868827048967961,985201
1784868828016520793,985201
1784868831613853582,985201
1784868833338727449,985201
1784868833903460157,985201
1784868835031862824,985201
1784868835131192451,985201
1784868835184002692,985201
1784868837998667663,985201
1784868838338972877,985200
1784868839146880616,985200
1784868839159731232,985200
1784868839172336874,985200
1784868839185125350,985200
1784868839203258372,985200
1784868839246780726,985200
1784868839295106937,985200
1784868839308034334,985200
1784868839320806111,985200
1784868839339259311,985200
1784868839352795028,985200
1784868839363208253,985200
1784868839381101550,985200
1784868839473340438,985200
1784868839586806590,985200
1784868839723090573,985200
1784868839753114949,985200
1784868839886974088,985200
1784868840194155240,985200
1784868840409627573,985200
1784868841407804309,985200
1784868841508343915,985200
1784868841515971982,985200
1784868841542418819,985200
1784868841621492464,985200
1784868841735062693,985200
1784868841975345399,985200
1784868842128601857,985200
1784868842322145303,985200
1784868842474520257,985200
1784868842662785280,985200
1784868842742718763,985200
1784868842762434987,985200
1784868842923989979,985200
1784868844071338463,985200
1784868845750902573,985200
1784868847254329605,985200
1784868849783631857,985200
1784868849795855063,985200
1784868849955428487,985200
1784868850533922080,985200
1784868850735237313,985200
1784868850851511329,985200
1784868851843687262,985200
1784868853024238038,985200
1784868854513890229,985200
1784868854841859986,985200
1784868854879295967,985200
1784868855041262059,985200
1784868855917033112,985200
1784868855993269403,985200
1784868856467223099,985200
1784868856815627187,985201
1784868858647659787,985201
1784868858765972130,985201
1784868858791629048,985201
1784868858942797493,985201
1784868859054739324,985201
1784868859170200132,985201
1784868859276331150,985203
1784868859420597065,985201
1784868859565597393,985203
1784868859568318856,985201
1784868859572675605,985201
1784868859579708630,985201
1784868859651417664,985201
1784868859713174212,985201
1784868859887945481,985201
1784868860395782602,985201
1784868860405905882,985201
1784868860633910696,985201
1784868860650387241,985201
1784868860661243919,985201
1784868860789555793,985201
1784868862047658614,985201
1784868863863772492,985201
1784868863884101245,985201
1784868863919443534,985201
1784868864068281425,985201
1784868864774428204,985201
1784868865110912373,985201
1784868866124940601,985201
1784868866138925894,985201
1784868866150198064,985201
1784868866164005506,985201
1784868866172668734,985201
1784868866249292210,985201
1784868866267775757,985201
1784868866326244571,985201
1784868866522973006,985201
1784868866725601904,985203
1784868866733319821,985201
1784868866738220314,985203
1784868866744051784,985201
1784868866748431996,985201
1784868866785343514,985201
1784868867439363589,985201
1784868867744680493,985201
1784868867968085966,985201
1784868868319072919,985201
1784868868654459747,985201
1784868869398829433,985201
1784868869410811856,985201
1784868869415090920,985201
1784868869537329287,985201
1784868870028892314,985201
1784868871105595903,985201
1784868871662074274,985203
1784868871783960667,985201
1784868872552517906,985201
1784868873029050643,985201
1784868873560092594,985201
1784868874499077346,985201
1784868874714846359,985201
1784868874820693485,985201
1784868875256141338,985201
1784868875280982212,985201
1784868875291256198,985201
1784868875475120240,985201
1784868876047943472,985201
1784868876959934028,985201
1784868877119305382,985201
1784868877702018606,985201
1784868878716566220,985201
1784868880446717955,985201
1784868883745472660,985201
1784868886102683384,985201
1784868888655606647,985201
1784868889566143049,985201
1784868890659055500,985200
1784868891368571649,985200
1784868891535948510,985200
1784868891561764305,985200
1784868891847579122,985200
1784868892240198056,985200
1784868892694448494,985200
1784868893367512110,985200
1784868893739347874,985200
1784868895384180346,985200
1784868895704226899,985200
1784868896988924659,985200
1784868898731814844,985200
1784868898740146371,985200
1784868898749549082,985200
1784868898763658799,985200
1784868898781150817,985200
1784868898868792357,985200
1784868898915179411,985200
1784868899388920500,985200
1784868899405865972,985200
1784868899422380011,985200
1784868899469689594,985200
1784868899508726852,985200
1784868899526146677,985200
1784868899539923434,985200
1784868899580102867,985200
1784868899716092434,985200
1784868899759761000,985200
1784868899864276404,985200
1784868899988992124,985200
1784868900815449737,985200
1784868901598923506,985200
1784868902629268986,985200
1784868903524373856,985200
1784868904615866669,985200
1784868904949506427,985200
1784868904979737367,985200
1784868905339759249,985200
1784868906077375211,985200
1784868906459272256,985200
1784868907360334908,985200
1784868908565690464,985200
1784868910411054369,985201
1784868910796451804,985201
1784868911147712138,985201
1784868912070378165,985201
1784868913098897817,985201
1784868914366841741,985201
1784868915265462816,985201
1784868915586339636,985201
1784868916167047159,985201
1784868917542001067,985201
1784868919074115455,985201
1784868919495166997,985201
1784868919517388461,985201
1784868919562364220,985201
1784868919697786047,985201
1784868920051128183,985201
1784868921110006092,985201
1784868921694670133,985201
1784868922893208603,985201
1784868923819902228,985201
1784868924144046347,985203
1784868925045023899,985201
1784868925479601959,985201
1784868927060155795,985201
1784868929154628557,985201
1784868930044365484,985201
1784868930135576602,985201
1784868930197727639,985201
1784868930333424740,985201
1784868930500212363,985201
1784868930576863967,985201
1784868931845657580,985201
1784868935769765817,985201
1784868938821025808,985201
1784868939276378244,985201
1784868939430440831,985201
1784868939489183999,985201
1784868939592247005,985201
1784868940705128797,985201
1784868942906913498,985201
1784868943817216406,985201
1784868944394552152,985201
1784868945448802286,985201
1784868945474148430,985201
1784868946483955897,985201
1784868948348982329,985201
1784868951222202666,985201
1784868955376671575,985201
1784868957746945047,985201
1784868958635016300,985201
1784868958952050886,985201
1784868959122612459,985201
1784868959511416359,985201
1784868959945221298,985201
1784868960787042785,985201
1784868963010207541,985201
1784868964262945988,985201
1784868964388148515,985545
1784868964388148515,985545
1784868964388607996,985712
1784868964388823246,985687
1784868964393397727,985707
1784868964393560556,985641
1784868964393649733,985600
1784868964393792341,985732
1784868964395037923,985632
1784868964395245472,985658
1784868964397235782,985651
1784868964404084149,985584
1784868964404354467,985586
1784868964405597826,985571
1784868964413077100,985578
1784868964414327895,985591
1784868964416940030,985590
1784868964418607243,985590
1784868964433586734,985590
1784868964509498718,985590
1784868964513686588,985536
1784868964521959663,985640
1784868964527298274,985642
1784868964532726852,985644
1784868964574969738,985583
1784868964619372256,985466
1784868964732424150,985466
1784868964873629302,985546
1784868964995718425,985493
1784868965328785173,985493
1784868965614750862,985493
1784868965956208103,985493
1784868966249628332,985493
1784868967068440562,985493
1784868967132156277,985493
1784868967877510839,985493
1784868968310932972,985493
1784868968561809307,985493
1784868972966893708,985493
1784868973747161008,985493
1784868974205549599,985493
1784868979859335823,985493
1784868979870564526,985493
1784868979914740934,985493
1784868980621816720,985493
1784868983760288262,985493
1784868984721271472,985493
1784868984750007708,985493
1784868984782654941,985493
1784868984851291412,985493
1784868985058650297,985493
1784868986195230053,985493
1784868986437753617,985493
1784868987263397986,985493
1784868988407028366,985493
1784868989723884548,985493
1784868989968644743,985493
1784868991963462305,985496
1784868992580917489,985496
1784868992737831676,985493
1784868992952630070,985493
1784868995250557426,985493
1784868996345794120,985493
1784868996443584844,985493
1784868996455089413,985493
1784868996513019963,985493
1784868996643454948,985493
1784868998372584882,985493
1784868998627507657,985493
1784869000179796482,985493
1784869001583448732,985493
1784869003118506563,985493
1784869003665894294,985493
1784869004587111716,985493
1784869006012861806,985493
1784869008193866726,985493
1784869008850804125,985493
1784869009798336822,985493
1784869017654911772,985493
1784869017674134761,985493
1784869018260276751,985493
1784869018483519617,985493
1784869018523702485,985493
1784869018583372488,985493
1784869018595932234,985493
1784869018606004081,985493
1784869018628995798,985493
1784869018696806382,985493
1784869018890736254,985493
1784869018919916937,985493
1784869019081128577,985493
1784869019953689161,985493
1784869020123691359,985573
1784869020123847534,985569
1784869020127506603,985570
1784869020136196763,985511
1784869020141726654,985572
1784869020255160182,985572
1784869020531779136,985571
1784869020706688414,985572
1784869020928581342,985572
1784869022455715196,985572
1784869022463711358,985572
1784869022470724787,985572
1784869022480953848,985572
1784869022490687028,985572
1784869022502239404,985572
1784869022525239321,985572
1784869022577219978,985572
1784869022605518377,985572
1784869022655677512,985572
1784869022675473404,985572
1784869022773604983,985572
1784869022806905505,985572
1784869022916748627,985572
1784869023086120569,985572
1784869023350431525,985572
1784869023893108763,985572
1784869024852164830,985573
1784869025637020374,985573
1784869026046370994,985573
1784869027046274241,985573
1784869027428910845,985573
1784869027464036191,985573
1784869027488620115,985573
1784869027500112702,985567
1784869027524902945,985397
1784869027537488443,985395
1784869027554642902,985278
1784869027554801443,985275
1784869027562102120,985275
1784869027563806047,985275
1784869027567541463,985104
1784869027574512664,985101
1784869027578648290,985099
1784869027585640042,985099
1784869027592748041,985099
1784869027605940226,984969
1784869027621776780,984969
1784869027621936866,984969
1784869027637807055,984969
1784869027666860191,984969
1784869027700419698,984969
1784869027755018324,984969
1784869027806288023,984969
1784869027865811988,984969
1784869028066300095,984969
1784869028221379424,984967
1784869028507178847,984969
1784869028558405387,984969
1784869028628177911,984945
1784869028628874189,984883
1784869028631517414,984573
1784869028765713507,984573
1784869028786511270,984573
1784869028877259187,984569
1784869029018751380,984569
1784869029461626588,984563
1784869029825147200,984563
1784869030377103919,984561
1784869030756624953,984561
1784869031039861118,984561
1784869031045322508,984561
1784869031083085022,984561
1784869031086834864,984561
1784869031147966637,984561
1784869031180160666,984561
1784869031213580305,984561
1784869031230756031,984561
1784869031388845799,984561
1784869032046470456,984561
1784869032941964050,984561
1784869033636346251,984561
1784869033815056510,984561
1784869033964059915,984561
1784869034076145257,984561
1784869034632177570,984561
1784869035353996100,984561
1784869036203497685,984561
1784869036990605241,984561
1784869037001950996,984561
1784869037037895640,984561
1784869037142541346,984561
1784869037524434951,984561
1784869037907538525,984561
1784869038388597660,984561
1784869038650806161,984561
1784869041253675593,984561
1784869041909170775,984561
1784869042190129815,984561
1784869042212975751,984561
1784869042236730974,984561
1784869042255865445,984561
1784869042284949960,984561
1784869042322283128,984561
1784869042358730762,984561
1784869042502466509,984561
1784869042711039638,984561
1784869042743767823,984561
1784869042779631373,984561
1784869042788721786,984561
1784869042809099949,984663
1784869042814734191,984663
1784869042817600087,984663
1784869042885662522,984663
1784869042941675018,984661
1784869042989350173,984663
1784869043008934035,984663
1784869043026286940,984663
1784869043026445135,984702
1784869043028485866,984744
1784869043050376571,984780
1784869043050717364,984749
1784869043098338020,984749
1784869043110478946,984749
1784869043110628099,984749
1784869043116801816,984749
1784869043133086895,984749
1784869043141505329,984750
1784869043220237619,984749
1784869043266441233,984749
1784869043416894130,984749
1784869043603598482,984749
1784869043695743850,984749
1784869043907431732,984749
1784869044058957965,984749
1784869044098634391,984749
1784869044171786957,984749
1784869044333215521,984749
1784869044612794218,984749
1784869045122882882,984749
1784869045123373641,984749
1784869045172819672,984749
1784869045191434109,984749
1784869045205584877,984749
1784869045254592298,984749
1784869045394448696,984749
1784869045714397136,984749
1784869045774911113,984749
1784869045793387797,984749
1784869045843202651,984749
1784869045865470977,984749
1784869045884361673,984749
1784869045893978579,984749
1784869045903163146,984749
1784869045926798845,984749
1784869045968784204,984750
1784869046041529404,984749
1784869046208961565,984749
1784869047047994448,984749
1784869047245175811,984749
1784869048053441050,984749
1784869048111744776,984749
1784869049167167909,984749
1784869050507531564,984749
1784869050555022540,984749
1784869050586849066,984749
1784869050691203982,984749
1784869050998539856,984749
1784869051404425367,984749
1784869051731284707,984749
1784869051765233435,984749
1784869051883199600,984749
1784869052170435191,984749
1784869052626876326,984749
1784869052701728154,984749
1784869053088184244,984749
1784869054035467193,984749
1784869054461469903,984749
1784869054473943807,984749
1784869054484237634,984749
1784869054508811408,984749
1784869054941624547,984749
1784869055234655650,984749
1784869055568362280,984749
1784869055593081244,984749
1784869055886501420,984749
1784869055896623133,984749
1784869055910727750,984749
1784869056037293225,984749
1784869056964064832,984749
1784869057086697358,984749
1784869057799656150,984749
1784869058557711566,984749
1784869059271348612,984749
1784869059641558883,984749
1784869060036760336,984749
1784869060038241759,984749
1784869060039615244,984749
1784869060099134328,984749
1784869060203832837,984749
1784869060982675305,984749
1784869061363235641,984749
1784869061404094010,984749
1784869061649748997,984749
1784869062398305783,984749
1784869063298731936,984749
1784869063377145272,984749
1784869063642434156,984749
1784869063819099677,984749
1784869064118872647,984749
1784869065012256736,984749
1784869065167984538,984749
1784869065937120237,984749
1784869065964071568,984749
1784869066771285866,984749
1784869067268544691,984749
1784869067299001324,984749
1784869067308783240,984749
1784869067308958548,984749
1784869067312476907,984749
1784869067316520661,984749
1784869067327087170,984749
1784869067368155570,984749
1784869067448991406,984749
1784869067582668398,984749
1784869067714325272,984749
1784869067902306367,984749
1784869068329207829,984749
1784869068452064341,984749
1784869068458286496,984749
1784869068492982682,984749
1784869068692512313,984749
1784869069052170413,984749
1784869069296871939,984749
1784869070349746960,984749
1784869070526758679,984749
1784869071394506340,984749
1784869071402373926,984749
1784869071425140134,984749
1784869071456336229,984749
1784869071468081571,984749
1784869071518505596,984749
1784869071545730115,984749
1784869071603205499,984749
1784869071618529853,984749
1784869071627167674,984749
1784869071687936342,984749
1784869071789259017,984749
1784869072090817347,984749
1784869072769302078,984749
1784869073151652058,984751
1784869073319113859,984749
1784869073596085839,984749
1784869073599070329,984749
1784869073874480519,984750
1784869073891070304,984750
1784869073911683042,984750
1784869073923815982,984750
1784869073934320407,984750
1784869073979162636,984750
1784869074100832923,984750
1784869074158562943,984750
1784869075024934843,984750
1784869075755614161,984747
1784869075760556535,984599
1784869075762163251,984598
1784869075765596908,984598
1784869075769104080,984598
1784869075770171134,984598
1784869075844588758,984598
1784869076044241181,984598
1784869076759866160,984598
1784869076785518464,984598
1784869077096664494,984598
1784869077945368474,984598
1784869079432365392,984598
1784869080017819228,984598
1784869080067323985,984598
1784869080100579295,984598
1784869080112739603,984598
1784869080126982994,984598
1784869080181199987,984598
1784869080222408183,984598
1784869080403766225,984598
1784869080419473371,984598
1784869080423910769,984598
1784869080457593171,984598
1784869080658665375,984598
1784869081045401686,984598
1784869082019310750,984598
1784869082033901502,984598
1784869082149892530,984598
1784869082542659064,984598
1784869082634974666,984722
1784869082635287040,984722
1784869082635616572,984856
1784869082643484850,984856
1784869082738615630,984856
1784869082857455420,984856
1784869083050271087,984856
1784869083054761374,984856
1784869083060294398,984856
1784869083165896747,984856
1784869083196571430,984856
1784869083250852498,984856
1784869083578275870,984856
1784869083976687483,984856
1784869084787994096,984856
1784869084949177921,984856
1784869085095298443,984856
1784869085127946283,984856
1784869085638247733,984856
1784869085771162291,984856
1784869085817146791,984856
1784869085859529216,984856
1784869085874162316,984856
1784869086314465033,984856
1784869086553218490,984856
1784869086565613966,984856
1784869086572720854,984856
1784869086719490744,984856
1784869087103486311,984856
1784869087451105233,984856
1784869087850519564,984856
1784869087991785506,984856
1784869088206470871,984856
1784869088302995267,984856
1784869088587251971,984856
1784869089865354650,984856
1784869089870448448,984856
1784869090094505294,984856
1784869090867899407,984856
1784869091744562702,984856
1784869091789917737,984856
1784869091791644788,984856
1784869092205735495,984856
1784869092259443677,984856
1784869092344162899,984856
1784869092356240874,984856
1784869092406752819,984856
1784869092425544965,984856
1784869092454843960,984856
1784869092469231613,984893
1784869092469402151,984871
1784869092470393214,984868
1784869092485749278,984868
1784869092485966825,984868
1784869092505397603,984868
1784869092505708008,984868
1784869092519876015,984868
1784869092532061843,984868
1784869092545577272,984868
1784869092564783743,984868
1784869092588523188,984868
1784869092605794558,984868
1784869092615929511,984868
1784869092672703098,984868
1784869092700293608,984868
1784869092706299338,984868
1784869092717997564,984868
1784869092733475067,984868
1784869092744413538,984868
1784869092797062676,984868
1784869092824236342,984868
1784869092843050318,984868
1784869093112050450,984868
1784869093350255256,984868
1784869093474433231,984868
1784869093664531151,984868
1784869093949585200,984868
1784869094109086643,984868
1784869095108999066,984868
1784869095229068291,984868
1784869095509485419,984868
1784869096116002565,984868
1784869097073537338,984868
1784869097894446074,984868
1784869098893853820,984868
1784869099712498333,984868
1784869100101969951,984868
1784869100350290066,984868
1784869100607457948,984868
1784869101384355097,984868
1784869101602209445,984868
1784869101617053950,984868
1784869101628633521,984868
1784869101682664406,984868
1784869102616299476,984868
1784869102799086975,984868
1784869102855606836,984868
1784869103417905485,984868
1784869104586650991,984868
1784869105842316512,984868
1784869106023646426,984868
1784869107216480030,984867
1784869107220045923,984769
1784869107221330735,984719
1784869107224149927,984716
1784869107230190427,984716
1784869107236922629,984716
1784869107349627956,984715
1784869107627087539,984717
1784869108807009511,984717
1784869110062933847,984717
1784869111002267228,984717
1784869111272324399,984717
1784869111287882490,984717
1784869111326763858,984717
1784869111847664150,984717
1784869112634640590,984717
1784869112890437690,984717
1784869113381924566,984717
1784869114197043951,984717
1784869114335654638,984717
1784869115175165567,984717
1784869116940321814,984717
1784869117545803141,984717
1784869118313031776,984717
1784869118915307230,984717
1784869119617976201,984717
1784869120217008786,984717
1784869121371253561,984717
1784869122999908781,984717
1784869123013452837,984717
1784869123022351999,984717
1784869123031059246,984717
1784869123037911784,984717
1784869123048938907,984717
1784869123080405244,984717
1784869123115603667,984717
1784869123159346726,984717
1784869123263181487,984717
1784869123281337377,984717
1784869123739565085,984717
1784869123755511976,984717
1784869123761490650,984717
1784869123781151120,984717
1784869123845019069,984717
1784869123902454721,984717
1784869123912424558,984717
1784869123914815064,984717
1784869123920145049,984717
1784869123924823218,984717
1784869123964301104,984717
1784869124112896620,984717
1784869124347407158,984715
1784869124532117174,984717
1784869124884353268,984717
1784869125765313318,984717
1784869126079727551,984710
1784869126175772927,984699
1784869126408027151,984706
1784869126474099453,984708
1784869127105256860,984690
1784869128755747940,984690
1784869130402986872,984690
1784869132106615272,984689
1784869134224533540,984690
1784869135342860105,984690
1784869136944069280,984691
1784869138731774074,984691
1784869140363252725,984691
1784869141980285532,984691
1784869143932140730,984691
1784869144452986477,984691
1784869144853152388,984690
1784869145274753235,984691
1784869145286649167,984691
1784869145295503481,984691
1784869145319239411,984691
1784869145355909089,984691
1784869145457833447,984691
1784869145623453876,984691
1784869145631071946,984703
1784869145646299808,984703
1784869145780637100,984703
1784869146113566215,984703
1784869146940541179,984703
1784869147622193793,984703
1784869149404474526,984703
1784869149480419646,984703
1784869150116324544,984703
1784869150437295225,984703
1784869151817349905,984703
1784869152085934043,984703
1784869152112501596,984703
1784869152133038253,984703
1784869152210779782,984703
1784869152545827496,984703
1784869153152923251,984703
1784869153465114210,984703
1784869153613571417,984703
1784869154034468764,984703
1784869154257710615,984704
1784869154479395566,984704
1784869154479852011,984704
1784869154682602404,984704
1784869156117525559,984704
1784869157309828495,984704
1784869158013907398,984704
1784869159870706293,984704
1784869162713095919,984704
1784869163489944829,984704
1784869163496629811,984704
1784869163530459184,984704
1784869163549432512,984704
1784869163667017307,984704
1784869164182249063,984704
1784869164742639680,984704
1784869164787650869,984704
1784869166173398487,984704
1784869168450850478,984704
1784869169982265153,984704
1784869170044594606,984678
1784869170045135795,984678
1784869170045925360,984480
1784869170046482635,984349
1784869170050233496,984284
1784869170051726294,984287
1784869170056097470,984284
1784869170058527405,984259
1784869170063961928,984259
1784869170068480044,984524
1784869170074453251,984236
1784869170188088038,984234
1784869170229371467,984234
1784869170341188145,984234
1784869170648518464,984234
1784869170852256997,984234
1784869170855248359,984234
1784869170919289264,984234
1784869171060685697,984234
1784869171594510711,984234
1784869171994928663,984234
1784869172199009429,984234
1784869172941560373,984234
1784869173972860730,984234
1784869174205802503,984234
1784869174491728916,984234
1784869175091062108,984234
1784869175102975509,984234
1784869175112739795,984234
1784869175117941777,984234
1784869175132012663,984236
1784869175174088268,984234
1784869175250954487,984234
1784869175635111412,984234
1784869175713344999,984234
1784869175950182620,984234
1784869176777428441,984234
1784869177014306783,984234
1784869177192309008,984234
1784869177414456619,984234
1784869178078388883,984234
1784869178852366533,984234
1784869179447475765,984234
1784869179758123206,984234
1784869179761123579,984236
1784869179778800291,984234
1784869179837856510,984234
1784869179861809761,984234
1784869180036274149,984234
1784869180134374701,984234
1784869180730376761,984234
1784869181167869045,984234
1784869181347860857,984236
1784869181993517089,984234
1784869182581805481,984234
1784869182784990125,984234
1784869184076909542,984234
1784869185995719717,984236
1784869186242467644,984234
1784869187278078114,984234
1784869189343249699,984234
1784869189434291756,984234
1784869189535682398,984234
1784869190043435158,984234
1784869190393360469,984234
1784869190943543760,984234
1784869191978120502,984234
1784869192546835672,984234
1784869192571614651,984234
1784869192600162817,984234
1784869192768190218,984234
1784869193043525944,984234
1784869193538225571,984234
1784869194257336674,984234
1784869194594900350,984030
1784869194596470750,984011
1784869194600697148,984011
1784869194695864013,984011
1784869194747141481,984011
1784869194824603343,983937
1784869194913121727,984011
1784869195052385798,984011
1784869195247369521,984011
1784869196175693498,984011
1784869196317138035,984011
1784869196939556110,984011
1784869197090266379,984011
1784869198139491834,984011
1784869198154309039,984011
1784869198165148101,983900
1784869198180867138,983863
1784869198194397164,983863
1784869198210245805,983852
1784869198223890131,983852
1784869198265077286,983852
1784869198298489724,983709
1784869198336317324,983709
1784869198365140650,983685
1784869198374695364,983630
1784869198402011047,983595
1784869198427118160,983574
1784869198460009406,983570
1784869198466411005,983570
1784869198484706455,983570
1784869198520946434,983570
1784869198547623013,983325
1784869198562167642,983296
1784869198565440981,983296
1784869198569622210,983296
1784869198578580081,983296
1784869198598542828,983296
1784869198620560904,983296
1784869198628187463,983234
1784869198628682234,983110
1784869198652112911,983105
1784869198652297300,983105
1784869198667658800,983105
1784869198680618626,983006
1784869198693925118,982956
1784869198722348078,982956
1784869198765764780,982873
1784869198860875541,982873
1784869198941964791,982873
1784869198997713177,982852
1784869199006208451,982840
1784869199158407846,982840
1784869199167825607,982840
1784869199178762558,982832
1784869199210454574,982832
1784869199374517605,982832
1784869199926429302,982832
1784869200041574365,982832
1784869200091415563,982798
1784869200117197419,982781
1784869200153152966,982781
1784869200166375899,982720
1784869200179087218,982720
1784869200200969297,982720
1784869200244441981,982667
1784869200379188855,982588
1784869200647278717,982333
1784869200860722883,982331
1784869201110872650,982331
1784869201721308768,982333
1784869201932397619,982331
1784869202696700398,982331
1784869202739543436,982331
1784869202835693966,982331
1784869202963425295,982331
1784869203209695442,982331
1784869204082799743,982331
1784869204956265001,982331
1784869206385678937,982331
1784869207952988081,982331
1784869209210779986,982331
1784869209326925964,982331
1784869209342321628,982331
1784869209350527339,982331
1784869209376813418,982331
1784869209391567434,982331
1784869209409144578,982331
1784869209433134792,982331
1784869209440305263,982331
1784869209455585421,982331
1784869209472027722,982331
1784869209490541418,982331
1784869209511611819,982331
1784869209534804803,982331
1784869209553473503,982331
1784869209561521096,982331
1784869209587759233,982331
1784869209609089328,982331
1784869209624214260,982331
1784869209640537663,982331
1784869209662227346,982331
1784869209736739745,982331
1784869209899500203,982331
1784869210035367230,982331
1784869210381955862,982331
1784869210616014828,982331
1784869210872338463,982331
1784869211297370997,982331
1784869211394723482,982331
1784869211674894325,982331
1784869212244502878,982331
1784869212649596670,982331
1784869213195969741,982331
1784869214626855583,982331
1784869215580177526,982331
1784869215986317346,982331
1784869216075178132,982331
1784869216561623130,982331
1784869217787861285,982331
1784869217900236541,982331
1784869218026616055,982331
1784869218470254047,982331
1784869218582292951,982331
1784869218890892977,982331
1784869219628747098,982331
1784869219668868511,982331
1784869219816619650,982331
1784869219864642853,982331
1784869219929646612,982331
1784869220738712513,982331
1784869223121367101,982331
1784869223346917000,982331
1784869224044369649,982331
1784869226247554773,982331
1784869227907440436,982331
1784869228419820099,982331
1784869229407357492,982331
1784869230509090512,982331
1784869230607435505,982331
1784869230706860560,982331
1784869231242704533,982331
1784869231603792287,982331
1784869232749786199,982331
1784869235759694715,982331
1784869237039896049,982331
1784869237070462816,982331
1784869237124053750,982331
1784869237124390886,982469
1784869237124762856,982469
1784869237129785628,982472
1784869237143563547,982472
1784869237143712115,982472
1784869237148612930,982472
1784869237148785827,982472
1784869237190901694,982472
1784869237191497112,982472
1784869237244502397,982472
1784869237258157589,982472
1784869237339640138,982472
1784869237500580179,982473
1784869238902971698,982473
1784869241415886412,982473
1784869245106490261,982473
1784869247154995619,982473
1784869248687104230,982473
1784869250457642504,982473
1784869251077167075,982473
1784869251166314149,982473
1784869254116781865,982473
1784869254335539574,982473
1784869254845921619,982473
1784869255342438005,982473
1784869255537168121,982473
1784869256603770251,982504
1784869256607747694,982555
1784869256608087660,982555
1784869256608852661,982555
1784869256784183606,982555
1784869256940734459,982555
1784869257058394775,982555
1784869257377351528,982555
1784869257897379337,982555
1784869257957301878,982601
1784869257957547008,982601
1784869257959155374,982601
1784869258027389270,982566
1784869258043149072,982566
1784869258211944119,982566
1784869258694535583,982566
1784869259503431030,982566
1784869259509351174,982278
1784869259622672211,982278
1784869259962545029,982318
1784869261248315003,982318
1784869262391603107,982318
1784869262605218541,982272
1784869262813796309,982313
1784869262829349189,982309
1784869263119621675,982218
1784869263340284991,982218
1784869264018898453,982218
1784869264163845682,982218
1784869264755069837,982218
1784869264782140464,982218
1784869265224902316,982218
1784869266672040891,982218
1784869267885988578,982218
1784869268912983363,982218
1784869270763530662,982218
1784869273164987204,982219
1784869273916043008,982219
1784869274452924929,982219
1784869275405615856,982219
1784869275429388431,982219
1784869275511415120,982219
1784869275687892339,982219
1784869275890449360,982219
1784869276127499426,982219
1784869277078662201,982219
1784869277218543326,982219
1784869277836951016,982219
1784869278076198416,982188
1784869278089503514,982196
1784869278096901336,982200
1784869278098693858,982201
1784869278101992603,982200
1784869278123737773,982200
1784869278239570008,982200
1784869278692223482,982200
1784869278711933656,982120
1784869278901875585,982159
1784869279409213991,982159
1784869279630189499,982136
1784869280534509525,982159
1784869280605850000,982176
1784869280743202006,982174
1784869281013498228,982174
1784869281686528372,982174
1784869281843185789,982174
1784869282142838618,982174
1784869282260363562,982174
1784869282518171102,982174
1784869283316811572,982174
1784869283776848174,982174
1784869284900331778,982174
1784869285196621854,982174
1784869285224428285,982174
1784869285254756511,982174
1784869285445428260,982175
1784869285708554685,982175
1784869286149612821,982175
1784869287434521388,982175
1784869287683944573,982175
1784869288664586005,982175
1784869289693605797,982175
1784869290490930009,982175
1784869290737756098,982175
1784869292379754557,982174
1784869293147844095,982175
1784869293209727381,982175
1784869293276433390,982175
1784869293840935691,982175
1784869294680965158,982175
1784869295825932621,982175
1784869295832665179,982175
1784869296137219452,982175
1784869296232292459,982175
1784869296315388433,982155
1784869296322176859,982162
1784869296327764210,982162
1784869296328529938,982070
1784869296332575894,982122
1784869296349354397,982099
1784869296381743204,982102
1784869296467501724,982102
1784869296571650869,982101
1784869296782491632,982101
1784869296937745348,982101
1784869297073579895,982098
1784869297296934931,982098
1784869297497625935,982096
1784869297788970809,982096
1784869297803969614,982098
1784869297812763980,982098
1784869297869199955,982098
1784869297936590522,982098
1784869298056071380,982098
1784869298186234445,982097
1784869298291755918,982097
1784869298453353804,982097
1784869298577309531,982091
1784869298801002940,982091
1784869299964742525,982091
1784869301486617809,982091
1784869301902363167,982091
1784869303160788919,982091
1784869304194644467,982091
1784869304364256130,982091
1784869305339122103,982091
1784869305353978385,982091
1784869305409585215,982091
1784869305842875930,982091
1784869305930575130,982091
1784869307722831651,982091
1784869308846506830,982091
1784869308893821006,982091
1784869309127637105,982091
1784869309599011113,982091
1784869310035339092,982091
1784869310159485103,982091
1784869311054610651,982091
1784869314008980333,982092
1784869314200162164,982092
1784869314200297010,982092
1784869314212567740,982092
1784869314261801026,982092
1784869314288150008,982092
1784869314408149624,982092
1784869314498817964,982092
1784869314575895608,982092
1784869314936511919,982092
1784869314952870282,982092
1784869314963092836,982092
1784869314972309916,982092
1784869314981288862,982092
1784869315099498530,982092
1784869315222625485,982092
1784869315720507413,982092
1784869315744888795,982092
1784869315751424628,982092
1784869315796942411,982092
1784869316210484098,982092
1784869316557836126,982092
1784869316574750755,982092
1784869317250702966,982092
1784869317796067277,982064
1784869317796335131,982048
1784869317797527436,982027
1784869317800794106,982027
1784869317815047343,982027
1784869317941790966,982027
1784869318034737677,982027
1784869318287666481,982027
1784869318884721120,982027
1784869319808695335,982027
1784869320014133354,982027
1784869320691594438,982027
1784869321172691341,982027
1784869321232805905,982027
1784869321259174526,982027
1784869321370806268,982027
1784869322178357655,982027
1784869322233596249,982027
1784869322274384933,982027
1784869322274547122,982023
1784869322274751849,981923
1784869322274929854,981923
1784869322282650885,981923
1784869322282960171,981923
1784869322285804313,981923
1784869322303946029,981920
1784869322337151643,981911
1784869322353977183,981843
1784869322363412515,981805
1784869322368083237,981805
1784869322381742109,981772
1784869322399979003,981736
1784869322400177735,981736
1784869322415249468,981736
1784869322425605351,981736
1784869322460668757,981736
1784869322510859633,981736
1784869322600040861,981736
1784869322892281738,981734
1784869323152471787,981736
1784869323601294804,981736
1784869323851988432,981736
1784869324157417331,981737
1784869324477123039,981737
1784869324524178415,981737
1784869324562249066,981737
1784869324679734201,981737
1784869325023786682,981737
1784869325418326842,981737
1784869325575442797,981737
1784869325592158368,981737
1784869325596355058,981737
1784869325692655263,981737
1784869325852289559,981737
1784869325865845354,981737
1784869325901448745,981737
1784869325924929741,981737
1784869326041837020,981737
1784869326094738709,981737
1784869326340751359,981737
1784869326657425029,981737
1784869326687307182,981737
1784869326761839187,981737
1784869326805029656,981737
1784869326939116466,981737
1784869326956641557,981737
1784869327000578867,981737
1784869327038726341,981737
1784869327173582378,981737
1784869327261754151,981737
1784869327707094013,981737
1784869327762121595,981737
1784869327956283733,981737
1784869328118004233,981737
1784869328137871127,981737
1784869328168555620,981737
1784869328352058864,981737
1784869328446459945,981737
1784869328536399827,981737
1784869328786583689,981737
1784869328842604355,981737
1784869329160249325,981737
1784869330049686414,981737
1784869330243096757,981737
1784869330417777157,981737
1784869330515853746,981737
1784869330612407864,981737
1784869330673730435,981737
1784869330758862873,981737
1784869330772532621,981737
1784869330842550799,981737
1784869331206218765,981737
1784869332202337135,981737
1784869333680742498,981738
1784869333697553722,981738
1784869333803932414,981738
1784869333974406468,981738
1784869335582956270,981738
1784869337606769044,981738
1784869338496191006,981738
1784869339298937690,981738
1784869339474331690,981738
1784869339486583275,981738
1784869339502887821,981738
1784869339583542680,981738
1784869339723523601,981738
1784869339730221407,981738
1784869339745457560,981738
1784869339816899920,981738
1784869339873861241,981738
1784869340027710461,981738
1784869340556312343,981738
1784869340981194637,981738
1784869341068212931,981738
1784869341092564456,981738
1784869341100426448,981738
1784869341111925555,981738
1784869341218164064,981738
1784869341240448027,981738
1784869341307426852,981738
1784869341358605392,981738
1784869341372672157,981738
1784869341432807028,981738
1784869341521773671,981738
1784869341610870550,981738
1784869342379195609,981738
1784869343417764209,981739
1784869344168879392,981739
1784869345295588242,981739
1784869345636369737,981739
1784869346259323232,981739
1784869346380358249,981739
1784869346702332757,981739
1784869346937354052,981739
1784869347039654562,981739
1784869347174191439,981739
1784869347651818474,981739
1784869348247253659,981739
1784869348986014949,981739
1784869350032657368,981739
1784869350928543884,981739
1784869351422230476,981739
1784869351771769008,981739
1784869352339639958,981739
1784869352626388395,981739
1784869352675360070,981739
1784869352803826775,981739
1784869352974334349,981739
1784869353692649064,981739
1784869355012458209,981739
1784869357762519938,981739
1784869357793261925,981739
1784869357811509697,981739
1784869358701572930,981739
1784869358755224735,981739
1784869358791546552,981739
1784869359291270244,981739
1784869359927142023,981739
1784869360957770636,981739
1784869360972894131,981739
1784869361004159309,981739
1784869361051981452,981739
1784869361073467697,981739
1784869361122802677,981739
1784869361149919979,981739
1784869361246116559,981739
1784869361285920993,981739
1784869361326249417,981739
1784869361358384493,981739
1784869361409926349,981739
1784869361447731602,981739
1784869361807227824,981739
1784869362368012437,981739
1784869362851854633,981739
1784869362866905815,981739
1784869363897848822,981739
1784869365103545395,981739
1784869366349206720,981739
1784869366365011957,981739
1784869366932620028,981739
1784869367478644571,981739
1784869367504303514,981739
1784869367524858099,981739
1784869367545525429,981739
1784869367564200115,981717
1784869367564586555,981550
1784869367573009156,981496
1784869367581479455,981496
1784869367610804319,981496
1784869367712090259,981496
1784869367769115508,981496
1784869367874837767,981496
1784869368039592791,981496
1784869368122525372,981496
1784869368262202557,981496
1784869368402410955,981496
1784869368826453259,981496
1784869368843642701,981496
1784869368905412051,981496
1784869369324795894,981496
1784869369492169241,981496
1784869369940556754,981496
1784869370438811028,981496
1784869370470621199,981496
1784869371055263314,981499
1784869371260316350,981496
1784869371260532582,981496
1784869371273888835,981496
1784869371292272427,981496
1784869371327288583,981496
1784869371484654055,981496
1784869371504033402,981496
1784869371508941584,981496
1784869371511626178,981496
1784869371515853823,981496
1784869371634927330,981496
1784869371989592430,981496
1784869372009672452,981496
1784869372024552246,981496
1784869372095265199,981496
1784869372164161636,981496
1784869372295881725,981496
1784869372598488411,981496
1784869373175999782,981496
1784869373247525108,981496
1784869373556820693,981496
1784869373583536230,981496
1784869373591351129,981496
1784869374033080170,981496
1784869374070823349,981496
1784869374342200264,981496
1784869374990637828,981496
1784869374998469517,981496
1784869375021636355,981496
1784869375039394878,981496
1784869375039877719,981496
1784869375066944200,981496
1784869375133403174,981496
1784869375162654527,981496
1784869375275695762,981496
1784869375394921712,981496
1784869375636831110,981496
1784869376071731624,981496
1784869376346428925,981496
1784869376935247648,981496
1784869378429155579,981496
1784869379056355727,981496
1784869379260920406,981496
1784869379281279540,981496
1784869379322920155,981496
1784869379387859183,981496
1784869379469284542,981496
1784869379641508677,981496
1784869379641737934,981496
1784869379649224745,981496
1784869379868854679,981496
1784869380301918601,981496
1784869380948831786,981496
1784869381771585765,981496
1784869381833204719,981496
1784869382033572758,981496
1784869382372339961,981499
1784869382931322570,981496
1784869383247833620,981496
1784869383557336465,981496
1784869384124698671,981496
1784869385592828080,981496
1784869387759131486,981496
1784869389347188641,981496
1784869390242741074,981496
1784869392290450830,981496
1784869393362428690,981496
1784869393542342619,981496
1784869393560342775,981496
1784869393664514230,981496
1784869393943018959,981496
1784869394760116742,981496
1784869397169486878,981496
1784869397173739751,981496
1784869397189791774,981496
1784869397198714699,981496
1784869397209114481,981496
1784869397229486566,981496
1784869397252241022,981496
1784869397275081295,981496
1784869397293921169,981496
1784869397329058698,981496
1784869397411158385,981496
1784869397540394083,981496
1784869397550606672,981496
1784869397578957421,981496
1784869397596241621,981496
1784869397624247300,981496
1784869397685811622,981496
1784869397765198409,981496
1784869397772527208,981574
1784869397777817240,981698
1784869397779664493,981715
1784869397791811128,981715
1784869397896561306,981715
1784869397925244419,981715
1784869397939742931,981715
1784869397947460665,981715
1784869397962548301,981715
1784869397976682689,981715
1784869397976924448,981715
1784869397988989005,981715
1784869398037587684,981715
1784869398069258541,981715
1784869398147719910,981715
1784869398188894356,981715
1784869398222877120,981715
1784869398259845151,981715
1784869398325778563,981715
1784869398768660149,981715
1784869399062558360,981715
1784869399092379265,981715
1784869399099003587,981715
1784869399115785219,981715
1784869399140036617,981715
1784869399320233510,981715
1784869399642366254,981715
1784869400386993099,981715
1784869400578681250,981715
1784869401017230372,981715
1784869401071262515,981715
1784869402891727147,981715
1784869404731378103,981715
1784869407044063278,981715
1784869408028531817,981715
1784869409892901226,981715
1784869410470517224,981715
1784869410486568269,981715
1784869410495500098,981715
1784869410495884214,981715
1784869410520793073,981715
1784869410541263728,981715
1784869410568697526,981715
1784869410641457650,981715
1784869410995586202,981715
1784869411149239848,981715
1784869411298625671,981715
1784869411652149441,981715
1784869412424465802,981715
1784869412441873345,981715
1784869412449392282,981717
1784869412461012116,981715
1784869412477361930,981715
1784869412484326151,981715
1784869412525737558,981715
1784869412571217843,981715
1784869412624620073,981715
1784869413036843075,981715
1784869413140421205,981715
1784869413167062950,981715
1784869413251579299,981715
1784869413673236047,981715
1784869413694481846,981715
1784869413878804672,981715
1784869414451655813,981715
1784869417121629738,981715
1784869418007229084,981715
1784869418192166030,981715
1784869418293126787,981715
1784869418819226813,981715
1784869419714427806,981715
1784869419728986851,981715
1784869419793862165,981715
1784869419863963684,981717
1784869420089089391,981715
1784869420438141312,981715
1784869420512645812,981715
1784869421121959804,981715
1784869421152245913,981715
1784869421195408865,981673
1784869421199443848,981673
1784869421199622213,981421
1784869421207548230,981387
1784869421207778207,981387
1784869421220233534,981387
1784869421324382690,981387
1784869421394282765,981387
1784869421491696354,981387
1784869421642298680,981387
1784869422043323455,981387
1784869423441720377,981387
1784869423494874006,981387
1784869423525497582,981387
1784869423616658271,981387
1784869423888348463,981387
1784869424092270320,981387
1784869424736347192,981387
1784869425111252059,981387
1784869425926817290,981103
1784869425931766629,981034
1784869425934122119,981060
1784869425941656655,981007
1784869425942533179,980965
1784869425945491025,980967
1784869425952799660,981206
1784869426072150403,980982
1784869426171743201,980982
1784869426520019090,980982
1784869426638176494,980982
1784869426949174148,980982
1784869426996041690,980982
1784869427296459247,980982
1784869427556661432,980957
1784869427712228068,980957
1784869428041663846,980957
1784869428079718185,980957
1784869428160694852,980957
1784869428263103970,980957
1784869428362922926,980957
1784869429060686583,980957
1784869429253264990,980957
1784869430098295227,980957
1784869430315537665,980957
1784869430450749353,980957
1784869431860205021,980957
1784869431975580877,980957
1784869432219921872,980957
1784869432889044545,980957
1784869434051295348,980957
1784869434073165471,980957
1784869435656752297,980957
1784869435782574648,980957
1784869435834816163,980957
1784869435973864300,980957
1784869436231760113,980957
1784869436354729370,980957
1784869436446477371,980957
1784869436776729525,980957
1784869436800837056,980957
1784869436808725507,980957
1784869436934933021,980957
1784869436936161022,980959
1784869436936522978,981152
1784869436936854215,981152
1784869436937153194,981200
1784869436937376454,981200
1784869436989656540,981200
1784869437027911488,981200
1784869437158576796,981200
1784869437887636068,981200
1784869438651732468,981200
1784869439050799239,981200
1784869439870265714,981200
1784869440036668056,981200
1784869440511850117,981200
1784869440751381337,981200
1784869440758626777,981200
1784869440778921145,981200
1784869440788597195,981200
1784869440851144127,981208
1784869440851588547,981209
1784869440860223688,981244
1784869440926512824,981244
1784869440975397144,981244
1784869441055743405,981244
1784869441165047470,981244
1784869441816099108,981244
1784869442193108726,981244
1784869442234302360,981245
1784869442369880352,981244
1784869442678213369,981244
1784869442886360862,981244
1784869443901498123,981244
1784869444044408753,981244
1784869444530435953,981244
1784869445210414538,981244
1784869445663508725,981244
1784869446795753227,981244
1784869447327518541,981244
1784869448272966079,981244
1784869448815319749,981244
1784869449324558263,981244
1784869450260167937,981244
1784869450337575357,981244
1784869450839588452,981244
1784869450901203999,981244
1784869450913343380,981244
1784869450920722792,981244
1784869450991651372,981244
1784869451060420555,981244
1784869451265654325,981244
1784869453339876672,981244
1784869453932477204,981244
1784869457959338155,981244
1784869459461149710,981244
1784869459602533265,981244
1784869459995973393,981244
1784869460040430179,981244
1784869460055813770,981244
1784869460086183842,981244
1784869460112949475,981244
1784869460193156280,981244
1784869460230747261,981244
1784869460269058596,981244
1784869460312244163,981244
1784869460312854271,981244
1784869460343493412,981244
1784869460364917902,981205
1784869460375326000,981205
1784869460375667858,981069
1784869460386158765,980976
1784869460386755213,980908
1784869460395602219,980862
1784869460402707694,980860
1784869460418841298,980860
1784869460450295565,980860
1784869460475710731,980833
1784869460497779592,980833
1784869460516259441,980764
1784869460524708065,980873
1784869460579482827,980873
1784869460617536294,980873
1784869460671433634,980870
1784869460711956311,980870
1784869460898331570,980870
1784869461061837945,980870
1784869461296894530,980870
1784869461473117098,980870
1784869461666106966,980870
1784869461916867663,980870
1784869461996292289,980870
1784869462108099061,980873
1784869462936082109,980870
1784869466784583680,980870
1784869466936596966,980870
1784869467388004042,980870
1784869467560878333,980870
1784869467629918092,980870
1784869467713428506,980870
1784869467930362941,980870
1784869468336958172,980870
1784869469013564766,980870
1784869470036131125,980870
1784869470262361783,980870
1784869470563265008,980870
1784869470665093163,980870
1784869471225451194,980870
1784869473471260794,980870
1784869473831122156,980870
1784869474573556665,980870
1784869475550748497,980870
1784869476777251751,980870
1784869477009171499,980870
1784869477026115931,980873
1784869477040149075,980873
1784869477148318598,980873
1784869477166859945,980870
1784869477889505702,980870
1784869478322309692,980870
1784869478577340063,980870
1784869479256082677,980870
1784869479311606606,980870
1784869479333031561,980873
1784869479493271974,980870
1784869480134254953,980870
1784869480142247006,980870
1784869480159201722,980870
1784869480351243281,980870
1784869480509856272,980870
1784869480599128587,980870
1784869480940625727,980870
1784869481186166659,980870
1784869481207802697,980870
1784869481223382877,980870
1784869481240986123,980870
1784869481271392677,980870
1784869481306614616,980870
1784869481349127330,980870
1784869481371326834,980870
1784869481386800407,980870
1784869481410516574,980870
1784869481444302825,980870
1784869481455463054,980870
1784869481556518424,980870
1784869481582683092,980870
1784869481607398620,980870
1784869481622390919,980870
1784869481716488291,980870
1784869481789203762,980870
1784869481846566607,980870
1784869481941302284,980870
1784869482022111347,980870
1784869482231313131,980870
1784869483594901940,980870
1784869486457095085,980870
1784869487036695018,980870
1784869489233937366,980870
1784869489991558243,980870
1784869490255033375,980870
1784869490875698256,980870
1784869491603347433,980870
1784869492604674355,980870
1784869493061309552,980870
1784869495077078211,980870
1784869497938596038,980870
1784869498574836998,980870
1784869498618213910,980870
1784869498946333408,980870
1784869499299153955,980870
1784869499835568370,980870
1784869500168731631,980870
1784869500923954489,980870
1784869502260384246,980870
1784869503232597881,980870
1784869503262586443,980870
1784869503308902818,980870
1784869503309252331,980877
1784869503318419146,981001
1784869503318576118,981001
1784869503321369354,981003
1784869503321539398,981104
1784869503324898426,981104
1784869503339028152,981104
1784869503344686355,981107
1784869503344900952,981200
1784869503348789222,981199
1784869503360202520,981199
1784869503362274288,981199
1784869503455026044,981199
1784869503467842633,981199
1784869503505532595,981199
1784869503551011931,981199
1784869503634498878,981199
1784869503663091056,981199
1784869503729259082,981199
1784869504011463038,981199
1784869504318806185,981199
1784869504962884324,981199
1784869506937269255,981199
1784869507009692593,981199
1784869507538541700,981199
1784869508243314444,981199
1784869508760843239,981199
1784869510491728856,981199
1784869510905836224,981199
1784869510938997775,981199
1784869511019525654,981199
1784869511265905349,981200
1784869511532470208,981200
1784869512478377518,981200
1784869513178423243,981200
1784869513329193554,981200
1784869513708606868,981200
1784869513796948895,981200
1784869513811787972,981200
1784869513858203697,981200
1784869514010435768,981200
1784869514330956674,981200
1784869514352121182,981200
1784869514364991763,981200
1784869514386247523,981200
1784869514486696347,981200
1784869514544499981,981200
1784869514665462804,981200
1784869514786368403,981200
1784869515065817597,981200
1784869515129323576,981200
1784869515164778441,981200
1784869515761731206,981200
1784869516934406610,981200
1784869517160651522,981200
1784869517190707981,981200
1784869517232343124,981200
1784869517312263834,981200
1784869517378289001,981200
1784869517761647702,981200
1784869518261208964,981200
1784869518763748353,981200
1784869518962521149,981200
1784869519404721595,981200
1784869519804266879,981200
1784869519835191778,981200
1784869520037900573,981200
1784869520411520548,981200
1784869521937945760,981200
1784869523941419327,981200
1784869524262265377,981200
1784869524327710408,981200
1784869524451223331,981200
1784869524579881778,981200
1784869524872624803,981200
1784869526036932607,981200
1784869528436166395,981200
1784869528567193956,981200
1784869529149517257,981200
1784869531222365115,981200
1784869532981832597,981200
1784869536372676900,981200
1784869539420967689,981200
1784869542653756387,981200
1784869544022801249,981097
1784869544041410955,981095
1784869544049652818,981095
1784869544066950006,981095
1784869544211044511,981095
1784869544892690805,981094
1784869546105837376,981094
1784869546120375352,981094
1784869546145240933,981094
1784869546187777853,981094
1784869546203750105,981094
1784869546267454140,981094
1784869546352899883,981094
1784869546524528712,981094
1784869546647149390,981094
1784869546935922326,981094
1784869547182202289,981089
1784869547186827012,981089
1784869547253950757,981089
1784869547371983273,981089
1784869547543282590,981089
1784869547602176407,981089
1784869547967619158,981089
1784869547996631299,981089
1784869548655142112,981092
1784869553451257332,981089
1784869554502637104,981089
1784869554611158050,981089
1784869554667529256,981089
1784869554753051840,981089
1784869554841490478,980924
1784869554862467210,980763
1784869554862835473,980763
1784869554863114919,980763
1784869554899225960,980763
1784869554927601126,980763
1784869554944224426,980763
1784869554957091477,980763
1784869554978780193,980763
1784869554993643739,980763
1784869555006176735,980763
1784869555050739655,980763
1784869555085302759,980763
1784869555152085545,980763
1784869555170305987,980763
1784869555209915670,980763
1784869555235334394,980763
1784869555251482480,980763
1784869555265769227,980763
1784869555277919775,980763
1784869555296697776,980763
1784869555313559964,980649
1784869555318939852,980641
1784869555319401294,980514
1784869555324199665,980035
1784869555324466864,980000
1784869555326846244,979997
1784869555356768280,979992
1784869555356900462,979992
1784869555402932864,979881
1784869555458726390,979881
1784869555473297573,979881
1784869555482522539,979881
1784869555566573862,979881
1784869555690227707,979881
1784869555745897214,979881
1784869555816484458,979881
1784869555867820650,979881
1784869556001696141,979881
1784869556147136610,979881
1784869556234437213,979881
1784869556295959381,979881
1784869556566307034,979881
1784869557486263573,979881
1784869558841960202,979881
1784869559222737758,979881
1784869559626804522,979881
1784869559638321206,979881
1784869559652828956,979881
1784869559701966663,979860
1784869559706576483,979839
1784869559708949406,979694
1784869559709147358,979633
1784869559711261659,979526
1784869559713200995,979523
1784869559753848240,979523
1784869559847275367,979523
1784869559869472311,979517
1784869559964151755,979517
1784869560100012893,979517
1784869560146208817,979517
1784869560182015272,979517
1784869560201761561,979509
1784869560483138052,979506
1784869561134517310,979506
1784869561372322574,979500
1784869561521884565,979488
1784869561745177516,979483
1784869562731624826,979430
1784869562739397348,979430
1784869562893301769,979430
1784869563001596718,979430
1784869563015337341,979410
1784869563022620061,979390
1784869563031792269,979390
1784869563044849180,979390
1784869563066812226,979381
1784869563092438725,979378
1784869563110408970,979378
1784869563126606250,979378
1784869563143011992,979256
1784869563194763774,979256
1784869563230268219,979256
1784869563230700967,979256
1784869563255669877,979197
1784869563256118044,979197
1784869563270576175,979006
1784869563270792655,978969
1784869563291195257,978944
1784869563291495523,978944
1784869563299028184,978944
1784869563299439634,978733
1784869563304811843,978711
1784869563310877018,978704
1784869563311170838,978499
1784869563312962678,978499
1784869563374952387,978499
1784869563375290627,978499
1784869563420102464,978499
1784869563420366106,978499
1784869563471883953,978499
1784869563503668316,978499
1784869563503905917,978499
1784869563517003267,978347
1784869563522607566,978281
1784869563536465863,978218
1784869563536749959,978218
1784869563544788738,978207
1784869563545108942,978164
1784869563556743800,978125
1784869563557058774,978125
1784869563613934979,978125
1784869563635166902,978125
1784869563647461863,978125
1784869563653137091,978125
1784869563669525955,978125
1784869563773585251,978125
1784869563817357742,978125
1784869563907544214,978124
1784869564037724382,978124
1784869564407928368,978124
1784869564579157770,978124
1784869564886627812,978124
1784869565051915630,978124
1784869565408834770,978124
1784869565887004729,978124
1784869567362620583,978124
1784869567421976062,978124
1784869567443341244,978124
1784869567470599884,978124
1784869567537166841,978124
1784869567759934379,978124
1784869567785490332,978124
1784869567842714095,978124
1784869567897415980,978124
1784869567943461756,978124
1784869568088892984,978124
1784869568423338409,978124
1784869569044241718,978121
1784869569049973176,978116
1784869569050222354,978113
1784869569055057759,977972
1784869569055206919,977967
1784869569060395594,977965
1784869569062777782,977965
1784869569067744996,977965
1784869569077027623,977965
1784869569085804919,977965
1784869569092748854,977965
1784869569109010393,977965
1784869569190782922,977965
1784869569245947170,977965
1784869569331690390,977764
1784869569482727075,977581
1784869569626651729,977581
1784869569653485397,977581
1784869569670622758,977581
1784869569693031756,977581
1784869569755336138,977565
1784869569885901646,977523
1784869569919276342,977473
1784869570528802254,977473
1784869570751303932,977241
1784869570773687059,977241
1784869570785669175,977241
1784869570829274070,977241
1784869570901155839,977241
1784869571479815838,977241
1784869571828523586,977241
1784869571862457958,977241
1784869572644824299,977241
1784869573871428176,977241
1784869574387804634,977241
1784869574541507228,977241
1784869574768287704,977241
1784869574995465573,977241
1784869575271905502,977241
1784869575278402097,977241
1784869575290169666,977241
1784869575350510688,977241
1784869575734831684,977241
1784869576651896932,977241
1784869576667940407,977241
1784869576699065129,977241
1784869576721375482,977220
1784869576765034459,977216
1784869576799280430,977004
1784869576936667427,977000
1784869576936910164,976963
1784869576937109625,976901
1784869576938152932,976901
1784869576938463761,976901
1784869576971161142,976901
1784869576992777197,976901
1784869577044349634,976901
1784869577529399743,976901
1784869577575302310,976901
1784869577627482607,976901
1784869577671771351,976901
1784869577697559662,976901
1784869577744182344,976901
1784869577847947292,976901
1784869577917358013,976901
1784869577979958982,976901
1784869578041139351,976901
1784869578130609939,976901
1784869578291232873,976901
1784869578688625316,976901
1784869579015247536,976901
1784869579310276253,976901
1784869579541571746,976901
1784869579575800198,976901
1784869579611945246,976901
1784869579644732414,976901
1784869579673627100,976901
1784869579682116786,976901
1784869579693516602,976900
1784869579752756026,976900
1784869579794327671,976900
1784869579880107542,976900
1784869579899545673,976900
1784869580032023338,976899
1784869580051913871,976899
1784869580061109994,976899
1784869580069010787,976899
1784869580086152680,976899
1784869580217567162,976899
1784869580239005650,976899
1784869580260445913,976899
1784869580373496589,976899
1784869580689948842,976899
1784869580699479243,976899
1784869580708077228,976899
1784869580746312810,976899
1784869580808835085,976899
1784869580814599620,976899
1784869580829189772,976899
1784869580921874032,976899
1784869581007373113,976899
1784869581084034008,976899
1784869581664732271,976899
1784869581983691466,976894
1784869582131814016,976894
1784869582223089149,976894
1784869582285700968,976894
1784869582314239451,976894
1784869582362188351,976894
1784869582385710636,976894
1784869582514626426,976894
1784869582616584386,976894
1784869582747900016,976894
1784869583114727956,976894
1784869583415126935,976894
1784869583440746843,976894
1784869583561293353,976849
1784869583729546687,976846
1784869583986918380,976846
1784869584374385298,976846
1784869584557941230,976846
1784869584629285391,976846
1784869584694102340,976846
1784869584694541390,976846
1784869584707252156,976846
1784869584911038191,976841
1784869585086605689,976841
1784869585707303006,976590
1784869585861272239,976612
1784869586199760347,976612
1784869586313529725,976562
1784869586581609458,976562
1784869587040870388,976562
1784869587559425346,976562
1784869588860563869,976562
1784869588936808364,976565
1784869588976781090,976562
1784869589275293599,976562
1784869589293123245,976562
1784869589308344282,976562
1784869589366768795,976562
1784869589457235287,976562
1784869589841109328,976562
1784869590789705367,976562
1784869590937866157,976562
1784869591128227112,976562
1784869591771135495,976202
1784869591776480407,976035
1784869591779526582,976052
1784869591923369936,976041
1784869592041612662,976091
1784869592154975262,976094
1784869592198002539,976123
1784869592296234896,976090
1784869592342538997,976090
1784869592578481322,976090
1784869592760683520,976090
1784869592819489862,976090
1784869592987924992,976090
1784869593281760081,976090
1784869594007726457,976082
1784869594156722419,976088
1784869594803251897,976088
1784869595803409049,976088
1784869595938366135,976088
1784869596933728178,976088
1784869597137664731,976088
1784869597938707305,976088
1784869598112142283,976088
1784869598122528351,976088
1784869598134492391,976088
1784869598166457569,976088
1784869598693143109,976088
1784869599510213766,976088
1784869600527286656,976088
1784869601688526267,976088
1784869602315474208,976088
1784869603957148504,976088
1784869605661329825,976088
1784869607983526831,976088
1784869608490515498,976088
1784869608508481544,976088
1784869608516371183,976088
1784869608568051854,976088
1784869608896929970,976088
1784869609100858555,976088
1784869609752742447,976088
1784869611383238446,976088
1784869613033621876,976088
1784869613888580269,976088
1784869614540259438,976088
1784869614994931129,976088
1784869615025546478,976088
1784869615132181583,976088
1784869615160764991,976088
1784869615492141202,976088
1784869615826361723,976088
1784869615845744512,976088
1784869615859947150,976088
1784869615866810618,976088
1784869616210733334,976088
1784869617758744307,976088
1784869618263092561,976088
1784869618479794549,976088
1784869618909851624,976088
1784869619233189804,976088
1784869619968333626,976088
1784869620514217232,976088
1784869620612283270,976088
1784869620625707035,976088
1784869620659887499,976088
1784869620682993294,976088
1784869620730722490,976088
1784869620785002798,976088
1784869620848760016,976088
1784869620863633913,976088
1784869620897411486,976088
1784869620924699953,976088
1784869620937114277,976088
1784869620949076390,976088
1784869620971414355,976088
1784869621004355224,976088
1784869621125882203,976088
1784869621369084141,976088
1784869621630849930,976088
1784869621945533333,976088
1784869622013830423,976088
1784869622100925203,975982
1784869622105336992,975961
1784869622105803633,975961
1784869622214442779,975961
1784869622385876391,975961
1784869622893794259,975961
1784869623076010084,975961
1784869624286651802,975961
1784869624688794228,975961
1784869624688929380,975961
1784869624982155581,975961
1784869625041462249,975961
1784869625041721381,975961
1784869625041994214,975961
1784869625043242272,975961
1784869625088666761,975961
1784869625155845794,975961
1784869625382182446,975961
1784869625382675300,975961
1784869625384348620,975961
1784869625482414071,975961
1784869625593292021,975961
1784869625721925704,975961
1784869626213683092,975961
1784869626750765852,975961
1784869626967681933,975961
1784869627231659498,975961
1784869627408712692,975961
1784869628546278136,975961
1784869629002529181,975961
1784869629138481177,975961
1784869629670954558,975961
1784869630378556837,975961
1784869630903664834,975961
1784869632859206390,975961
1784869633169855127,975961
1784869633181453982,975961
1784869633195236100,975961
1784869633469010636,975961
1784869633624911212,975961
1784869633941244019,975961
1784869634614453282,975961
1784869635005823993,975961
1784869636555192181,975961
1784869637042476118,975961
1784869637384215539,975961
1784869637417409641,975961
1784869637444091764,975961
1784869637493411610,975961
1784869637568636772,975961
1784869637748008848,975961
1784869637802406099,975961
1784869637892970264,975961
1784869638027762975,975961
1784869638126483052,975961
1784869638284214499,975961
1784869638402905849,975961
1784869638417116191,975961
1784869638433744525,975961
1784869638443616149,975961
1784869638465592626,975961
1784869638488352259,975961
1784869638525585728,975961
1784869638584465746,975961
1784869638753524298,975961
1784869638907466164,975961
1784869638950001609,975961
1784869638956590629,975961
1784869638967223869,975961
1784869638989228850,975961
1784869639049703049,975961
1784869639162571487,975961
1784869639357027302,975961
1784869639704516834,975961
1784869639946641218,975961
1784869639955718548,975961
1784869640079581456,975961
1784869640139518533,975961
1784869640250683011,975961
1784869640882784543,975961
1784869641852629986,975961
1784869642763767363,975963
1784869642770176498,976069
1784869642774214014,976002
1784869642778541452,976003
1784869642786552389,976003
1784869642791104697,976002
1784869642798977178,976002
1784869642910482135,976008
1784869643080077182,976011
1784869643138567941,976011
1784869643144368843,976015
1784869643223826692,976015
1784869643248938876,976015
1784869643260461347,976014
1784869643269428491,976012
1784869643291891980,976009
1784869643410855504,976009
1784869643837245865,976009
1784869644101766813,976009
1784869644400269045,976009
1784869644686546386,976009
1784869644960633353,976009
1784869646512279202,976009
1784869647167389810,976009
1784869647225169634,976009
1784869647252475925,976009
1784869647328006943,976009
1784869647370964039,976009
1784869647440196190,976011
1784869647474689858,976009
1784869647517503781,976009
1784869647571240733,976009
1784869647646319681,976009
1784869647811601820,976009
1784869647837403407,976000
1784869647837761871,975922
1784869647841886647,975922
1784869647850253605,975922
1784869648013980814,975922
1784869648047504045,975922
1784869648203335872,975922
1784869648331363146,975922
1784869648735021568,975922
1784869649238679222,975922
1784869649299715958,975922
1784869649459298174,975922
1784869649502081175,975922
1784869649672743238,975922
1784869649809706113,975922
1784869650000019366,975922
1784869650125487026,975922
1784869650258843310,975922
1784869650287948821,975922
1784869650466672302,975922
1784869650818652367,975922
1784869651284774469,975922
1784869651316271099,975922
1784869651333926392,975922
1784869651480670017,975922
1784869651847798013,975922
1784869652815888305,975922
1784869652976080864,975922
1784869653138977791,975922
1784869653331894026,975922
1784869653465967038,975922
1784869653651370616,975922
1784869653885517509,975922
1784869654060509683,975922
1784869654071354427,975922
1784869654086366999,975922
1784869654093177571,975922
1784869654122308127,975922
1784869654149346192,975922
1784869654228386561,975922
1784869654320491230,975922
1784869654379336712,975922
1784869654391114051,975922
1784869654405206554,975829
1784869654426005413,975829
1784869654426271986,975829
1784869654436414129,975731
1784869654436522004,975731
1784869654444685531,975731
1784869654456952810,975687
1784869654457134582,975548
1784869654462353656,975215
1784869654462506271,975189
1784869654467333443,975162
1784869654467479179,975124
1784869654468614098,975124
1784869654491057660,975124
1784869654498615849,975124
1784869654510713336,975124
1784869654515013233,975020
1784869654536642904,975017
1784869654558612339,974773
1784869654597293037,974750
1784869654641476056,974750
1784869654723499092,974750
1784869654754881942,974661
1784869654876278624,974660
1784869654901239378,974660
1784869655662351053,974660
1784869655994545606,974660
1784869656094574629,974660
1784869656283837407,974660
1784869656579394859,974660
1784869656754830315,974660
1784869656933556012,974660
1784869656933811076,974660
1784869657231801915,974660
1784869657438882726,974660
1784869657454096753,974660
1784869657465415245,974660
1784869657479257536,974660
1784869657545896738,974660
1784869657569956737,974660
1784869657846812398,974660
1784869657933361186,974660
1784869658137087099,974660
1784869658534986396,974660
1784869659072864002,974660
1784869659158102138,974660
1784869660289963206,974660
1784869661192749137,974660
1784869661237504175,974660
1784869661573586834,974660
1784869661595784128,974660
1784869661643574244,974660
1784869661891017125,974660
1784869662146723826,974660
1784869662536350308,974660
1784869663134337951,974660
1784869663147587239,974660
1784869663150455399,974660
1784869663201496190,974660
1784869663321088492,974660
1784869663438829989,974660
1784869663938663684,974660
1784869664073657394,974660
1784869664108722814,974660
1784869664125022263,974660
1784869664244894163,974660
1784869665539712771,974660
1784869665578668019,974660
1784869666937910835,974660
1784869668222232781,974660
1784869668702219251,974660
1784869668881884853,974652
1784869668889003187,974644
1784869668889188167,974644
1784869668892085420,974644
1784869668895694925,974644
1784869668899229236,974644
1784869668901286610,974644
1784869668904325047,974644
1784869668908597926,974644
1784869668916629151,974644
1784869668924218249,974644
1784869668929162415,974644
1784869668943207114,974633
1784869669025319417,974633
1784869669052472310,974633
1784869669057046258,974633
1784869669137309857,974633
1784869669198809127,974633
1784869669221447943,974633
1784869669315606057,974633
1784869669389471264,974633
1784869669438869242,974633
1784869669445690452,974633
1784869669455674893,974633
1784869669468753346,974633
1784869669478698778,974633
1784869669491174737,974633
1784869669491501552,974633
1784869669516910236,974633
1784869669517398171,974633
1784869669534356844,974633
1784869669552630884,974633
1784869669569688863,974633
1784869669608962908,974633
1784869669637112930,974633
1784869669717070997,974633
1784869669765614333,974633
1784869670039344097,974633
1784869670402246061,974633
1784869670663177547,974633
1784869670793745229,974633
1784869670824918782,974633
1784869670828760745,974633
1784869670853791237,974633
1784869670894267119,974633
1784869671149659280,974633
1784869671158688941,974633
1784869671164746345,974633
1784869671243864844,974633
1784869671254146708,974633
1784869671260234753,974633
1784869671318176999,974633
1784869671375862211,974633
1784869671477229716,974633
1784869671500367327,974633
1784869671528996747,974633
1784869671572315010,974633
1784869671679244233,974633
1784869671744550488,974604
1784869671821490373,974598
1784869671836732690,974598
1784869671871876734,974598
1784869671913445953,974546
1784869671924729710,974540
1784869671949606201,974453
1784869671959629581,974449
1784869671975289321,974243
1784869671975456897,974214
1784869671995603445,974214
1784869672047436090,974214
1784869672101569670,974214
1784869672121365217,974214
1784869672263093705,974214
1784869672783080151,974215
1784869672878981859,974213
1784869672954526378,974213
1784869673138960561,974213
1784869673497167944,974213
1784869673507152930,974213
1784869673865628462,974213
1784869674026365008,974213
1784869674134661483,974213
1784869674236658552,974215
1784869674374712474,974213
1784869674452693540,974213
1784869674523389402,974213
1784869674549309910,974213
1784869674563571704,974213
1784869674596463712,974213
1784869674798452134,974213
1784869674996947108,974213
1784869676222733357,974213
1784869676547936204,974213
1784869676940179298,974215
1784869676940589209,974213
1784869676941006272,974215
1784869676941556754,974213
1784869676941956957,974213
1784869676942596204,974213
1784869676942794217,974213
1784869676961619804,974213
1784869677023677587,974213
1784869677086829725,974213
1784869677220988273,974213
1784869677389714010,974213
1784869677583811464,974213
1784869678115513167,974213
1784869678514421850,974213
1784869678536607908,974213
1784869680024468150,974213
1784869682779529208,974213
1784869685868179344,974213
1784869685888752497,974213
1784869685923384244,974213
1784869686144457663,974213
1784869686685005770,974213
1784869686716712148,974213
1784869686739778178,974213
1784869686740261568,974213
1784869686746777279,974213
1784869686766468794,974213
1784869686775377816,974213
1784869686790762887,974213
1784869686805873396,974213
1784869686939175750,974213
1784869686966214445,974213
1784869686966636306,974213
1784869686966963819,974213
1784869686967268774,974213
1784869686968061370,974213
1784869686979252922,974213
1784869687061718268,974213
1784869687178116742,974213
1784869687231723538,974213
1784869687495258329,974213
1784869687508766237,974175
1784869687523821561,974170
1784869687537027745,974177
1784869687545799765,974177
1784869687556038520,974177
1784869687685791643,974177
1784869688060023580,974177
1784869688157279306,974199
1784869688182438281,974199
1784869688301083134,974199
1784869688385754379,974199
1784869688402498806,974199
1784869688587391611,974199
1784869688603390769,974199
1784869688762876220,974199
1784869688882907188,974199
1784869688892127061,974199
1784869688980351827,974199
1784869689193418126,974199
1784869689302116849,974199
1784869689423870377,974199
1784869689574434612,974199
1784869690859390964,974199
1784869691035778380,974199
1784869691882691540,974199
1784869692693531998,974199
1784869693591788766,974199
1784869694104626432,974199
1784869694386759632,974199
1784869694400370352,974199
1784869694417604920,974199
1784869694434507315,974199
1784869694460184076,974199
1784869694489169365,974199
1784869694511264865,974199
1784869694546969889,974199
1784869694621678909,974199
1784869694665691770,974199
1784869694705076027,974199
1784869694712879957,974199
1784869694742146464,974199
1784869694773459026,974199
1784869694842859031,974199
1784869694982480406,974199
1784869695790988416,974199
1784869697158991587,974199
1784869698723044991,974200
1784869698773679353,974200
1784869698838927977,974200
1784869698883816466,974200
1784869699416735031,974200
1784869700344846099,974200
1784869701425147195,974200
1784869703091865100,974200
1784869703832723629,974200
1784869703901172776,974200
1784869704502180769,974200
1784869705020004797,974200
1784869705942014641,974200
1784869708685951225,974200
1784869708703711709,974200
1784869708710670422,974200
1784869708738864309,974200
1784869708800275996,974200
1784869708856010003,974200
1784869709106935252,974200
1784869709145061898,974200
1784869709229604504,974200
1784869709599674478,974200
1784869709770712218,974200
1784869710086275846,974200
1784869710331762136,974200
1784869710763238811,974200
1784869711034121713,974200
1784869711141471066,974200
1784869711893353618,974200
1784869712584283619,974200
1784869712873718407,974265
1784869712878543727,974310
1784869712881457733,974310
1784869712886257324,974286
1784869712887592207,974284
1784869712891641438,974284
1784869712897684716,974284
1784869712901006846,974284
1784869712906925923,974284
1784869712992395854,974284
1784869713066300612,974284
1784869713195868366,974284
1784869713383865993,974284
1784869713733245733,974284
1784869713832682454,974284
1784869713999390736,974284
1784869714094535297,974284
1784869714662939072,974284
1784869714881094287,974284
1784869714895147917,974284
1784869716932591866,974284
1784869716932831830,974284
1784869716933070297,974284
1784869716933269811,974284
1784869716933536019,974284
1784869716969498628,974284
1784869717042428743,974284
1784869717091712560,974284
1784869717232774707,974284
1784869717358154914,974284
1784869717374113286,974284
1784869717414107425,974284
1784869717414464574,974284
1784869717425334470,974284
1784869717455033233,974284
1784869717477441536,974284
1784869717502178814,974284
1784869717532904715,974284
1784869717695214080,974284
1784869717835536323,974284
1784869718028085853,974284
1784869718493147319,974284
1784869718894295507,974284
1784869719513096871,974284
1784869721200116130,974284
1784869721882934170,974284
1784869723030291958,974284
1784869723251655496,974284
1784869723285115270,974284
1784869723323433165,974284
1784869723371109762,974284
1784869723423169745,974284
1784869723480336567,974284
1784869723538830882,974284
1784869723544049571,974284
1784869723575710154,974284
1784869723595593963,974284
1784869723656159253,974284
1784869723656326994,974284
1784869723662540384,974284
1784869723693488656,974284
1784869723705369596,974284
1784869723705552736,974284
1784869723711015931,974283
1784869723719792617,974284
1784869723734756749,974284
1784869723752788353,974284
1784869723839247820,974284
1784869724112017469,974284
1784869725118925571,974284
1784869726113208688,974284
1784869726440013465,974284
1784869726932555914,974284
1784869726932925839,974284
1784869726981628613,974284
1784869727343080351,974284
1784869727361026027,974284
1784869728044161207,974284
1784869729157977345,974284
1784869729520135479,974284
1784869729744579990,974284
1784869730134971905,974284
1784869730224156945,974284
1784869730370783016,974284
1784869730695835397,974284
1784869730743121545,974284
1784869730882594583,974283
1784869731038816922,974284
1784869731314473666,974284
1784869731434944930,974284
1784869731580525459,974284
1784869731682975866,974284
1784869732063119610,974284
1784869732381674372,974284
1784869732395454107,974284
1784869732456612277,974284
1784869732485510055,974284
1784869732503676996,974284
1784869732536585556,974284
1784869732550779065,974284
1784869732611092053,974284
1784869732649224818,974284
1784869732749833158,974284
1784869732842764509,974284
1784869733425409747,974284
1784869733698507549,974284
1784869734005125401,974285
1784869734178310854,974285
1784869734356464341,974285
1784869734637533330,974285
1784869734793123222,974285
1784869735257319174,974285
1784869735660911438,974285
1784869736203554563,974285
1784869736663833499,974285
1784869738572453317,974285
1784869739107760362,974285
1784869741299270174,974285
1784869743799939865,974285
1784869744015646630,974285
1784869744030683821,974285
1784869744120001559,974285
1784869744226194912,974285
1784869744394727604,974285
1784869744636336748,974285
1784869745110136040,974285
1784869745248177189,974285
1784869745497234608,974285
1784869745955043843,974285
1784869746082335085,974285
1784869746169723195,974285
1784869746421051454,974285
1784869746936751921,974285
1784869746936885579,974285
1784869747214937869,974285
1784869748721573264,974285
1784869749096490559,974285
1784869750427076520,974285
1784869751482239261,974285
1784869753351755175,974285
1784869754056212523,974285
1784869754095465197,974285
1784869754104509663,974285
1784869754121524186,974284
1784869754136250328,974285
1784869754162818772,974285
1784869754172411315,974285
1784869754199390771,974285
1784869754246565886,974285
1784869754582447481,974285
1784869754683231451,974285
1784869755141330338,974285
1784869755599533445,974285
1784869755768568510,974285
1784869756103507820,974322
1784869756113391899,974307
1784869756125414862,974322
1784869756132322815,974322
1784869756139767035,974322
1784869756152869017,974161
1784869756250929277,974168
1784869756394283762,974172
1784869756494915508,974172
1784869756777490476,974172
1784869756934004820,974172
1784869756946975415,974287
1784869757021535337,974287
1784869757162640275,974287
1784869757392411105,974369
1784869757401957206,974173
1784869757426745793,974100
1784869757432107642,974102
1784869757462321688,974263
1784869757469872948,974263
1784869757475970469,974263
1784869757482919293,974263
1784869757490826917,974263
1784869757505928622,974263
1784869757550443247,974263
1784869757605498353,974373
1784869757704861114,974373
1784869757788556361,974373
1784869758127796406,974373
1784869758294346213,974373
1784869758504047319,974373
1784869759037184588,974373
1784869759272579304,974373
1784869759622361177,974373
1784869760043039643,974373
1784869760504198821,974373
1784869760556774612,974373
1784869761804382239,974373
1784869761867900275,974373
1784869761899230791,974373
1784869762004190243,974373
1784869762203075419,974373
1784869763102164900,974373
1784869763711413791,974373
1784869763796582641,974373
1784869763853472253,974373
1784869764399048495,974374
1784869764886448261,974374
1784869765430294505,974374
1784869765441889066,974376
1784869765911437946,974374
1784869766933781202,974374
1784869767312386498,974374
1784869768796501341,974374
1784869768969498271,974374
1784869769515793325,974374
1784869770954736460,974374
1784869771216234046,974374
1784869772187336946,974374
1784869772804189380,974374
1784869772818302005,974374
1784869772821181552,974374
1784869772828827102,974374
1784869772840292378,974374
1784869772866333259,974374
1784869772906679498,974374
1784869772974737340,974374
1784869773398340950,974374
1784869773836134783,974374
1784869774155893469,974374
1784869774890886955,974374
1784869775611836256,974374
1784869775636028969,974374
1784869775794308158,974374
1784869775827992206,974374
1784869775868215670,974374
1784869775896836819,974374
1784869775946387117,974374
1784869775976844590,974374
1784869776115448333,974374
1784869776377343679,974374
1784869776676351804,974374
1784869776689929413,974374
1784869776725679004,974374
1784869777007424663,974374
1784869777177514311,974374
1784869777690679191,974374
1784869779150362047,974374
1784869781124436043,974374
1784869782718366135,974374
1784869783326993615,974374
1784869784697483436,974374
1784869784951737790,974374
1784869784963821757,974374
1784869784983840640,974374
1784869785132324399,974374
1784869785343499608,974374
1784869786038954976,974374
1784869786201006871,974374
1784869787040038881,974374
1784869787767515883,974374
1784869789312920161,974374
1784869790165319627,974374
1784869790716522207,974374
1784869791942699409,974374
1784869791993412562,974374
1784869792012829523,974374
1784869792053875095,974374
1784869792064458395,974374
1784869792217949875,974374
1784869792621466897,974374
1784869793461045183,974374
1784869794047890752,974374
1784869795020106339,974374
1784869795882969554,974374
1784869796664359768,974374
1784869797157738936,974374
1784869797246953985,974374
1784869797881659268,974374
1784869798085652127,974374
1784869798593995895,974374
1784869798620427537,974374
1784869798654668717,974374
1784869798670117754,974374
1784869798835621333,974374
1784869799051144622,974374
1784869799129827601,974374
1784869799924732691,974374
1784869800034239071,974374
1784869800301542245,974374
1784869800512791304,974374
1784869801615275020,974374
1784869801955117904,974374
1784869802035441337,974374
1784869802103846951,974374
1784869802207148053,974374
1784869803107756232,974374
1784869804013211643,974374
1784869804998315852,974374
1784869805444234723,974374
1784869805730942335,974374
1784869805742973118,974374
1784869805802404871,974374
1784869806177992495,974374
1784869807804773026,974374
1784869808078134550,974374
1784869808887480776,974374
1784869809292908834,974374
1784869809520087912,974374
1784869809982508957,974374
1784869810704167312,974374
1784869810890404251,974374
1784869812822232897,974374
1784869814884446420,974374
1784869815885125006,974374
1784869817028448110,974374
1784869817340495340,974374
1784869818033244634,974374
1784869818716919855,974376
1784869820107582419,974374
1784869820138434599,974374
1784869821365225386,974374
1784869822046259339,974374
1784869822394758388,974374
1784869823803960459,974374
1784869823813709787,974374
1784869823850787533,974387
1784869823850956711,974387
1784869823974204428,974389
1784869824002023738,974387
1784869824448840624,974387
1784869825181835603,974387
1784869827256779422,974387
1784869828245303712,974387
1784869828286608742,974387
1784869829451446602,974387
1784869829833252537,974387
1784869831893370949,974387
1784869833576369751,974387
1784869833774884377,974387
1784869834094519513,974387
1784869837615849608,974387
1784869840851692745,974387
1784869844571930296,974387
1784869845300208518,974387
1784869845405975115,974387
1784869845433502936,974387
1784869845616864849,974387
1784869845697340049,974387
1784869845834781740,974387
1784869845871560838,974387
1784869845998605928,974387
1784869846161831856,974387
1784869846595192874,974387
1784869847401406897,974387
1784869847402143638,974387
1784869847426559594,974387
1784869847546605329,974387
1784869847634898275,974387
1784869847870268070,974387
1784869848450923089,974387
1784869849304761207,974387
1784869850699200404,974387
1784869850731867716,974387
1784869850754988366,974387
1784869850891904690,974387
1784869851188778877,974387
1784869852302306193,974387
1784869853331950959,974387
1784869853577421632,974387
1784869853583993972,974387
1784869853603576420,974387
1784869853632545931,974387
1784869853651994776,974387
1784869853753397573,974387
1784869853928377365,974387
1784869854042488466,974387
1784869854064935162,974387
1784869854162686673,974387
1784869854202530972,974387
1784869854256609527,974387
1784869854400993791,974387
1784869854530379571,974387
1784869855468630340,974387
1784869856088332798,974387
1784869856570224689,974387
1784869857082481634,974387
1784869857894999587,974387
1784869857909011558,974387
1784869857984521491,974387
1784869858058986771,974404
1784869858059206853,974404
1784869858060227428,974404
1784869858060466162,974404
1784869858060721368,974340
1784869858067144560,974340
1784869858069342083,974288
1784869858071776748,974327
1784869858074871498,974366
1784869858086771884,974350
1784869858096448686,974350
1784869858098616243,974350
1784869858107191464,974350
1784869858136745581,974295
1784869858153839839,974295
1784869858174309832,974295
1784869858209687491,974295
1784869858244468534,974295
1784869858270962003,974295
1784869858298014426,974295
1784869858386296150,974294
1784869858726438858,974295
1784869858785680716,974295
1784869858797560278,974295
1784869858815888251,974295
1784869858837575570,974295
1784869858853557047,974295
1784869858887287131,974295
1784869858896149488,974295
1784869858923568610,974295
1784869858954650752,974295
1784869859221000019,974295
1784869859297742193,974295
1784869859480280112,974295
1784869859538918348,974295
1784869859607199619,974295
1784869859631699593,974295
1784869859681420520,974295
1784869859790490347,974295
1784869859958430916,974295
1784869860316292215,974295
1784869860569666252,974295
1784869860790134508,974295
1784869861552296218,974295
1784869861652582392,974295
1784869861746661255,974295
1784869861990107201,974295
1784869862610790839,974295
1784869862662280626,974295
1784869862890415581,974295
1784869864846420336,974295
1784869865035771482,974295
1784869865576442744,974295
1784869865663445030,974295
1784869865865693362,974295
1784869865908258677,974295
1784869866045710200,974295
1784869866764392252,974295
1784869866988355524,974295
1784869867011890047,974195
1784869867017216248,974158
1784869867017549505,974158
1784869867149024219,974158
1784869867213313930,974158
1784869867459420096,974158
1784869867882864967,974158
1784869868998760672,974158
1784869870135562487,974158
1784869870467132113,974158
1784869870997165118,974158
1784869871118190089,974158
1784869871337928263,974158
1784869871628286997,974158
1784869871650696787,974158
1784869871740578248,974158
1784869871928721376,974158
1784869872678687346,974158
1784869873165902644,974158
1784869874031611706,974158
1784869874129261126,974158
1784869874158126887,974158
1784869874306072729,974158
1784869874583004952,974158
1784869875925200359,974158
1784869876317389700,974158
1784869876425372404,974158
1784869876630255944,974158
1784869876927711852,974158
1784869877361519187,974158
1784869879149152238,974158
1784869879172340018,974158
1784869879337909142,974158
1784869879995349968,974158
1784869881831271719,974158
1784869882797183689,974158
1784869885118252339,974159
1784869886284260000,974159
1784869887183291183,974159
1784869887504314753,974159
1784869887524551164,974159
1784869887530653594,974159
1784869887606647337,974159
1784869887768611234,974159
1784869888036640078,974159
1784869888747881024,974159
1784869890640271428,974159
1784869891094871684,974159
1784869892027831505,974159
1784869893331900542,974159
1784869893745863129,974159
1784869895022725490,974159
1784869895881989360,974159
1784869896392661548,974159
1784869898972555186,974159
1784869901509271641,974159
1784869903416930469,974159
1784869903996021685,974159
1784869905442496532,974159
1784869908033277178,974159
1784869908760509655,974159
1784869908843505051,974159
1784869909734225360,974159
1784869909770574033,974159
1784869909780311325,974159
1784869909792004513,974159
1784869909837357382,974159
1784869909856393013,974159
1784869909907323302,974159
1784869909985072318,974159
1784869910140116767,974159
1784869910262549996,974159
1784869910790373097,974159
1784869912249462538,974159
1784869912993516862,974159
1784869913471774385,974159
1784869913495499716,974159
1784869913495824750,974159
1784869913500467782,974159
1784869913519968676,974159
1784869913584632281,974159
1784869913653282859,974159
1784869913724225709,974159
1784869913815116265,974159
1784869914405125915,974159
1784869915835460477,974159
1784869917379723665,974159
1784869917549479979,974159
1784869917578450663,974159
1784869917631591316,974159
1784869917649263571,974159
1784869917676400620,974159
1784869917704297728,974159
1784869917806417192,974159
1784869917837890355,974159
1784869918230236755,974159
1784869918236508450,974159
1784869918252553629,974159
1784869918342728390,974159
1784869918356016741,974159
1784869919009883899,974159
1784869919255135438,974159
1784869919728116643,974160
1784869919792393670,974160
1784869919799737664,974160
1784869919809931501,974160
1784869919833839942,974160
1784869919868218295,974160
1784869919911393623,974160
1784869919920773923,974160
1784869919933070471,974160
1784869919947363904,974160
1784869919955245983,974160
1784869919971686797,974159
1784869919989085606,974159
1784869920137334747,974160
1784869920355756319,974160
1784869920959275622,974160
1784869921161189182,974160
1784869921692981721,974160
1784869921698900010,974160
1784869921710661923,974160
1784869921727991973,974159
1784869921840037591,974160
1784869922035382790,974160
1784869922324409515,974160
1784869924072876036,974160
1784869925214323058,974160
1784869926116323464,974160
1784869926574714320,974160
1784869927031990093,974160
1784869929128344567,974160
1784869929779667901,974160
1784869930305171154,974160
1784869930946105843,974160
1784869932172204363,974160
1784869932355331499,974160
1784869933578242528,974160
1784869933578697707,974160
1784869933586641300,974160
1784869933592095826,974160
1784869933612551502,974160
1784869933642543282,974160
1784869933709830277,974160
1784869933760936517,974160
1784869933943505437,974160
1784869933988319800,974160
1784869934348092458,974160
1784869934585872312,974160
1784869935268916505,974160
1784869936011554498,974160
1784869936187229254,974160
1784869936511444421,974160
1784869937622002532,974160
1784869937627085044,974087
1784869937627411014,974087
1784869937633745939,974114
1784869937640323045,974114
1784869937641917861,974114
1784869937650658514,974113
1784869937672349346,974112
1784869937723076340,974047
1784869937792715573,974047
1784869937934733095,974047
1784869938140511331,974047
1784869938357652580,974047
1784869938664601207,974047
1784869938925487949,974046
1784869939402901714,974047
1784869940257030263,974047
1784869941493751317,974047
1784869942336144427,974047
1784869943030485958,974047
1784869943170486106,974047
1784869943831232522,974048
1784869944191711806,974048
1784869945878117890,974048
1784869946409968918,974048
1784869946994426468,974048
1784869947434929238,974048
1784869947923174892,974048
1784869948085657333,974048
1784869948454783671,974048
1784869948505274547,974048
1784869948535631112,974048
1784869948573677774,974048
1784869948761262872,974048
1784869949328082250,974048
1784869950021388576,974048
1784869950251122845,974048
1784869950728129724,974048
1784869951073814876,974048
1784869951989519757,974048
1784869953089918477,974048
1784869953308455801,974048
1784869953332599721,974048
1784869953360761469,974048
1784869953826750750,974048
1784869954086264638,974048
1784869955272890112,974048
1784869957865883631,974048
1784869960491401186,974048
1784869962131457750,974048
1784869962485257424,974048
1784869963131063662,974048
1784869966121877918,974048
1784869967429099474,974048
1784869968837129844,974048
1784869969131421833,974048
1784869969152189221,974048
1784869969167853047,974048
1784869969197306264,974048
1784869969377672653,974048
1784869972325349784,974048
1784869973633335411,974049
1784869976240204240,974049
1784869976343976374,974049
1784869977035577863,974049
1784869978128116577,974049
1784869978388057836,974043
1784869978391824438,974043
1784869978406672922,973993
1784869978412230486,974029
1784869978417109657,974008
1784869978423466448,974008
1784869978436966397,974028
1784869978445334431,973989
1784869978454880307,974001
1784869978534216102,973955
1784869978629412506,973958
1784869978778412987,973961
1784869978907473164,973963
1784869979085204762,973964
1784869979199961720,973964
1784869979453407251,973966
1784869979473690951,973966
1784869979579227313,973963
1784869979678994676,973970
1784869979871821107,973970
1784869979977459464,973967
1784869980029543600,973967
1784869980359897823,973967
1784869981207727660,973967
1784869981332067893,973967
1784869981717723870,973967
1784869981762643578,973967
1784869981920626059,973967
1784869982175586805,973967
1784869983222611388,973967
1784869983449855744,973967
1784869983459302792,973967
1784869984893110902,973967
1784869986025579106,973967
1784869986053629935,973967
1784869986080484671,973967
1784869986426523465,973967
1784869986737709453,973946
1784869986773603447,973948
1784869986928250345,973946
1784869987243502424,973946
1784869988008658162,973946
1784869989473567021,973946
1784869990237493483,973946
1784869990681201411,973946
1784869991499418749,973946
1784869991933643506,973946
1784869992960803069,973946
1784869993962517327,973946
1784869994102732463,973946
1784869994125824596,973943
1784869994146298852,973943
1784869994170193708,973943
1784869994211026463,973943
1784869994280690027,973943
1784869994459698631,973943
1784869994544428647,973943
1784869994585085684,973943
1784869994601283540,973943
1784869994782973619,973943
1784869994859913965,973943
1784869995077153805,973943
1784869995680656414,973943
1784869996462131771,973943
1784869997041452941,973943
1784869997340939237,973943
1784869999295214644,973943
1784870000858887405,973943
1784870001134412568,973943
1784870001547252003,973943
1784870001892854921,973943
1784870003554320182,973943
1784870004236420279,973943
1784870005854190106,973943
1784870006185723363,973943
1784870006383333667,973854
1784870006391690241,973743
1784870006391809601,973743
1784870006398358494,973705
1784870006533781355,973740
1784870006537427149,973613
1784870006539154375,973615
1784870006545596568,973615
1784870006549127934,973703
1784870006550975745,973703
1784870006558545282,973703
1784870006596454515,973703
1784870006685997113,973703
1784870006772727898,973705
1784870006931454287,973703
1784870006932672782,973708
1784870006942085451,973707
1784870007043688663,973709
1784870007120734595,973703
1784870007261685395,973703
1784870007397634897,973703
1784870007725963176,973703
1784870008125803053,973703
1784870008821087321,973703
1784870009579518345,973703
1784870010966950575,973703
1784870012055254773,973703
1784870013886497044,973702
1784870014489545962,973702
1784870014513779807,973702
1784870014549681447,973702
1784870014623595619,973702
1784870015026399933,973703
1784870015650715482,973703
1784870016075868111,973703
1784870017683608835,973703
1784870019465490481,973703
1784870019980664148,973703
1784870020117721654,973703
1784870020427970440,973703
1784870021121022383,973703
1784870021671070952,973703
1784870021825726870,973703
1784870021869764963,973703
1784870021883595126,973703
1784870021883729789,973703
1784870021909269271,973703
1784870021936603208,973703
1784870022090097345,973703
1784870022918551109,973703
1784870022990415819,973703
1784870023129285012,973703
1784870023255146208,973703
1784870023428816007,973703
1784870023921063716,973703
1784870024181170186,973703
1784870026205374060,973703
1784870026418958819,973703
1784870026765543114,973703
1784870027608849105,973703
1784870028077276827,973703
1784870028746890321,973703
1784870029309376864,973812
1784870029319455911,973742
1784870029330000114,973695
1784870029332878335,973693
1784870029338607133,973693
1784870029344762990,973691
1784870029364939065,973698
1784870029478328336,973707
1784870029638797625,973707
1784870029800148464,973716
1784870029959590060,973725
1784870030123897423,973818
1784870030334100743,973818
1784870030664646790,973818
1784870030961013267,973818
1784870032177354656,973870
1784870032824110456,973870
1784870033833743324,973870
1784870035759553531,973871
1784870035997284858,973870
1784870037572049169,973870
1784870039320711820,973870
1784870040153735288,973870
1784870041472115908,973870
1784870042051764627,973870
1784870042084372346,973870
1784870042094375814,973870
1784870042200015374,973870
1784870042289709990,973870
1784870042600425226,973870
1784870043688088527,973870
1784870043723794593,973870
1784870044162760111,973870
1784870046052822480,973870
1784870047604641679,973870
1784870048832801360,973871
1784870050216079881,973870
1784870051893892113,973870
1784870052146335112,973870
1784870052157140873,973870
1784870052579201078,973870
1784870052786367609,973870
1784870053639628004,973870
1784870054186547487,973870
1784870055889531072,973870
1784870057336258664,973870
1784870058256999203,973870
1784870060796093274,973870
1784870062251860354,973870
1784870062702326590,973870
1784870064113097970,973870
1784870066034436519,973870
1784870067141731223,973870
1784870067187840666,973870
1784870067202529679,973870
1784870067213824774,973870
1784870067229346926,973870
1784870067249377557,973870
1784870067261466999,973870
1784870067273551061,973870
1784870067298267207,973870
1784870067301786549,973872
1784870067313193982,973870
1784870067331467700,973872
1784870067349214270,973870
1784870067359818084,973870
1784870067368924942,973870
1784870067390867263,973870
1784870067412553190,973870
1784870067452233102,973870
1784870067499340236,973870
1784870067612979810,973870
1784870068136861121,973870
1784870069683478348,973870
1784870069894800716,973870
1784870071590495786,973870
1784870071744491564,973941
1784870071745268530,973981
1784870071751384439,973981
1784870071766962565,973867
1784870071779485637,973845
1784870071870675297,973848
1784870072029464432,973854
1784870072070493390,973858
1784870072114598226,973921
1784870072156097116,973936
1784870072240035968,973936
1784870072424237219,973936
1784870072546676317,973936
1784870072895259053,973936
1784870072960034126,973936
1784870073250924191,973936
1784870073633296801,973936
1784870073829295047,973936
1784870073835470613,973966
1784870073883472011,973925
1784870074439945937,973925
1784870074759724681,973867
1784870075994223721,973871
1784870076158814229,973871
1784870076175604955,973966
1784870076196742274,973966
1784870076301208640,973966
1784870076352241293,973966
1784870077355087351,973966
1784870078475632569,973966
1784870079472205774,973966
1784870079633023443,973966
1784870079645975077,973966
1784870079813433982,973966
1784870080078757863,973966
1784870080577739821,973966
1784870082301311887,973966
1784870082406789375,973966
1784870082884338709,973966
1784870083032432854,973966
1784870083071143760,973966
1784870083078630217,973966
1784870083098107152,973966
1784870083400575937,973966
1784870083656911234,973966
1784870083741866562,973966
1784870083881119369,973966
1784870084162874174,973966
1784870084338557179,973966
1784870084882640092,973966
1784870085138954424,973966
1784870085932295680,973966
1784870085943369114,973966
1784870086050548542,973966
1784870086112233566,973966
1784870086206875894,973966
1784870086352806753,973966
1784870086747270603,973966
1784870086784172970,973966
1784870087282280988,973966
1784870087975765430,973966
1784870088495646628,973966
1784870088905764761,973966
1784870089677938002,973966
1784870090321747869,973966
1784870091070823688,973966
1784870091332042871,973966
1784870091506674613,973966
1784870091652272512,973966
1784870093184454161,973966
1784870093978691129,973966
1784870094494567861,973966
1784870094508584773,973966
1784870094643639165,973966
1784870094701784471,973966
1784870094858406109,973966
1784870095021062722,973966
1784870096929878121,973966
1784870098830954427,973966
1784870099996282512,973969
1784870100146447925,973977
1784870100214152830,973977
1784870100366011243,973977
1784870100574619627,973977
1784870100810983630,973977
1784870101456508544,973977
1784870101567822786,973977
1784870101654347223,973977
1784870102484476045,973977
1784870103122307376,973977
1784870105157858767,973977
1784870105458178668,973977
1784870105537442008,973977
1784870105615419528,973977
1784870106340089135,973977
1784870107935358611,973977
1784870110218317425,973977
1784870110230628788,973977
1784870110286184104,973977
1784870111032975058,973977
1784870111115562721,973978
1784870111180860811,973978
1784870111283941412,973978
1784870111631544575,973978
1784870111837136804,973978
1784870111840986834,974047
1784870111841259987,974048
1784870111857581514,974027
1784870111864723569,974005
1784870111867077164,973974
1784870111875292503,974012
1784870111883088974,973950
1784870111933071180,973960
1784870111998456889,973963
1784870112026071626,973980
1784870112043011057,973980
1784870112161688139,973980
1784870112255500471,973980
1784870112374248405,973983
1784870112456539794,973983
1784870112612712136,973986
1784870112705069031,973988
1784870112771382957,974000
1784870112892037115,973990
1784870113076144309,973990
1784870113198825657,973990
1784870113571073590,973990
1784870113807153954,973974
1784870114003603256,973982
1784870114014681200,973982
1784870114047866574,973982
1784870114062403877,973982
1784870114099415619,973982
1784870114141092958,973982
1784870114207158648,973982
1784870114314866518,973982
1784870114881463824,973982
1784870115507082788,973982
1784870115942790861,973982
1784870115975051929,973982
1784870116049414007,973982
1784870116086704289,973982
1784870116097636245,973982
1784870116137142244,973982
1784870116162842123,973982
1784870116170757514,973982
1784870116270720736,973982
1784870116361587271,973982
1784870116412372209,973982
1784870116564434575,973982
1784870116673102197,973982
1784870117034991842,973982
1784870117436429393,973982
1784870119799936034,973982
1784870119800118493,973982
1784870120005039016,973982
1784870120623819785,973982
1784870120688419279,973982
1784870120847056628,973982
1784870120867439161,973982
1784870120925348625,973982
1784870121085775051,973982
1784870121086062278,973982
1784870121086266887,973982
1784870121089767861,973982
1784870121089932493,973982
1784870121090168636,973982
1784870121090305905,973982
1784870121090717116,973982
1784870121234565479,973982
1784870121235003209,973982
1784870121261791740,973982
1784870121453112615,973982
1784870121716062667,973982
1784870121717523295,973982
1784870121739447694,973982
1784870121793636426,973982
1784870121930318321,973982
1784870122287618352,973982
1784870123537886969,973982
1784870123579601536,973982
1784870123758168213,973982
1784870127462461463,973982
1784870128356934741,973982
1784870128637944674,973982
1784870128644759510,973982
1784870128653644780,973982
1784870128668859683,973982
1784870128701700147,973982
1784870128808755812,973982
1784870128881220912,973982
1784870130293713383,973982
1784870130308438197,973982
1784870132331203791,973982
1784870133038741480,973982
1784870133082695614,973982
1784870133266169955,973982
1784870133373321262,973982
1784870133382856784,973982
1784870133399729361,973982
1784870133407291308,973982
1784870133435367305,973982
1784870133550326482,973982
1784870133817896997,973982
1784870133836140123,973982
1784870134078984958,973982
1784870135173179018,973983
1784870136930505581,973983
1784870137038297508,973983
1784870140125197291,973983
1784870142055408948,973983
1784870142106512107,973983
1784870142677544509,973983
1784870144293056963,973983
1784870144374635046,973983
1784870144879874967,973983
1784870145380496393,973983
1784870145393530753,973983
1784870145402247687,973983
1784870145407725761,973983
1784870145554750799,973983
1784870146468842683,973983
1784870148115295028,973984
1784870148126109543,973983
1784870148170028791,973983
1784870148269260836,973983
1784870149206506014,973983
1784870149471717855,973983
1784870153043031525,973983
1784870153058842345,973983
1784870153065920947,973983
1784870153074108108,973983
1784870153079636793,973983
1784870153102142977,973983
1784870153129814882,973983
1784870153215695642,973983
1784870153282355624,973983
1784870153423757045,973983
1784870153551736057,973983
1784870153616487449,973983
1784870153952327791,973983
1784870154438012769,973983
1784870154734560218,973983
1784870154957006274,973983
1784870155120343607,973983
1784870155599985913,973983
1784870156928553773,973983
1784870157447636780,973983
1784870158957841230,973983
1784870160020245018,973983
1784870160499633736,973983
1784870160523668163,973983
1784870160564235091,973984
1784870160579166141,973983
1784870160655867235,973983
1784870160688609512,973983
1784870160730951518,973983
1784870160903754675,973983
1784870161437410058,973983
1784870162613531133,973983
1784870162630019441,973983
1784870162641930973,973983
1784870162642222225,973983
1784870162654234090,973983
1784870162726611481,973983
1784870162797650752,973983
1784870162863933130,973983
1784870162914174226,973983
1784870162999946504,973983
1784870163000117248,973983
1784870163016254279,973983
1784870163037112474,973983
1784870163090078040,973983
1784870163185150854,973983
1784870163290203118,973983
1784870163438601329,973983
1784870164106986068,973983
1784870164801862403,973983
1784870166277342327,973983
1784870167470397947,973983
1784870169566414134,973984
1784870171556145732,973984
1784870173304538337,973984
1784870176257310603,973985
1784870176353219119,973984
1784870179036512674,973984
1784870179990762802,973984
1784870180060734330,973984
1784870180293299947,973984
1784870181271319206,973984
1784870181576633247,973984
1784870184123826174,973984
1784870184153014555,973984
1784870184167594673,973984
1784870184193072889,973984
1784870184222628147,973984
1784870184260834479,973984
1784870184574964196,973984
1784870184725150933,973984
1784870185891732740,973984
1784870186338463953,973984
1784870186431079404,973984
1784870187127154115,973984
1784870187161308747,973984
1784870187795502438,973984
1784870188038941869,973984
1784870188073108745,973984
1784870188110810580,973984
1784870188239459932,973984
1784870190085645129,973984
1784870190211092622,973984
1784870191913869919,973984
1784870193819389501,973984
1784870195062197173,973984
1784870195486261941,973985
1784870195557739761,973984
1784870196140667271,973985
1784870196928658501,973984
1784870198181280854,973984
1784870199204922483,973984
1784870201003842273,973984
1784870202409588917,973984
1784870202689587226,973984
1784870203030538720,973984
1784870205412311490,973984
1784870207099407930,973984
1784870208889714092,973984
1784870213757869284,973984
1784870215205531941,973984
1784870216000634826,973985
1784870218864190522,973984
1784870221217608395,973984
1784870221259999093,973984
1784870221377584441,973984
1784870221393529436,973984
1784870221437258404,973984
1784870221532321699,973815
1784870221532458574,973765
1784870221532933999,973625
1784870221537901393,973625
1784870221567760908,973625
1784870221694337022,973625
1784870221922966975,973624
1784870222455573603,973624
1784870222882359385,973624
1784870223748140454,973624
1784870223764731873,973624
1784870224385841732,973624
1784870224451981483,973532
1784870224452245215,973307
1784870224457180192,973307
1784870224457405009,973337
1784870224459912376,973309
1784870224506940461,973307
1784870224610859042,973307
1784870224739866162,973307
1784870224888808771,973307
1784870224994766436,973307
1784870225253531726,973307
1784870225353830655,973307
1784870225567185323,973307
1784870225755740637,973307
1784870225951629692,973307
1784870226036299918,973307
1784870226089205240,973307
1784870226287638589,973306
1784870226534579632,973306
1784870227717317265,973306
1784870228733038783,973306
1784870228891602437,973306
1784870229565205614,973306
1784870231677239858,973296
1784870234668421717,973296
1784870236140724216,973267
1784870236148370224,973267
1784870236156651001,973161
1784870236171192371,973160
1784870236171474773,973150
1784870236310218282,973150
1784870236335725789,973134
1784870236428203321,973148
1784870236506883794,973233
1784870236512831673,973145
1784870236656705908,973154
1784870236928941704,973159
1784870237153642857,973164
1784870237395062713,973174
1784870237535379383,973179
1784870237817233229,973184
1784870238000143072,973191
1784870238258218609,973196
1784870238590376710,973206
1784870238731622752,973211
1784870238900514808,973211
1784870239130675955,973213
1784870239410416934,973215
1784870239862498087,973215
1784870240767123009,973215
1784870241542973171,973215
1784870242335608907,973215
1784870243527385280,973215
1784870243536894918,973215
1784870243575981478,973215
1784870243576180837,973216
1784870243596363606,973215
1784870243637671361,973215
1784870243702594893,973215
1784870243863638115,973215
1784870244083908367,973215
1784870246470466420,973215
1784870249478841701,973215
1784870249598505368,973215
1784870249660861062,973215
1784870249860021368,973215
1784870251704291056,973215
1784870253430008631,973215
1784870253599306096,973215
1784870254932461498,973215
1784870256667189495,973215
1784870256673082607,973215
1784870256925347857,973215
1784870257040040453,973215
1784870257198366982,973215
1784870258389371441,973215
1784870258400578129,973215
1784870258579589814,973215
1784870259232867352,973215
1784870259886111835,973103
1784870259889560504,973106
1784870259895398169,973116
1784870259904504928,973116
1784870260046961507,973146
1784870260322399985,973146
1784870260638722481,973147
1784870260905920765,973208
1784870260925057153,973140
1784870261301619231,973199
1784870261970228067,973199
1784870261977904327,973199
1784870262430227405,973199
1784870263300866003,973199
1784870263870484610,973179
1784870263888097808,973196
1784870263900280710,973097
1784870263911504341,973103
1784870263922498095,973099
1784870263927528529,973099
1784870264049115958,973105
1784870264179431392,973105
1784870264635305029,973113
1784870264876753641,973113
1784870265085513977,973113
1784870265109808706,973102
1784870265114144701,973105
1784870265322771593,973112
1784870265525384207,973112
1784870265865647813,973112
1784870266044531449,973112
1784870266145636441,973107
1784870266291404342,973123
1784870266350284010,973123
1784870266468708309,973128
1784870266751365785,973128
1784870266998745263,973137
1784870267578478826,973145
1784870267909276519,973136
1784870267921628922,973136
1784870268035744549,973136
1784870268053940759,973136
1784870268101783217,973136
1784870268199614966,973126
1784870268237425375,973123
1784870268410170975,973150
1784870268694128776,973150
1784870268722423691,973150
1784870268746956524,973150
1784870268774832381,973150
1784870268829967007,973121
1784870268856957597,973121
1784870268871296992,973121
1784870268886705878,973121
1784870268920689054,973121
1784870268955226010,973121
1784870268955693419,973121
1784870268965621405,973121
1784870268999974343,973121
1784870269068707310,973121
1784870269159062045,973121
1784870269273957301,973121
1784870269529121740,973121
1784870270328675046,973121
1784870271325880127,973121
1784870271634549758,973121
1784870271873043850,973121
1784870271882010700,973121
1784870271911520575,973121
1784870271921734511,973121
1784870271959911102,973121
1784870272021670271,973121
1784870272104845197,973121
1784870272225900062,973121
1784870272263036083,972896
1784870272266357270,972863
1784870272266665478,972839
1784870272267205347,972755
1784870272270601701,972755
1784870272413552097,972755
1784870272533505880,972755
1784870272563679830,972755
1784870272636736373,972755
1784870272970702864,972755
1784870272984761167,972710
1784870272985279280,972593
1784870273030789256,972593
1784870273191371924,972593
1784870273291010818,972593
1784870273427662532,972593
1784870273747209377,972593
1784870273758651984,972510
1784870273768952523,972462
1784870273882937151,972462
1784870273891330614,972462
1784870273928069081,972462
1784870274008080865,972462
1784870274100976480,972462
1784870274461273166,972462
1784870274503771389,972462
1784870274633876962,972462
1784870274731448907,972462
1784870274781229649,972462
1784870274803476098,972462
1784870274843719703,972462
1784870274928214747,972462
1784870274942646019,972462
1784870275082419149,972462
1784870275138441044,972462
1784870275163112469,972462
1784870275202158984,972462
1784870275349656454,972462
1784870275843630347,972492
1784870275847970206,972492
1784870276195494535,972492
1784870276402263954,972492
1784870276637703102,972492
1784870276696514705,972492
1784870276745845205,972492
1784870276925311383,972492
1784870276943191640,972492
1784870277276472812,972492
1784870277461827575,972492
1784870277728350395,972492
1784870277793182391,972492
1784870277878702585,972492
1784870277910824706,972492
1784870278036548744,972492
1784870278107114768,972492
1784870278121601396,972492
1784870278196583971,972492
1784870278331798652,972492
1784870278654632540,972492
1784870279117368756,972492
1784870279212975334,972492
1784870279290564107,972492
1784870279315393979,972492
1784870279645718648,972492
1784870279973839396,972492
1784870280984514649,972492
1784870280988276811,972492
1784870281005169414,972492
1784870281014742880,972492
1784870281032473641,972492
1784870281082316874,972492
1784870281117023255,972492
1784870281156944009,972492
1784870281239494446,972492
1784870281330808671,972492
1784870281490669530,972492
1784870281563438694,972492
1784870281675498638,972492
1784870282313879931,972492
1784870282322700950,972492
1784870282351265252,972492
1784870282586834725,972492
1784870282875018367,972492
1784870283323621043,972492
1784870283834313239,972492
1784870284179339196,972492
1784870284623732349,972492
1784870284979242786,972492
1784870284995064290,972492
1784870285120177999,972492
1784870285364672634,972492
1784870285875672412,972492
1784870287618076488,972492
1784870287627708533,972492
1784870287641456832,972492
1784870287943899550,972492
1784870288459369956,972492
1784870289308274342,972492
1784870290188118257,972492
1784870290253479690,972492
1784870290309387377,972492
1784870290334498768,972492
1784870290368235060,972492
1784870290398991679,972492
1784870290427069961,972492
1784870290445009959,972492
1784870290712815970,972492
1784870290825706722,972492
1784870290852518961,972492
1784870290870179702,972492
1784870291613140718,972492
1784870291935970484,972492
1784870292028771767,972492
1784870292728633760,972492
1784870293733161854,972492
1784870293805023195,972492
1784870293815921598,972492
1784870293826017548,972492
1784870293848018190,972492
1784870293862570447,972492
1784870293876325145,972492
1784870293889145410,972492
1784870293936178447,972492
1784870294004179062,972492
1784870294146872887,972492
1784870294206891582,972492
1784870294242360138,972492
1784870294275210296,972492
1784870294299254353,972492
1784870294329365175,972492
1784870294348658100,972492
1784870294427956509,972492
1784870294506558581,972492
1784870294860055455,972492
1784870295736593469,972492
1784870297661398011,972492
1784870298291943901,972492
1784870298407742614,972492
1784870298475065139,972492
1784870298532888654,972492
1784870298574652735,972492
1784870298635296372,972492
1784870298667658725,972492
1784870298688989401,972492
1784870298738589834,972492
1784870298829815236,972492
1784870298851106000,972492
1784870299009914554,972492
1784870299195380027,972492
1784870299857498276,972492
1784870299930224871,972492
1784870300192404812,972492
1784870300556519496,972492
1784870300929707520,972492
1784870301151585355,972492
1784870301474088279,972492
1784870301751601582,972492
1784870302198090671,972492
1784870302350691071,972492
1784870302551044017,972492
1784870302625054188,972492
1784870302922223700,972492
1784870303118459544,972492
1784870303491555824,972492
1784870303851389770,972492
1784870303977571991,972493
1784870304187737802,972493
1784870304596271204,972493
1784870305490934913,972493
1784870305749591137,972493
1784870306004189809,972493
1784870306926955081,972493
1784870307856394233,972493
1784870308059802983,972493
1784870308477673722,972493
1784870308899895302,972493
1784870309227275358,972493
1784870309854415607,972493
1784870310517833749,972493
1784870311378311726,972493
1784870311564930611,972493
1784870311902263869,972493
1784870311922640223,972493
1784870312029680751,972493
1784870312206282054,972493
1784870312277753355,972493
1784870312353542760,972493
1784870312414925614,972493
1784870313391017364,972493
1784870313904526011,972493
1784870315073997194,972493
1784870315609803039,972493
1784870315883199366,972493
1784870317061020234,972493
1784870318038799501,972493
1784870321805103572,972493
1784870322277425778,972493
1784870322339774688,972493
1784870322382520396,972493
1784870322382665283,972493
1784870322494686745,972493
1784870322545283373,972493
1784870322561056473,972493
1784870322621097015,972493
1784870322972008169,972493
1784870323142196050,972493
1784870323422615353,972493
1784870323504512121,972850
1784870323504512121,972850
1784870323504766244,973137
1784870323504951501,973137
1784870323513767523,973137
1784870323517272376,973137
1784870323521441447,973135
1784870323525037284,973135
1784870323529791374,973135
1784870323661580817,973135
1784870323684897468,973135
1784870323719449937,973135
1784870323906668665,973135
1784870324041919560,973135
1784870324145719015,973135
1784870324882665155,973135
1784870326521542107,973135
1784870328078291771,973135
1784870329610558156,973135
1784870331894252787,973135
1784870331930216026,973135
1784870332039222983,973135
1784870332325467303,973135
1784870332792804266,973135
1784870333445512159,973135
1784870333786737430,973135
1784870334987596330,973135
1784870336925152577,973135
1784870337850488908,973135
1784870338452076270,973135
1784870339050881025,973135
1784870340991806975,973135
1784870344390799319,973136
1784870345784717873,973136
1784870346252465559,973136
1784870347986265990,973136
1784870348534474691,973136
1784870353051315157,973136
1784870353327205041,973136
1784870353743647944,973136
1784870355010753870,973136
1784870355763830510,973136
1784870355824202598,973136
1784870355872435031,973136
1784870355948701220,973136
1784870356256087977,973136
1784870356351977380,973136
1784870356678930158,973136
1784870357763372740,973136
1784870359783723421,973136
1784870362353883856,973136
1784870363475204073,973136
1784870364622964455,973136
1784870365999065680,973136
1784870366137053464,973136
1784870367441331255,973136
1784870367471861743,973136
1784870367520828813,973136
1784870367538579431,973134
1784870367538753882,973134
1784870367547553061,973134
1784870367672798674,973134
1784870367728427723,973134
1784870367835882674,973134
1784870367915138135,973134
1784870367958792838,973134
1784870367979332303,973134
1784870368023375171,973134
1784870368067458105,973134
1784870368073640715,973134
1784870368234819245,973134
1784870368673971556,973134
1784870368885016698,973134
1784870369211982156,973134
1784870369575883879,973134
1784870369924930377,973134
1784870370085999915,973135
1784870370184724717,973134
1784870370264633652,973134
1784870370620213012,973135
1784870370826664986,973134
1784870370963631091,973134
1784870371168607740,973134
1784870371235728730,973134
1784870371333525634,973134
1784870371620139181,973134
1784870371982760418,973134
1784870372052133450,973134
1784870372549812454,973134
1784870372734832833,973134
1784870372952703514,973134
1784870373060405960,973134
1784870373252804356,973134
1784870374211699635,973134
1784870376303548628,973135
1784870377416002597,973134
1784870377549714751,973134
1784870377626317305,973134
1784870377634559879,973134
1784870377977615954,973134
1784870378024362306,973134
1784870378051398268,973134
1784870378302014036,973134
1784870378888767477,973134
1784870379049323701,973134
1784870379101011935,973134
1784870379115655291,973134
1784870379216618310,973134
1784870380029400584,973134
1784870381717976605,973134
1784870385161499946,973135
1784870387650319790,973135
1784870389926585688,973135
1784870390507654245,973135
1784870390996888114,973135
1784870391550232440,973135
1784870391870078868,973135
1784870392549793139,973135
1784870392988762579,973135
1784870393219937403,973135
1784870393276120819,973135
1784870394204504140,973135
1784870396554779346,973135
1784870397073623126,973135
1784870397774170277,973135
1784870398234185719,973135
1784870398285327865,973135
1784870398293569726,973135
1784870398374316047,973135
1784870398722383650,973135
1784870398760166272,973135
1784870398910694536,973135
1784870399282863663,973135
1784870399607729461,973135
1784870400025491991,973135
1784870400474583936,973135
1784870401106787491,973135
1784870401263205787,973135
1784870401279037682,973135
1784870401521768199,973135
1784870401600191935,973135
1784870402122725101,973135
1784870402631492675,973135
1784870403367793534,973135
1784870404386647304,973137
1784870404875593125,973135
1784870405417569020,973135
1784870405797742440,973135
1784870406076693511,973135
1784870406113696342,973135
1784870406250140998,973135
1784870406608630855,973135
1784870406799319915,973135
1784870406926417082,973135
1784870407141762126,973135
1784870407769664748,973135
1784870407899701659,973135
1784870408969996450,973135
1784870408985024810,973135
1784870409038568573,973135
1784870409080490641,973135
1784870409101470493,973137
1784870409131867760,973135
1784870409154795095,973135
1784870409240399476,973135
1784870409419152476,973135
1784870409793238314,973135
1784870409881506089,973135
1784870410595243669,973137
1784870411193972740,973137
1784870412102804400,973135
1784870412457357286,973135
1784870413876133268,973135
1784870414199329068,973135
1784870414310555708,973135
1784870414322438467,973135
1784870414413894483,973135
1784870414448254225,973135
1784870414466704146,973135
1784870414478349562,973135
1784870414488712246,973135
1784870414515200610,973135
1784870414543976409,973135
1784870414582913770,973135
1784870414608199999,973135
1784870414647662917,973135
1784870414771810655,973135
1784870414785136571,973135
1784870414832030200,973135
1784870414954178408,973135
1784870415072644511,973135
1784870415227878221,973135
1784870415343218911,973135
1784870415534929292,973135
1784870415805646639,973135
1784870417105850894,973135
1784870417875864635,973135
1784870418112712567,973135
1784870419185767562,973135
1784870419635806850,973136
1784870419988516296,973136
1784870421429472742,973136
1784870421947684298,973136
1784870422889868741,973136
1784870424093006880,973136
1784870424340833637,973136
1784870424857402378,973136
1784870425798043618,973136
1784870426014542216,973138
1784870426228718440,973138
1784870427215058330,973136
1784870427215642350,973136
1784870427216013479,973136
1784870427223523598,973136
1784870427227152641,973136
1784870427341576971,973136
1784870427491811199,973136
1784870427926656047,973136
1784870428605209947,973136
1784870429850318768,973136
1784870431481053481,973136
1784870432526797481,973136
1784870434380614340,973136
1784870434774523619,973136
1784870434776506052,973136
1784870435433934006,973136
1784870437069080267,973136
1784870441061358019,973136
1784870442006739648,973136
1784870442020440241,973136
1784870442246128636,973136
1784870442928091576,973136
1784870443179078218,973136
1784870443241359490,973136
1784870443249254573,973136
1784870444306158674,973136
1784870444708762130,973136
1784870444827766701,973136
1784870444839595412,973136
1784870444850729105,973136
1784870444936861513,973136
1784870445201653496,973136
1784870445451489831,973136
1784870445849893681,973136
1784870445933472121,973136
1784870446063661723,973136
1784870446759697398,973136
1784870446923900817,973136
1784870447250522964,973136
1784870449642230757,973136
1784870450955186677,973136
1784870450969979495,973136
1784870450999768061,973136
1784870451011270066,973136
1784870451045860334,973136
1784870451256294141,973136
1784870451363781918,973136
1784870451447310563,973136
1784870451480107312,973136
1784870451602715010,973136
1784870451814662494,973136
1784870452175935952,973136
1784870452408481014,973136
1784870453174635425,973136
1784870453280214748,973136
1784870454485873472,973136
1784870455029576407,973136
1784870455038949174,973136
1784870457115944992,973136
1784870459738179964,973136
1784870460437963225,973136
1784870461758468613,973136
1784870461826604646,973136
1784870461827130487,973136
1784870461848343744,973136
1784870461848543248,973136
1784870461862789057,973136
1784870461862929185,973136
1784870461896067468,973136
1784870462027037252,973136
1784870462086375282,973136
1784870462156798309,973136
1784870462791628510,973136
1784870464025373971,973136
1784870466088603716,973131
1784870466210418391,973136
1784870466234281286,973136
1784870466234510364,973136
1784870466249712206,973136
1784870466318496949,973136
1784870466453527110,973136
1784870466527934562,973136
1784870466619373738,973136
1784870467031453275,973136
1784870467204665203,973136
1784870467376564614,973136
1784870467752052143,973138
1784870468433597762,973136
1784870468808466439,973136
1784870468818715804,973136
1784870468818974823,973136
1784870468842541604,973136
1784870468879680236,973136
1784870468931045908,973136
1784870468971651729,973136
1784870469010944803,973136
1784870469039849412,973136
1784870469040144130,973136
1784870469056921693,973136
1784870469070822253,973136
1784870469081691447,973136
1784870469176740694,973136
1784870469285344548,973136
1784870469428344664,973136
1784870469558940060,973136
1784870469790361603,973136
1784870469949741801,973136
1784870470173786071,973136
1784870470341906524,973136
1784870470401343543,973136
1784870470651399419,973136
1784870470710476436,973136
1784870471104620672,973136
1784870471183728258,973136
1784870471254668735,973136
1784870471288660152,973136
1784870471497979627,973136
1784870471531095073,973136
1784870471883668073,973136
1784870472031968141,973136
1784870472421880192,973136
1784870472483947781,973136
1784870472944242999,973138
1784870473987528702,973136
1784870474869462232,973136
1784870475348623466,973136
1784870475726371876,973136
1784870476031336293,973136
1784870476263482221,973136
1784870476923760270,973136
1784870477148641316,973136
1784870477483170339,973136
1784870477884259300,973136
1784870478148991992,973136
1784870478482440374,973136
1784870478877456331,973136
1784870478981335274,973138
1784870479248974740,973136
1784870479618163697,973138
1784870480121537220,973136
1784870480373674016,973136
1784870480748660282,973136
1784870481031585829,973136
1784870481848650770,973136
1784870481962103927,973136
1784870482149738721,973136
1784870483197931948,973136
1784870484314528473,973136
1784870484449079573,973136
1784870484651279616,973136
1784870485910190090,973136
1784870486098594583,973136
1784870486294099615,973136
1784870486922947504,973138
1784870486925821211,973136
1784870487295937833,973136
1784870487354435571,973136
1784870487427589021,973136
1784870487461092552,973136
1784870487551628120,973136
1784870488452850860,973136
1784870489519191970,973136
1784870490890223881,973136
1784870491397333051,973136
1784870492347851083,973136
1784870492756904637,973136
1784870492802309923,973136
1784870492935171872,973138
1784870493967215149,973136
1784870494030942924,973136
1784870494173141123,973136
1784870494376892033,973136
1784870495531407368,973136
1784870496258481413,973136
1784870498554284724,973136
1784870499077603733,973136
1784870499156861694,973136
1784870499248952828,973136
1784870501666263682,973136
1784870502697156215,973136
1784870503047761536,973136
1784870503486175810,973136
1784870504065718138,973136
1784870504449092643,973136
1784870505949085678,973136
1784870507247774429,973136
1784870508122487072,973136
1784870508664364729,973136
1784870509853826562,973135
1784870510581208540,973135
1784870512348566318,973135
1784870512788573557,973135
1784870513577463077,973135
1784870513617724424,973135
1784870513718568139,973135
1784870513755289886,973135
1784870513772532390,973135
1784870513784528428,973135
1784870513801341972,973135
1784870513807321762,973135
1784870513836892245,973135
1784870513855397958,973135
1784870513885571646,973135
1784870513909047474,973135
1784870513933726138,973135
1784870513963063671,973135
1784870514093730984,973135
1784870514139078379,973135
1784870514228115488,973135
1784870514325780249,973135
1784870514375704011,973135
1784870514399260714,973135
1784870514575705619,973135
1784870514632810771,973135
1784870514670462399,973135
1784870514687243384,973135
1784870514687443902,973135
1784870514687630504,973135
1784870514712471565,973135
1784870514718413307,973135
1784870514941618405,973135
1784870515850649547,973135
1784870516221710244,973135
1784870516447470362,973135
1784870517412855536,973135
1784870518159874374,973135
1784870518842545288,973135
1784870519754695139,973135
1784870521671999231,973135
1784870521684924952,973135
1784870521698716925,973135
1784870521704703884,973135
1784870521737870529,973135
1784870521773182831,973135
1784870521922753172,973135
1784870522028636812,973135
1784870522242651310,973135
1784870522290888287,973135
1784870522938767408,973135
1784870523744198754,973135
1784870525746238279,973135
1784870525763306632,973135
1784870525940644126,973135
1784870526487710749,973135
1784870526602397179,973135
1784870527062480349,973135
1784870527572621838,973135
1784870527946330042,973135
1784870528572535281,973135
1784870529069319233,973137
1784870530264236027,973136
1784870530729124411,973136
1784870530905492681,973136
1784870531569262340,973136
1784870534319245956,973136
1784870535461062104,973136
1784870535674384781,973136
1784870536487271756,973136
1784870537047243191,973136
1784870537063562979,973136
1784870537590006894,973136
1784870537676871944,973136
1784870537677046014,973136
1784870537677285699,973136
1784870537716515658,973136
1784870537735024201,973136
1784870537768278068,973136
1784870537790519093,973136
1784870537809853767,973136
1784870537861864701,973136
1784870537998788697,973136
1784870538059798682,973136
1784870538609437678,973136
1784870538963796773,973136
1784870540079473870,973136
1784870540339996263,973136
1784870541874357529,973136
1784870543777124812,973136
1784870543870654383,973136
1784870544297760396,973136
1784870547140843464,973136
1784870548330014552,973136
1784870548721280603,973136
1784870549688953324,973136
1784870549755537809,973136
1784870550068421447,973136
1784870550094965515,973136
1784870550184388536,973136
1784870550772099664,973136
1784870551133578838,973136
1784870551271003843,973136
1784870553067714413,973136
1784870554377593625,973136
1784870554834461135,973136
1784870557228088584,973136
1784870557471441415,973136
1784870559071776540,973136
1784870560042069341,973136
1784870560116979820,973136
1784870560128704576,973136
1784870560144575293,973136
1784870560161224768,973136
1784870560174622428,973136
1784870560192903974,973136
1784870560228510864,973136
1784870560347158683,973136
1784870560383865532,973136
1784870560420052026,973136
1784870560499601588,973136
1784870560641618231,973136
1784870560759074359,973136
1784870560804031950,973136
1784870560834713183,973136
1784870561008552128,973136
1784870561368346760,973136
1784870561379527350,973136
1784870561386392874,973136
1784870561394779565,973136
1784870561418094126,973136
1784870561531559337,973136
1784870561695567969,973136
1784870561961157664,973136
1784870561988901619,973136
1784870562473054045,973136
1784870562999625769,973136
1784870563447433849,973136
1784870563641101861,973136
1784870563924967016,973136
1784870564248995530,973136
1784870564727940794,973136
1784870565014352236,973136
1784870566059445277,973136
1784870566340585664,973136
1784870567641748620,973136
1784870569979450833,973136
1784870572747509960,973136
1784870575002775144,973136
1784870575020080848,973136
1784870575026996145,973136
1784870575060208186,973136
1784870575083902278,973136
1784870575099316447,973136
1784870575152756291,973136
1784870575417897847,973136
1784870575660850792,973136
1784870575951705546,973136
1784870576543641407,973136
1784870578331890334,973136
1784870579886758310,973136
1784870580239602740,973136
1784870581209547418,973136
1784870581587957328,973139
1784870583391388564,973136
1784870583437450304,973136
1784870583695520243,973136
1784870584004987233,973136
1784870584945132707,973136
1784870585457676251,973136
1784870588757172513,973136
1784870588831027081,973136
1784870588834822453,973148
1784870588839194973,973183
1784870588840511243,973183
1784870588855922175,973240
1784870588860613337,973241
1784870588860802023,973339
1784870588861995381,973336
1784870588870489512,973336
1784870588988656793,973336
1784870589019524664,973336
1784870589057852669,973336
1784870589147707392,973336
1784870589256288533,973337
1784870589606936998,973337
1784870589879261995,973337
1784870590171945533,973337
1784870590868957188,973337
1784870591700421823,973337
1784870591773277052,973337
1784870593718509115,973337
1784870594509583176,973337
1784870594907751772,973337
1784870595422214305,973337
1784870595828146180,973337
1784870596349757571,973337
1784870596612590109,973337
1784870598047591769,973337
1784870598356485036,973332
1784870598379542761,973329
1784870598384614711,973329
1784870598390379585,973329
1784870598401322864,973316
1784870598572398153,973313
1784870598942686816,973313
1784870599153577647,973313
1784870599172372202,973313
1784870599312090703,973313
1784870599424653680,973314
1784870599438829658,973314
1784870599450646839,973314
1784870599516388702,973314
1784870599581338920,973314
1784870599692301944,973314
1784870599784991664,973314
1784870600884074271,973314
1784870601893916126,973314
1784870602358257629,973314
1784870602948078056,973313
1784870604112182133,973314
1784870604263291478,973314
1784870604274416485,973314
1784870604286000387,973314
1784870604327519457,973314
1784870604941635146,973314
1784870606353911962,973314
1784870606498856999,973314
1784870608395011639,973314
1784870608424059117,973314
1784870608527074831,973314
1784870608665382482,973314
1784870608796874938,973314
1784870609058717695,973314
1784870609698890150,973314
1784870609772249498,973314
1784870610077264781,973314
1784870610112779197,973314
1784870610314232706,973314
1784870610983051431,973314
1784870612437803995,973314
1784870614222693118,973315
1784870615814748693,973315
1784870615824839408,973315
1784870615856318286,973315
1784870616074578574,973315
1784870616752326701,973315
1784870617058613489,973315
1784870617384026510,973315
1784870617395244695,973314
1784870617399426723,973315
1784870617445721321,973315
1784870617705545759,973315
1784870617846570389,973315
1784870618545303847,973314
1784870619370834316,973315
1784870620353490413,973315
1784870622240472085,973315
1784870622516247187,973315
1784870623824635543,973315
1784870624286240219,973314
1784870626922367482,973315
1784870628269434337,973315
1784870628293031637,973314
1784870628428489415,973315
1784870630244255562,973315
1784870632967748639,973315
1784870635592584898,973315
1784870636006827881,973315
1784870636014612170,973315
1784870636051448707,973315
1784870636207607008,973315
1784870637957335748,973315
1784870639027229336,973315
1784870639628151349,973315
1784870639926366038,973315
1784870640860981576,973315
1784870641019336156,973315
1784870643717155191,973315
1784870644970356846,973315
1784870646526563156,973315
1784870648737856512,973315
1784870650865844806,973315
1784870651510470607,973314
1784870652258356190,973315
1784870653368572825,973315
1784870653425633930,973315
1784870653430273748,973315
1784870653439401887,973315
1784870653479417839,973315
1784870653547394352,973315
1784870653633993626,973315
1784870653767359540,973315
1784870653804480872,973315
1784870653945699949,973315
1784870654061448613,973315
1784870654183988930,973315
1784870654306407885,973315
1784870654657077722,973315
1784870654889292730,973315
1784870655039277344,973315
1784870655243365425,973315
1784870655777920299,973315
1784870656147176514,973315
1784870656346696812,973315
1784870657308275774,973315
1784870658207989649,973315
1784870659120287006,973315
1784870659130981697,973315
1784870659147168156,973315
1784870659157399873,973315
1784870659164676508,973315
1784870659184512854,973315
1784870659285224921,973315
1784870659330548732,973315
1784870659459513671,973315
1784870660227843966,973315
1784870663417207272,973315
1784870664978009689,973315
1784870667729338207,973315
1784870667836398295,973315
1784870668678748778,973315
1784870669919061972,973315
1784870671275678938,973315
1784870675719912383,973314
1784870675815637761,973314
1784870676165432332,973315
1784870676478131592,973315
1784870676782775232,973315
1784870677554809136,973315
1784870677938503299,973315
1784870679735869541,973315
1784870681281789129,973315
1784870681307817331,973315
1784870681331911517,973315
1784870681861144861,973315
1784870686581703460,973315
1784870686728914333,973315
1784870691205946486,973315
1784870691757473602,973315
1784870691807090647,973315
1784870693229304693,973315
1784870698906164296,973315
1784870699236800701,973315
1784870699247667060,973354
1784870699263971986,973278
1784870699276336948,973193
1784870699287682758,973193
1784870699299348892,973167
1784870699313106504,973086
1784870699331910810,973086
1784870699341685506,973078
1784870699373359477,973074
1784870699385070339,973076
1784870699403907507,973076
1784870699431765340,973076
1784870699443697173,973076
1784870699451235951,973071
1784870699476287932,973071
1784870699502335781,973071
1784870699520555445,973071
1784870699533960670,973071
1784870699546959398,973071
1784870699547400215,973071
1784870699557983333,973071
1784870699573414975,973071
1784870699573644447,973071
1784870699585534732,973071
1784870699621586324,973071
1784870699638821591,973071
1784870699736377023,973071
1784870699769080341,973071
1784870699920294497,973071
1784870700044924558,973071
1784870700140341441,973071
1784870700387353257,973071
1784870700982346816,973071
1784870701123438855,973071
1784870701335464062,973071
1784870701356257147,973071
1784870701366668693,973071
1784870701382752977,973071
1784870701406830341,973071
1784870701419199005,973071
1784870701439968428,973071
1784870701460292278,973071
1784870701483827497,973071
1784870701493024905,973071
1784870701520940924,973071
1784870701630129576,973071
1784870702031300322,973071
1784870702246427897,973071
1784870702531415838,973071
1784870703066584307,973071
1784870703431026249,973071
1784870703646125329,973071
1784870703764316188,973071
1784870703815004460,973071
1784870703977170914,973071
1784870704250136223,973071
1784870704969879374,973071
1784870705247699972,973071
1784870706214120580,973071
1784870706980478302,973071
1784870707145670106,973071
1784870707320230026,973071
1784870707417437084,973071
1784870707502344779,973071
1784870707646710179,973071
1784870707875399618,973071
1784870708096392476,973071
1784870708416945831,973071
1784870708653273842,973071
1784870709190622588,973071
1784870709203701987,973071
1784870709209158939,973071
1784870709227028435,973071
1784870709241095260,973071
1784870709260545754,973071
1784870709273183356,973071
1784870709405453636,973071
1784870709559211414,973071
1784870709578989185,973071
1784870709707969911,973071
1784870709708435481,973071
1784870709708875261,973071
1784870709709270462,973071
1784870709727000957,973071
1784870709783608637,973071
1784870709968067450,973071
1784870709973025674,973071
1784870709973188742,973071
1784870710004688415,973071
1784870710049807137,973071
1784870710111498785,973071
1784870710306565779,973071
1784870710440094283,973071
1784870710446845741,973071
1784870710469532054,973071
1784870710521407839,973071
1784870710646797856,973071
1784870710694001065,973071
1784870710704382180,973071
1784870710849266711,973071
1784870710849448736,973071
1784870710900792497,973071
1784870711029012604,973071
1784870711292744486,973071
1784870711499961162,973071
1784870711555605149,973071
1784870711644757300,973071
1784870711867289843,973071
1784870711914528502,973071
1784870712183998228,973071
1784870712365652082,973071
1784870712441979930,973071
1784870712556432783,973071
1784870712849927150,973071
1784870712969707019,973071
1784870712978699001,973071
1784870712984667458,973071
1784870713098514103,973071
1784870713434455737,973071
1784870713579813273,973071
1784870714075444264,973071
1784870714540449640,973071
1784870714779974757,973071
1784870715002258902,973071
1784870715094298614,973071
1784870715278663196,973071
1784870715436079174,973071
1784870715676059495,973071
1784870716231325220,973071
1784870717277067149,973071
1784870717304756941,973071
1784870717319283635,973071
1784870717330289774,973071
1784870717341425656,973071
1784870717405788654,973071
1784870717476302451,973071
1784870717481488923,973071
1784870717547153915,973071
1784870717551664682,973071
1784870717623596487,973071
1784870717623757055,973071
1784870717785477346,973071
1784870717875189142,973071
1784870718348485930,973071
1784870718357261678,973071
1784870718449670621,973071
1784870718488568442,973071
1784870718616142306,973071
1784870719026954584,973071
1784870719696212810,973071
1784870720641270653,973071
1784870721353136509,973071
1784870722009327823,973071
1784870723183112219,973071
1784870723190783129,973071
1784870723389356312,973071
1784870723875007645,973071
1784870723884811713,973071
1784870723972611504,973071
1784870724202831861,973071
1784870724574882701,973071
1784870724768109532,973071
1784870724846098445,973071
1784870724877783826,973071
1784870724914931921,973071
1784870724985345646,973071
1784870725010447844,973071
1784870725364116006,973071
1784870725932710048,973071
1784870727110692321,973071
1784870727459405402,973071
1784870727898708671,973071
1784870728162811401,973071
1784870728551734670,973071
1784870728589890768,973071
1784870730375633605,973071
1784870731827836734,973071
1784870734271320837,973071
1784870734590173523,973071
1784870735284464515,973071
1784870735759552249,973071
1784870736920672091,973071
1784870737872128392,973071
1784870738632072429,973071
1784870740874130274,973071
1784870742872841904,973071
1784870743800168782,973072
1784870744870768304,973071
1784870745181495367,973071
1784870746078264476,973071
1784870746325364714,973071
1784870748930233500,973071
1784870749872138046,973071
1784870750362608604,973071
1784870750876274807,973071
1784870750894245033,973071
1784870750983035346,973071
1784870751875014505,973071
1784870752824615852,973071
1784870753883671162,973071
1784870753888994494,973071
1784870754276643483,973071
1784870755797440826,973071
1784870756922003721,973071
1784870758018221328,973071
1784870758577572515,973071
1784870760871210567,973071
1784870761159169282,973071
1784870762038883723,973071
1784870763442762720,973071
1784870764874532012,973071
1784870764887070917,973071
1784870764902876722,973071
1784870764919299353,973071
1784870764919585962,973071
1784870764949465704,973071
1784870764967895894,973071
1784870764997761590,973071
1784870765470003869,973071
1784870765694738663,973071
1784870765713900498,973071
1784870765839049675,973071
1784870766565998177,973071
1784870767067857493,973071
1784870767361234218,973071
1784870767415837572,973071
1784870767616211342,973071
1784870767940093926,973071
1784870768045291238,973071
1784870768170536594,973071
1784870768219119731,973071
1784870768309064111,973071
1784870768335950416,973071
1784870768371943313,973071
1784870768423646258,973071
1784870768592311230,973071
1784870768630601312,973071
1784870768788995721,973071
1784870768873304963,973071
1784870769111076589,973071
1784870769621702573,973071
1784870770022844566,973071
1784870770973243204,973071
1784870771670463219,973071
1784870771804672935,973071
1784870771850499271,973071
1784870771901219426,973071
1784870771983250094,973071
1784870772427293695,973071
1784870773508024023,973071
1784870774303895258,973071
1784870775441125565,973071
1784870775763171281,973071
1784870775870850661,973071
1784870776117021841,973071
1784870776264378072,973071
1784870777073339879,973071
1784870777208129042,973071
1784870777693595891,973071
1784870777918678448,973071
1784870777935679055,973071
1784870777951180413,973071
1784870778041194532,973071
1784870778191313383,973071
1784870778386794772,973071
1784870780274311017,973071
1784870781778960006,973071
1784870783570403303,973071
1784870784246967395,973071
1784870788820158175,973071
1784870790757037070,973071
1784870792065049299,973071
1784870794871380318,973071
1784870795321160688,973071
1784870797872401444,973071
1784870798320328617,973071
1784870798523519512,973071
1784870800870583368,973071
1784870801219752697,973071
1784870802719739594,973071
1784870807662539050,973071
1784870807825307571,973071
1784870810247870175,973071
1784870812341210881,973071
1784870812983643497,973071
1784870813046662021,973071
1784870813061475255,973071
1784870813111205469,973071
1784870813248963555,973071
1784870813563797871,973071
1784870814015318719,973071
1784870814536841099,973071
1784870815015960620,973071
1784870815515100634,973071
1784870815533643140,973071
1784870815539300785,973071
1784870815572218354,973071
1784870815670202393,973071
1784870815974949894,973071
1784870816588760838,973071
1784870816673951568,973071
1784870818541861828,973071
1784870819680332711,973071
1784870819738262817,973071
1784870820045204488,973071
1784870820179614718,973071
1784870820206558803,973071
1784870820253552449,973071
1784870820355179334,973071
1784870820418592073,973071
1784870820603143174,973071
1784870821007079341,973071
1784870821476003892,973071
1784870821710795238,973071
1784870821806986509,973071
1784870822127401077,973071
1784870823954264360,973071
1784870824359617919,973071
1784870826554843049,973071
1784870826596603733,973071
1784870826610533302,973071
1784870826642857121,973071
1784870826710796431,973071
1784870826920149039,973071
1784870827175550045,973071
1784870827624621473,973071
1784870827796574724,973071
1784870828124983148,973071
1784870828277492247,973071
1784870828366490409,973071
1784870828867604054,973071
1784870829331148862,973071
1784870830410759300,973071
1784870830965733307,973071
1784870831411335358,973071
1784870833613128578,973071
1784870833631403987,973071
1784870833677895336,973071
1784870834379878556,973072
1784870836920718284,973071
1784870839929293651,973071
1784870840445082986,973071
1784870840522886365,973071
1784870841292348093,973071
1784870842935237788,973071
1784870843366271928,973071
1784870843397749572,973071
1784870843408678316,973071
1784870844173076297,973071
1784870846737924697,973071
1784870847188082077,973071
1784870848662439771,973071
1784870849346374102,973071
1784870853982852104,973071
1784870860109656846,973071
1784870861506725557,973071
1784870861538880532,973071
1784870861562252976,973071
1784870861790463101,973071
1784870862115788094,973071
1784870864202565458,973071
1784870864558744686,973071
1784870865065356014,973071
1784870865358656957,973071
1784870867918256695,973071
1784870872456055591,973071
1784870874660816026,973071
1784870880529182377,973071
1784870883454205231,973071
1784870884019469809,973071
1784870885350186143,973071
1784870886197876532,973071
1784870886263395010,973071
1784870886348555477,973071
1784870886355939219,973071
1784870886365236636,973071
1784870886921502061,973071
1784870886921719765,973071
1784870887008743290,973071
1784870888743968156,973071
1784870890491434339,973071
1784870890496010653,973071
1784870891742257298,973071
1784870894326723374,973071
1784870894434801814,973071
1784870894460667729,973071
1784870894477813585,973071
1784870894794258343,973071
1784870895204330572,973071
1784870895557949414,973071
1784870896916618545,973071
1784870897508122767,973071
1784870898714953680,973071
1784870898816321756,973071
1784870898829926589,973071
1784870898894219312,973071
1784870899054269113,973071
1784870901242466898,973071
1784870901509086734,973071
1784870902148885426,973071
1784870902208847627,973071
1784870906528739331,973071
1784870907379067312,973220
1784870907380695729,973252
1784870907380910488,973278
1784870907383072378,973278
1784870907478711206,973278
1784870907658916079,973278
1784870908091668613,973278
1784870908393852400,973278
1784870908404277102,973278
1784870908445050229,973278
1784870908603408553,973278
1784870908946614000,973278
1784870908994539670,973278
1784870909053576938,973278
1784870909183149135,973278
1784870909647377902,973278
1784870910163945269,973278
1784870910814145277,973278
1784870911101114828,973278
1784870913141922059,973279
1784870914852550202,973278
1784870916091379407,973278
1784870916242127827,973278
1784870917834355144,973278
1784870918052628853,973278
1784870919586241747,973278
1784870921279115793,973278
1784870925332034577,973278
1784870927739397260,973278
1784870931422342921,973278
1784870934875020085,973278
1784870939137267380,973278
1784870946918557363,973278
1784870952481998264,973278
1784870954976179872,973278
1784870962565338436,973278
1784870966008898015,973278
1784870966419604198,973278
1784870966429175934,973278
1784870966443682538,973278
1784870966476237617,973278
1784870966502289739,973278
1784870966582930477,973278
1784870967247137803,973278
1784870967472418334,973278
1784870970184544564,973278
1784870974899190577,973278
1784870976454570742,973278
1784870977820365698,973278
1784870978424815849,973278
1784870981326512312,973278
1784870983987412997,973278
1784870984083994997,973307
1784870984096900847,973303
1784870984100332944,973303
1784870984106402263,973303
1784870984107720233,973303
1784870984123008231,973303
1784870984134375324,973303
1784870984274211368,973303
1784870984550234377,973302
1784870984759630180,973302
1784870986509923633,973302
1784870988584756154,973302
1784870992585418663,973303
1784870992601504171,973303
1784870993076680226,973303
1784870993442726144,973303
1784870994070891582,973303
1784870994090362000,973303
1784870994240109374,973303
1784870995070457803,973303
1784870995319827831,973303
1784870996061882872,973303
1784870996108637817,973303
1784870997450688161,973303
1784870999913331079,973303
1784871000388311313,973303
1784871000503096264,973303
1784871001286054094,973303
1784871001653241765,973303
1784871002218621270,973303
1784871003577507163,973303
1784871003904305980,973303
1784871004971574145,973303
1784871005743220209,973303
1784871006042251534,973303
1784871007167982882,973303
1784871008658854945,973303
1784871009533415625,973303
1784871010355439284,973303
1784871010869101664,973303
1784871011182170090,973303
1784871011631050511,973303
1784871011649771409,973303
1784871011706509499,973303
1784871011706747022,973303
1784871011706942845,973303
1784871011707135087,973303
1784871011707373709,973303
1784871011727748001,973303
1784871011809177440,973303
1784871011877147797,973303
1784871012004112901,973303
1784871012125928388,973303
1784871012336644286,973303
1784871012557364486,973303
1784871012701439928,973303
1784871013039333246,973303
1784871013669111948,973303
1784871016348227499,973303
1784871016522941192,973303
1784871016545119008,973303
1784871017255868448,973303
1784871020119530787,973303
1784871021576721106,973303
1784871023480028389,973303
1784871023916111183,973303
1784871025687085105,973303
1784871026263640158,973303
1784871027697528927,973303
1784871028094173568,973303
1784871029379268774,973303
1784871029945793404,973303
1784871030070567495,973303
1784871031228221167,973303
1784871031455166747,973304
1784871034749248560,973304
1784871035360301326,973304
1784871036606651287,973304
1784871037229564660,973305
1784871038051097651,973304
1784871038122333185,973304
1784871038146962401,973304
1784871038402123293,973304
1784871038865947188,973304
1784871039317484075,973304
1784871039551756197,973304
1784871040051048894,973304
1784871041581425793,973304
1784871041981846472,973304
1784871046173300892,973304
1784871049430007876,973304
1784871052335376715,973304
1784871055004020119,973304
1784871058085533756,973304
1784871059663900715,973304
1784871060117379839,973304
1784871061805230333,973304
1784871062153831845,973304
1784871062251787810,973304
1784871066171500886,973304
1784871067878515676,973304
1784871069009096109,973304
1784871072100625159,973304
1784871073261681342,973304
1784871075292530187,973304
1784871077141727938,973304
1784871081310766068,973304
1784871084116719293,973304
1784871085058994554,973304
1784871086038756581,973304
1784871087625855762,973304
1784871089217739413,973304
1784871092056886621,973304
1784871100232541031,973304
1784871107993817231,973304
1784871109673522755,973304
1784871109875327917,973304
1784871109890627163,973304
1784871109913471917,973304
1784871109955040709,973304
1784871110239008316,973304
1784871110920547962,973304
1784871111085493431,973304
1784871112867882228,973304
1784871114312840229,973304
1784871119379314031,973304
1784871121545424071,973304
1784871122686474676,973304
1784871124743073789,973304
1784871124778353239,973304
1784871125071884086,973304
1784871126975249546,973304
1784871127994934504,973304
1784871128963579563,973304
1784871129580174592,973304
1784871129606869113,973304
1784871130074535248,973304
1784871131426448788,973304
1784871131612863526,973304
1784871133800240765,973304
1784871134554408887,973304
1784871136423093056,973304
1784871139664245630,973304
1784871142959115826,973304
1784871145014362562,973304
1784871145873384059,973304
1784871147436273343,973304
1784871147471296301,973304
1784871147912964786,973304
1784871149710503535,973304
1784871150058334025,973304
1784871150875652291,973304
1784871152658842259,973304
1784871153205641983,973304
1784871156191662085,973304
1784871156296348947,973304
1784871157877767859,973304
1784871158325223969,973304
1784871158886478001,973304
1784871162292714298,973304
1784871163396922307,973304
1784871164401384603,973304
1784871168486507405,973304
1784871169878817261,973304
1784871170343201465,973304
1784871171534579881,973304
1784871172140713487,973304
1784871173169036801,973304
1784871173936776642,973304
1784871173967809675,973304
1784871174090117978,973304
1784871174508232534,973304
1784871175089180825,973304
1784871177049449899,973304
1784871177100518478,973304
1784871177104552391,973304
1784871177180362780,973304
1784871177404185730,973304
1784871178433786719,973304
1784871179889498173,973304
1784871181078509128,973304
1784871182466366826,973304
1784871185061248813,973304
1784871185198509506,973304
1784871187167799152,973304
1784871190066257527,973304
1784871191948819731,973304
1784871193570810466,973304
1784871194600614074,973304
1784871194898654661,973304
1784871195234909856,973304
1784871195385525183,973304
1784871195676966783,973304
1784871195690579445,973304
1784871195690766374,973425
1784871195696831040,973425
1784871195698653286,973427
1784871195698793282,973528
1784871195698924613,973529
1784871195708622853,973529
1784871195756027777,973529
1784871195830398713,973529
1784871195906951908,973529
1784871196064408100,973530
1784871196252287667,973529
1784871196290901634,973529
1784871196557002325,973529
1784871196928315918,973536
1784871196928637158,973487
1784871196928917976,973480
1784871196929168241,973070
1784871196929441624,973063
1784871196929878541,973063
1784871196984496455,973069
1784871197039412547,973069
1784871197372451265,973070
1784871198039880041,973070
1784871198281308186,973070
1784871198849252858,973070
1784871199022224997,973070
1784871199260569344,973070
1784871199864201330,973070
1784871200016507414,973070
1784871200340558172,973070
1784871200888285482,973070
1784871202019603541,973070
1784871203006322520,973070
1784871203239640323,973070
1784871203352318467,973070
1784871203918749511,973070
1784871205413387072,973070
1784871206047447475,973070
1784871207067703559,973070
1784871208822110729,973068
1784871208823923404,973011
1784871208869030571,973011
1784871208974806086,973011
1784871209331776006,973011
1784871209914420789,973011
1784871211081895801,973011
1784871214267099818,973011
1784871215280730452,973011
1784871216641815373,972897
1784871216641815373,972897
1784871216647633036,972251
1784871216651963454,972252
1784871216914451689,972251
1784871216915005643,972251
1784871216958448079,972251
1784871217159390699,972251
1784871218094478843,972251
1784871219611179773,972251
1784871219611359868,972249
1784871219611536329,972251
1784871219632054329,972251
1784871219890189116,972251
1784871220868287094,972251
1784871221169386474,972251
1784871221473672125,972251
1784871222206825971,972251
1784871225200189295,972252
1784871226019723786,972252
1784871226322881594,972252
1784871227484217126,972252
1784871227519305453,972252
1784871227545697414,972252
1784871227591403202,972252
1784871227866913882,972252
1784871228140469662,972252
1784871228152266272,972252
1784871228170518996,972252
1784871228176539512,972252
1784871228232903480,972252
1784871228300773192,972252
1784871228335101942,972252
1784871228365812812,972252
1784871228396502956,972252
1784871228530782483,972252
1784871228578887596,972252
1784871228674462614,972252
1784871228731632293,972252
1784871229110506575,972252
1784871229453141467,972252
1784871229471955109,972252
1784871229564237400,972252
1784871229597903632,972252
1784871229663472286,972252
1784871229905660249,972252
1784871233012750877,972252
1784871233539396999,972252
1784871234138681023,972252
1784871234739628711,972252
1784871234824856788,972252
1784871235167404243,972252
1784871235840140988,972252
1784871236234971508,972252
1784871237220388241,972252
1784871237251361295,972252
1784871239182225017,972252
1784871241065711961,972252
1784871241400973645,972252
1784871241437023037,972252
1784871241455571219,972252
1784871241469011371,972252
1784871241546375195,972252
1784871241573446627,972252
1784871241581436817,972252
1784871241613521128,972252
1784871241632508545,972252
1784871241685353501,972252
1784871241764749407,972252
1784871241832895823,972252
1784871241852127863,972252
1784871241868456216,972252
1784871242069694077,972252
1784871242116603056,972252
1784871242700233239,972252
1784871244627082085,972252
1784871245234935075,972252
1784871246489019781,972252
1784871247518514383,972252
1784871247598686564,972252
1784871247907837375,972252
1784871247908013321,972252
1784871248161437002,972252
1784871249720337307,972252
1784871250945040059,972252
1784871252074315149,972252
1784871255375851006,972252
1784871256641366790,972252
1784871258412459225,972252
1784871258643775973,972252
1784871259135804135,972252
1784871259317920151,972252
1784871259531173894,972252
1784871260060216418,972252
1784871262045099382,972252
1784871262280088763,972252
1784871263139412562,972252
1784871264440412302,972252
1784871265386740304,972252
1784871265414813560,972252
1784871265486071851,972252
1784871265612913224,972252
1784871265820054777,972252
1784871267090391272,972252
1784871267112378745,972252
1784871267127348787,972252
1784871267257158479,972252
1784871267488418095,972252
1784871269044517960,972252
1784871269908028473,972252
1784871270006282382,972252
1784871270018660072,972252
1784871270026984406,972252
1784871270041939133,972252
1784871270056839452,972252
1784871270079051832,972252
1784871270153194641,972252
1784871270265039004,972252
1784871270314654843,972252
1784871270325522933,972252
1784871270330928539,972252
1784871270335517618,972252
1784871270458365880,972252
1784871270982839377,972252
1784871271749739481,972252
1784871271756490502,972252
1784871271763813005,972252
1784871271769379523,972252
1784871271777762861,972252
1784871271788170088,972252
1784871271806672777,972252
1784871271844360297,972252
1784871271913241555,972252
1784871271963803808,972252
1784871272084896468,972252
1784871272123100430,972252
1784871272216151691,972252
1784871272815087370,972252
1784871274101439996,972252
1784871274348916039,972252
1784871274397213942,972252
1784871275772218789,972252
1784871276116574460,972252
1784871276151154912,972252
1784871276300249800,972250
1784871276739386931,972252
1784871277014583396,972252
1784871277238139318,972252
1784871277465718736,972252
1784871277872232434,972252
1784871279302765506,972252
1784871280015957620,972252
1784871280857102153,972252
1784871280865270310,972252
1784871280878407303,972252
1784871280878604980,972252
1784871280894939954,972252
1784871280901127240,972252
1784871280927881026,972252
1784871280948449248,972252
1784871280948631601,972252
1784871280956165258,972252
1784871280994890061,972252
1784871281010794009,972252
1784871281030369119,972252
1784871281045618881,972252
1784871281157042868,972252
1784871281516472159,972252
1784871282128326082,972252
1784871282698434841,972252
1784871284234164910,972252
1784871284308491426,972252
1784871284327404219,972252
1784871284480862683,972252
1784871284664204626,972252
1784871285081346295,972252
1784871285140687515,972252
1784871286064427928,972253
1784871286142249438,972253
1784871286152615241,972253
1784871286190317656,972253
1784871286213400148,972253
1784871286225858044,972253
1784871286232157216,972253
1784871286272910438,972253
1784871286325320366,972253
1784871286440392591,972253
1784871286912553402,972253
1784871287129263509,972253
1784871287726618876,972253
1784871287819281925,972253
1784871287858697695,972253
1784871287974878173,972253
1784871289126488804,972253
1784871290418268298,972253
1784871290812528226,972253
1784871291288333362,972253
1784871291887115216,972253
1784871292890207532,972253
1784871293133386706,972253
1784871294938521110,972253
1784871297998779828,972253
1784871299369157206,972253
1784871300058189419,972253
1784871300183691010,972253
1784871300200043787,972253
1784871300219273361,972253
1784871300237836715,972253
1784871300248440329,972253
1784871300286988345,972253
1784871300340275655,972253
1784871300376549613,972252
1784871300483071456,972253
1784871300566634294,972253
1784871300638991091,972253
1784871300725806988,972253
1784871301131719754,972253
1784871301902452163,972253
1784871302943183754,972253
1784871304329212316,972253
1784871304776410554,972253
1784871305886124093,972253
1784871305943657945,972252
1784871305944234143,972253
1784871305946180209,972253
1784871305953349985,972253
1784871305963823920,972253
1784871306025108697,972253
1784871306335563025,972253
1784871307049645770,972253
1784871307385768485,972253
1784871309060919775,972253
1784871309077242626,972253
1784871309091467753,972253
1784871309096010055,972253
1784871309105719864,972253
1784871309145957923,972253
1784871309666413872,972253
1784871310416937980,972253
1784871310779052204,972253
1784871311181884396,972253
1784871311318443123,972253
1784871311350777345,972252
1784871311524468874,972253
1784871312959656705,972253
1784871313232329625,972253
1784871313368433787,972252
1784871313865433474,972253
1784871314241906462,972253
1784871315010296047,972253
1784871315058921700,972253
1784871315203323597,972253
1784871315307985095,972253
1784871315739596521,972253
1784871316107687323,972253
1784871317267630893,972253
1784871317434402365,972253
1784871317536105885,972253
1784871317564276898,972253
1784871317587388647,972253
1784871318036035464,972253
1784871318867878872,972253
1784871319367306051,972253
1784871319848960265,972253
1784871319858628723,972253
1784871319865799465,972253
1784871319911512439,972253
1784871319953563711,972253
1784871320474385550,972253
1784871321074506146,972253
1784871321087265917,972253
1784871321122376788,972253
1784871321138726762,972253
1784871321139015393,972253
1784871321150429936,972253
1784871321287234220,972253
1784871321567155915,972253
1784871322121853856,972253
1784871322601611699,972253
1784871323332085637,972253
1784871323466499955,972253
1784871323997830281,972253
1784871324254387012,972253
1784871324414988562,972253
1784871325136037343,972253
1784871325271970526,972253
1784871325969291833,972253
1784871326863673190,972253
1784871329343127922,972253
1784871329903076662,972253
1784871331044530443,972253
1784871332864386166,972253
1784871334076970701,972253
1784871335219785707,972254
1784871335864658950,972254
1784871337615573300,972254
1784871337619826004,972254
1784871337681737650,972254
1784871337863988785,972254
1784871338520737019,972254
1784871339112286326,972254
1784871341296417359,972254
1784871341733599791,972254
1784871341826870624,972254
1784871343401646044,972254
1784871344193706854,972254
1784871345008426000,972254
1784871345169086116,972254
1784871348768861884,972254
1784871350176628244,972254
1784871351399959584,972254
1784871351418720908,972254
1784871351607517337,972254
1784871352686376270,972254
1784871354246250748,972254
1784871355587041927,972254
1784871356783653036,972254
1784871357834819730,972254
1784871360494933822,972254
1784871360796571842,972254
1784871362860720602,972254
1784871363584105528,972254
1784871364671377121,972254
1784871365867859466,972255
1784871366620266483,972255
1784871367046146714,972255
1784871367301269397,972255
1784871367968089421,972255
1784871369861258971,972255
1784871370843843112,972255
1784871371310704251,972255
1784871372083715545,972255
1784871373016224373,972255
1784871375700092385,972255
1784871377587061581,972255
1784871378874481685,972255
1784871380406043974,972255
1784871381237207651,972255
1784871382091084755,972255
1784871383257967232,972255
1784871385350839754,972255
1784871386213642995,972255
1784871388872580900,972255
1784871389860754105,972255
1784871390398262574,972255
1784871392280372084,972255
1784871393377791881,972255
1784871395015045344,972255
1784871395356730194,972255
1784871396763887952,972255
1784871396913774527,972255
1784871396913902021,972255
1784871396914143957,972255
1784871396914278188,972255
1784871397016179526,972255
1784871397056977388,972255
1784871397191289309,972255
1784871398154798832,972255
1784871399870413101,972255
1784871400917114476,972255
1784871400931154443,972255
1784871400953046832,972255
1784871400971973874,972255
1784871401069727275,972255
1784871401350480744,972255
1784871401375155215,972255
1784871401687046717,972255
1784871402417967121,972255
1784871404785319122,972255
1784871407410827778,972255
1784871409009995368,972255
1784871409010363330,972255
1784871411863376741,972255
1784871413277424917,972255
1784871414009130931,972255
1784871415099921905,972255
1784871416344491151,972255
1784871416408362620,972255
1784871416418609008,972255
1784871416703508622,972255
1784871417319322409,972255
1784871418006654236,972255
1784871419006481145,972255
1784871422667621405,972255
1784871424075295919,972255
1784871424605826519,972255
1784871426987974022,972255
1784871429738481532,972255
1784871429978149632,972255
1784871431389952099,972255
1784871431412746088,972255
1784871431421288943,972255
1784871431589931611,972255
1784871431875677050,972255
1784871432509695885,972255
1784871433162420065,972255
1784871433223773626,972255
1784871433895518601,972255
1784871435200755334,972255
1784871435406659725,972255
1784871435406849317,972255
1784871435416394235,972255
1784871435548171767,972255
1784871435977753744,972255
1784871436707052639,972255
1784871436733079344,972255
1784871436764911160,972255
1784871436783220406,972255
1784871436914576870,972255
1784871436915030325,972255
1784871436918852158,972255
1784871436919065647,972255
1784871437090087222,972255
1784871437149531589,972255
1784871437207083054,972255
1784871437449861138,972255
1784871437689028809,972255
1784871439573644794,972255
1784871442249557599,972255
1784871445422285964,972255
1784871445569745649,972255
1784871445733435771,972255
1784871446003478482,972255
1784871446412008747,972255
1784871446444711707,972255
1784871446561020552,972255
1784871446569119676,972255
1784871446634434011,972255
1784871447400352427,972255
1784871447443919706,972255
1784871447908131385,972255
1784871448305246850,972255
1784871448358010664,972255
1784871448677392074,972255
1784871449925515988,972255
1784871450814151945,972255
1784871450827579703,972245
1784871450920732144,972245
1784871451064863465,972245
1784871451464485229,972245
1784871452554676372,972245
1784871453121567233,972245
1784871453427271635,972245
1784871453896656877,972245
1784871454819825112,972245
1784871456034230033,972245
1784871456076610549,972245
1784871456091820815,972245
1784871456105034914,972245
1784871456136591031,972245
1784871456226762214,972245
1784871456476295423,972245
1784871456528568193,972245
1784871456735833905,972245
1784871457513944852,972245
1784871460064618195,972245
1784871461338675526,972245
1784871461395623944,972245
1784871462136064723,972245
1784871465863071181,972245
1784871468983962245,972245
1784871469069157843,972245
1784871469113723954,972245
1784871469266308678,972245
1784871469580170523,972245
1784871469715208733,972245
1784871470866434219,972245
1784871473448892931,972245
1784871476445817775,972245
1784871479115632449,972245
1784871481481683315,972245
1784871483083842431,972245
1784871483175745518,972245
1784871483209103602,972245
1784871483278839069,972245
1784871483546601631,972245
1784871484516775468,972246
1784871485341419298,972246
1784871485770277147,972246
1784871487425819323,972246
1784871488979668311,972246
1784871490298298676,972246
1784871491124534107,972246
1784871491146818660,972246
1784871491156413057,972246
1784871491168476774,972246
1784871491177260606,972246
1784871491213002254,972246
1784871491296667484,972246
1784871491446959402,972246
1784871491454768341,972246
1784871491460038102,972246
1784871491619996167,972246
1784871491749515031,972246
1784871491940036024,972246
1784871492352778234,972246
1784871492584752025,972246
1784871492817238350,972246
1784871492830361205,972246
1784871492851916694,972246
1784871492872353584,972246
1784871492883204581,972246
1784871492904498372,972246
1784871492914695839,972246
1784871492935463382,972246
1784871492959552199,972246
1784871492975324407,972246
1784871493010253297,972246
1784871493022357749,972246
1784871493026418808,972246
1784871493066886188,972246
1784871493196073728,972246
1784871493481538326,972246
1784871493966401994,972246
1784871496125459691,972246
1784871496257639413,972246
1784871496351593172,972246
1784871496603545315,972246
1784871497072747553,972246
1784871498309348273,972246
1784871498338814630,972246
1784871498360360149,972246
1784871498861820539,972246
1784871499377218060,972245
1784871499540250119,972246
1784871499625762952,972246
1784871499888508350,972246
1784871500867652678,972246
1784871501865830874,972246
1784871503627015720,972246
1784871503833048554,972246
1784871503932242331,972246
1784871504320486671,972246
1784871505861760705,972246
1784871507996558612,972246
1784871509252017746,972246
1784871509270474277,972253
1784871509273939759,972051
1784871509274182379,972048
1784871509275793234,972048
1784871509280913447,971938
1784871509283106161,971936
1784871509293052277,971941
1784871509300126378,971953
1784871509315116139,971958
1784871509326354568,971958
1784871509337858089,971958
1784871509423413449,971958
1784871509470396119,971958
1784871509489593170,971958
1784871509845875682,971958
1784871510669683372,971958
1784871510723887014,971958
1784871511397456555,971958
1784871512781353585,971958
1784871513160089814,971958
1784871514132500302,971958
1784871514511514157,971958
1784871515615204015,971958
1784871515889548722,971958
1784871517154151253,971958
1784871517640837294,971958
1784871518696819123,971958
1784871518873268010,971958
1784871519063946054,971958
1784871519073625277,971958
1784871519077423290,971958
1784871519155495381,971958
1784871519226753942,971958
1784871520786228696,971958
1784871521241005143,971958
1784871521384863695,971958
1784871523022767199,971958
1784871523028541032,971958
1784871523042712350,971958
1784871523056301040,971958
1784871523070909357,971958
1784871523090401103,971958
1784871523177020327,971958
1784871523224229951,971958
1784871523353437423,971958
1784871524132647251,971958
1784871525666921567,971958
1784871525820731549,971958
1784871526091428049,971958
1784871526267431064,971958
1784871526394300071,971958
1784871526418528333,971958
1784871526547417796,971958
1784871526574987406,971958
1784871526715141237,971958
1784871526736276915,971958
1784871526914243863,971958
1784871526998598639,971958
1784871527138382094,971958
1784871527182884934,971958
1784871527294731945,971958
1784871527339519615,971958
1784871527594422504,971958
1784871527750864879,971958
1784871528376285972,971958
1784871528537538873,971958
1784871529016753496,971958
1784871529553530068,971958
1784871530687003982,971958
1784871530694252712,971958
1784871530729211251,971958
1784871530829557362,971958
1784871530859161013,971958
1784871531130184663,971958
1784871532044099317,971960
1784871532045987408,971949
1784871532047938200,971949
1784871532056283775,971949
1784871532064925301,971950
1784871532065179002,971950
1784871532077779760,971950
1784871532191619339,971950
1784871532206898564,971950
1784871532409245564,971952
1784871532525410973,971954
1784871532551921767,971954
1784871532571962145,971954
1784871532572150936,971954
1784871532574993500,971955
1784871532575164677,971955
1784871532591684186,971955
1784871532591847404,971955
1784871532602722018,971955
1784871532667279409,971955
1784871532710075742,971955
1784871532732645786,971955
1784871532743214302,971955
1784871532841560332,971955
1784871533019837283,971955
1784871533135512303,971955
1784871533173218374,971955
1784871533460624791,971955
1784871533891863157,971955
1784871534424149402,971955
1784871534628702743,971955
1784871534849280890,971955
1784871535131598410,971955
1784871535293646019,971955
1784871535551998890,971955
1784871535558865008,971955
1784871535595978177,971955
1784871535731657775,971955
1784871535748473159,971955
1784871535765277586,971955
1784871535791893195,971955
1784871536041244802,971955
1784871536349327345,971955
1784871537822511555,971955
1784871537875339470,971955
1784871537891586156,971955
1784871538873660542,971955
1784871539157350451,971955
1784871539173717072,971955
1784871539321119592,971955
1784871539530233184,971955
1784871539840363260,971955
1784871540092225223,971955
1784871540356450455,971955
1784871540358229124,971955
1784871540363577590,971955
1784871540829448467,971955
1784871541043015624,971955
1784871541076144904,971955
1784871541140439003,971955
1784871542046308971,971955
1784871542054849046,971955
1784871542071650521,971955
1784871542320088676,971955
1784871542327635086,971955
1784871542335682485,971955
1784871542340510664,971955
1784871542349868345,971955
1784871542472009968,971955
1784871542520004962,971955
1784871542914674963,971955
1784871542925006902,971955
1784871542957800415,971955
1784871543048315567,971955
1784871543142131895,971955
1784871543485322918,971955
1784871544253521751,971955
1784871544799531351,971955
1784871544815833822,971955
1784871544820360966,971956
1784871544841616337,971955
1784871544859282021,971955
1784871544941888047,971955
1784871545134380178,971955
1784871546695018725,971955
1784871547213049720,971956
1784871547232251138,971956
1784871547244660654,971956
1784871547392003089,971956
1784871547854731049,971956
1784871548017538381,971956
1784871548362635136,971956
1784871548538548805,971956
1784871548577920507,971956
1784871548581794224,971956
1784871548630810644,971956
1784871548846463459,971956
1784871549024974550,971956
1784871549799691139,971956
1784871550058415160,971956
1784871551491219919,971956
1784871551857377186,971956
1784871552021049974,971956
1784871552873142609,971956
1784871554735399772,971956
1784871554829628312,971956
1784871555542732877,971956
1784871556136413267,971956
1784871556170227168,971956
1784871556191791756,971956
1784871556211347696,971956
1784871556240505014,971956
1784871556460532017,971956
1784871556555458681,971956
1784871556561956286,971956
1784871557019289359,971956
1784871557861358133,971956
1784871559006655149,971956
1784871559293615801,971956
1784871559953141951,971956
1784871561486923321,971956
1784871561499847585,971956
1784871561519372602,971956
1784871561530131196,971956
1784871561558281324,971956
1784871561651519925,971956
1784871561782955272,971956
1784871561981864196,971956
1784871562010533573,971956
1784871562665460860,971956
1784871563184621590,971956
1784871563606981400,971956
1784871564048442668,971956
1784871564930941524,971956
1784871566634927547,971956
1784871567051341671,971956
1784871568128978969,971956
1784871569546956385,971956
1784871569906093340,971956
1784871574405702736,971956
1784871576909204263,971956
1784871577736151759,971956
1784871579338355568,971956
1784871582968378247,971956
1784871583338501434,971956
1784871584540363155,971956
1784871586180505361,971956
1784871592231662793,971962
1784871592236585589,971932
1784871592241225059,971910
1784871592245794829,971866
1784871592251977284,971877
1784871592460723936,971877
1784871592667813591,971877
1784871592891639318,971877
1784871593269049982,971877
1784871593279242253,971877
1784871593279443452,971877
1784871593292847065,971877
1784871593301027989,971877
1784871593343872683,971877
1784871593421991378,971877
1784871593731973826,971877
1784871593999104093,971877
1784871595168492661,971877
1784871596026737748,971877
1784871597558761927,971877
1784871597579298568,971877
1784871597904507427,971877
1784871599314827021,971877
1784871599868796669,971877
1784871599881443232,971877
1784871599895341663,971877
1784871599914148553,971877
1784871600026242051,971877
1784871600235067397,971877
1784871600492497677,971877
1784871601073698874,971878
1784871602128869245,971878
1784871602910432816,971878
1784871603179293005,971878
1784871603956435135,971878
1784871604900987566,971878
1784871605352763216,971878
1784871606341455830,971878
1784871606780639823,971878
1784871607410489366,971878
1784871607509829290,971878
1784871607521606127,971878
1784871607539047153,971878
1784871607730430394,971878
1784871608288321480,971878
1784871608507289503,971878
1784871611558732130,971879
1784871611575289794,971878
1784871612112775508,971878
1784871612507250307,971878
1784871612824907168,971878
1784871614100350534,971878
1784871614773910569,971878
1784871615301433427,971878
1784871615775726837,971878
1784871616520014071,971878
1784871617564558543,971878
1784871617912853732,971878
1784871617990387419,971878
1784871620124192603,971878
1784871620269662678,971878
1784871620755017091,971878
1784871621396186403,971878
1784871621447409457,971878
1784871621786584286,971878
1784871621850841261,971878
1784871621871504056,971878
1784871621894347157,971878
1784871621929160181,971878
1784871622007362980,971878
1784871623909227478,971878
1784871626582879133,971878
1784871627132349623,971878
1784871627734258885,971879
1784871629141506211,971878
1784871629288492845,971878
1784871629818919359,971878
1784871631473410718,971878
1784871632203657108,971878
1784871632992438159,971878
1784871634497859036,971878
1784871634707938622,971878
1784871634837058740,971878
1784871635033353775,971878
1784871635130419852,971878
1784871636291330728,971878
1784871637252058461,971878
1784871637716307150,971878
1784871639352820575,971878
1784871639855348696,971878
1784871641035166671,971878
1784871642708343943,971878
1784871643508814375,971878
1784871644608855678,971878
1784871646308605786,971878
1784871647571538923,971878
1784871647781634933,971878
1784871648141035848,971878
1784871648452171398,971878
1784871648466714524,971878
1784871648513415227,971878
1784871648620226022,971878
1784871649157245676,971878
1784871649305213644,971878
1784871650836436873,971878
1784871653467776028,971879
1784871653559832033,971879
1784871655524955511,971879
1784871655542158942,971879
1784871655868290627,971879
1784871655874366563,971879
1784871655887110117,971879
1784871655895388469,971880
1784871656151157683,971879
1784871656162568252,971879
1784871656177011289,971879
1784871656238303424,971879
1784871656306573229,971879
1784871656382499183,971879
1784871657158591515,971879
1784871657997131291,971879
1784871658334828318,971879
1784871659187305198,971879
1784871659480107007,971879
1784871659942838243,971879
1784871660707554019,971879
1784871660814723825,971879
1784871661288848632,971879
1784871661543706302,971879
1784871662021095822,971879
1784871662117038401,971879
1784871662562743201,971879
1784871663384353749,971879
1784871664269404950,971879
1784871664279493060,971879
1784871664860333788,971879
1784871665727869645,971879
1784871667217119773,971879
1784871667860239270,971879
1784871668373350139,971879
1784871669273003949,971879
1784871669461559396,971879
1784871670411333272,971879
1784871671058575406,971879
1784871672884357422,971879
1784871673102490248,971879
1784871673832536777,971879
1784871675124599032,971879
1784871676159223867,971879
1784871677808249494,971879
1784871679516443542,971879
1784871680039478228,971879
1784871680057131489,971879
1784871680077148777,971879
1784871680135051488,971879
1784871681325240026,971879
1784871681950845914,971879
1784871682177391687,971879
1784871683733986593,971879
1784871687270395295,971879
1784871687483463330,971879
1784871687735515842,971879
1784871689067851348,971879
1784871690175142245,971879
1784871690547285940,971879
1784871692604002943,971879
1784871693802233778,971879
1784871695409379648,971879
1784871698218520473,971881
1784871698706164652,971879
1784871700842503011,971879
1784871700928977759,971879
1784871701083591293,971879
1784871701444975742,971879
1784871705844710328,971879
1784871708667412635,971879
1784871711579876158,971881
1784871714422434919,971879
1784871714445017084,971879
1784871715475905892,971879
1784871716589070632,971879
1784871718338751127,971879
1784871718354591835,971879
1784871718967452622,971879
1784871718975539516,971879
1784871719004645264,971879
1784871719015595638,971879
1784871719268518138,971879
1784871719486275758,971881
1784871719982117276,971879
1784871722069280132,971879
1784871723130895405,971879
1784871723210845766,971879
1784871724309908214,971879
1784871724899745721,971821
1784871724904488583,971849
1784871724920673254,971872
1784871724924581385,971691
1784871724939764311,971694
1784871724993741574,971694
1784871725084705453,971694
1784871725961220408,971694
1784871727069620155,971694
1784871730675421547,971694
1784871732349291967,971694
1784871733820456414,971694
1784871734331406481,971694
1784871734769359010,971694
1784871735332720247,971694
1784871735370717519,971694
1784871735377057662,971694
1784871735410400229,971694
1784871735468328663,971694
1784871735515336124,971694
1784871735986670039,971694
1784871736334371453,971694
1784871738456956905,971694
1784871740850855889,971694
1784871743194312784,971694
1784871743571372758,971694
1784871743624540682,971694
1784871743686017257,971694
1784871743743372330,971694
1784871743850339227,971694
1784871743920955189,971694
1784871743996934424,971694
1784871744545636496,971694
1784871745167147386,971694
1784871745194013071,971694
1784871745863835441,971694
1784871746970413740,971696
1784871747085506291,971694
1784871747419489139,971694
1784871750051173609,971691
1784871750398588456,971694
1784871750459997333,971694
1784871750581161965,971694
1784871750620572802,971694
1784871750642727302,971694
1784871750746673474,971694
1784871751029271053,971694
1784871751083041547,971694
1784871751104668180,971694
1784871751105150886,971694
1784871751129599389,971694
1784871751288303141,971694
1784871751453315794,971694
1784871751487694837,971696
1784871751517847654,971696
1784871751533363432,971694
1784871751632890048,971694
1784871751774782436,971694
1784871751948210051,971694
1784871751969876357,971694
1784871751981005949,971696
1784871751998270840,971696
1784871752974767190,971694
1784871753023207719,971694
1784871753050098880,971694
1784871753079893181,971694
1784871753150667334,971694
1784871753611481913,971694
1784871754450573802,971694
1784871754713158972,971696
1784871754865607414,971694
1784871755012989341,971694
1784871755166789787,971694
1784871755474132455,971696
1784871755776385326,971694
1784871755935895314,971694
1784871756928536680,971694
1784871756947615681,971694
1784871756965442305,971694
1784871756981245246,971694
1784871757005055291,971694
1784871757038791392,971694
1784871757606572816,971694
1784871758290763115,971694
1784871758360807793,971694
1784871758459513428,971694
1784871759013635973,971694
1784871759026690272,971694
1784871759846443141,971694
1784871760606225380,971694
1784871760867262384,971694
1784871761296551554,971694
1784871761460608987,971694
1784871762684916631,971694
1784871765772229685,971694
1784871766907912411,971694
1784871767129761447,971694
1784871768483116231,971694
1784871770124456686,971694
1784871770144511683,971694
1784871770168142089,971694
1784871770284697508,971694
1784871770337771290,971694
1784871771088200419,971694
1784871772491977081,971694
1784871772525175506,971694
1784871772665740098,971694
1784871772817846195,971694
1784871775087329894,971694
1784871775863262970,971694
1784871776674539839,971694
1784871777281275185,971694
1784871777296649102,971694
1784871777462739536,971694
1784871778090295223,971694
1784871779029086875,971694
1784871780314945507,971694
1784871780337051071,971694
1784871780535483609,971694
1784871780730603678,971694
1784871781004329753,971694
1784871781227330075,971694
1784871781834428739,971694
1784871782105569961,971694
1784871782219014452,971694
1784871782733306931,971694
1784871783333463825,971694
1784871784698884354,971694
1784871784784897109,971694
1784871784974400251,971694
1784871785274484752,971694
1784871785579833748,971694
1784871785913656112,971694
1784871786672518713,971694
1784871786690962649,971694
1784871787210060588,971694
1784871788475576043,971694
1784871789484875699,971694
1784871789649140500,971694
1784871791000713854,971694
1784871791333274895,971694
1784871791562865117,971694
1784871791631359793,971694
1784871791734771532,971694
1784871791927012605,971694
1784871791940942044,971694
1784871792731179795,971694
1784871792947060197,971694
1784871793197977801,971694
1784871793247196250,971694
1784871793463409293,971694
1784871793696945804,971694
1784871793851699267,971694
1784871794091107756,971694
1784871794214553940,971694
1784871794319909433,971694
1784871794633573925,971694
1784871794959458526,971694
1784871795127563030,971694
1784871795551841896,971694
1784871795592013231,971694
1784871795967310147,971694
1784871796103338160,971503
1784871796103650246,971503
1784871796104738214,971503
1784871796154502949,971503
1784871796344903824,971503
1784871797126820644,971502
1784871797340120409,971502
1784871798331095226,971502
1784871798569911362,971502
1784871798630344518,971502
1784871798722536386,971502
1784871798816532259,971502
1784871799228435690,971502
1784871799423597819,971502
1784871799625236489,971502
1784871800511386104,971502
1784871801575759329,971502
1784871804346503037,971502
1784871806575645583,971502
1784871806596768709,971504
1784871806613030508,971502
1784871806621667592,971502
1784871806641971154,971502
1784871806666343125,971502
1784871806738154127,971502
1784871806766916932,971502
1784871806930782475,971502
1784871806947903563,971502
1784871807241343307,971502
1784871807676755161,971502
1784871807946479125,971502
1784871807952452032,971502
1784871807961601308,971502
1784871808016616917,971502
1784871808117150469,971502
1784871808542866672,971502
1784871808920338584,971502
1784871809087648030,971502
1784871809850833622,971502
1784871809972449695,971502
1784871810097987848,971502
1784871810098357124,971502
1784871810734503381,971502
1784871811999626087,971502
1784871812767482672,971502
1784871813494713762,971502
1784871813966564628,971502
1784871815263995237,971502
1784871815346213397,971502
1784871815933651754,971502
1784871816903936418,971502
1784871818233494300,971502
1784871820617772709,971502
1784871823720437545,971502
1784871823991822376,971502
1784871824037471857,971502
1784871824041153699,971502
1784871824112680172,971502
1784871824798805760,971502
1784871826337992086,971502
1784871826361063528,971502
1784871828559982896,971502
1784871829898502306,971502
1784871830293062764,971502
1784871830732063434,971502
1784871831141161626,971312
1784871831144093195,971276
1784871831146925928,971231
1784871831153909954,971257
1784871831161413759,971136
1784871831161662767,971136
1784871831165135790,971136
1784871831176721694,971136
1784871831188941427,971136
1784871831299647606,971136
1784871831336023355,971147
1784871831557035611,971245
1784871831657842992,971245
1784871831865891227,971245
1784871832200803187,971245
1784871832438455931,971204
1784871832772529771,971249
1784871833362842389,971209
1784871834064623680,971209
1784871834072717825,971209
1784871834111025393,971209
1784871834143989494,971209
1784871834230232562,971209
1784871834472115079,971209
1784871835322567399,971209
1784871836710405908,971209
1784871837858272432,971209
1784871838003067268,971222
1784871838010018278,971219
1784871838018949408,971219
1784871838027944522,971227
1784871838312272412,971234
1784871838354482882,971243
1784871838460656095,971265
1784871838470868160,971238
1784871838685235453,971248
1784871838782827078,971258
1784871839042771873,971268
1784871839206636127,971278
1784871839584947965,971283
1784871840344550771,971283
1784871840467837606,971270
1784871840971286854,971281
1784871841342081731,971276
1784871841738448821,971274
1784871842605323036,971276
1784871842915440172,971274
1784871842967409823,971274
1784871843224080207,971274
1784871844530837709,971274
1784871844537671335,971274
1784871845648811852,971274
1784871846320484653,971274
1784871846911448401,971274
1784871847054680002,971274
1784871848706216187,971274
1784871848790354018,971274
1784871848861189269,971274
1784871848867855323,971274
1784871849053706757,971274
1784871849116978742,971274
1784871849145142074,971274
1784871849165468542,971274
1784871849210205550,971274
1784871849231644965,971274
1784871849257823710,971274
1784871849338848243,971274
1784871849518854262,971274
1784871849700532931,971274
1784871849731424863,971274
1784871850200129253,971274
1784871850941891177,971274
1784871850984884693,971274
1784871851222465287,971274
1784871851278717677,971274
1784871851380308816,971274
1784871851402527654,971219
1784871851407356876,971201
1784871851409970783,971201
1784871851500337739,971201
1784871851556801047,971201
1784871851651847343,971201
1784871851831643815,971201
1784871852309196254,971201
1784871852794095596,971201
1784871854177476231,971201
1784871856244007939,971201
1784871858360161908,971201
1784871858774703491,971201
1784871858804491415,971201
1784871858862529958,971201
1784871858918543427,971201
1784871859163345001,971201
1784871859757724073,971203
1784871859778666622,971201
1784871859803828434,971201
1784871859982684690,971201
1784871860592094303,971201
1784871860906413866,971201
1784871861395243575,971201
1784871863388307802,971201
1784871865649923489,971203
1784871867168354468,971201
1784871867183510410,971201
1784871867260732487,971201
1784871867616284897,971201
1784871868059825293,971201
1784871868341697782,971201
1784871868908512867,971201
1784871869119460142,971201
1784871869367767905,971201
1784871871316549953,971201
1784871872018715954,971201
1784871875909529875,971201
1784871878713512285,971201
1784871880025308438,971203
1784871882081388041,971201
1784871882329100458,971201
1784871882579156356,971201
1784871883964398510,971201
1784871884165560993,971201
1784871885225770898,971201
1784871886224406378,971201
1784871886249246601,971201
1784871886324991960,971201
1784871886340786383,971201
1784871886928940394,970928
1784871886929090841,970928
1784871886929224708,970928
1784871886929333188,970928
1784871886929402745,970928
1784871886929402745,970928
1784871886929402745,970928
1784871886932353033,970919
1784871886932464986,970919
1784871886932753658,970919
1784871886981690398,970919
1784871887030357097,970917
1784871887067894738,970915
1784871887109940335,970915
1784871887292850212,970915
1784871887542725813,970915
1784871887746590305,970915
1784871887876539664,970915
1784871888194887455,970915
1784871888378919309,970915
1784871888634892951,970915
1784871888772883602,970915
1784871888785935903,970915
1784871889151711622,970915
1784871889830641176,970915
1784871889873839275,970915
1784871890478016610,970915
1784871890980540226,970915
1784871892531029137,970916
1784871892543289940,970916
1784871892543468115,971069
1784871892543738863,971068
1784871892552216299,970922
1784871892552475074,970818
1784871892558302054,970682
1784871892567846251,970513
1784871892576121640,970494
1784871892615681949,970494
1784871892639922898,970494
1784871892698655537,970494
1784871892780575045,970494
1784871892813279396,970455
1784871892827395279,970455
1784871892871676805,970454
1784871892949322188,970454
1784871892962650549,970454
1784871893269899147,970454
1784871893521659801,970454
1784871893670094902,970454
1784871893754684907,970454
1784871893831454937,970454
1784871894589272763,970454
1784871895537255448,970402
1784871895540264710,970399
1784871895540697096,970399
1784871895545190449,970276
1784871895545613308,969982
1784871895548929186,969982
1784871895683671901,969982
1784871895698130551,969982
1784871895715079531,969981
1784871895768988619,969959
1784871895878988860,969981
1784871895984726527,969981
1784871896126351716,969981
1784871896279014564,969981
1784871896361428317,969981
1784871896531622763,969981
1784871896710783993,969981
1784871897519673972,969981
1784871898052603981,969981
1784871898461601313,969981
1784871898497638566,969981
1784871898503988226,969981
1784871898515157610,969981
1784871898525690338,969981
1784871898533034969,969981
1784871898561574630,969981
1784871898598654975,969981
1784871898671950518,969981
1784871898755939307,969981
1784871898801950020,969981
1784871898840630138,969981
1784871898904361286,969981
1784871899028169783,969981
1784871899103224126,969981
1784871899251489610,969981
1784871899286857514,969981
1784871899328395316,969981
1784871899723628799,969981
1784871900096657291,969981
1784871900110913268,969981
1784871900591888245,969981
1784871901316874368,969983
1784871901531780645,969981
1784871901859396995,969981
1784871902003704762,969981
1784871902163125708,969981
1784871902371785269,969981
1784871904722906986,969980
1784871907537559538,969980
1784871907647431692,969980
1784871907860281231,969980
1784871908230676737,969980
1784871909017004203,969980
1784871909461322120,969980
1784871909634929801,969980
1784871909874897900,969980
1784871910229755735,969980
1784871911470189810,969980
1784871911743227153,969980
1784871911774537086,969980
1784871911785971556,969980
1784871911817165976,969980
1784871911896635579,969980
1784871912003359833,969980
1784871912356531996,969980
1784871912933992534,969980
1784871913196775705,969980
1784871913731375791,969980
1784871915070513924,969980
1784871915777405872,969980
1784871916316022706,969980
1784871917582914983,969980
1784871917597232957,969980
1784871917622640377,969980
1784871917627328725,969980
1784871917652423227,969980
1784871917756947930,969980
1784871917854616805,969980
1784871918090636191,969980
1784871918644329471,969980
1784871918651836208,969980
1784871918802809042,969980
1784871918811705698,969980
1784871918886223681,969980
1784871919020887031,969980
1784871919922943086,969980
1784871920079817194,969980
1784871920098653169,969980
1784871920156098955,969980
1784871920160542924,969980
1784871920178534358,969980
1784871920284645099,969980
1784871920337154272,969980
1784871920431674324,969980
1784871920489040656,969980
1784871920568594048,969980
1784871920644937709,969983
1784871920791292790,969980
1784871920945151394,969980
1784871921028482337,969980
1784871921138509807,969980
1784871921251690856,969983
1784871921479113610,969980
1784871921635335941,969980
1784871921896494180,969983
1784871922087368974,969980
1784871923440174214,969980
1784871925014918040,969980
1784871925818797742,969980
1784871932813027538,969980
1784871935509563523,969980
1784871936009479623,969980
1784871936505290226,969981
1784871936905477218,969981
1784871936905888542,969981
1784871936943058474,969981
1784871936993454645,969981
1784871937020588830,969981
1784871937026943165,969981
1784871937042950835,969981
1784871937113597986,969981
1784871937355519333,969981
1784871937596878932,969981
1784871938204230989,969981
1784871938531893236,969981
1784871941211343408,969981
1784871941597124596,969981
1784871943064532081,969981
1784871945221975092,969981
1784871946146211343,969981
1784871946663589423,969981
1784871946942161154,969981
1784871947192850124,969981
1784871947227475212,969981
1784871947603081671,969981
1784871951264218999,969981
1784871951943046682,969981
1784871952358755516,969981
1784871953825526032,969959
1784871955338739904,969981
1784871956910296959,969981
1784871958597523393,969981
1784871963953369219,969981
1784871964291620572,969981
1784871965476521777,969981
1784871969054305532,969981
1784871971756355235,969981
1784871974971506587,969981
1784871975093621166,969981
1784871975110445081,969981
1784871975180144683,969981
1784871976033224329,969981
1784871977785789524,969981
1784871982360069292,969981
1784871984159766288,969981
1784871986083837094,969981
1784871988223234084,969981
1784871991474526561,969981
1784871991766557466,969981
1784871991889850762,969981
1784871991908316978,969981
1784871991924701035,969981
1784871991937885149,969981
1784871991950775520,969981
1784871991969517390,969981
1784871992038363991,969981
1784871992085090230,969981
1784871992160735930,969981
1784871992443439264,969981
1784871993215574919,969981
1784871994939118737,969981
1784871995399022503,969981
1784871996378441576,969981
1784871997136119496,969981
1784871997417735297,969981
1784871998159482543,969981
1784871998989776974,969981
1784871999541049380,969981
1784872001334409580,969981
1784872002085206964,969981
1784872003694323687,969981
1784872004783679567,969981
1784872005692896292,969981
1784872007489272307,969981
1784872007929748670,969979
1784872008629923636,969979
1784872009732608202,969979
1784872011196137511,969979
1784872015645748245,969979
1784872017046495265,969979
1784872017561516565,969979
1784872019384515511,969979
1784872021043285943,969979
1784872021054250763,969979
1784872021069796930,969979
1784872021374145564,969979
1784872021973504034,969979
1784872021985667193,969979
1784872022541151926,969979
1784872023856138591,969971
1784872023866609839,969871
1784872023872641997,969871
1784872024280238152,969871
1784872024759513549,969871
1784872024777266008,969881
1784872024784251073,969881
1784872024808107891,969886
1784872024834539876,969886
1784872024877966681,969889
1784872024929628490,969926
1784872025147749162,969929
1784872025474164243,969929
1784872026288521954,969939
1784872026545364717,970034
1784872027527700111,970034
1784872028981489781,970032
1784872030004387090,970032
1784872031278274036,970032
1784872033483386482,970034
1784872033650015169,970032
1784872033727497262,970032
1784872033745966407,970032
1784872033789706009,970032
1784872033867781433,970032
1784872033892234039,970032
1784872034196808567,970032
1784872034866213067,970032
1784872035590619123,970032
1784872035820056201,970032
1784872036059751613,970032
1784872036205056985,970032
1784872037111715946,970032
1784872039455239142,970032
1784872042235577218,970032
1784872042795036892,970032
1784872042802790869,970032
1784872043872230480,970032
1784872044284994046,970032
1784872044293825992,970032
1784872044349886981,970032
1784872044574889662,970032
1784872045104249193,969890
1784872045114211573,970012
1784872045118249760,969872
1784872045120861852,969872
1784872045127968395,969874
1784872045150643377,969874
1784872045187162139,969874
1784872045344911981,969874
1784872045634420918,969874
1784872046227688300,969874
1784872047011171766,969874
1784872047283284291,969874
1784872048201059315,969874
1784872048220367236,969874
1784872048297602189,969872
1784872048445812712,969980
1784872048450402611,969855
1784872048514540794,969977
1784872048725216982,969977
1784872050224823487,969977
1784872051200819851,969977
1784872052117630040,969977
1784872052915855747,969977
1784872055913250791,969977
1784872059987713034,969977
1784872060197813923,969977
1784872060545012561,969977
1784872060612435667,969977
1784872060621507564,969977
1784872060675071203,969977
1784872061506500975,969977
1784872062288825892,969977
1784872064004894525,969977
1784872064016514411,969977
1784872064063784340,969977
1784872064206498599,969977
1784872064830015200,969977
1784872065779610057,969977
1784872065816558929,969977
1784872066372865711,969977
1784872067123370791,969980
1784872068397705284,969977
1784872070350044996,969977
1784872071606517356,969977
1784872071620941234,969977
1784872071653965120,969977
1784872071713614794,969977
1784872072070524925,969773
1784872072074235648,969704
1784872072074509708,969704
1784872072079008634,969704
1784872072167258813,969704
1784872072364623023,969704
1784872072783621966,969704
1784872072879680949,969704
1784872073013582672,969704
1784872073863494126,969704
1784872075288904715,969704
1784872076273494151,969704
1784872076413978847,969704
1784872078892494501,969704
1784872080814726361,969704
1784872080900545068,969704
1784872081990597500,969704
1784872082209082500,969704
1784872082438850607,969704
1784872084924108569,969704
1784872085535536160,969704
1784872086992202579,969704
1784872087904681022,969704
1784872088417385621,969704
1784872088418176810,969704
1784872088418676171,969704
1784872088419123677,969704
1784872088419481735,969704
1784872088445674215,969704
1784872088463408583,969704
1784872088476363803,969704
1784872088481235961,969475
1784872088481802103,969475
1784872088494775237,969475
1784872088495284065,969475
1784872088503526864,969475
1784872088523345427,969475
1784872088541304796,969475
1784872088593865848,969475
1784872088657913268,969387
1784872088660689081,969239
1784872088661071749,969201
1784872088662798263,968949
1784872088667204147,968949
1784872088669567761,968949
1784872088676053198,968949
1784872088690705403,968949
1784872088799383964,968949
1784872088846945763,968859
1784872088906017812,968859
1784872089056754396,968859
1784872089194918761,968859
1784872089603298640,968859
1784872089764568825,968859
1784872090723906424,968852
1784872091488010987,968851
1784872092196551031,968851
1784872092206988383,968851
1784872092225716309,968851
1784872092335101751,968851
1784872092433565158,968851
1784872092771039613,968851
1784872092852335425,968851
1784872092947461834,968851
1784872093489973771,968851
1784872093782976718,968851
1784872094515180978,968851
1784872094582714889,968851
1784872095838261174,968851
1784872096329996088,968851
1784872096607102088,968851
1784872096635067061,968851
1784872096711308640,968851
1784872097018502384,968851
1784872097261223241,968851
1784872097939066359,968851
1784872098756613002,968851
1784872100396833119,968851
1784872102035264405,968851
1784872105754945689,968851
1784872109205086780,968851
1784872115144040414,968851
1784872115213014087,968851
1784872115264239870,968851
1784872115353539935,968851
1784872115392426380,968851
1784872115544075628,968851
1784872115558580088,968851
1784872115629203824,968851
1784872115907607914,968851
1784872116069382943,968851
1784872116904204690,968851
1784872117303872344,968851
1784872117343562135,968851
1784872117907038321,968851
1784872118017166339,968851
1784872118030666313,968853
1784872118052762323,968851
1784872118073770738,968851
1784872118101122280,968851
1784872118257034328,968851
1784872119359545543,968851
1784872119484566856,968851
1784872119992428653,968851
1784872122725475437,968851
1784872123968969053,968851
1784872124016597779,968851
1784872124094981288,968851
1784872124337371700,968851
1784872124767875070,968851
1784872125309009498,968851
1784872125499621252,968851
1784872125659463362,968851
1784872125969582583,968851
1784872126368557793,968851
1784872127310366795,968851
1784872127738643155,968851
1784872132447001772,968851
1784872132927877737,968851
1784872133425921774,968851
1784872134298308072,968851
1784872134309811536,968851
1784872134317123699,968851
1784872134326453559,968851
1784872134336318218,968851
1784872134343084378,968851
1784872134351660037,968851
1784872134363356091,968851
1784872134407233228,968851
1784872134464389800,968851
1784872134474840947,968851
1784872134485067825,968851
1784872134505328264,968851
1784872134553893666,968851
1784872134904499642,968851
1784872135213649149,968851
1784872135264301730,968851
1784872136583863752,968851
1784872136745009785,968851
1784872136977529137,968851
1784872136977930432,968851
1784872136978602325,968851
1784872136979644055,968851
1784872137588145980,968851
1784872137768027093,968851
1784872137779112320,968851
1784872137845183750,968851
1784872137846387400,968851
1784872137926294039,968851
1784872137934673632,968851
1784872137941703946,968851
1784872138060688646,968851
1784872138075075822,968851
1784872138403684460,968851
1784872138812174065,968851
1784872139017532801,968851
1784872139084056603,968851
1784872139222652915,968851
1784872139631221463,968851
1784872140083712689,968851
1784872142166465922,968851
1784872142860744187,968851
1784872144003296352,968851
1784872144448265234,968851
1784872145159801603,968851
1784872145508911188,968851
1784872145787434109,968851
1784872147160025133,968851
1784872149100853497,968851
1784872149164163254,968851
1784872149404075479,968851
1784872150034753773,968851
1784872150342741601,968851
1784872150349231398,968851
1784872150367739822,968851
1784872150380723298,968851
1784872150422425553,968851
1784872150737706763,968851
1784872150972111721,968851
1784872151064194510,968851
1784872151082012140,968851
1784872151226748909,968851
1784872151322851260,968851
1784872151361299344,968851
1784872151594387917,968851
1784872151791139258,968851
1784872152008043391,968851
1784872152185792130,968851
1784872152257776401,968851
1784872152563306233,968851
1784872153046152153,968851
1784872154965964777,968851
1784872157540790043,968851
1784872158960175902,968851
1784872159405732465,968850
1784872159867181206,968850
1784872160954716934,968850
1784872162441989821,968850
1784872162880496284,968850
1784872164466886913,968850
1784872166140499418,968850
1784872166742981409,968850
1784872166743391601,968850
1784872166796523023,968850
1784872166853707505,968850
1784872167261276824,968853
1784872168793490285,968850
1784872169656491605,968850
1784872170224388641,968850
1784872171193639546,968850
1784872171890630604,968850
1784872173561245755,968850
1784872174272543502,968850
1784872174284923425,968850
1784872175139861550,968850
1784872176051244364,968850
1784872177186931582,968850
1784872178829062618,968850
1784872179239106451,968853
1784872179239518904,968857
1784872179240029062,968938
1784872179240537913,969109
1784872179241040898,969071
1784872179241421197,969187
1784872179242945183,969186
1784872179243455328,969186
1784872179284107725,969187
1784872179401441722,969187
1784872179671710381,969187
1784872179962422796,969187
1784872180828788655,969187
1784872181080832462,969187
1784872181081331879,969187
1784872181293818971,969187
1784872181568043257,969187
1784872182406328161,969187
1784872182585214111,969187
1784872183128511725,969187
1784872183145394846,969187
1784872183233819289,969187
1784872183239537744,969187
1784872183370969271,969187
1784872183747513284,969187
1784872184666671601,969187
1784872185176105780,969187
1784872185527503419,969187
1784872185927573679,969187
1784872186560244366,969187
1784872187121420831,969187
1784872187121885048,969187
1784872187204402922,969187
1784872187262823126,969187
1784872187837512291,969187
1784872188657327685,969187
1784872189018169474,969187
1784872189138567942,969187
1784872189236640178,969187
1784872189328197638,969187
1784872189388831243,969187
1784872189588675451,969187
1784872189853432891,969187
1784872190446408910,969187
1784872191728791338,969187
1784872191883373869,969187
1784872192027488264,969187
1784872192230836842,969187
1784872193041738664,969187
1784872193585393936,969187
1784872193994340910,969187
1784872194383743352,969187
1784872195017452258,969187
1784872196146498537,969187
1784872197175525547,969187
1784872198319108576,969187
1784872199000586174,969187
1784872199146526540,969187
1784872199549046908,969187
1784872200871149243,969188
1784872202148422542,969188
1784872202328072573,969188
1784872203153044615,969188
1784872203235654622,969188
1784872203245687710,969188
1784872203295439594,969188
1784872203295729718,969188
1784872203344142869,969188
1784872203434313622,969188
1784872203457429195,969188
1784872203501522897,969188
1784872203526525118,969188
1784872203556183410,969188
1784872203581096475,969188
1784872203608595703,969188
1784872203693115852,969188
1784872203936025862,969183
1784872203936341656,969150
1784872203937684240,969150
1784872204199728800,969150
1784872204357276925,969150
1784872204416446473,969150
1784872204443523384,969150
1784872204562218062,969150
1784872204855795414,969150
1784872205757027432,969152
1784872207080776466,969150
1784872207298541220,969150
1784872207305595114,969150
1784872207328599359,969150
1784872207416435840,969150
1784872207461760201,969150
1784872207703035135,969150
1784872208294662450,969150
1784872208830577579,969150
1784872211082929187,969150
1784872211377448869,969150
1784872212105228310,969150
1784872212590536392,969150
1784872212607857120,969150
1784872212623309013,969150
1784872212953764814,969150
1784872214074564295,969150
1784872214313807613,969150
1784872214551649233,969150
1784872215693676182,969150
1784872215741110413,969150
1784872215888333311,969150
1784872216392096503,969150
1784872216920757895,969150
1784872217276032795,969150
1784872217539481196,969150
1784872218027490944,969150
1784872219543040395,969150
1784872219750788351,969150
1784872220194250728,969150
1784872221854236100,969150
1784872222860737934,969150
1784872224727917226,969150
1784872226239062601,969150
1784872226872714777,969150
1784872227467621897,969150
1784872227468361724,969150
1784872227851752436,969150
1784872230332620876,969150
1784872231767594864,969150
1784872232554338402,969150
1784872234225495271,969150
1784872234254009026,969150
1784872234300571606,969150
1784872234325720484,969150
1784872234371419593,969150
1784872234487758444,969150
1784872234499995214,969150
1784872234544880094,969150
1784872234568563730,969150
1784872234636339395,969150
1784872234837618551,969150
1784872236900080053,969150
1784872237934435450,969150
1784872237996616821,969150
1784872238060935600,969150
1784872238116023748,969150
1784872238215578662,969150
1784872238707568903,969150
1784872239139549498,969150
1784872239334895838,969204
1784872239338160967,969022
1784872239338754122,969022
1784872239343987027,969022
1784872239480400007,969022
1784872239625204844,969022
1784872240254533367,969022
1784872240528713090,969022
1784872240930625757,969022
1784872241530592725,969022
1784872242619663424,969022
1784872243136555148,969022
1784872243283084937,969022
1784872244444272055,969022
1784872246387258098,969022
1784872246605343588,969022
1784872246986632037,969022
1784872247006360696,969022
1784872247018342703,969022
1784872247115548797,969022
1784872247389014854,969022
1784872248668791344,969022
1784872249860508879,969022
1784872251669829085,969022
1784872252658578055,969022
1784872253168931802,969022
1784872253608969997,969022
1784872255779709260,969023
1784872256162577047,969023
1784872256650530745,969023
1784872256943063614,969023
1784872258800349787,969023
1784872259721781327,969023
1784872260156343262,969023
1784872260546855207,969023
1784872263102999450,969023
1784872263308970223,969023
1784872263374915666,968999
1784872263380031305,968971
1784872263381125361,968912
1784872263382888774,968741
1784872263450710750,968720
1784872263529991759,968608
1784872263842768364,968586
1784872264115741644,968619
1784872264866500431,968562
1784872266339609970,968571
1784872266357917810,968574
1784872266367554108,968443
1784872266495951960,968443
1784872266991918939,968443
1784872267132042740,968443
1784872268326872476,968443
1784872268523457392,968443
1784872269808856740,968441
1784872270954862999,968443
1784872273143485698,968443
1784872273200553444,968443
1784872273209877992,968443
1784872273219911248,968443
1784872273237574487,968443
1784872273247410556,968443
1784872273283968046,968443
1784872273299427260,968443
1784872273362795612,968443
1784872273427386496,968443
1784872273548952673,968443
1784872273856349959,968443
1784872274398701101,968443
1784872274659816993,968443
1784872274785256893,968443
1784872274904059884,968443
1784872275854415612,968443
1784872275873826781,968443
1784872275892823371,968443
1784872275924950246,968444
1784872275936614194,968442
1784872275965731540,968442
1784872276041961485,968442
1784872276127095718,968442
1784872276426484562,968442
1784872277028144715,968440
1784872278928406259,968442
1784872278993455040,968442
1784872279609990842,968442
1784872282149676187,968442
1784872282150704411,968442
1784872282151568315,968442
1784872282151993019,968442
1784872282168123492,968442
1784872282168840303,968442
1784872282171991806,968442
1784872282193168146,968442
1784872282227067017,968442
1784872282250643820,968442
1784872282269305236,968442
1784872282300822228,968442
1784872282310627355,968458
1784872282311229212,968458
1784872282324371354,968458
1784872282328799298,968458
1784872282384196988,968458
1784872282465370832,968463
1784872282474012208,968463
1784872282474896661,968463
1784872282587243250,968463
1784872282639482489,968463
1784872282677890125,968463
1784872282854960496,968463
1784872282889790598,968463
1784872283170408058,968463
1784872283271754405,968464
1784872283271983342,968469
1784872283277351558,968427
1784872283277878352,968399
1784872283279218311,968374
1784872283289899329,968363
1784872283305665460,968352
1784872283322486859,968352
1784872283363628534,968352
1784872283380465301,968352
1784872283457041820,968352
1784872283549639189,968436
1784872283735273413,968436
1784872283874657201,968436
1784872284184472636,968436
1784872284388760104,968436
1784872284615641585,968356
1784872284718961963,968345
1784872284853741761,968345
1784872285736387358,968345
1784872285736661919,968345
1784872285823396763,968345
1784872285867391279,968345
1784872285882371064,968345
1784872285895688980,968345
1784872285908419574,968345
1784872285936630178,968345
1784872286041597363,968345
1784872286234263575,968345
1784872286662508509,968345
1784872286909502136,968345
1784872287574991765,968345
1784872287633826638,968345
1784872288203872572,968345
1784872288655330281,968345
1784872288718786135,968345
1784872288758470584,968345
1784872288775692572,968345
1784872288783623692,968345
1784872288823337617,968345
1784872289004163741,968345
1784872289274948531,968345
1784872289553627594,968246
1784872289828064775,968246
1784872290275239434,968289
1784872291263426466,968243
1784872291386761592,968254
1784872291433748542,968243
1784872291795071278,968285
1784872292428392182,968285
1784872293035943890,968239
1784872294815592155,968239
1784872295066602419,968239
1784872296080322557,968239
1784872297208981882,968239
1784872298334485561,968239
1784872298335127510,968239
1784872299350863491,968239
1784872299351257665,968239
1784872299414656443,968239
1784872299966867744,968239
1784872299967163131,968239
1784872299967442737,968239
1784872299991417040,968239
1784872300416441934,968239
1784872300868679004,968239
1784872300869052942,968239
1784872301953063152,968239
1784872303754163077,968239
1784872303967220238,968239
1784872303967839509,968239
1784872304013737064,968239
1784872304163661372,968239
1784872304249884189,968239
1784872305084133948,968239
1784872305700316226,968239
1784872305757606313,968239
1784872306148947220,968239
1784872306926974756,968239
1784872307663000747,968239
1784872308673461922,968239
1784872308674435286,968239
1784872308763916466,968239
1784872309794830153,968239
1784872310744288305,968239
1784872311229215141,968239
1784872311279298640,968239
1784872311901243978,968239
1784872312201474279,968239
1784872312969231198,968239
1784872314108903280,968239
1784872315144814308,968239
1784872315732312211,968239
1784872316350437701,968239
1784872317988824218,968239
1784872317989370055,968239
1784872317989908381,968239
1784872319967795210,968239
1784872321130996146,968239
1784872323031556001,968239
1784872324236368991,968239
1784872324285587333,968239
1784872324346004441,968239
1784872324628134126,968239
1784872325260277844,968239
1784872326488011712,968239
1784872328666885112,968239
1784872328704998304,968239
1784872328760720069,968239
1784872328893668939,968239
1784872329353728093,968239
1784872329354681510,968241
1784872329403992506,968239
1784872329478311675,968239
1784872329525990866,968239
1784872329845320149,968239
1784872330037422473,968239
1784872330289984870,968239
1784872331038135205,968239
1784872333365783684,968239
1784872334786010023,968239
1784872335089566986,968239
1784872335665369964,968239
1784872337756895904,968239
1784872338493832827,968239
1784872338525919312,968239
1784872338737986311,968239
1784872338980277368,968239
1784872339185415505,968239
1784872339598194089,968244
1784872339670611658,968276
1784872339678898089,968244
1784872339685365420,968244
1784872339689646309,968241
1784872339690048430,968244
1784872339698635297,968244
1784872339715836479,968244
1784872339716364485,968241
1784872339725676051,968249
1784872339843360280,968274
1784872340004171038,968274
1784872340928209507,968276
1784872342666837565,968274
1784872345158950417,968274
1784872346045339766,968274
1784872346118376855,968274
1784872348915216505,968274
1784872350145164118,968274
1784872350858924292,968274
1784872352191633304,968274
1784872355674670295,968274
1784872358844793784,968274
1784872358972360088,968274
1784872359442766532,968274
1784872359668323640,968274
1784872361097946694,968274
1784872361490517788,968274
1784872362601626962,968274
1784872362841105630,968274
1784872362962276973,968274
1784872363096324081,968274
1784872366415903054,968276
1784872371136951397,968265
1784872371137665851,968240
1784872371138218111,968240
1784872371138657554,968240
1784872371143094769,968240
1784872371297113755,968240
1784872371433721340,968240
1784872372669293667,968242
1784872377909088619,968240
1784872377912923784,968240
1784872377923181145,968240
1784872377948938268,968240
1784872378917645929,968240
1784872379739809803,968240
1784872381273312870,968240
1784872383926464445,968242
1784872383944935992,968240
1784872383945562566,968240
1784872383948469704,968242
1784872383952597585,968261
1784872383958258209,968268
1784872384086392620,968244
1784872384178748332,968246
1784872384240012993,968244
1784872384251689163,968244
1784872384273789259,968244
1784872384304542952,968244
1784872384734579074,968244
1784872385861845809,968244
1784872388749079700,968244
1784872389734870452,968244
1784872391240318647,968244
1784872392432445030,968284
1784872392444072487,968236
1784872392453968004,968233
1784872392468140143,968213
1784872392473901555,968215
1784872392479978512,968403
1784872392495472004,968407
1784872392501721099,968387
1784872392518205776,968273
1784872392592478954,968273
1784872392599864213,968273
1784872392609897933,968355
1784872392737705758,968166
1784872392814695519,968156
1784872393114873444,968156
1784872393496342679,968153
1784872393924340364,968156
1784872394639669285,968165
1784872395047388966,968156
1784872395693479390,968288
1784872395838621471,968140
1784872396836977251,968270
1784872398885500030,968270
1784872399191746041,968270
1784872402230730797,968269
1784872403914318109,968269
1784872405539586326,968269
1784872407674669826,968270
1784872407987124303,968270
1784872411994705295,968270
1784872414654456119,968270
1784872418022850254,968270
1784872418034001347,968270
1784872418041211235,968270
1784872418053543662,968270
1784872418130430925,968270
1784872418956600164,968270
1784872419264323329,968270
1784872420600625275,968270
1784872421724867082,968270
1784872423247053313,968270
1784872431014860687,968270
1784872431052768986,968270
1784872431139826733,968270
1784872431201048249,968270
1784872431208179064,968270
1784872431213638717,968270
1784872431284714434,968270
1784872431285239979,968270
1784872431505147015,968270
1784872431975325421,968270
1784872433803650121,968270
1784872434629834769,968270
1784872435379910389,968270
1784872435701522789,968270
1784872435720407292,968270
1784872436061922352,968270
1784872438998016344,968270
1784872439218865827,968270
1784872441110448915,968270
1784872442715103479,968270
1784872442915888720,968270
1784872444030312568,968270
1784872444879551880,968270
1784872445026814656,968270
1784872445033223648,968270
1784872445051286522,968270
1784872445064259182,968270
1784872445100568273,968270
1784872445153043288,968270
1784872445191782052,968270
1784872445208341052,968270
1784872445222354893,968270
1784872445273523294,968270
1784872445330781830,968270
1784872445353725230,968270
1784872445470863002,968270
1784872445503856196,968270
1784872445641251999,968270
1784872445724817614,968270
1784872445783835781,968270
1784872445829440467,968270
1784872446123623094,968270
1784872447526453231,968270
1784872448275447684,968270
1784872448706744736,968270
1784872449263870350,968270
1784872449291900050,968270
1784872449340154135,968270
1784872449372830720,968270
1784872449600120382,968270
1784872449820617845,968270
1784872449833749551,968270
1784872449878560700,968270
1784872449891196191,968270
1784872449924115897,968270
1784872449972416550,968270
1784872450013258420,968270
1784872450084417579,968270
1784872450403431050,968270
1784872450403789888,968270
1784872450413408144,968270
1784872450461874269,968270
1784872450518628245,968270
1784872450650008306,968270
1784872451112768417,968270
1784872451577004453,968270
1784872451603314256,968270
1784872451624969995,968270
1784872451666778297,968270
1784872451762888909,968270
1784872451866950852,968270
1784872452063334810,968270
1784872452093310135,968270
1784872452099100410,968270
1784872452116245708,968270
1784872452133135291,968270
1784872452175281049,968270
1784872452184857279,968272
1784872452195695249,968270
1784872452198802926,968270
1784872452204115435,968270
1784872452207454804,968270
1784872452215774790,968270
1784872452224135044,968270
1784872452324948878,968270
1784872452351517213,968270
1784872452400439294,968270
1784872452503305122,968270
1784872452644899147,968270
1784872452777000493,968272
1784872452833753731,968270
1784872452966987877,968270
1784872453071413791,968270
1784872453326685707,968270
1784872454487290350,968270
1784872455102142403,968270
1784872455184358479,968270
1784872455633809941,968270
1784872456053686520,968270
1784872456637201592,968270
1784872458768170495,968270
1784872461349343098,968270
1784872461349774805,968272
1784872461350268587,968272
1784872462020355775,968270
1784872462042221576,968270
1784872462056836373,968270
1784872462057819634,968270
1784872462062974024,968270
1784872462100140506,968270
1784872462129475618,968270
1784872462205718685,968270
1784872462205962532,968270
1784872462262895987,968270
1784872462480425306,968270
1784872462985264348,968270
1784872463700968739,968270
1784872463786295951,968270
1784872464856968538,968270
1784872466024554788,968270
1784872466607923042,968270
1784872467962211181,968270
1784872467977437900,968270
1784872468326311136,968270
1784872470542731988,968270
1784872470545154653,968270
1784872470583539808,968270
1784872470615253760,968270
1784872470627309158,968270
1784872470646586351,968270
1784872470663780565,968270
1784872470693175121,968270
1784872470694137103,968270
1784872470715366720,968270
1784872470753412544,968270
1784872470794802167,968270
1784872471002699856,968270
1784872472823730860,968270
1784872473796514992,968270
1784872474969771073,968270
1784872475119627670,968270
1784872475358196146,968270
1784872475386034244,968270
1784872475863824723,968270
1784872476075567265,968270
1784872476111617051,968270
1784872476919311302,968270
1784872476919829775,968270
1784872476923070797,968270
1784872476978002657,968270
1784872477037045837,968270
1784872477064152712,968270
1784872477095316590,968270
1784872477139784377,968270
1784872477186782565,968270
1784872477235333642,968270
1784872477267474463,968270
1784872477393652745,968270
1784872477846355467,968270
1784872477894516756,968270
1784872478654609569,968270
1784872478661303377,968272
1784872478689732685,968270
1784872478697159854,968270
1784872478703928444,968270
1784872478706464209,968270
1784872478712450297,968270
1784872478722643087,968270
1784872478850932000,968270
1784872479172432407,968270
1784872479590680316,968270
1784872480174909187,968270
1784872480715000132,968270
1784872481936559067,968270
1784872482236739290,968270
1784872483123915874,968270
1784872483346427242,968270
1784872483461105210,968270
1784872483979232503,968270
1784872486312749598,968270
1784872486651716993,968270
1784872486676274730,968270
1784872486698729992,968270
1784872486708226277,968270
1784872486732634441,968270
1784872486905193085,968270
1784872486978420266,968270
1784872487497959410,968270
1784872487589152655,968270
1784872487604194287,968272
1784872487620051034,968270
1784872487655000911,968270
1784872488177581175,968270
1784872488905460832,968270
1784872488918221448,968270
1784872488930374516,968270
1784872488968917622,968270
1784872489340285915,968270
1784872490837645964,968270
1784872491458709943,968270
1784872493014999168,968270
1784872493289655404,968270
1784872493912436931,968270
1784872494478376677,968270
1784872494631376460,968270
1784872494637540866,968270
1784872494637966041,968270
1784872494638696399,968270
1784872494652842800,968270
1784872494687957024,968270
1784872494729284303,968270
1784872494743205736,968270
1784872494761195373,968270
1784872494765138488,968270
1784872494837924287,968270
1784872494868092976,968270
1784872494928811928,968270
1784872494963254695,968270
1784872495022775982,968270
1784872495294490791,968270
1784872496014156410,968270
1784872497019560206,968270
1784872497394384302,968270
1784872497394953064,968270
1784872497452456459,968270
1784872497559361131,968270
1784872498111123645,968270
1784872498294302108,968272
1784872498296348495,968270
1784872498421266168,968270
1784872498581261523,968270
1784872498870840510,968272
1784872499351691903,968270
1784872499885906215,968270
1784872500117097161,968270
1784872500151129350,968270
1784872500429045707,968270
1784872500622322681,968270
1784872500827916212,968270
1784872501028322187,968270
1784872501131218429,968270
1784872501384150736,968270
1784872501390150103,968270
1784872501405425806,968270
1784872501428770149,968270
1784872501448337021,968270
1784872501453190211,968272
1784872501469510566,968272
1784872501495104064,968270
1784872501533275047,968270
1784872501553463851,968270
1784872501626317886,968270
1784872501657025768,968270
1784872501761187931,968270
1784872501769481411,968270
1784872501804976014,968270
1784872501869804447,968270
1784872501962189086,968270
1784872502128389628,968270
1784872502675776618,968270
1784872502924091134,968270
1784872503087744784,968270
1784872503470435330,968270
1784872503949430690,968270
1784872504442293527,968270
1784872504451412416,968270
1784872504492060355,968270
1784872504613181937,968270
1784872504613788410,968270
1784872504714681960,968270
1784872504847834453,968270
1784872504859834996,968272
1784872504884871025,968270
1784872504959822312,968270
1784872504996599688,968270
1784872505071038375,968270
1784872505112862714,968270
1784872505145254882,968270
1784872505295931986,968270
1784872505352793609,968270
1784872505371599252,968270
1784872505430429352,968270
1784872505539926961,968270
1784872505634225863,968270
1784872505636300833,968270
1784872505637195952,968270
1784872505664313645,968270
1784872505705487613,968270
1784872505881765368,968270
1784872506013284924,968270
1784872506113335367,968270
1784872506384774756,968270
1784872506408020211,968270
1784872507328393084,968270
1784872507339066386,968270
1784872507348639053,968270
1784872507381572164,968270
1784872507419816357,968270
1784872507438738416,968270
1784872507569505891,968270
1784872507941019688,968270
1784872509105454917,968270
1784872510096662511,968270
1784872510518012597,968270
1784872510681076710,968270
1784872511626640645,968270
1784872512446350665,968269
1784872512652400478,968269
1784872514085207533,968269
1784872514373940941,968269
1784872514388485134,968269
1784872514453461879,968269
1784872514531986093,968269
1784872515256153265,968269
1784872516385143118,968269
1784872517054844516,968269
1784872517104437186,968269
1784872517283849269,968269
1784872517784761075,968269
1784872518024293969,968269
1784872518120627301,968269
1784872518283141096,968269
1784872518589077672,968269
1784872518889476811,968269
1784872518965379273,968269
1784872519213029015,968269
1784872520063305113,968269
1784872520557919202,968269
1784872520785673222,968269
1784872521594499535,968269
1784872522254255743,968269
1784872523657963024,968269
1784872524478517810,968269
1784872525635134038,968269
1784872526507663202,968269
1784872528012135019,968270
1784872528012748656,968270
1784872528013234271,968270
1784872528114584415,968270
1784872528456771948,968270
1784872528930183780,968270
1784872530037348764,968270
1784872530925667021,968270
1784872530939910626,968270
1784872531140128498,968270
1784872532126676731,968270
1784872532777242677,968270
1784872533334787403,968270
1784872533414000387,968270
1784872534155391548,968270
1784872534188739719,968270
1784872534504101050,968270
1784872534946578763,968270
1784872535017245902,968270
1784872536053100167,968270
1784872536165957896,968270
1784872536919415359,968270
1784872537635686821,968270
1784872537999563093,968270
1784872538328622806,968270
1784872539893297735,968270
1784872540299030909,968270
1784872541219558340,968270
1784872541734721421,968270
1784872541735266877,968270
1784872543370292965,968270
1784872545003795710,968270
1784872546741555328,968270
1784872547852544753,968270
1784872548387347340,968270
1784872548757801594,968270
1784872549108048348,968270
1784872549703895369,968270
1784872552531967704,968284
1784872552536998414,968414
1784872552537268855,968404
1784872552538767496,968404
1784872552541210881,968404
1784872552680824756,968404
1784872552829611434,968403
1784872553148570215,968404
1784872553819315492,968404
1784872556169944542,968404
1784872558118562248,968404
1784872558135473604,968404
1784872558152355527,968404
1784872558325621949,968404
1784872558935444818,968404
1784872559133327373,968404
1784872559387291987,968404
1784872560259602976,968404
1784872560932029150,968404
1784872563684036898,968404
1784872565797058127,968404
1784872566919945444,968404
1784872567601932220,968404
1784872569464563658,968404
1784872569656377963,968404
1784872569891953764,968404
1784872570064455325,968404
1784872570815939958,968519
1784872570816406649,968390
1784872570817530458,968390
1784872570893288208,968388
1784872571092754353,968388
1784872571937932523,968389
1784872574399750194,968390
1784872575838713425,968390
1784872576855068744,968390
1784872578496719159,968390
1784872579286936006,968390
1784872580132560291,968390
1784872580745913044,968391
1784872581996097986,968391
1784872584697893587,968391
1784872585045156038,968391
1784872587412825471,968391
1784872588776162571,968391
1784872589000022082,968391
1784872591298186802,968391
1784872591910385302,968356
1784872591918226003,968272
1784872591921953384,968274
1784872591924780985,968274
1784872591934230513,968277
1784872591942915857,968268
1784872591956360221,968261
1784872592040028378,968312
1784872592111926377,968262
1784872592487231425,968262
1784872592833822649,968262
1784872595085917005,968262
1784872595086826681,968262
1784872595087299586,968262
1784872595087780295,968262
1784872595088520832,968262
1784872595117522054,968262
1784872595123738509,968262
1784872595189374183,968262
1784872595193002068,968262
1784872595259940822,968262
1784872595287949253,968262
1784872595328893482,968262
1784872595329404448,968262
1784872595329771231,968262
1784872595698405406,968262
1784872596085369971,968262
1784872596823318841,968262
1784872596823880353,968262
1784872596824348256,968262
1784872597107302288,968262
1784872597745108222,968344
1784872597745673776,968344
1784872597746428841,968342
1784872597773707757,968344
1784872597931776291,968344
1784872597938529363,968344
1784872597959543380,968344
1784872598086894614,968344
1784872598255848500,968344
1784872598318511283,968344
1784872599021735688,968344
1784872600547718798,968344
1784872600561041023,968344
1784872600575837299,968344
1784872600617862447,968344
1784872600658130741,968344
1784872600669708796,968395
1784872600669945037,968395
1784872600672776793,968438
1784872600673211453,968450
1784872600673657613,968413
1784872600679133596,968417
1784872600680140487,968437
1784872600690845882,968437
1784872600758647934,968437
1784872600824722414,968437
1784872600843412865,968437
1784872600882233866,968437
1784872600985462604,968437
1784872601102954055,968437
1784872601114477083,968414
1784872601123692339,968361
1784872601250464126,968361
1784872601285791405,968361
1784872601437608612,968361
1784872601583558879,968302
1784872601843511869,968314
1784872601967879939,968362
1784872602186528543,968362
1784872602453839535,968362
1784872602626518426,968362
1784872603689566964,968362
1784872603696101133,968322
1784872603974621150,968320
1784872604410985308,968323
1784872604916817609,968323
1784872605731189573,968323
1784872605892325123,968323
1784872606423830881,968323
1784872606535904823,968323
1784872606574582328,968287
1784872606665478108,968282
1784872607371960416,968354
1784872607512459541,968354
1784872608087177736,968284
1784872609216923740,968287
1784872609621990490,968353
1784872609741812220,968280
1784872610035533050,968280
1784872610050410720,968280
1784872610080084451,968280
1784872610341012935,968280
1784872610543673395,968280
1784872611164219582,968280
1784872611773810407,968279
1784872611995009808,968279
1784872612134622223,968279
1784872612388582302,968279
1784872613415563756,968279
1784872613416062596,968279
1784872613416443665,968279
1784872613778560321,968279
1784872614769902625,968279
1784872614835483700,968279
1784872615152770062,968279
1784872615632402497,968279
1784872615937761559,968279
1784872616382588028,968279
1784872617210455197,968279
1784872617815014774,968279
1784872620309967085,968279
1784872620485575143,968279
1784872620633811952,968279
1784872622218577939,968279
1784872623856390311,968222
1784872624269383925,968279
1784872628162259310,968279
1784872629108665123,968279
1784872629830856671,968279
1784872632254645166,968279
1784872633452641743,968279
1784872633994554670,968279
1784872634817158624,968279
1784872635638981853,968279
1784872637066864463,968279
1784872638825678491,968279
1784872638896025874,968279
1784872639292203494,968279
1784872640452664168,968279
1784872641844189797,968279
1784872641872155763,968279
1784872641892443584,968279
1784872641909899451,968279
1784872641932818586,968279
1784872642430336452,968279
1784872642904648695,968279
1784872643395732264,968279
1784872643520196603,968279
1784872644473163122,968279
1784872645119063083,968279
1784872645153545025,968279
1784872645975601926,968279
1784872647345415790,968279
1784872649252887010,968279
1784872649253359209,968279
1784872650377833370,968279
1784872650788511070,968279
1784872651615526160,968279
1784872651702746914,968279
1784872652103814718,968279
1784872654269299343,968279
1784872654270455146,968279
1784872654403855337,968279
1784872655265889291,968279
1784872655909474827,968279
1784872657444932467,968279
1784872658841802844,968279
1784872660085262624,968279
1784872661437007650,968279
1784872662064305874,968279
1784872663692029067,968279
1784872664818271415,968279
1784872664835272246,968279
1784872665638146972,968279
1784872667481688153,968279
1784872669940315463,968279
1784872671677665502,968279
1784872672804015175,968279
1784872679050524726,968279
1784872691440278943,968279
1784872692157352153,968279
1784872693432520960,968279
1784872694206639788,968279
1784872694800460947,968279
1784872697072489061,968279
1784872698609888544,968279
1784872700698181371,968279
1784872701343047724,968279
1784872705633603392,968279
1784872709974720375,968279
1784872711651707316,968279
1784872714254472765,968279
1784872715296546433,968279
1784872715909589774,968279
1784872718265060457,968279
1784872718991605769,968279
1784872720896883156,968279
1784872723737637101,968279
1784872727842685520,968279
1784872728205159513,968279
1784872731196675122,968279
1784872731696800169,968279
1784872732817614903,968279
1784872733516645121,968279
1784872735558491236,968279
1784872738655699689,968279
1784872738689494426,968279
1784872740772095244,968279
1784872743215807098,968279
1784872744083394980,968279
1784872744083864723,968279
1784872744097634826,968279
1784872744107818714,968279
1784872744112306914,968279
1784872744134972311,968279
1784872744137851230,968279
1784872744167215652,968279
1784872744212971582,968279
1784872744271026205,968279
1784872747360274968,968279
1784872752951690905,968279
1784872753810448184,968279
1784872754325010184,968279
1784872755038012196,968279
1784872755677077504,968279
1784872756062392654,968279
1784872758930181039,968279
1784872761078954860,968279
1784872763948733730,968279
1784872767494803459,968279
1784872769500549248,968279
1784872772344723564,968279
1784872781355372077,968279
1784872781864441439,968493
1784872781865019115,968502
1784872781882582738,968502
1784872781897984723,968502
1784872782022945892,968502
1784872782328816349,968502
1784872782355834473,968502
1784872782848135761,968502
1784872783197636467,968502
1784872783425126341,968502
1784872783560524420,968502
1784872783779058895,968502
1784872783859399484,968502
1784872784996262432,968502
1784872785264567484,968502
1784872785366917148,968502
1784872785435924051,968502
1784872785724052825,968502
1784872786896475317,968502
1784872787806696220,968502
1784872789221932883,968502
1784872790161520792,968502
1784872790778214060,968502
1784872790778708199,968502
1784872790779222561,968502
1784872790780659078,968502
1784872790784067432,968502
1784872790812677069,968502
1784872790878730999,968502
1784872790917567057,968502
1784872790936183851,968502
1784872790958844745,968502
1784872790985523134,968502
1784872791013178611,968502
1784872791048969528,968502
1784872791061101766,968469
1784872791073447606,968469
1784872791078306777,968469
1784872791100339351,968469
1784872791146586705,968469
1784872791185630746,968469
1784872791231644744,968469
1784872791299575638,968469
1784872791351879432,968469
1784872791558575844,968469
1784872791722446899,968469
1784872791868949618,968400
1784872791869594946,968219
1784872791881491533,968219
1784872791881889183,968163
1784872791883009177,968163
1784872791883437174,968163
1784872791967222702,968163
1784872792082378609,968163
1784872792260728896,968162
1784872792277671925,968162
1784872792317179767,968162
1784872792391849709,968162
1784872792481463614,968162
1784872792765875627,968162
1784872792850012422,968162
1784872792883213108,968162
1784872792894012571,968162
1784872793212322662,968162
1784872793467109857,968162
1784872793745606923,968162
1784872793888510960,968162
1784872794770892598,968162
1784872795490940234,968162
1784872795622231932,968162
1784872796925543364,968162
1784872796994466190,968162
1784872798148742159,968162
1784872798868695727,968162
1784872800074209435,968163
1784872800176413331,968163
1784872800187137716,968163
1784872800232487075,968163
1784872800269627175,968163
1784872800323870027,968163
1784872800757606307,968163
1784872800875587329,968163
1784872801220249846,968163
1784872801601208066,968163
1784872801627402605,968163
1784872801659911219,968163
1784872801716152427,968163
1784872801805816680,968163
1784872802088017762,968163
1784872802177165577,968163
1784872802195129401,968163
1784872802206174919,968163
1784872802212198168,968163
1784872802219321867,968163
1784872802232564628,968163
1784872802258829911,968163
1784872802303002276,968163
1784872802365987908,968163
1784872802527853283,968163
1784872802634589699,968163
1784872802658883453,968163
1784872802693656026,968163
1784872802785071815,968163
1784872803176226786,968163
1784872803308972992,968163
1784872804190818245,968163
1784872804316758079,968163
1784872804327714406,968163
1784872804328176497,968163
1784872804459088926,968163
1784872804546515852,968163
1784872804561061309,968163
1784872804579267520,968163
1784872804605488054,968163
1784872804700547511,968163
1784872804808952399,968163
1784872804851427456,968163
1784872804959143222,968163
1784872805034007195,968163
1784872805229114721,968163
1784872805403051201,968163
1784872805501474295,968163
1784872805793713875,968163
1784872806062737713,968163
1784872806083528956,968163
1784872806101610642,968163
1784872806317011524,968163
1784872806379638880,968163
1784872806750899276,968163
1784872806957208396,968163
1784872807263387430,968163
1784872807263703636,968163
1784872807315905337,968163
1784872807353556042,968163
1784872807590257464,968163
1784872808145332459,968163
1784872808644202758,968163
1784872808901371375,968163
1784872808905552516,968163
1784872808956185023,968163
1784872809213703064,968163
1784872810092025693,968163
1784872810235006680,968163
1784872810390588696,968163
1784872810502526833,968163
1784872810511396152,968163
1784872810790811974,968163
1784872811068296901,968163
1784872811169623417,968163
1784872811250813586,968163
1784872811870829292,968163
1784872812586778425,968163
1784872812638926306,968163
1784872812675192786,968163
1784872812721618053,968163
1784872812766915257,968163
1784872812894720439,968163
1784872812974152364,968163
1784872813516078892,968162
1784872814311593453,968162
1784872814541927245,968162
1784872816486228480,968163
1784872817047953597,968163
1784872817296493225,968163
1784872817449409310,968163
1784872819499324858,968163
1784872819514965517,968163
1784872820062309710,968163
1784872820678131719,968163
1784872821803510824,968163
1784872822826707790,968163
1784872823665648768,968163
1784872823972678590,968163
1784872824912711956,968163
1784872827131519569,968163
1784872827132058281,968163
1784872827132754132,968163
1784872827540984598,968163
1784872827541795181,968163
1784872827585881058,968163
1784872827653412718,968163
1784872827720966811,968163
1784872827722654195,968163
1784872827730949971,968163
1784872827783357024,968163
1784872827855740547,968163
1784872828255389488,968163
1784872828256354173,968163
1784872828256874516,968163
1784872828349402349,968163
1784872828573939723,968163
1784872830404947943,968163
1784872831636527868,968163
1784872833478381483,968163
1784872836039911136,968163
1784872836441531937,968162
1784872838085503422,968162
1784872841388772010,968163
1784872841492219218,968163
1784872841492465082,968163
1784872841801045771,968163
1784872841801456523,968259
1784872841801828989,968328
1784872841802364666,968328
1784872841802717844,968329
1784872841803137275,968316
1784872841803555255,968321
1784872841804709186,968321
1784872841805094229,968321
1784872841805440250,968301
1784872841805826738,968300
1784872841847242419,968300
1784872841847662075,968300
1784872841848058835,968300
1784872841919026910,968300
1784872841919449623,968300
1784872842114662827,968300
1784872842114937780,968300
1784872842115169008,968300
1784872842185485061,968300
1784872842185767071,968300
1784872842186180133,968300
1784872842186516331,968300
1784872842186965287,968300
1784872842187299963,968300
1784872842187641526,968300
1784872842187881111,968300
1784872842188137426,968300
1784872842188409137,968300
1784872842188737768,968300
1784872842188985362,968300
1784872842189353571,968300
1784872842189712297,968300
1784872842190074901,968300
1784872842190380729,968300
1784872842190614149,968300
1784872842190899005,968300
1784872842191227454,968300
1784872842191474682,968300
1784872842191769640,968300
1784872842192040266,968300
1784872842192311501,968300
1784872842192638631,968300
1784872842192984677,968300
1784872842193557365,968300
1784872842194663909,968300
1784872842195228783,968300
1784872842195845315,968300
1784872842196426203,968300
1784872842197117000,968300
1784872842197841689,968300
1784872842198525467,968300
1784872842199300591,968300
1784872842199861457,968300
1784872842200039225,968300
1784872842244406775,968300
1784872842244956769,968300
1784872842245371560,968300
1784872842246262477,968300
1784872842246588798,968300
1784872842246972785,968300
1784872842247234696,968300
1784872842247812394,968300
1784872842261002254,968300
1784872842261505515,968300
1784872842262295477,968300
1784872842262575401,968300
1784872842262926238,968300
1784872842263218833,968300
1784872842263491059,968300
1784872842263717425,968300
1784872842263930595,968300
1784872842264179464,968300
1784872842264451479,968300
1784872842264731197,968300
1784872842265035840,968300
1784872842265317392,968300
1784872842265547304,968300
1784872842265868352,968300
1784872842266266709,968300
1784872842266491456,968300
1784872842266744872,968300
1784872842266998706,968300
1784872842267220975,968300
1784872842267489026,968300
1784872842267844725,968300
1784872842268159607,968300
1784872842268515757,968300
1784872842268816480,968300
1784872842269143585,968300
1784872842316783734,968300
1784872842317247265,968300
1784872842317672332,968300
1784872842318181390,968300
1784872842318496031,968300
1784872842319033131,968300
1784872842319388158,968300
1784872842319593423,968300
1784872842320036564,968300
1784872842320251461,968300
1784872842320466671,968300
1784872842320635489,968300
1784872842320831489,968300
1784872842321007689,968300
1784872842321378092,968300
1784872842321573974,968300
1784872842321897462,968300
1784872842322253624,968300
1784872842322672774,968215
1784872842323037967,968184
1784872842323377130,968133
1784872842323773872,968133
1784872842324080153,968133
1784872842324391771,968130
1784872842324691789,968130
1784872842324937762,968130
1784872842325295447,968130
1784872842325583417,968130
1784872842325977015,968130
1784872842326263669,968130
1784872842326434968,968130
1784872842326650158,968130
1784872842326859859,968130
1784872842327067857,968130
1784872842365077890,968130
1784872842365382219,968130
1784872842365661927,968130
1784872842366011331,968130
1784872842366626767,968130
1784872842366958115,968130
1784872842367177299,968130
1784872842367378090,968130
1784872842367544227,968130
1784872842367781031,968130
1784872842375588513,968130
1784872842375876691,968130
1784872842376188297,968130
1784872842376389160,968130
1784872842376575195,968130
1784872842376851075,968130
1784872842377248919,968130
1784872842377627869,968130
1784872842378438755,968130
1784872842378773884,968130
1784872842379015948,968130
1784872842379227218,968130
1784872842379472611,968130
1784872842379678629,968130
1784872842379965477,968130
1784872842380132501,968130
1784872842380952089,968267
1784872842382258188,968269
1784872842382810457,968380
1784872842383109874,968380
1784872842383353196,968380
1784872842383559259,968380
1784872842383778486,968380
1784872842384098703,968380
1784872842453601359,968380
1784872842453830190,968380
1784872842454405422,968380
1784872842454921163,968380
1784872842455584624,968380
1784872842456103046,968380
1784872842456537926,968380
1784872842457147323,968380
1784872842457739425,968380
1784872842458232947,968380
1784872842458711803,968380
1784872842458926548,968380
1784872842459197032,968380
1784872842459424094,968380
1784872842459766139,968380
1784872842459991401,968380
1784872842460236569,968381
1784872842460419855,968381
1784872842460715052,968381
1784872842460905744,968381
1784872842461135457,968381
1784872842461352237,968381
1784872842461518957,968381
1784872842461747318,968381
1784872842462017494,968381
1784872842462508333,968381
1784872842462899906,968381
1784872842463431695,968381
1784872842463943770,968381
1784872842464485938,968381
1784872842464868350,968381
1784872842465508654,968381
1784872842465921411,968381
1784872842466586904,968381
1784872842467118665,968381
1784872842525607878,968381
1784872842526474446,968381
1784872842526730031,968381
1784872842526968365,968383
1784872842527191116,968381
1784872842527431786,968381
1784872842527617196,968381
1784872842527834849,968381
1784872842528233340,968381
1784872842528863479,968381
1784872842529294167,968381
1784872842544659640,968387
1784872842545452043,968424
1784872842546255063,968424
1784872842546860377,968448
1784872842547287471,968448
1784872842548230971,968448
1784872842548963781,968448
1784872842549821786,968448
1784872842550193830,968448
1784872842550442214,968448
1784872842550695977,968448
1784872842550963847,968448
1784872842551217489,968448
1784872842551474428,968448
1784872842551662384,968448
1784872842551846090,968448
1784872842552056237,968448
1784872842552269494,968448
1784872842552470897,968448
1784872842552921776,968448
1784872842553697190,968448
1784872842554629952,968448
1784872842554945782,968448
1784872842603983327,968448
1784872842604218831,968448
1784872842604452933,968448
1784872842604644838,968448
1784872842604847969,968448
1784872842605106616,968448
1784872842605363214,968448
1784872842605617043,968448
1784872842606378443,968448
1784872842606703901,968448
1784872842606922137,968448
1784872842607171105,968448
1784872842607381316,968448
1784872842607594555,968448
1784872842607778847,968448
1784872842607975853,968448
1784872842608167555,968448
1784872842608436175,968448
1784872842608623952,968448
1784872842608814107,968448
1784872842609160777,968449
1784872842609994368,968450
1784872842610726358,968465
1784872842611607431,968465
1784872842612138451,968465
1784872842612659546,968465
1784872842613285538,968465
1784872842614201226,968465
1784872842614958829,968465
1784872842615572421,968465
1784872842615953346,968465
1784872842616190320,968465
1784872842616426862,968465
1784872842616630551,968465
1784872842616872687,968465
1784872842666622857,968465
1784872842666860790,968465
1784872842667083237,968465
1784872842667315572,968465
1784872842667533100,968465
1784872842667804100,968465
1784872842668017393,968465
1784872842668260904,968465
1784872842668433132,968465
1784872842668643189,968465
1784872842668837600,968465
1784872842669043586,968465
1784872842669503721,968465
1784872842670419636,968465
1784872842670986361,968465
1784872842671751928,968465
1784872842671986510,968465
1784872842672233833,968465
1784872842672461572,968465
1784872842672675819,968465
1784872842673011040,968465
1784872842673227551,968465
1784872842673480346,968465
1784872842676174168,968465
1784872842676425322,968465
1784872842676647368,968465
1784872842676842043,968465
1784872842677054365,968465
1784872842677255020,968465
1784872842677711071,968465
1784872842678283262,968465
1784872842678700406,968465
1784872842678988816,968465
1784872842679235621,968465
1784872842716777300,968465
1784872842717493469,968465
1784872842717975591,968465
1784872842718697765,968465
1784872842718962221,968465
1784872842719208616,968465
1784872842719416150,968465
1784872842719629608,968465
1784872842719845749,968465
1784872842720113103,968465
1784872842720617487,968465
1784872842721241862,968465
1784872842721519868,968465
1784872842721758704,968465
1784872842721956225,968465
1784872842722297872,968465
1784872842722502699,968465
1784872842722736233,968465
1784872842722964479,968465
1784872842723336909,968465
1784872842723571361,968465
1784872842724000411,968465
1784872842724233169,968465
1784872842724489830,968464
1784872842724696060,968464
1784872842724949628,968464
1784872842725315350,968469
1784872842727328266,968470
1784872842727682947,968470
1784872842727909448,968470
1784872842728120850,968470
1784872842728338919,968470
1784872842765696084,968470
1784872842765928688,968470
1784872842766252621,968470
1784872842766456679,968470
1784872842766715530,968471
1784872842766959415,968428
1784872842767188154,968483
1784872842767468672,968483
1784872842767645922,968483
1784872842767823355,968483
1784872842768014929,968483
1784872842768206793,968456
1784872842768380210,968483
1784872842768563980,968483
1784872842768761494,968483
1784872842769307110,968483
1784872842769925335,968483
1784872842770513413,968483
1784872842771058181,968483
1784872842771828074,968483
1784872842772219390,968483
1784872842772417102,968483
1784872842772617329,968483
1784872842772820076,968483
1784872842773053611,968483
1784872842773206241,968483
1784872843507558828,968483
1784872843848650334,968483
1784872845559632480,968483
1784872846170453706,968483
1784872847206359342,968483
1784872847207004914,968483
1784872847207286585,968483
1784872847207286585,968483
