ts,equity
1784867004792229009,1e+06
1784867005220432167,1e+06
1784867006121902556,1e+06
1784867006706531742,1e+06
1784867007062247696,1e+06
1784867007062574558,1e+06
1784867007074118309,1e+06
1784867007114640445,1e+06
1784867007134933683,1e+06
1784867007173110444,1e+06
1784867007206457713,1e+06
1784867007287860940,1e+06
1784867007545176863,1e+06
1784867007561713289,1e+06
1784867007629586926,1e+06
1784867007917806656,1e+06
1784867008040994037,1e+06
1784867008074977099,1e+06
1784867008112014408,1e+06
1784867008221582574,1e+06
1784867008910824327,1e+06
1784867013505179431,1e+06
1784867013733809175,1e+06
1784867013949705215,1e+06
1784867013965894876,1e+06
1784867014200397068,1e+06
1784867014253943815,1e+06
1784867014299273094,1e+06
1784867014484281501,1e+06
1784867014605623221,1e+06
1784867015339654164,1e+06
1784867016260617805,1e+06
1784867017080419409,1e+06
1784867017140529921,1e+06
1784867017223244558,1e+06
1784867017590951593,1e+06
1784867017713705743,1e+06
1784867018002891995,1e+06
1784867019026781004,1e+06
1784867019208802315,1e+06
1784867019435839074,1e+06
1784867019437487885,1e+06
1784867019627089770,1e+06
1784867019989786544,1e+06
1784867020492802131,1e+06
1784867022219122048,1e+06
1784867022219727533,1e+06
1784867022220968784,1e+06
1784867022236971292,1e+06
1784867022264510628,1e+06
1784867022275815766,1e+06
1784867022361391308,1e+06
1784867022396337553,1e+06
1784867022421915641,1e+06
1784867022445927732,1e+06
1784867022471921748,1e+06
1784867022487501198,1e+06
1784867022499878398,1e+06
1784867022672735958,1e+06
1784867023047075161,1e+06
1784867023092311250,1e+06
1784867023157710722,1e+06
1784867023367981834,1e+06
1784867023458294831,1e+06
1784867023609525919,1e+06
1784867023691863101,1e+06
1784867024154004814,1e+06
1784867024467017047,1e+06
1784867024964294842,1e+06
1784867025809444522,1e+06
1784867025883331191,1e+06
1784867026008917934,1e+06
1784867026207168517,1e+06
1784867026338221798,1e+06
1784867026357746846,1e+06
1784867026359411062,1e+06
1784867026360018535,1e+06
1784867026394826537,1e+06
1784867026406886762,1e+06
1784867026409246926,1e+06
1784867026489757563,1e+06
1784867026524390045,1e+06
1784867026701126156,1e+06
1784867027055894245,1e+06
1784867027163443275,1e+06
1784867027186217866,1e+06
1784867027230172342,1e+06
1784867027276504690,1e+06
1784867027393349417,1e+06
1784867027598997695,1e+06
1784867028242230628,1e+06
1784867028242681562,1e+06
1784867029191431833,1e+06
1784867029882551417,1e+06
1784867030700522027,1e+06
1784867031512785548,1e+06
1784867031611391674,1e+06
1784867031634780693,1e+06
1784867031652884049,1e+06
1784867031665276762,1e+06
1784867031665747665,1e+06
1784867031687095942,1e+06
1784867031692816057,1e+06
1784867031703148371,1e+06
1784867031704138512,1e+06
1784867031719910966,1e+06
1784867031720774224,1e+06
1784867031740830168,1e+06
1784867031755578692,1e+06
1784867031789391603,1e+06
1784867031827071474,1e+06
1784867031867860457,1e+06
1784867031902622928,1e+06
1784867031973176090,1e+06
1784867032139523327,1e+06
1784867032165102981,1e+06
1784867032183990617,1e+06
1784867032326655403,1e+06
1784867032641930044,1e+06
1784867033044008673,1e+06
1784867033064489594,1e+06
1784867033080095468,1e+06
1784867033097767515,1e+06
1784867033135789744,1e+06
1784867033163209551,1e+06
1784867033192306705,1e+06
1784867033222400848,1e+06
1784867033357714811,1e+06
1784867033634985428,1e+06
1784867033638907890,1e+06
1784867033639567674,1e+06
1784867033646356135,1e+06
1784867033780223095,1e+06
1784867033891072484,1e+06
1784867034005572737,1e+06
1784867034027800681,1e+06
1784867034159974793,1e+06
1784867034588605725,1e+06
1784867034897443558,1e+06
1784867034920327137,1e+06
1784867034987628341,1e+06
1784867035020404543,1e+06
1784867035042996613,1e+06
1784867035056731338,1e+06
1784867035071027241,1e+06
1784867035084242136,1e+06
1784867035090969959,1e+06
1784867035106571072,1e+06
1784867035121499830,1e+06
1784867035122749588,1e+06
1784867035131600236,1e+06
1784867035141658719,1e+06
1784867035152027448,1e+06
1784867035163577482,1e+06
1784867035182389672,1e+06
1784867035191257451,1e+06
1784867035208294325,1e+06
1784867035223784577,1e+06
1784867035291923760,1e+06
1784867035304153734,1e+06
1784867035367474283,1e+06
1784867035411954337,1e+06
1784867035554285961,1e+06
1784867035603381045,1e+06
1784867035759444237,1e+06
1784867035902624901,1e+06
1784867036126644390,1e+06
1784867036442321329,1e+06
1784867036967931514,1e+06
1784867037590505689,1e+06
1784867038301545633,1e+06
1784867038607038873,1e+06
1784867039199483105,1e+06
1784867039520813180,1e+06
1784867040140393360,1e+06
1784867040140748533,1e+06
1784867040186681106,1e+06
1784867040603286963,1e+06
1784867040861155440,1e+06
1784867041021243026,1e+06
1784867041677762341,1e+06
1784867041695247258,1e+06
1784867041701855437,1e+06
1784867041826234286,1e+06
1784867041896343975,1e+06
1784867041969954441,1e+06
1784867042069348004,1e+06
1784867042170936037,1e+06
1784867042265711987,1e+06
1784867042434275190,1e+06
1784867042653342349,1e+06
1784867043065214176,1e+06
1784867043539285196,1e+06
1784867044744662974,1e+06
1784867044793030765,1e+06
1784867044816252657,1e+06
1784867044921455962,1e+06
1784867045162198930,1e+06
1784867045916145903,1e+06
1784867046145837530,1e+06
1784867046198858381,1e+06
1784867046250807484,1e+06
1784867046268817589,1e+06
1784867046295138052,1e+06
1784867046494930223,1e+06
1784867046965771709,1e+06
1784867047193956482,1e+06
1784867048009204490,1e+06
1784867048824988577,1e+06
1784867049101877777,1e+06
1784867049742368043,1e+06
1784867051081844838,1e+06
1784867051758219082,1e+06
1784867051799774799,1e+06
1784867052010296948,1e+06
1784867052171796560,1e+06
1784867052185042352,1e+06
1784867052241142841,1e+06
1784867052952709518,1e+06
1784867053130912812,1e+06
1784867053425716891,1e+06
1784867053700859771,1e+06
1784867054062529453,1e+06
1784867054266216847,1e+06
1784867054839111298,1e+06
1784867055246617909,1e+06
1784867055594166851,1e+06
1784867056014361609,1e+06
1784867056554368089,1e+06
1784867056966580722,1e+06
1784867057323029593,1e+06
1784867057570952055,1e+06
1784867057856027670,1e+06
1784867058240274165,1e+06
1784867058695879554,1e+06
1784867059019750645,1e+06
1784867059100686996,1e+06
1784867059157958685,1e+06
1784867059275762505,1e+06
1784867059821291894,1e+06
1784867061534532702,1e+06
1784867061718779005,1e+06
1784867061744761166,1e+06
1784867061774909040,1e+06
1784867061799297333,1e+06
1784867061823494104,1e+06
1784867061849882911,1e+06
1784867061862675379,1e+06
1784867061926634652,1e+06
1784867061962660824,1e+06
1784867061981332452,1e+06
1784867061992529015,1e+06
1784867062018913362,1e+06
1784867062057638763,1e+06
1784867062075318578,1e+06
1784867062099517735,1e+06
1784867062210200004,1e+06
1784867062277748216,1e+06
1784867062407027453,1e+06
1784867062486904176,1e+06
1784867062487246875,1e+06
1784867062500275876,1e+06
1784867062524171458,1e+06
1784867062573601726,1e+06
1784867062689649141,1e+06
1784867062944603132,1e+06
1784867063059598210,1e+06
1784867063163233671,1e+06
1784867063274589042,1e+06
1784867063311805035,1e+06
1784867063344691212,1e+06
1784867063582646025,1e+06
1784867063705750877,1e+06
1784867063722007724,1e+06
1784867063765772462,1e+06
1784867063836585094,1e+06
1784867063838185633,1e+06
1784867063838334990,1e+06
1784867063852338726,1e+06
1784867063857879999,1e+06
1784867063925004276,1e+06
1784867064021013635,1e+06
1784867064078103509,1e+06
1784867064331214073,1e+06
1784867064925866076,1e+06
1784867065456302921,1e+06
1784867065858744568,1e+06
1784867066374157232,1e+06
1784867066393911792,1e+06
1784867066399905802,1e+06
1784867066412775526,1e+06
1784867066454903876,1e+06
1784867066503980390,1e+06
1784867066565161095,1e+06
1784867066606779563,1e+06
1784867066685804771,1e+06
1784867066690811760,1e+06
1784867066691341947,1e+06
1784867066706334928,1e+06
1784867066767775193,1e+06
1784867066965468159,1e+06
1784867066965775960,1e+06
1784867066988884935,1e+06
1784867067067991910,1e+06
1784867067243890298,1e+06
1784867067253703837,1e+06
1784867067271436815,1e+06
1784867067275845157,1e+06
1784867067344438876,1e+06
1784867067409886159,1e+06
1784867067582973589,1e+06
1784867067935315197,1e+06
1784867068536698250,1e+06
1784867068553784542,1e+06
1784867068625248708,1e+06
1784867068655041316,1e+06
1784867068943300370,1e+06
1784867069233732515,1e+06
1784867069771065147,1e+06
1784867070033570630,1e+06
1784867071061559528,1e+06
1784867072405874436,1e+06
1784867072672151606,1e+06
1784867073088978531,1e+06
1784867073863610192,1e+06
1784867073875340186,1e+06
1784867073942212003,1e+06
1784867074210260054,1e+06
1784867075183300743,1e+06
1784867075776591808,1e+06
1784867076312113865,1e+06
1784867076559229183,1e+06
1784867077033971845,1e+06
1784867077611291048,1e+06
1784867079481602672,1e+06
1784867079921281782,1e+06
1784867080305955131,1e+06
1784867080312414671,1e+06
1784867080318325406,1e+06
1784867080331424635,1e+06
1784867080378792873,1e+06
1784867080496595685,1e+06
1784867081023063272,1e+06
1784867081039615608,1e+06
1784867081047541245,1e+06
1784867081080521920,1e+06
1784867081106877889,1e+06
1784867081240801685,1e+06
1784867081609287566,1e+06
1784867081998395803,1e+06
1784867082170472628,1e+06
1784867082973410420,1e+06
1784867083646274980,1e+06
1784867083742597916,1e+06
1784867084604601751,1e+06
1784867086345833599,1e+06
1784867086420479621,1e+06
1784867087299632981,1e+06
1784867087393894371,1e+06
1784867088138292014,1e+06
1784867088934076932,1e+06
1784867088952014468,1e+06
1784867088976485506,1e+06
1784867088995661185,1e+06
1784867089027189149,1e+06
1784867089108747823,1e+06
1784867089289476588,1e+06
1784867089881535436,1e+06
1784867090025891480,1e+06
1784867090045127231,1e+06
1784867090079974071,1e+06
1784867090158822744,1e+06
1784867090854770340,1e+06
1784867091146630561,1e+06
1784867091546707011,1e+06
1784867092118103591,1e+06
1784867092707230044,1e+06
1784867092718487621,1e+06
1784867092775062793,1e+06
1784867093064631996,1e+06
1784867093075139150,1e+06
1784867093116090489,1e+06
1784867093211593460,1e+06
1784867093238554671,1e+06
1784867093254916988,1e+06
1784867093287635783,1e+06
1784867093364700359,1e+06
1784867093446135824,1e+06
1784867093921854855,1e+06
1784867094089046356,1e+06
1784867094295133104,1e+06
1784867094522373309,1e+06
1784867094749564170,1e+06
1784867095226622411,1e+06
1784867095569920438,1e+06
1784867095636739612,1e+06
1784867095660470464,1e+06
1784867095686992886,1e+06
1784867095699974852,1e+06
1784867095775324237,1e+06
1784867095951597517,1e+06
1784867096227787823,1e+06
1784867096966374606,1e+06
1784867097710379585,1e+06
1784867098372229553,1e+06
1784867098845052180,1e+06
1784867099949631305,1e+06
1784867099964132389,1e+06
1784867100078151459,1e+06
1784867100222150637,1e+06
1784867100841338449,1e+06
1784867100854907075,1e+06
1784867101287280778,1e+06
1784867101420496554,1e+06
1784867101462377538,1e+06
1784867101568996571,1e+06
1784867102068378111,1e+06
1784867102226637400,1e+06
1784867102951150460,1e+06
1784867103015912490,1e+06
1784867103034553939,1e+06
1784867103046873815,1e+06
1784867103064606243,1e+06
1784867103110407723,1e+06
1784867103278169786,1e+06
1784867103804269615,1e+06
1784867104749308944,1e+06
1784867105147758031,1e+06
1784867105157714162,1e+06
1784867105763087380,1e+06
1784867106580684212,1e+06
1784867111236148776,1e+06
1784867111629396631,1e+06
1784867112911054839,1e+06
1784867113498838081,1e+06
1784867114607007852,1e+06
1784867114989408910,1e+06
1784867115271710705,1e+06
1784867115845702627,1e+06
1784867116492815821,1e+06
1784867116737225197,1e+06
1784867116969688391,1e+06
1784867118111015934,1e+06
1784867121362182468,1e+06
1784867125458874253,1e+06
1784867126046273716,1e+06
1784867129046849135,1e+06
1784867129206212996,1e+06
1784867130383614905,1e+06
1784867131807831294,1e+06
1784867132667806422,1e+06
1784867134266110394,1e+06
1784867139113149804,1e+06
1784867140633163238,1e+06
1784867141307285017,1e+06
1784867142287220187,1e+06
1784867143763081555,1e+06
1784867144458803155,1e+06
1784867145692775764,1e+06
1784867146699101190,1e+06
1784867148174658149,1e+06
1784867150142099420,1e+06
1784867153318492507,1e+06
1784867153651632908,1e+06
1784867153686968167,1e+06
1784867153761209124,1e+06
1784867155017420647,1e+06
1784867155353188646,1e+06
1784867155447386631,1e+06
1784867155471893083,1e+06
1784867155547494037,1e+06
1784867155574906663,1e+06
1784867155590352314,1e+06
1784867155636569467,1e+06
1784867155722661183,1e+06
1784867155835904673,1e+06
1784867155847062597,1e+06
1784867155875349323,1e+06
1784867155941167246,1e+06
1784867156143598698,1e+06
1784867156968740939,1e+06
1784867157173091333,1e+06
1784867157834446434,1e+06
1784867157869914598,1e+06
1784867157872984440,1e+06
1784867157873145569,1e+06
1784867157873961370,1e+06
1784867157877234281,1e+06
1784867157878469591,1e+06
1784867157885513661,1e+06
1784867158023132284,1e+06
1784867158083561827,1e+06
1784867158200337977,1e+06
1784867158222114198,1e+06
1784867158257080409,1e+06
1784867158304222836,1e+06
1784867159022917456,1e+06
1784867160554907648,1e+06
1784867162686465732,1e+06
1784867162742350668,1e+06
1784867164230198286,1e+06
1784867167170902399,1e+06
1784867168583571367,1e+06
1784867168746336562,1e+06
1784867168751312886,1e+06
1784867168753523157,1e+06
1784867168946242341,1e+06
1784867168962826578,1e+06
1784867168986919001,1e+06
1784867169127784014,1e+06
1784867169595366445,1e+06
1784867169821079441,1e+06
1784867170798620033,1e+06
1784867171042177087,1e+06
1784867171059041218,1e+06
1784867171085730194,1e+06
1784867171132628031,1e+06
1784867171284114219,1e+06
1784867171544186126,1e+06
1784867171718354706,1e+06
1784867171868585867,1e+06
1784867171871516758,1e+06
1784867172068813209,1e+06
1784867172076022906,1e+06
1784867172084041651,1e+06
1784867172084351010,1e+06
1784867172084608182,1e+06
1784867172096337415,1e+06
1784867172176406871,1e+06
1784867172735728950,1e+06
1784867172751039349,1e+06
1784867172913835460,1e+06
1784867173149362684,1e+06
1784867173458443371,1e+06
1784867173791535656,1e+06
1784867174061010296,1e+06
1784867174265079387,1e+06
1784867174693342527,1e+06
1784867175038784776,1e+06
1784867175426214994,1e+06
1784867175815035952,1e+06
1784867176366493910,1e+06
1784867176778576718,1e+06
1784867177113883884,1e+06
1784867177442954739,1e+06
1784867177618917007,1e+06
1784867177841884229,1e+06
1784867178112052055,1e+06
1784867178298171486,1e+06
1784867178787561788,1e+06
1784867178809079979,1e+06
1784867178990152065,1e+06
1784867179191763046,1e+06
1784867180469447745,1e+06
1784867181001210065,1e+06
1784867181550536112,1e+06
1784867183084856643,1e+06
1784867183091766345,1e+06
1784867183117975218,1e+06
1784867183127084887,1e+06
1784867183139943147,1e+06
1784867183140945400,1e+06
1784867183151569860,1e+06
1784867183221373997,1e+06
1784867183292247978,1e+06
1784867183292745863,1e+06
1784867183293157009,1e+06
1784867183368239362,1e+06
1784867183430974113,1e+06
1784867183431337031,1e+06
1784867183442537863,1e+06
1784867183589975755,1e+06
1784867183604019489,1e+06
1784867183604812076,1e+06
1784867183607199725,1e+06
1784867183607370105,1e+06
1784867183615442735,1e+06
1784867183660502343,1e+06
1784867183803922400,1e+06
1784867183916768760,1e+06
1784867183961897394,1e+06
1784867184095142107,1e+06
1784867184112474918,1e+06
1784867184123262478,1e+06
1784867184141005761,1e+06
1784867184172861074,1e+06
1784867184271636634,1e+06
1784867184849913299,1e+06
1784867185217353000,1e+06
1784867185507732520,1e+06
1784867186308517654,1e+06
1784867187242556991,1e+06
1784867189300245158,1e+06
1784867189314549625,1e+06
1784867189330879867,1e+06
1784867189343732866,1e+06
1784867189359746814,1e+06
1784867189400657761,1e+06
1784867189431737423,1e+06
1784867189445601987,1e+06
1784867189468805060,1e+06
1784867189493605525,1e+06
1784867189556399038,1e+06
1784867189595145123,1e+06
1784867189608618273,1e+06
1784867189630407573,1e+06
1784867189652353879,1e+06
1784867189652689144,1e+06
1784867189657104516,1e+06
1784867189671197554,1e+06
1784867189671624642,1e+06
1784867189682278731,1e+06
1784867189696428177,1e+06
1784867189744220277,1e+06
1784867189788668583,1e+06
1784867189804569274,1e+06
1784867189804958825,1e+06
1784867189884050442,1e+06
1784867190042468011,1e+06
1784867190288431863,1e+06
1784867190377302846,1e+06
1784867190587723606,1e+06
1784867191020933031,1e+06
1784867191025657843,1e+06
1784867191026271480,1e+06
1784867191126604932,1e+06
1784867191367570872,1e+06
1784867191825292218,1e+06
1784867191929147971,1e+06
1784867191975571236,1e+06
1784867191996051986,1e+06
1784867192028744969,1e+06
1784867192039831245,1e+06
1784867192351583055,1e+06
1784867192662816859,1e+06
1784867192812377787,1e+06
1784867192836267186,1e+06
1784867193030349037,1e+06
1784867193396110533,1e+06
1784867194985681065,1e+06
1784867195111136752,1e+06
1784867195327376354,1e+06
1784867196083664846,1e+06
1784867196086466636,1e+06
1784867196291778904,1e+06
1784867196471750577,1e+06
1784867196830665975,1e+06
1784867197668920522,1e+06
1784867197736735151,1e+06
1784867198025278457,1e+06
1784867198420943621,1e+06
1784867198685811734,1e+06
1784867199110653729,1e+06
1784867199149216070,1e+06
1784867199161280328,1e+06
1784867199166663764,1e+06
1784867199180984848,1e+06
1784867199200166795,1e+06
1784867199235788705,1e+06
1784867199270900380,1e+06
1784867199371260868,1e+06
1784867199444278608,1e+06
1784867199511484722,1e+06
1784867199584745221,1e+06
1784867199584960000,1e+06
1784867199883637697,1e+06
1784867200199854326,1e+06
1784867200562379020,1e+06
1784867200639686329,1e+06
1784867200847568747,1e+06
1784867201475627559,1e+06
1784867203166172289,1e+06
1784867205918637489,1e+06
1784867206374789512,1e+06
1784867206523321258,1e+06
1784867207001013862,1e+06
1784867207038856059,1e+06
1784867207158408897,1e+06
1784867207442909420,1e+06
1784867207606420744,1e+06
1784867208953071295,1e+06
1784867209112705419,1e+06
1784867209934526373,1e+06
1784867210721440855,1e+06
1784867210994850112,1e+06
1784867212425196965,1e+06
1784867212984040055,1e+06
1784867213708969875,1e+06
1784867213925027458,1e+06
1784867214612187957,1e+06
1784867214916024479,1e+06
1784867215060674269,1e+06
1784867216489138892,1e+06
1784867216531036419,1e+06
1784867216536136775,1e+06
1784867216541393550,1e+06
1784867216688762332,1e+06
1784867216963094240,1e+06
1784867217036461592,1e+06
1784867217236407056,1e+06
1784867217913491972,1e+06
1784867218189446156,1e+06
1784867218925063637,1e+06
1784867219016007302,1e+06
1784867219023172063,1e+06
1784867219112078408,1e+06
1784867219184437587,1e+06
1784867219421497832,1e+06
1784867219728212438,1e+06
1784867220020836807,1e+06
1784867220320004779,1e+06
1784867220385080719,1e+06
1784867220391605880,1e+06
1784867220421418538,1e+06
1784867220456701041,1e+06
1784867220467882858,1e+06
1784867220470240845,1e+06
1784867220480032856,1e+06
1784867220488781206,1e+06
1784867220553822770,1e+06
1784867220554469015,1e+06
1784867220554808597,1e+06
1784867220573382794,1e+06
1784867220601558765,1e+06
1784867220621061695,1e+06
1784867220650997913,1e+06
1784867220694261303,1e+06
1784867220745617148,1e+06
1784867220824245901,1e+06
1784867220893249690,1e+06
1784867221208122428,1e+06
1784867221538406690,1e+06
1784867222109688144,1e+06
1784867223006002658,1e+06
1784867223760008590,1e+06
1784867224192574893,1e+06
1784867225101387421,1e+06
1784867226010470230,1e+06
1784867226580269969,1e+06
1784867226667576310,1e+06
1784867227146810854,1e+06
1784867227868456579,1e+06
1784867228670938103,1e+06
1784867229278942764,1e+06
1784867229407531641,1e+06
1784867229572591551,1e+06
1784867229581073060,1e+06
1784867229586628934,1e+06
1784867229599947622,1e+06
1784867229605726615,1e+06
1784867229640766826,1e+06
1784867229658367109,1e+06
1784867229670342525,1e+06
1784867229696684746,1e+06
1784867229711384516,1e+06
1784867229732223554,1e+06
1784867229790765879,1e+06
1784867229855371354,1e+06
1784867229894663705,1e+06
1784867229957199730,1e+06
1784867230080019538,1e+06
1784867230149204313,1e+06
1784867230599207590,1e+06
1784867230799509834,1e+06
1784867231148006568,1e+06
1784867231167133267,1e+06
1784867231189767934,1e+06
1784867231214774881,1e+06
1784867231221918782,1e+06
1784867231300599824,1e+06
1784867231532691005,1e+06
1784867232153770621,1e+06
1784867232204999147,1e+06
1784867232232206735,1e+06
1784867232379295156,1e+06
1784867232580166652,1e+06
1784867232908551553,1e+06
1784867233260608250,1e+06
1784867233968862244,1e+06
1784867233978446241,1e+06
1784867234000516692,1e+06
1784867234013763545,1e+06
1784867234020943350,1e+06
1784867234049845257,1e+06
1784867234065528204,1e+06
1784867234078555859,1e+06
1784867234095415533,1e+06
1784867234146742219,1e+06
1784867234154896951,1e+06
1784867234194670367,1e+06
1784867234199185452,1e+06
1784867234213146368,1e+06
1784867234262948239,1e+06
1784867234369183160,1e+06
1784867234499046507,1e+06
1784867234840277848,1e+06
1784867234842914594,1e+06
1784867234845158646,1e+06
1784867234854857022,1e+06
1784867234867135103,1e+06
1784867234871008613,1e+06
1784867234886583615,1e+06
1784867234898812560,1e+06
1784867234969929897,1e+06
1784867235006601015,1e+06
1784867235127875133,1e+06
1784867235246823830,1e+06
1784867235871212676,1e+06
1784867237798432929,1e+06
1784867237891856768,1e+06
1784867238314755853,1e+06
1784867238603422321,1e+06
1784867239572354890,1e+06
1784867239929816770,1e+06
1784867240556128962,1e+06
1784867240925447309,1e+06
1784867241549268025,1e+06
1784867241676083564,1e+06
1784867241696855725,1e+06
1784867241717964781,1e+06
1784867241728950579,1e+06
1784867241745402908,1e+06
1784867241754312143,1e+06
1784867241762285468,1e+06
1784867241770795670,1e+06
1784867241778262494,1e+06
1784867241797190101,1e+06
1784867241804335302,1e+06
1784867241815085807,1e+06
1784867241820270138,1e+06
1784867241839456287,1e+06
1784867241877783946,1e+06
1784867241918257896,1e+06
1784867242072225871,1e+06
1784867242081326816,1e+06
1784867242165905109,1e+06
1784867242575721385,1e+06
1784867242711109588,1e+06
1784867242917600623,1e+06
1784867243351033554,1e+06
1784867243801718727,1e+06
1784867243928991566,1e+06
1784867244118349608,1e+06
1784867244297646129,1e+06
1784867244323206876,1e+06
1784867244382901806,1e+06
1784867244448656061,1e+06
1784867244449029946,1e+06
1784867244449814186,1e+06
1784867244450304803,1e+06
1784867244456424030,1e+06
1784867244456745128,1e+06
1784867244460463391,1e+06
1784867244471514607,1e+06
1784867244481828534,1e+06
1784867244490405084,1e+06
1784867244536896769,1e+06
1784867244593408297,1e+06
1784867244644181065,1e+06
1784867244865495062,1e+06
1784867245035559665,1e+06
1784867245999287170,1e+06
1784867247342577691,1e+06
1784867247403613733,1e+06
1784867247456723157,1e+06
1784867247501626187,1e+06
1784867247506825563,1e+06
1784867247549028679,1e+06
1784867247580832554,1e+06
1784867247580956610,1e+06
1784867247585400510,1e+06
1784867247585598664,1e+06
1784867247607403797,1e+06
1784867247654261809,1e+06
1784867247657524462,1e+06
1784867247752018025,1e+06
1784867247757834259,1e+06
1784867247782613897,1e+06
1784867247893665694,1e+06
1784867247961146824,1e+06
1784867247983482100,1e+06
1784867248020855891,1e+06
1784867248276485048,1e+06
1784867248875510154,1e+06
1784867250914386676,1e+06
1784867251788672719,1e+06
1784867251855908281,1e+06
1784867251903027017,1e+06
1784867252701540108,1e+06
1784867253722912943,1e+06
1784867253771474545,1e+06
1784867253785182113,1e+06
1784867253832789376,1e+06
1784867254721395489,1e+06
1784867254929541463,1e+06
1784867256119609115,1e+06
1784867256200726547,1e+06
1784867256475577448,1e+06
1784867256606500271,1e+06
1784867256647155053,1e+06
1784867256691544662,1e+06
1784867256694355879,1e+06
1784867256788440638,1e+06
1784867256987421680,1e+06
1784867256999603362,1e+06
1784867257014914964,1e+06
1784867257028349918,1e+06
1784867257039233497,1e+06
1784867257049270470,1e+06
1784867257076615010,1e+06
1784867257113579248,1e+06
1784867257563292317,1e+06
1784867258112366654,1e+06
1784867258262489705,1e+06
1784867258435325609,1e+06
1784867258937689300,1e+06
1784867261108800738,1e+06
1784867262374636003,1e+06
1784867262387057217,1e+06
1784867262399497896,1e+06
1784867262403438432,1e+06
1784867263059616503,1e+06
1784867264538866734,1e+06
1784867264639287822,1e+06
1784867264654919288,1e+06
1784867265408750285,1e+06
1784867265479557975,1e+06
1784867265690014431,1e+06
1784867267024334111,1e+06
1784867267033737806,1e+06
1784867267038328104,1e+06
1784867267332263742,1e+06
1784867267347124212,1e+06
1784867267448678053,1e+06
1784867267712502421,1e+06
1784867268126165653,1e+06
1784867269301315963,1e+06
1784867269646386998,1e+06
1784867271278282548,1e+06
1784867271588132129,1e+06
1784867271980124219,1e+06
1784867272923724266,1e+06
1784867273356862595,1e+06
1784867273369637400,1e+06
1784867273376129486,1e+06
1784867273396323411,1e+06
1784867274172544455,1e+06
1784867274222600828,1e+06
1784867274550981634,1e+06
1784867274557534400,1e+06
1784867274642422046,1e+06
1784867274919619783,1e+06
1784867275657313203,1e+06
1784867275713235891,1e+06
1784867275796428048,1e+06
1784867276075253600,1e+06
1784867277550656601,1e+06
1784867278541858739,1e+06
1784867279780661331,1e+06
1784867281756626685,1e+06
1784867282661738928,1e+06
1784867284579300198,1e+06
1784867287754336650,1e+06
1784867290364894190,1e+06
1784867290525968321,1e+06
1784867292879637394,1e+06
1784867293003034699,1e+06
1784867293966919733,1e+06
1784867294442432626,1e+06
1784867294471811432,1e+06
1784867294495342858,1e+06
1784867294616602370,1e+06
1784867294914298278,1e+06
1784867294967586093,1e+06
1784867294973155442,1e+06
1784867295109349723,1e+06
1784867295777645797,1e+06
1784867296090360175,1e+06
1784867296099075593,1e+06
1784867296610298916,1e+06
1784867297656272260,1e+06
1784867299703265274,1e+06
1784867301114495188,1e+06
1784867301123214901,1e+06
1784867301162426351,1e+06
1784867303348761751,1e+06
1784867303676397619,1e+06
1784867303680427033,1e+06
1784867303697273524,1e+06
1784867303697924570,1e+06
1784867303709009496,1e+06
1784867303724581122,1e+06
1784867303745765017,1e+06
1784867303774546113,1e+06
1784867303801610133,1e+06
1784867303803768641,1e+06
1784867303803912188,1e+06
1784867303804937824,1e+06
1784867303819776821,1e+06
1784867303849731873,1e+06
1784867303947565604,1e+06
1784867304000404888,1e+06
1784867304172924298,1e+06
1784867304320010231,1e+06
1784867304515591235,1e+06
1784867305449951092,1e+06
1784867306035065393,1e+06
1784867306080120672,1e+06
1784867306494780181,1e+06
1784867306654541327,1e+06
1784867308506156808,1e+06
1784867310412337808,1e+06
1784867310643081714,1e+06
1784867311477783217,1e+06
1784867311818937396,1e+06
1784867311819222481,1e+06
1784867311819468392,1e+06
1784867311819782255,1e+06
1784867311820004532,1e+06
1784867311992605354,1e+06
1784867312116993697,1e+06
1784867312603858855,1e+06
1784867312977406238,1e+06
1784867313353297254,1e+06
1784867313892438443,1e+06
1784867314222310016,1e+06
1784867314303320165,1e+06
1784867314318128395,1e+06
1784867314327678322,1e+06
1784867314336603175,1e+06
1784867314375117361,1e+06
1784867314414887707,1e+06
1784867314456299884,1e+06
1784867314564019698,1e+06
1784867315068920720,1e+06
1784867315187685016,1e+06
1784867316671411593,1e+06
1784867319466843052,1e+06
1784867320021225327,1e+06
1784867321122008568,1e+06
1784867322368777325,1e+06
1784867322382547203,1e+06
1784867322408245638,1e+06
1784867322426236620,1e+06
1784867322566399143,1e+06
1784867322951206921,1e+06
1784867323559825987,1e+06
1784867323669800594,1e+06
1784867323950930464,1e+06
1784867324597142556,1e+06
1784867327198097634,1e+06
1784867327214323346,1e+06
1784867327353114623,1e+06
1784867327389399702,1e+06
1784867327460109138,1e+06
1784867327495456134,1e+06
1784867327535448268,1e+06
1784867327691571007,1e+06
1784867327746393247,1e+06
1784867327784503134,1e+06
1784867327852703695,1e+06
1784867327892550702,1e+06
1784867328014782226,1e+06
1784867328611495664,1e+06
1784867330336264189,1e+06
1784867331861694042,1e+06
1784867331891458275,1e+06
1784867332038539363,1e+06
1784867333319189666,1e+06
1784867333710992753,1e+06
1784867334387309035,1e+06
1784867335250789469,1e+06
1784867336065872397,1e+06
1784867337573729006,1e+06
1784867337917065787,1e+06
1784867339960031367,1e+06
1784867341051363223,1e+06
1784867342315285850,1e+06
1784867343381128635,1e+06
1784867343381683499,1e+06
1784867343381963591,1e+06
1784867343383491798,1e+06
1784867343386370428,1e+06
1784867343391828145,1e+06
1784867343397558538,1e+06
1784867343420689579,1e+06
1784867343420816625,1e+06
1784867343425038916,1e+06
1784867343491094338,1e+06
1784867343570367383,1e+06
1784867343626009205,1e+06
1784867343780903840,1e+06
1784867344521475262,1e+06
1784867344922943756,1e+06
1784867345613269915,1e+06
1784867346041786142,1e+06
1784867346710094617,1e+06
1784867347668444740,1e+06
1784867349919849043,1e+06
1784867352140704549,1e+06
1784867354158998155,1e+06
1784867354169880096,1e+06
1784867354335557364,1e+06
1784867354524539429,1e+06
1784867354653554244,1e+06
1784867355056142631,1e+06
1784867356441942244,1e+06
1784867357733467023,1e+06
1784867360673879739,1e+06
1784867362528336169,1e+06
1784867365330218475,1e+06
1784867365539991890,1e+06
1784867365550569403,1e+06
1784867366070347097,1e+06
1784867366523250585,1e+06
1784867368140471906,1e+06
1784867369432447615,1e+06
1784867369442289244,1e+06
1784867369442557574,1e+06
1784867369453598676,1e+06
1784867369496002961,1e+06
1784867369604848039,1e+06
1784867369983964335,1e+06
1784867370704028727,1e+06
1784867371973653873,1e+06
1784867371986987641,1e+06
1784867371994434153,1e+06
1784867372101095617,1e+06
1784867373060334823,1e+06
1784867373516409375,1e+06
1784867374677678357,1e+06
1784867374787851001,1e+06
1784867374805879976,1e+06
1784867375782123382,1e+06
1784867375797272431,1e+06
1784867375797491602,1e+06
1784867375815407611,1e+06
1784867376033630129,1e+06
1784867376342904795,1e+06
1784867376963469274,1e+06
1784867376963649780,1e+06
1784867376963985552,1e+06
1784867376964185092,1e+06
1784867377022445158,1e+06
1784867377277999998,1e+06
1784867377744117964,1e+06
1784867377928106956,1e+06
1784867378285851866,1e+06
1784867378554152959,1e+06
1784867379413310322,1e+06
1784867380161124028,1e+06
1784867381117285580,1e+06
1784867381430461561,1e+06
1784867381945478496,1e+06
1784867383126014435,1e+06
1784867383741383523,1e+06
1784867386373183609,1e+06
1784867387761341336,1e+06
1784867388395165982,1e+06
1784867388578728793,1e+06
1784867388619361534,1e+06
1784867388634568188,1e+06
1784867388686695811,1e+06
1784867389182658207,1e+06
1784867389987943560,1e+06
1784867390438616332,1e+06
1784867391934354120,1e+06
1784867392250904389,1e+06
1784867392270043382,1e+06
1784867392270402688,1e+06
1784867392278346883,1e+06
1784867392293158500,1e+06
1784867392301772176,1e+06
1784867392329728705,1e+06
1784867392339257304,1e+06
1784867392383845699,1e+06
1784867392419800093,1e+06
1784867392498391450,1e+06
1784867392549009203,1e+06
1784867392791880543,1e+06
1784867393843291417,1e+06
1784867395218503227,1e+06
1784867395261163560,1e+06
1784867395285409071,1e+06
1784867395302381312,1e+06
1784867395600204842,1e+06
1784867395748701143,1e+06
1784867397991125796,1e+06
1784867398170389761,1e+06
1784867398294739408,1e+06
1784867400060392501,1e+06
1784867400219458176,1e+06
1784867400292151883,1e+06
1784867400319276253,1e+06
1784867400343493151,1e+06
1784867400367002367,1e+06
1784867400418190745,1e+06
1784867400549788999,1e+06
1784867400626789703,1e+06
1784867400966610590,1e+06
1784867401165271697,1e+06
1784867401356204332,1e+06
1784867401608373154,1e+06
1784867401895939881,1e+06
1784867402085151078,1e+06
1784867402128963672,1e+06
1784867402194912054,1e+06
1784867403435643945,1e+06
1784867404002599119,1e+06
1784867405134212695,1e+06
1784867405177599112,1e+06
1784867405217909160,1e+06
1784867405245505453,1e+06
1784867405264159049,1e+06
1784867405272622050,1e+06
1784867405298935718,1e+06
1784867405316609723,1e+06
1784867405368651827,1e+06
1784867405372750472,1e+06
1784867405372884780,1e+06
1784867405373187980,1e+06
1784867405380326037,1e+06
1784867405383064473,1e+06
1784867405389451246,1e+06
1784867405458510803,1e+06
1784867405512560549,1e+06
1784867405526269259,1e+06
1784867405680305634,1e+06
1784867405780407948,1e+06
1784867405911434093,1e+06
1784867406186670726,1e+06
1784867406190731366,1e+06
1784867406190927271,1e+06
1784867406200522456,1e+06
1784867406329052085,1e+06
1784867406480504356,1e+06
1784867406960628414,1e+06
1784867406961023849,1e+06
1784867407137958120,1e+06
1784867407350499019,1e+06
1784867407561735456,1e+06
1784867407600245535,1e+06
1784867407728641859,1e+06
1784867407842281273,1e+06
1784867408132868894,1e+06
1784867408294989515,1e+06
1784867408635886654,1e+06
1784867408981655722,1e+06
1784867409246248627,1e+06
1784867409398907329,1e+06
1784867409419590102,1e+06
1784867409426478248,1e+06
1784867409457062138,1e+06
1784867409457463331,1e+06
1784867409486496840,1e+06
1784867409573674119,1e+06
1784867409603879261,1e+06
1784867409723801187,1e+06
1784867409930517857,1e+06
1784867410174881447,1e+06
1784867410222293563,1e+06
1784867410274437467,1e+06
1784867410891264636,1e+06
1784867411763884060,1e+06
1784867412336922499,1e+06
1784867412341734061,1e+06
1784867412345649223,1e+06
1784867412465780532,1e+06
1784867412600548003,1e+06
1784867412603338866,1e+06
1784867412611470417,1e+06
1784867412624292276,1e+06
1784867412646406896,1e+06
1784867412878469478,1e+06
1784867412909777274,1e+06
1784867413001388025,1e+06
1784867413235375114,1e+06
1784867413938541831,1e+06
1784867414916313238,1e+06
1784867415152998288,1e+06
1784867415179405272,1e+06
1784867415211271506,1e+06
1784867415284576861,1e+06
1784867415701544865,1e+06
1784867415788569092,1e+06
1784867415788687353,1e+06
1784867415789163461,1e+06
1784867415789303230,1e+06
1784867415793653677,1e+06
1784867415793799598,1e+06
1784867415796979005,1e+06
1784867415797137794,1e+06
1784867415797252150,1e+06
1784867415803921078,1e+06
1784867415823608861,1e+06
1784867415923738815,1e+06
1784867415928859468,1e+06
1784867415931542547,1e+06
1784867415937076356,1e+06
1784867415940224194,1e+06
1784867415944580098,1e+06
1784867415944750294,1e+06
1784867415952017314,1e+06
1784867415952191475,1e+06
1784867415956151985,1e+06
1784867415960937061,1e+06
1784867415972801386,1e+06
1784867415993170478,1e+06
1784867416129020511,1e+06
1784867416274127666,1e+06
1784867416457970611,1e+06
1784867416476055819,1e+06
1784867416502397846,1e+06
1784867416621615798,1e+06
1784867416659524510,1e+06
1784867416782418862,1e+06
1784867417030225439,1e+06
1784867417278208400,1e+06
1784867417465987130,1e+06
1784867417542321350,1e+06
1784867417677880136,1e+06
1784867417783838709,1e+06
1784867418413797061,1e+06
1784867418508123267,1e+06
1784867418520500625,1e+06
1784867418524083443,1e+06
1784867418538406991,1e+06
1784867418558644449,1e+06
1784867418596415801,1e+06
1784867418647062566,1e+06
1784867418695571805,1e+06
1784867418767118866,1e+06
1784867419040181473,1e+06
1784867419054453075,1e+06
1784867419084240663,1e+06
1784867419242472963,1e+06
1784867419843379792,1e+06
1784867420911940035,1e+06
1784867421354585667,1e+06
1784867421911374983,1e+06
1784867422722708889,1e+06
1784867423483682060,1e+06
1784867424692827755,1e+06
1784867425712369654,1e+06
1784867430281375451,1e+06
1784867432879381310,1e+06
1784867434514679361,1e+06
1784867436959420063,1e+06
1784867436959820525,1e+06
1784867436964985040,1e+06
1784867437044092597,1e+06
1784867438060405326,1e+06
1784867439929688411,1e+06
1784867439972279405,1e+06
1784867440054359557,1e+06
1784867440110852107,1e+06
1784867440326977951,1e+06
1784867440512444563,1e+06
1784867440721452378,1e+06
1784867440937482421,1e+06
1784867441182467969,1e+06
1784867441571687169,1e+06
1784867442039906002,1e+06
1784867443050787870,1e+06
1784867443737415761,1e+06
1784867444878435870,1e+06
1784867444906734467,1e+06
1784867444975657282,1e+06
1784867444990413180,1e+06
1784867444999806916,1e+06
1784867445129096213,1e+06
1784867446258435518,1e+06
1784867446292260556,1e+06
1784867446323339194,1e+06
1784867446465012145,1e+06
1784867447981808864,1e+06
1784867448329804125,1e+06
1784867448982774465,1e+06
1784867449644041569,1e+06
1784867451228352559,1e+06
1784867452989129795,1e+06
1784867453819431979,1e+06
1784867454561510882,1e+06
1784867454949671818,1e+06
1784867455018360099,1e+06
1784867455097992848,1e+06
1784867455125743162,1e+06
1784867455364252166,1e+06
1784867455807134694,1e+06
1784867456133081145,1e+06
1784867458612970140,1e+06
1784867459893019284,1e+06
1784867460369829617,1e+06
1784867460811272336,1e+06
1784867461953055055,1e+06
1784867462970936430,1e+06
1784867463313186785,1e+06
1784867464349744571,1e+06
1784867465354592330,1e+06
1784867465610111303,1e+06
1784867465834835593,1e+06
1784867467236652552,1e+06
1784867468395393623,1e+06
1784867470119166021,1e+06
1784867470518565866,1e+06
1784867471158842355,1e+06
1784867471874909360,1e+06
1784867472084343047,1e+06
1784867472911529899,1e+06
1784867472943353054,1e+06
1784867473581073489,1e+06
1784867474083700276,1e+06
1784867474529748048,1e+06
1784867474582218394,1e+06
1784867474623727529,1e+06
1784867474638719260,1e+06
1784867474663652499,1e+06
1784867474683309907,1e+06
1784867474708895803,1e+06
1784867474732247098,1e+06
1784867474814344995,1e+06
1784867474950516857,1e+06
1784867474994672423,1e+06
1784867475054088781,1e+06
1784867475457437608,1e+06
1784867475613521255,1e+06
1784867475771611714,1e+06
1784867477042016528,1e+06
1784867477415928896,1e+06
1784867479361536807,1e+06
1784867479822317893,1e+06
1784867479837655414,1e+06
1784867480009304636,1e+06
1784867480012848108,1e+06
1784867480013032828,1e+06
1784867480014180706,1e+06
1784867480017472060,1e+06
1784867480065331820,1e+06
1784867480127254038,1e+06
1784867480129788025,1e+06
1784867480131337867,1e+06
1784867480133069280,1e+06
1784867480164575473,1e+06
1784867480291460110,1e+06
1784867480674426417,1e+06
1784867481247326164,1e+06
1784867482680845944,1e+06
1784867482716925721,1e+06
1784867482742123264,1e+06
1784867482751170365,1e+06
1784867482791203215,1e+06
1784867482869470270,1e+06
1784867482922322425,1e+06
1784867483119004863,1e+06
1784867484048024852,1e+06
1784867484671937847,1e+06
1784867484672090165,1e+06
1784867484722606157,1e+06
1784867484786514579,1e+06
1784867484857458315,1e+06
1784867484904949789,1e+06
1784867485057028530,1e+06
1784867485618842997,1e+06
1784867485661605504,1e+06
1784867485792430412,1e+06
1784867485867851427,1e+06
1784867486274905945,1e+06
1784867486454677149,1e+06
1784867486963419848,1e+06
1784867487939264699,1e+06
1784867487959375145,1e+06
1784867487967678270,1e+06
1784867488001879621,1e+06
1784867488325734684,1e+06
1784867490069824355,1e+06
1784867492245796225,1e+06
1784867495988689234,1e+06
1784867499148020592,1e+06
1784867499313528487,1e+06
1784867499885545366,1e+06
1784867499936435179,1e+06
1784867500008397204,1e+06
1784867500877572373,1e+06
1784867502194803079,1e+06
1784867502876830011,1e+06
1784867503124580615,1e+06
1784867503191091119,1e+06
1784867503191335995,1e+06
1784867503201998895,1e+06
1784867503205980835,1e+06
1784867503212993008,1e+06
1784867503219535147,1e+06
1784867503229512590,1e+06
1784867503236332905,1e+06
1784867503253530557,1e+06
1784867503361598266,1e+06
1784867503443711251,1e+06
1784867503558507900,1e+06
1784867503829269675,1e+06
1784867503982795941,1e+06
1784867504056602792,1e+06
1784867504414804293,1e+06
1784867504798642646,1e+06
1784867505080240703,1e+06
1784867505992554904,1e+06
1784867506000095599,1e+06
1784867506148227415,1e+06
1784867506541481273,1e+06
1784867506566610263,1e+06
1784867506585302071,1e+06
1784867506661202228,1e+06
1784867506959742436,1e+06
1784867506979886313,1e+06
1784867507505829209,1e+06
1784867507766486796,1e+06
1784867508240446273,1e+06
1784867509149796315,1e+06
1784867509485737902,1e+06
1784867509829429288,1e+06
1784867509894460849,1e+06
1784867509958986069,1e+06
1784867510918912490,1e+06
1784867512514492758,1e+06
1784867512913685849,1e+06
1784867512936547141,1e+06
1784867512940159335,1e+06
1784867512950614024,1e+06
1784867512964865761,1e+06
1784867512964991260,1e+06
1784867512977711382,1e+06
1784867512988279981,1e+06
1784867512998018057,1e+06
1784867513007498354,1e+06
1784867513067569417,1e+06
1784867513094391042,1e+06
1784867513265088599,1e+06
1784867513412746482,1e+06
1784867513661084823,1e+06
1784867513967626435,1e+06
1784867513990431105,1e+06
1784867514190778923,1e+06
1784867515118378311,1e+06
1784867515709480720,1e+06
1784867516700441840,1e+06
1784867518343647657,1e+06
1784867518576676212,1e+06
1784867518579604214,1e+06
1784867518579794740,1e+06
1784867518589354734,1e+06
1784867518597271730,1e+06
1784867518627233642,1e+06
1784867518834229087,1e+06
1784867518966127741,1e+06
1784867518973720782,1e+06
1784867518983540266,1e+06
1784867518996501837,1e+06
1784867519030195763,1e+06
1784867519071804736,1e+06
1784867519124944434,1e+06
1784867519141121814,1e+06
1784867519159422056,1e+06
1784867519277529150,1e+06
1784867519328920267,1e+06
1784867519440832378,1e+06
1784867519835324427,1e+06
1784867519979199831,1e+06
1784867519979335126,1e+06
1784867519979478444,1e+06
1784867519979606424,1e+06
1784867520058442577,1e+06
1784867520174559067,1e+06
1784867520774830486,1e+06
1784867520986468085,1e+06
1784867521162364956,1e+06
1784867521216394729,1e+06
1784867521230386545,1e+06
1784867521235615496,1e+06
1784867521311262604,1e+06
1784867521491013595,1e+06
1784867521521683558,1e+06
1784867521533109311,1e+06
1784867521549339250,1e+06
1784867521579380051,1e+06
1784867521683417527,1e+06
1784867521786232454,1e+06
1784867521975668162,1e+06
1784867522197381620,1e+06
1784867522644823164,1e+06
1784867522720536060,1e+06
1784867522743132818,1e+06
1784867522985247844,1e+06
1784867523237747294,1e+06
1784867524455802128,1e+06
1784867526730134153,1e+06
1784867529416889460,1e+06
1784867530794538411,1e+06
1784867530912785886,1e+06
1784867531054423381,1e+06
1784867531143351687,1e+06
1784867531269227683,1e+06
1784867531295307005,1e+06
1784867531368100730,1e+06
1784867531705909080,1e+06
1784867531755631527,1e+06
1784867531773504757,1e+06
1784867531795062370,1e+06
1784867531805522859,1e+06
1784867531831152963,1e+06
1784867531870476158,1e+06
1784867531889359296,1e+06
1784867531921529154,1e+06
1784867531953360424,1e+06
1784867532001514550,1e+06
1784867532032460737,1e+06
1784867532065580501,1e+06
1784867532306537199,1e+06
1784867532659482023,1e+06
1784867532941005955,1e+06
1784867533640226298,1e+06
1784867533655142478,1e+06
1784867533809015283,1e+06
1784867534093077369,1e+06
1784867534702775744,1e+06
1784867534719728898,1e+06
1784867534725642108,1e+06
1784867534735447938,1e+06
1784867534740484871,1e+06
1784867534743008794,1e+06
1784867534747752367,1e+06
1784867534751287424,1e+06
1784867534770236987,1e+06
1784867534804761681,1e+06
1784867534887799949,1e+06
1784867534907575550,1e+06
1784867534915907752,1e+06
1784867534931380602,1e+06
1784867534949183783,1e+06
1784867534981536979,1e+06
1784867535020172664,1e+06
1784867535051448350,1e+06
1784867535174949289,1e+06
1784867535289820735,1e+06
1784867535523293676,1e+06
1784867535861603306,1e+06
1784867536180590862,1e+06
1784867536192945658,1e+06
1784867536215838250,1e+06
1784867536371919115,1e+06
1784867536507824388,1e+06
1784867536575547606,1e+06
1784867536960021917,1e+06
1784867538629554642,1e+06
1784867539466522654,1e+06
1784867539707892354,1e+06
1784867541717889776,1e+06
1784867542243766549,1e+06
1784867543917922616,1e+06
1784867543930346518,1e+06
1784867544656353697,1e+06
1784867545782541101,1e+06
1784867545795550186,1e+06
1784867545833763971,1e+06
1784867546490423868,1e+06
1784867547205086749,1e+06
1784867551141412524,1e+06
1784867556339783285,1e+06
1784867558967401215,1e+06
1784867561052535060,1e+06
1784867563109675026,1e+06
1784867563115087127,1e+06
1784867563115972422,1e+06
1784867563118904373,1e+06
1784867563128007887,1e+06
1784867563131608594,1e+06
1784867563139041330,1e+06
1784867563143592839,1e+06
1784867563147979557,1e+06
1784867563269087013,1e+06
1784867563571528753,1e+06
1784867563752518644,1e+06
1784867563917884191,1e+06
1784867565007142110,1e+06
1784867565347755548,1e+06
1784867565779707150,1e+06
1784867566571927884,1e+06
1784867567883944779,1e+06
1784867568054555860,1e+06
1784867568448726010,1e+06
1784867568555531179,1e+06
1784867569112773823,1e+06
1784867569886739978,1e+06
1784867570048210439,1e+06
1784867571021978118,1e+06
1784867571085436961,1e+06
1784867571217276577,1e+06
1784867573863198139,1e+06
1784867575095736063,1e+06
1784867575372943818,1e+06
1784867576357493985,1e+06
1784867578972283631,1e+06
1784867581089426406,1e+06
1784867581203467099,1e+06
1784867582754937955,1e+06
1784867584419341333,1e+06
1784867585130418659,1e+06
1784867585147782286,1e+06
1784867585153809679,1e+06
1784867585158075111,1e+06
1784867585160056502,1e+06
1784867585161840893,1e+06
1784867585164423481,1e+06
1784867585168049018,1e+06
1784867585281339081,1e+06
1784867585691737155,1e+06
1784867586990205424,1e+06
1784867587371047972,1e+06
1784867587658688225,1e+06
1784867588213082536,1e+06
1784867588218746890,1e+06
1784867588350126317,1e+06
1784867588606118571,1e+06
1784867590347458516,1e+06
1784867590403960361,1e+06
1784867590594910305,1e+06
1784867590618280721,1e+06
1784867590632689643,1e+06
1784867590665127445,1e+06
1784867590680882917,1e+06
1784867590681383784,1e+06
1784867590694912284,1e+06
1784867590695239262,1e+06
1784867590737784066,1e+06
1784867590772456639,1e+06
1784867590786890782,1e+06
1784867590830813087,1e+06
1784867590858965640,1e+06
1784867590871129878,1e+06
1784867590894544294,1e+06
1784867590986347839,1e+06
1784867591208727190,1e+06
1784867591777982342,1e+06
1784867592799401368,1e+06
1784867593042212124,1e+06
1784867594322933699,1e+06
1784867595995303912,1e+06
1784867597127868803,1e+06
1784867597288077256,1e+06
1784867597294789579,1e+06
1784867597427121171,1e+06
1784867597652411019,1e+06
1784867597917585829,1e+06
1784867598562579002,1e+06
1784867598652530615,1e+06
1784867598869277746,1e+06
1784867599730351067,1e+06
1784867600391456857,1e+06
1784867600471747133,1e+06
1784867600512067743,1e+06
1784867600524365055,1e+06
1784867600530558723,1e+06
1784867600562215795,1e+06
1784867600627967522,1e+06
1784867600818625288,1e+06
1784867600981599927,1e+06
1784867601026339203,1e+06
1784867601068112252,1e+06
1784867601122197221,1e+06
1784867601237645567,1e+06
1784867602136106400,1e+06
1784867602487509027,1e+06
1784867602500054337,1e+06
1784867602783001669,1e+06
1784867602824342640,1e+06
1784867603010942361,1e+06
1784867603093776776,1e+06
1784867603284146914,1e+06
1784867603472671439,1e+06
1784867603647311330,1e+06
1784867603905798957,1e+06
1784867603909103744,1e+06
1784867603909569281,1e+06
1784867603913800158,1e+06
1784867603920868613,1e+06
1784867603929942386,1e+06
1784867603935740390,1e+06
1784867603940739805,1e+06
1784867604047896042,1e+06
1784867604098904728,1e+06
1784867604109657930,1e+06
1784867604127873709,1e+06
1784867604254108345,1e+06
1784867604429841565,1e+06
1784867604755302983,1e+06
1784867605055335435,1e+06
1784867606384818936,1e+06
1784867606395411872,1e+06
1784867608892871909,1e+06
1784867609055487352,1e+06
1784867610473283155,1e+06
1784867610480558883,1e+06
1784867610488328661,1e+06
1784867610509092794,1e+06
1784867610622524591,1e+06
1784867610661542054,1e+06
1784867610768861735,1e+06
1784867610813883151,1e+06
1784867611150270474,1e+06
1784867611156949794,1e+06
1784867611218230358,1e+06
1784867611340912587,1e+06
1784867611687659671,1e+06
1784867611952701645,1e+06
1784867612232214742,1e+06
1784867612278916029,1e+06
1784867612938976754,1e+06
1784867613033108552,1e+06
1784867613287982606,1e+06
1784867613882346693,1e+06
1784867614543576092,1e+06
1784867615564582434,1e+06
1784867616051684769,1e+06
1784867616780830348,1e+06
1784867617104693295,1e+06
1784867617904879075,1e+06
1784867618548013966,1e+06
1784867618618281114,1e+06
1784867619060071726,1e+06
1784867619694442800,1e+06
1784867620159126166,1e+06
1784867621030414915,1e+06
1784867621516478524,1e+06
1784867621949801136,1e+06
1784867622420449756,1e+06
1784867624177516820,1e+06
1784867625733265119,1e+06
1784867627019243688,1e+06
1784867628132802988,1e+06
1784867628468651411,1e+06
1784867628526632691,1e+06
1784867628744400662,1e+06
1784867628778127236,1e+06
1784867628838264873,1e+06
1784867629056332205,1e+06
1784867629585116183,1e+06
1784867629769958124,1e+06
1784867629790584204,1e+06
1784867629818411661,1e+06
1784867629853856984,1e+06
1784867629962500488,1e+06
1784867630183654002,1e+06
1784867630213202862,1e+06
1784867630387706776,1e+06
1784867630988004425,1e+06
1784867631066576006,1e+06
1784867631134466463,1e+06
1784867632612646713,1e+06
1784867633475564566,1e+06
1784867634628819228,1e+06
1784867635091927603,1e+06
1784867636587188528,1e+06
1784867637064221831,1e+06
1784867637097498367,1e+06
1784867637208366585,1e+06
1784867637216549150,1e+06
1784867637239200418,1e+06
1784867637439519639,1e+06
1784867637743210667,1e+06
1784867637777874689,1e+06
1784867638190785789,1e+06
1784867638797932431,1e+06
1784867639286036860,1e+06
1784867640188191546,1e+06
1784867640718269889,1e+06
1784867640731274806,1e+06
1784867640741709118,1e+06
1784867640759277602,1e+06
1784867640783616996,1e+06
1784867640830780231,1e+06
1784867640857358064,1e+06
1784867640905378863,1e+06
1784867640921752975,1e+06
1784867640921911173,1e+06
1784867640941625445,1e+06
1784867640956126961,1e+06
1784867640966378614,1e+06
1784867640966620455,1e+06
1784867640983825694,1e+06
1784867641042443966,1e+06
1784867641427771396,1e+06
1784867641673117860,1e+06
1784867641919388139,1e+06
1784867642327216518,1e+06
1784867642342203193,1e+06
1784867642517922038,1e+06
1784867642982500372,1e+06
1784867643048386996,1e+06
1784867643108940740,1e+06
1784867643198365095,1e+06
1784867643735674475,1e+06
1784867643884970603,1e+06
1784867643961306659,1e+06
1784867643998207430,1e+06
1784867644053790322,1e+06
1784867644077619645,1e+06
1784867644381333543,1e+06
1784867645496117604,1e+06
1784867646088231150,1e+06
1784867647262888692,1e+06
1784867647307549258,1e+06
1784867647466923119,1e+06
1784867647938110780,1e+06
1784867648322191416,1e+06
1784867648493971953,1e+06
1784867648500889625,1e+06
1784867648501006618,1e+06
1784867648502514222,1e+06
1784867648502673226,1e+06
1784867648509328306,1e+06
1784867648509482216,1e+06
1784867648511868658,1e+06
1784867648597654363,1e+06
1784867648666204683,1e+06
1784867648684785673,1e+06
1784867648807716101,1e+06
1784867648958170354,1e+06
1784867649277684148,1e+06
1784867649667402890,1e+06
1784867650042238576,1e+06
1784867650234503391,1e+06
1784867651070998728,1e+06
1784867651581735164,1e+06
1784867652921770897,1e+06
1784867653374662847,1e+06
1784867654153584683,1e+06
1784867656111701350,1e+06
1784867656769637697,1e+06
1784867656773918967,1e+06
1784867656774283431,1e+06
1784867656793832672,1e+06
1784867656865988928,1e+06
1784867656867758803,1e+06
1784867656868007766,1e+06
1784867656894147521,1e+06
1784867656925239906,1e+06
1784867657016109503,1e+06
1784867657303177915,1e+06
1784867657668081158,1e+06
1784867658058305418,1e+06
1784867658500412304,1e+06
1784867659250503542,1e+06
1784867659464541777,1e+06
1784867659537165550,1e+06
1784867659540564782,1e+06
1784867659544353274,1e+06
1784867659694121695,1e+06
1784867659914944647,1e+06
1784867660048728335,1e+06
1784867660783588793,1e+06
1784867660847309588,1e+06
1784867660919857919,1e+06
1784867661085692348,1e+06
1784867661577171268,1e+06
1784867661802763025,1e+06
1784867661816519361,1e+06
1784867661831245197,1e+06
1784867661842007545,1e+06
1784867661859288808,1e+06
1784867661879879376,1e+06
1784867661892478623,1e+06
1784867661924524928,1e+06
1784867661968213626,1e+06
1784867662027691601,1e+06
1784867662127226775,1e+06
1784867662282775014,1e+06
1784867662346755505,1e+06
1784867662416779363,1e+06
1784867662422903676,1e+06
1784867662486394265,1e+06
1784867662743679742,1e+06
1784867662804726292,1e+06
1784867663043942655,1e+06
1784867664922372272,1e+06
1784867666030936195,1e+06
1784867667063518687,1e+06
1784867667435062323,1e+06
1784867669163930168,1e+06
1784867670065011197,1e+06
1784867670821550564,1e+06
1784867671888849953,1e+06
1784867671933842538,1e+06
1784867672178774308,1e+06
1784867672457600619,1e+06
1784867672758262593,1e+06
1784867672762625123,1e+06
1784867672891596009,1e+06
1784867673055715592,1e+06
1784867673279443730,1e+06
1784867673400421678,1e+06
1784867674173945507,1e+06
1784867675750973987,1e+06
1784867678267737715,1e+06
1784867679561542550,1e+06
1784867679607929261,1e+06
1784867679741252960,1e+06
1784867680336490712,1e+06
1784867680344468660,1e+06
1784867680380736559,1e+06
1784867680400791450,1e+06
1784867680415492663,1e+06
1784867680464060573,1e+06
1784867680476829130,1e+06
1784867680477010594,1e+06
1784867680477422435,1e+06
1784867680481490735,1e+06
1784867680481665150,1e+06
1784867680496002242,1e+06
1784867680502383086,1e+06
1784867680502560755,1e+06
1784867680508549468,1e+06
1784867680516444246,1e+06
1784867680568906672,1e+06
1784867680648848523,1e+06
1784867680754487802,1e+06
1784867680823160628,1e+06
1784867680961937096,1e+06
1784867681181599513,1e+06
1784867681310449481,1e+06
1784867681361018402,1e+06
1784867681436882895,1e+06
1784867681527115803,1e+06
1784867681674295837,1e+06
1784867682385133862,1e+06
1784867683968799220,1e+06
1784867685692027262,1e+06
1784867685695393023,1e+06
1784867685780326955,1e+06
1784867685850476492,1e+06
1784867686057215505,1e+06
1784867686713836732,1e+06
1784867686727828105,1e+06
1784867686760258113,1e+06
1784867686863402195,1e+06
1784867686968244251,1e+06
1784867687171913261,1e+06
1784867689198909565,1e+06
1784867689943116868,1e+06
1784867690744492606,1e+06
1784867691498525272,1e+06
1784867691571011301,1e+06
1784867691627411883,1e+06
1784867691645877876,1e+06
1784867691689310718,1e+06
1784867691698892569,1e+06
1784867691962734636,1e+06
1784867692969743624,1e+06
1784867693247194637,1e+06
1784867694002374766,1e+06
1784867695126158769,1e+06
1784867696653202256,1e+06
1784867697693123122,1e+06
1784867698957419591,1e+06
1784867698965274321,1e+06
1784867698996345266,1e+06
1784867699089590505,1e+06
1784867699105932013,1e+06
1784867699189883382,1e+06
1784867699407361600,1e+06
1784867699412929130,1e+06
1784867699418534690,1e+06
1784867699426405717,1e+06
1784867699428885558,1e+06
1784867699431301844,1e+06
1784867699440641587,1e+06
1784867699443438620,1e+06
1784867699560306839,1e+06
1784867699639218502,1e+06
1784867699926651742,1e+06
1784867700102487616,1e+06
1784867700470739939,1e+06
1784867701407742791,1e+06
1784867701477289766,1e+06
1784867701477450183,1e+06
1784867701477594590,1e+06
1784867701543695896,1e+06
1784867701680177849,1e+06
1784867701721418499,1e+06
1784867701743635853,1e+06
1784867701761116557,1e+06
1784867701785013941,1e+06
1784867701810265680,1e+06
1784867701827314025,1e+06
1784867701857115376,1e+06
1784867701896554092,1e+06
1784867701921583302,1e+06
1784867702041027789,1e+06
1784867702501521662,1e+06
1784867702589746388,1e+06
1784867702600805233,1e+06
1784867702604583456,1e+06
1784867702655985150,1e+06
1784867702706541757,1e+06
1784867702953698542,1e+06
1784867703106940502,1e+06
1784867703549180480,1e+06
1784867703554976070,1e+06
1784867703563260473,1e+06
1784867703595907589,1e+06
1784867703603163798,1e+06
1784867703620396335,1e+06
1784867703678737133,1e+06
1784867703723140289,1e+06
1784867703946714311,1e+06
1784867704399018314,1e+06
1784867704908868202,1e+06
1784867707001010027,1e+06
1784867708680546403,1e+06
1784867709007874028,1e+06
1784867709076907107,1e+06
1784867709193639311,1e+06
1784867709315088027,1e+06
1784867710170520616,1e+06
1784867711028968346,1e+06
1784867711555355866,1e+06
1784867711690537131,1e+06
1784867711690651385,1e+06
1784867711705537467,1e+06
1784867711749264167,1e+06
1784867711874469358,1e+06
1784867712085983904,1e+06
1784867712785523988,1e+06
1784867713352566754,1e+06
1784867713610199914,1e+06
1784867714363032957,1e+06
1784867714922801223,1e+06
1784867716001616108,1e+06
1784867716613759207,1e+06
1784867716989556520,1e+06
1784867717036153059,1e+06
1784867717105272951,1e+06
1784867717519522686,1e+06
1784867717796879079,1e+06
1784867718751413452,1e+06
1784867719566337579,1e+06
1784867720618007709,1e+06
1784867723421173112,1e+06
1784867723852022514,1e+06
1784867724090634369,1e+06
1784867726266512241,1e+06
1784867728642189227,1e+06
1784867729909453857,1e+06
1784867733574569595,1e+06
1784867734491865432,1e+06
1784867735205076082,1e+06
1784867735882766262,1e+06
1784867735918143028,1e+06
1784867735957160947,1e+06
1784867736055246930,1e+06
1784867736077468588,1e+06
1784867736175476611,1e+06
1784867736265481853,1e+06
1784867736745439271,1e+06
1784867737048110781,1e+06
1784867737852705167,1e+06
1784867738850258604,1e+06
1784867740534359970,1e+06
1784867740534675982,1e+06
1784867740538333666,1e+06
1784867740538800343,1e+06
1784867740656917409,1e+06
1784867740907315248,1e+06
1784867741390008789,1e+06
1784867742615187399,1e+06
1784867743903893229,1e+06
1784867744092613141,1e+06
1784867745527277374,1e+06
1784867745575136939,1e+06
1784867745593924642,1e+06
1784867745610657629,1e+06
1784867745690461935,1e+06
1784867745716532217,1e+06
1784867745813968832,1e+06
1784867746711628968,1e+06
1784867747911800150,1e+06
1784867748633763597,1e+06
1784867749156901874,1e+06
1784867749194554658,1e+06
1784867749204431941,1e+06
1784867749238347603,1e+06
1784867749282914901,1e+06
1784867749314339760,1e+06
1784867749348266948,1e+06
1784867749383438694,1e+06
1784867749513073584,1e+06
1784867749707308675,1e+06
1784867750333903921,1e+06
1784867750449958402,1e+06
1784867750471532501,1e+06
1784867751205350780,1e+06
1784867751687918479,1e+06
1784867751788058765,1e+06
1784867752013824976,1e+06
1784867752296999412,1e+06
1784867752554629066,1e+06
1784867752839846610,1e+06
1784867753041336178,1e+06
1784867753100669269,1e+06
1784867753518358020,1e+06
1784867753961852753,1e+06
1784867754307014817,1e+06
1784867754605187758,1e+06
1784867754757700006,1e+06
1784867755432699470,1e+06
1784867755443963010,1e+06
1784867755470986494,1e+06
1784867755837063421,1e+06
1784867756908436965,1e+06
1784867757219222108,1e+06
1784867757240695562,1e+06
1784867757263661587,1e+06
1784867757286686742,1e+06
1784867757286879139,1e+06
1784867757300598956,1e+06
1784867757300759199,1e+06
1784867757319533414,1e+06
1784867757319673642,1e+06
1784867757329881143,1e+06
1784867757330040301,1e+06
1784867757344251982,1e+06
1784867757344407821,1e+06
1784867757355632890,1e+06
1784867757364920943,1e+06
1784867757365068099,1e+06
1784867757370725448,1e+06
1784867757389809868,1e+06
1784867757390121841,1e+06
1784867757407225428,1e+06
1784867757428589444,1e+06
1784867757478171471,1e+06
1784867757522207131,1e+06
1784867757618565187,1e+06
1784867758055446028,1e+06
1784867758389209616,1e+06
1784867758762516499,1e+06
1784867759312676545,1e+06
1784867760431547401,1e+06
1784867760526313792,1e+06
1784867760564597394,1e+06
1784867760567199891,1e+06
1784867760584653150,1e+06
1784867760801360041,1e+06
1784867761645295535,1e+06
1784867762926409786,1e+06
1784867764314727564,1e+06
1784867764419279173,1e+06
1784867764803093093,1e+06
1784867766073717823,1e+06
1784867766197597564,1e+06
1784867766230136768,1e+06
1784867766235367849,1e+06
1784867766241627395,1e+06
1784867766270603621,1e+06
1784867766281532714,1e+06
1784867766297529136,1e+06
1784867766303952075,1e+06
1784867766324286482,1e+06
1784867766330232405,1e+06
1784867766339723543,1e+06
1784867766355313242,1e+06
1784867766361685944,1e+06
1784867766377651557,1e+06
1784867766439116429,1e+06
1784867766481292012,1e+06
1784867766517326309,1e+06
1784867766566644926,1e+06
1784867766666880512,1e+06
1784867766771132039,1e+06
1784867767273410092,1e+06
1784867767302173402,1e+06
1784867767560729808,1e+06
1784867767567279253,1e+06
1784867767594541673,1e+06
1784867767706149475,1e+06
1784867767771650555,1e+06
1784867767934842223,1e+06
1784867768213521940,1e+06
1784867769046507220,1e+06
1784867769615027386,1e+06
1784867769801626253,1e+06
1784867770030325340,1e+06
1784867770348877366,1e+06
1784867770383140925,1e+06
1784867770444234006,1e+06
1784867770579413248,1e+06
1784867771057394330,1e+06
1784867771675279909,1e+06
1784867771782592598,1e+06
1784867771804942235,1e+06
1784867771857187672,1e+06
1784867771869912938,1e+06
1784867771876074216,1e+06
1784867771876374518,1e+06
1784867771880754538,1e+06
1784867771881150849,1e+06
1784867771890533317,1e+06
1784867771903443484,1e+06
1784867771924251179,1e+06
1784867771973164550,1e+06
1784867772018524932,1e+06
1784867772058251397,1e+06
1784867772202536657,1e+06
1784867772376848082,1e+06
1784867772949657071,1e+06
1784867773654334710,1e+06
1784867773695123304,1e+06
1784867773695241025,1e+06
1784867773696828635,1e+06
1784867773697028932,1e+06
1784867773699348873,1e+06
1784867773699511693,1e+06
1784867773785134632,1e+06
1784867773887395042,1e+06
1784867773991838359,1e+06
1784867774091776040,1e+06
1784867774351324820,1e+06
1784867774471511499,1e+06
1784867774959765805,1e+06
1784867775399667334,1e+06
1784867775687403029,1e+06
1784867776234120236,1e+06
1784867776234284050,1e+06
1784867776235448945,1e+06
1784867776244528456,1e+06
1784867776251725211,1e+06
1784867776256855719,1e+06
1784867776265792425,1e+06
1784867776322443049,1e+06
1784867776540707647,1e+06
1784867776915678748,1e+06
1784867776938596110,1e+06
1784867776944009857,1e+06
1784867776959174087,1e+06
1784867776974656905,1e+06
1784867777102530679,1e+06
1784867777125501760,1e+06
1784867777156687795,1e+06
1784867777188704462,1e+06
1784867777289706052,1e+06
1784867777336701014,1e+06
1784867777411563015,1e+06
1784867777514558417,1e+06
1784867777636905103,1e+06
1784867778479947208,1e+06
1784867779538741344,1e+06
1784867780535744359,1e+06
1784867781056258981,1e+06
1784867781917223120,1e+06
1784867782637123438,1e+06
1784867783997124666,1e+06
1784867784421163219,1e+06
1784867784534862736,1e+06
1784867784557974559,1e+06
1784867784682585767,1e+06
1784867784882198155,1e+06
1784867784898672521,1e+06
1784867785154640129,1e+06
1784867785253035336,1e+06
1784867785277312973,1e+06
1784867785300766478,1e+06
1784867785325184005,1e+06
1784867785335553631,1e+06
1784867785357950666,1e+06
1784867785404582827,1e+06
1784867785502277072,1e+06
1784867785923061289,1e+06
1784867786006569992,1e+06
1784867786082413780,1e+06
1784867786161613280,1e+06
1784867786168396809,1e+06
1784867786266844026,1e+06
1784867786676718336,1e+06
1784867786886207360,1e+06
1784867787511171791,1e+06
1784867788252954056,1e+06
1784867788772663467,1e+06
1784867788994261226,1e+06
1784867789096920710,1e+06
1784867789273454047,1e+06
1784867789555113536,1e+06
1784867789846991455,1e+06
1784867790444051618,1e+06
1784867790801908317,1e+06
1784867790829065746,1e+06
1784867790923673040,1e+06
1784867790956143170,1e+06
1784867791024177857,1e+06
1784867791118852220,1e+06
1784867791180828848,1e+06
1784867791737263617,1e+06
1784867792517639903,1e+06
1784867793604188361,1e+06
1784867794090891552,1e+06
1784867794409436987,1e+06
1784867794917993875,1e+06
1784867795449771020,1e+06
1784867797901968316,1e+06
1784867798857369785,1e+06
1784867798866895966,1e+06
1784867799004424033,1e+06
1784867799007359791,1e+06
1784867799012513782,1e+06
1784867799019494797,1e+06
1784867799027993633,1e+06
1784867799035560658,1e+06
1784867799159127722,1e+06
1784867799549257877,1e+06
1784867799780620822,1e+06
1784867800900306298,1e+06
1784867801214206579,1e+06
1784867802637602486,1e+06
1784867804518709684,1e+06
1784867805312489109,1e+06
1784867805335475946,1e+06
1784867805342881223,1e+06
1784867805350657415,1e+06
1784867805401727784,1e+06
1784867805475863860,1e+06
1784867805512601424,1e+06
1784867805512903304,1e+06
1784867805517828471,1e+06
1784867805521925618,1e+06
1784867805529480396,1e+06
1784867805542351263,1e+06
1784867805566409147,1e+06
1784867805584407644,1e+06
1784867805687101012,1e+06
1784867805687551947,1e+06
1784867805710162452,1e+06
1784867805782366271,1e+06
1784867805819771496,1e+06
1784867806184601170,1e+06
1784867806567802699,1e+06
1784867807621333383,1e+06
1784867808124687265,1e+06
1784867808351738368,1e+06
1784867808666304502,1e+06
1784867809561244324,1e+06
1784867811082133178,1e+06
1784867811185186675,1e+06
1784867811197371524,1e+06
1784867811215217917,1e+06
1784867811246514121,1e+06
1784867811295423930,1e+06
1784867811368109338,1e+06
1784867812034432822,1e+06
1784867813179205841,1e+06
1784867813413385682,1e+06
1784867814887042434,1e+06
1784867815190703155,1e+06
1784867816141465319,1e+06
1784867816344484374,1e+06
1784867816671414975,1e+06
1784867818508176245,1e+06
1784867820156341501,1e+06
1784867820517856024,1e+06
1784867820591931018,1e+06
1784867820604662483,1e+06
1784867820650080320,1e+06
1784867820650436254,1e+06
1784867820714395145,1e+06
1784867820781396525,1e+06
1784867821411687099,1e+06
1784867822305919957,1e+06
1784867822512107027,1e+06
1784867823262660646,1e+06
1784867823309514168,1e+06
1784867824055326902,1e+06
1784867824998009495,1e+06
1784867824998961566,1e+06
1784867825058618809,1e+06
1784867825715364464,1e+06
1784867827483192227,1e+06
1784867828488254190,1e+06
1784867830683805488,1e+06
1784867831571102447,1e+06
1784867833473212331,1e+06
1784867834094636176,1e+06
1784867835713490318,1e+06
1784867837106333153,1e+06
1784867838431312739,1e+06
1784867841243666681,1e+06
1784867843072528688,1e+06
1784867847106779454,1e+06
1784867848715814834,1e+06
1784867849888158698,1e+06
1784867849907038939,1e+06
1784867849934772785,1e+06
1784867849935099688,1e+06
1784867849958397520,1e+06
1784867850008625587,1e+06
1784867850008763792,1e+06
1784867850008888684,1e+06
1784867850008991256,1e+06
1784867850015717778,1e+06
1784867850042537974,1e+06
1784867850057944378,1e+06
1784867850082428709,1e+06
1784867850082701531,1e+06
1784867850097092301,1e+06
1784867850116391288,1e+06
1784867850140544312,1e+06
1784867850184324118,1e+06
1784867850237693978,1e+06
1784867850262181394,1e+06
1784867850264958131,1e+06
1784867850306239824,1e+06
1784867850359389950,1e+06
1784867850766493114,1e+06
1784867850934294744,1e+06
1784867851515804719,1e+06
1784867851618697599,1e+06
1784867851978586240,1e+06
1784867852295228538,1e+06
1784867852422834035,1e+06
1784867852429808792,1e+06
1784867852449937904,1e+06
1784867852474849662,1e+06
1784867852484305295,1e+06
1784867852490575125,1e+06
1784867852499822159,1e+06
1784867852515325926,1e+06
1784867852579866175,1e+06
1784867852609615122,1e+06
1784867852620236960,1e+06
1784867852666892868,1e+06
1784867852691144981,1e+06
1784867852837481235,1e+06
1784867853027117068,1e+06
1784867853373152761,1e+06
1784867853844127471,1e+06
1784867854906795596,1e+06
1784867855556831215,1e+06
1784867856127100486,1e+06
1784867856148549591,1e+06
1784867856164775977,1e+06
1784867856186004210,1e+06
1784867856200714519,1e+06
1784867856269943579,1e+06
1784867856319735558,1e+06
1784867856853473948,1e+06
1784867857602357023,1e+06
1784867859024425125,1e+06
1784867860051673398,1e+06
1784867860906969715,1e+06
1784867862346706843,1e+06
1784867862461737670,1e+06
1784867862798907676,1e+06
1784867862812851241,1e+06
1784867862855421534,1e+06
1784867864585056463,1e+06
1784867865325176492,1e+06
1784867866830837944,1e+06
1784867867136549519,1e+06
1784867867145443734,1e+06
1784867867298245008,1e+06
1784867868008669659,1e+06
1784867870186623707,1e+06
1784867871092636406,1e+06
1784867871098891730,1e+06
1784867871099115128,1e+06
1784867871099866128,1e+06
1784867871102883868,1e+06
1784867871110349047,1e+06
1784867871114140842,1e+06
1784867871258557889,1e+06
1784867871318924756,1e+06
1784867871986782910,1e+06
1784867871991400777,1e+06
1784867872048221215,1e+06
1784867872077828701,1e+06
1784867872204325892,1e+06
1784867872917705039,1e+06
1784867873040411495,1e+06
1784867873433090505,1e+06
1784867873765125970,1e+06
1784867873787671684,1e+06
1784867873978672554,1e+06
1784867875482111955,1e+06
1784867875515588855,1e+06
1784867875558590181,1e+06
1784867875980325355,1e+06
1784867877100162471,1e+06
1784867877807205675,1e+06
1784867878388392893,1e+06
1784867878394530804,1e+06
1784867878407201228,1e+06
1784867878420069862,1e+06
1784867878494108592,1e+06
1784867878502772279,1e+06
1784867878537461926,1e+06
1784867878552673122,1e+06
1784867878575022037,1e+06
1784867878618801097,1e+06
1784867878694116612,1e+06
1784867878856889638,1e+06
1784867878865957272,1e+06
1784867878914520962,1e+06
1784867878932788794,1e+06
1784867878932926142,1e+06
1784867878940528912,1e+06
1784867878945620483,1e+06
1784867878961411580,1e+06
1784867878969696988,1e+06
1784867878984046880,1e+06
1784867878996397901,1e+06
1784867879026423641,1e+06
1784867879062176348,1e+06
1784867879086938479,1e+06
1784867879097744675,1e+06
1784867879116677595,1e+06
1784867879164147678,1e+06
1784867879257759815,1e+06
1784867879374546911,1e+06
1784867879450317094,1e+06
1784867879480856646,1e+06
1784867879495127875,1e+06
1784867879500708384,1e+06
1784867879518425342,1e+06
1784867879547450797,1e+06
1784867879644685887,1e+06
1784867879790624187,1e+06
1784867879894116772,1e+06
1784867880488028198,1e+06
1784867880511377231,1e+06
1784867880525246448,1e+06
1784867880545415093,1e+06
1784867880549944182,1e+06
1784867880578587727,1e+06
1784867880675468016,1e+06
1784867880813548268,1e+06
1784867881055345246,1e+06
1784867881570288447,1e+06
1784867882179260968,1e+06
1784867882629350308,1e+06
1784867883055605775,1e+06
1784867883915278165,1e+06
1784867884264875414,1e+06
1784867884678809646,1e+06
1784867885260917336,1e+06
1784867886969986673,1e+06
1784867887740927215,1e+06
1784867888475400585,1e+06
1784867891661340815,1e+06
1784867891922780895,1e+06
1784867891993808862,1e+06
1784867892108376743,1e+06
1784867892301865866,1e+06
1784867892311286822,1e+06
1784867892315396100,1e+06
1784867892464953592,1e+06
1784867892487174666,1e+06
1784867892518352078,1e+06
1784867892610706929,1e+06
1784867892685690993,1e+06
1784867892881041787,1e+06
1784867893031397392,1e+06
1784867893632015489,1e+06
1784867893953187602,1e+06
1784867894343203012,1e+06
1784867895064866239,1e+06
1784867895687961105,1e+06
1784867896390069880,1e+06
1784867896584514942,1e+06
1784867896590662737,1e+06
1784867896615321421,1e+06
1784867896623537033,1e+06
1784867896674472107,1e+06
1784867896689550330,1e+06
1784867896747846500,1e+06
1784867896938847654,1e+06
1784867897040158765,1e+06
1784867897040399536,1e+06
1784867897042321204,1e+06
1784867897046439816,1e+06
1784867897049754810,1e+06
1784867897057338620,1e+06
1784867897057932295,1e+06
1784867897061303100,1e+06
1784867897065482747,1e+06
1784867897070348387,1e+06
1784867897125723994,1e+06
1784867897196156652,1e+06
1784867897256432499,1e+06
1784867897366959720,1e+06
1784867897520740366,1e+06
1784867897766089347,1e+06
1784867897943578221,1e+06
1784867898148964487,1e+06
1784867898298857937,1e+06
1784867898575037855,1e+06
1784867899422644861,1e+06
1784867900042204797,1e+06
1784867900579412971,1e+06
1784867901064898709,1e+06
1784867901674950519,1e+06
1784867901686602140,1e+06
1784867901696624431,1e+06
1784867901736597313,1e+06
1784867901769354724,1e+06
1784867901847926445,1e+06
1784867901988455578,1e+06
1784867902003819335,1e+06
1784867902137867754,1e+06
1784867902228498164,1e+06
1784867902915406496,1e+06
1784867903455229188,1e+06
1784867903927472851,1e+06
1784867904212776790,1e+06
1784867905050616428,1e+06
1784867905294608395,1e+06
1784867905503500986,1e+06
1784867906286938494,1e+06
1784867906299818705,1e+06
1784867906734221370,1e+06
1784867907301944089,1e+06
1784867907320345435,1e+06
1784867907324779755,1e+06
1784867907373778369,1e+06
1784867907912474198,1e+06
1784867908211829124,1e+06
1784867908777803419,1e+06
1784867909283839748,1e+06
1784867909550346230,1e+06
1784867909623331411,1e+06
1784867909650693040,1e+06
1784867909665325017,1e+06
1784867909857712210,1e+06
1784867910052164335,1e+06
1784867910253521028,1e+06
1784867911018818251,1e+06
1784867911510822703,1e+06
1784867911995463492,1e+06
1784867912515303712,1e+06
1784867912907511986,1e+06
1784867914052973257,1e+06
1784867914215597586,1e+06
1784867915906784459,1e+06
1784867916356073830,1e+06
1784867916962344368,1e+06
1784867918905492785,1e+06
1784867919204397237,1e+06
1784867919509636904,1e+06
1784867920911290656,1e+06
1784867921751453777,1e+06
1784867921999064150,1e+06
1784867922812623449,1e+06
1784867923626787564,1e+06
1784867923670642217,1e+06
1784867923755258915,1e+06
1784867923989918696,1e+06
1784867925781662782,1e+06
1784867927152100979,1e+06
1784867928059231994,1e+06
1784867929895233271,1e+06
1784867930413698711,1e+06
1784867931250952888,1e+06
1784867932596952922,1e+06
1784867933143279828,1e+06
1784867933318016529,1e+06
1784867934159723954,1e+06
1784867934580347578,1e+06
1784867935906727178,1e+06
1784867936205736854,1e+06
1784867937594538348,1e+06
1784867938211945175,1e+06
1784867939185758128,1e+06
1784867939430996354,1e+06
1784867939596984947,1e+06
1784867940005842416,1e+06
1784867940618655022,1e+06
1784867941059413778,1e+06
1784867941386723439,1e+06
1784867941833200160,1e+06
1784867942191473982,1e+06
1784867944587490823,1e+06
1784867944587724548,1e+06
1784867944591462449,1e+06
1784867944591694525,1e+06
1784867944591895872,1e+06
1784867944592075846,1e+06
1784867944592315148,1e+06
1784867944592516921,1e+06
1784867944592665598,1e+06
1784867944592847707,1e+06
1784867944593036461,1e+06
1784867944605915411,1e+06
1784867944606115218,1e+06
1784867944606215050,1e+06
1784867944606321363,1e+06
1784867944606423754,1e+06
1784867944606509739,1e+06
1784867944615152822,1e+06
1784867944904414046,1e+06
1784867945391122611,1e+06
1784867945402709080,1e+06
1784867945410464973,1e+06
1784867945439556983,1e+06
1784867945597168553,1e+06
1784867946103281254,1e+06
1784867946468871267,1e+06
1784867946472642351,1e+06
1784867946477528743,1e+06
1784867946510398501,1e+06
1784867946618916304,1e+06
1784867946959754920,1e+06
1784867947298901573,1e+06
1784867947937632691,1e+06
1784867947975297113,1e+06
1784867948955332077,1e+06
1784867949567956497,1e+06
1784867949855346914,1e+06
1784867950233543203,1e+06
1784867950802501854,1e+06
1784867952032508563,1e+06
1784867953304956221,1e+06
1784867954680762199,1e+06
1784867955097169562,1e+06
1784867957096216356,1e+06
1784867957102232801,1e+06
1784867957282458032,1e+06
1784867957771597346,1e+06
1784867958109567491,1e+06
1784867958156106300,1e+06
1784867958462564428,1e+06
1784867958811325639,1e+06
1784867959946323028,1e+06
1784867961064360425,1e+06
1784867962918538095,1e+06
1784867964118882291,1e+06
1784867964841016535,1e+06
1784867965763920056,1e+06
1784867967145531838,1e+06
1784867968755242281,1e+06
1784867969650262623,1e+06
1784867971231205942,1e+06
1784867972719943357,1e+06
1784867973569614040,1e+06
1784867973627933297,1e+06
1784867973850430129,1e+06
1784867974096774406,1e+06
1784867974622679856,1e+06
1784867974953928326,1e+06
1784867975798561988,1e+06
1784867977001187056,1e+06
1784867977244283875,1e+06
1784867977756402235,1e+06
1784867977957976142,1e+06
1784867978363627097,1e+06
1784867979486931369,1e+06
1784867979487734284,1e+06
1784867979500523253,1e+06
1784867979513030435,1e+06
1784867979523373976,1e+06
1784867979555012066,1e+06
1784867979578410730,1e+06
1784867979599937767,1e+06
1784867979613768779,1e+06
1784867979614144974,1e+06
1784867979620794684,1e+06
1784867979621103779,1e+06
1784867979634855977,1e+06
1784867979635234629,1e+06
1784867979635446451,1e+06
1784867979649661963,1e+06
1784867979649888376,1e+06
1784867979653132036,1e+06
1784867979673931737,1e+06
1784867979680233789,1e+06
1784867979772999551,1e+06
1784867979793640815,1e+06
1784867979874529304,1e+06
1784867979948419188,1e+06
1784867980064502950,1e+06
1784867980266420921,1e+06
1784867980472850929,1e+06
1784867980834842526,1e+06
1784867980891132960,1e+06
1784867981317333451,1e+06
1784867981384341513,1e+06
1784867981858290051,1e+06
1784867982777567722,1e+06
1784867983027576711,1e+06
1784867983038575408,1e+06
1784867983046570981,1e+06
1784867983206398471,1e+06
1784867983877066554,1e+06
1784867986653263099,1e+06
1784867987522505377,1e+06
1784867987934351386,1e+06
1784867988122358668,1e+06
1784867988400616286,1e+06
1784867988802755642,1e+06
1784867989284310018,1e+06
1784867989345193862,1e+06
1784867989794355317,1e+06
1784867990057392392,1e+06
1784867990231066635,1e+06
1784867990691977257,1e+06
1784867991755526356,1e+06
1784867992156354027,1e+06
1784867992290571821,1e+06
1784867992936393198,1e+06
1784867993176620398,1e+06
1784867993794448520,1e+06
1784867995527861284,1e+06
1784867996269357743,1e+06
1784867997054598810,1e+06
1784867997197482972,1e+06
1784867998209948047,1e+06
1784867998763371559,1e+06
1784867998997360142,1e+06
1784867999621214379,1e+06
1784867999907917794,1e+06
1784868000197600699,1e+06
1784868000483395050,1e+06
1784868001259788774,1e+06
1784868002170766055,1e+06
1784868002191259004,1e+06
1784868002237587634,1e+06
1784868002386425564,1e+06
1784868002456299382,1e+06
1784868002928861820,1e+06
1784868003556120708,1e+06
1784868003569592916,1e+06
1784868003584097962,1e+06
1784868003596985732,1e+06
1784868003610585879,1e+06
1784868003622704135,1e+06
1784868003630544102,1e+06
1784868003656179700,1e+06
1784868003701064483,1e+06
1784868003946334326,1e+06
1784868004299328054,1e+06
1784868004547994904,1e+06
1784868004973917553,1e+06
1784868005438912293,1e+06
1784868006601405376,1e+06
1784868006618180188,1e+06
1784868007045726512,1e+06
1784868007078453136,1e+06
1784868007098766610,1e+06
1784868007736183012,1e+06
1784868008057885133,1e+06
1784868008973598682,1e+06
1784868009033196818,1e+06
1784868010840891978,1e+06
1784868010999297513,1e+06
1784868011080248990,1e+06
1784868011476330501,1e+06
1784868011936297387,1e+06
1784868011991436185,1e+06
1784868012094831397,1e+06
1784868013040751122,1e+06
1784868014866253765,1e+06
1784868017072092637,1e+06
1784868017316205671,1e+06
1784868017711330010,1e+06
1784868017846968185,1e+06
1784868017847319912,1e+06
1784868017847594670,1e+06
1784868018047499753,1e+06
1784868018604558636,1e+06
1784868018692874883,1e+06
1784868019112091730,1e+06
1784868019277956434,1e+06
1784868020437786441,1e+06
1784868020636785847,1e+06
1784868021279281855,1e+06
1784868022242483172,1e+06
1784868022612899432,1e+06
1784868025428429930,1e+06
1784868025561706478,1e+06
1784868025926892535,1e+06
1784868026200333417,1e+06
1784868027014345831,1e+06
1784868027763596324,1e+06
1784868028182962121,1e+06
1784868028191218123,1e+06
1784868028327502375,1e+06
1784868029510200422,1e+06
1784868030817331507,1e+06
1784868032373089281,1e+06
1784868034774364167,1e+06
1784868036462284542,1e+06
1784868037208077936,1e+06
1784868037683881512,1e+06
1784868037703565699,1e+06
1784868037735790337,1e+06
1784868037780831487,1e+06
1784868037803781574,1e+06
1784868037804129846,1e+06
1784868037823531756,1e+06
1784868037824036096,1e+06
1784868037836245665,1e+06
1784868037842433633,1e+06
1784868037860022411,1e+06
1784868037889276100,1e+06
1784868037920860074,1e+06
1784868037952183233,1e+06
1784868037972782793,1e+06
1784868038138541911,1e+06
1784868039021347306,1e+06
1784868039612489055,1e+06
1784868040686227112,1e+06
1784868041091608327,1e+06
1784868041663562484,1e+06
1784868043326684161,1e+06
1784868044375623088,1e+06
1784868044392225435,1e+06
1784868044392568886,1e+06
1784868044400486390,1e+06
1784868044400839534,1e+06
1784868044410263050,1e+06
1784868044522988787,1e+06
1784868044583325591,1e+06
1784868044680677337,1e+06
1784868044835899127,1e+06
1784868045056422377,1e+06
1784868045135522853,1e+06
1784868045330606434,1e+06
1784868046463379788,1e+06
1784868047907493402,1e+06
1784868048488008643,1e+06
1784868048488261019,1e+06
1784868048490664066,1e+06
1784868048490952810,1e+06
1784868048497358962,1e+06
1784868048503026996,1e+06
1784868048607518759,1e+06
1784868048694330962,1e+06
1784868048757586400,1e+06
1784868048824792679,1e+06
1784868048863001552,1e+06
1784868048912195406,1e+06
1784868049017556114,1e+06
1784868049350630424,1e+06
1784868050197962021,1e+06
1784868050233654401,1e+06
1784868050506877145,1e+06
1784868050652305483,1e+06
1784868050835838753,1e+06
1784868050842586385,1e+06
1784868050848883943,1e+06
1784868051056208185,1e+06
1784868051174185802,1e+06
1784868051187522458,1e+06
1784868051196123038,1e+06
1784868051215981639,1e+06
1784868051261751388,1e+06
1784868051367329349,1e+06
1784868051450918768,1e+06
1784868051564414044,1e+06
1784868052239175350,1e+06
1784868052257488424,1e+06
1784868052304071221,1e+06
1784868052951383155,1e+06
1784868054188889342,1e+06
1784868055204653040,1e+06
1784868055353129572,1e+06
1784868055365321507,1e+06
1784868055376157148,1e+06
1784868055386417948,1e+06
1784868055520001241,1e+06
1784868055785079719,1e+06
1784868056657601680,1e+06
1784868056828630853,1e+06
1784868056954669652,1e+06
1784868056955142169,1e+06
1784868057117631866,1e+06
1784868057782183656,1e+06
1784868057907508507,1e+06
1784868057956045472,1e+06
1784868058703832835,1e+06
1784868058878940344,1e+06
1784868059196670040,1e+06
1784868059287807897,1e+06
1784868059627252714,1e+06
1784868060125929143,1e+06
1784868060273585416,1e+06
1784868060672967009,1e+06
1784868061110783073,1e+06
1784868061333402602,1e+06
1784868061591155458,1e+06
1784868061897155807,1e+06
1784868062517483362,1e+06
1784868062526540965,1e+06
1784868062531597871,1e+06
1784868062534013064,1e+06
1784868062672763404,1e+06
1784868062679785595,1e+06
1784868062686149111,1e+06
1784868062852005141,1e+06
1784868063088812224,1e+06
1784868063400866111,1e+06
1784868063477565340,1e+06
1784868063477787072,1e+06
1784868063535990410,1e+06
1784868063739567039,1e+06
1784868063797342866,1e+06
1784868064111160815,1e+06
1784868064248610735,1e+06
1784868064303803218,1e+06
1784868064311630951,1e+06
1784868064347655120,1e+06
1784868064378692001,1e+06
1784868064448780339,1e+06
1784868064749354229,1e+06
1784868065059008603,1e+06
1784868065788984796,1e+06
1784868067923233158,1e+06
1784868068889925500,1e+06
1784868068895622668,1e+06
1784868068912230881,1e+06
1784868068929360565,1e+06
1784868068954908322,1e+06
1784868069036812787,1e+06
1784868069057983641,1e+06
1784868069108629058,1e+06
1784868069249682008,1e+06
1784868069638657819,1e+06
1784868070033010178,1e+06
1784868070866318836,1e+06
1784868070903765462,1e+06
1784868070933326759,1e+06
1784868071064717673,1e+06
1784868071909320624,1e+06
1784868073052540417,1e+06
1784868073958271068,1e+06
1784868077308173580,1e+06
1784868077796561556,1e+06
1784868077973762219,1e+06
1784868079994113105,1e+06
1784868083306549172,1e+06
1784868087192957969,1e+06
1784868090281052120,1e+06
1784868090304190840,1e+06
1784868090316567025,1e+06
1784868090337196811,1e+06
1784868090410609198,1e+06
1784868090940907319,1e+06
1784868090987083572,1e+06
1784868091222491238,1e+06
1784868091584875402,1e+06
1784868093360831146,1e+06
1784868095067036026,1e+06
1784868095102328170,1e+06
1784868095476338193,1e+06
1784868096084297110,1e+06
1784868096208059515,1e+06
1784868097029837592,1e+06
1784868097918050883,1e+06
1784868098992369100,1e+06
1784868099366607321,1e+06
1784868099747412148,1e+06
1784868099769659606,1e+06
1784868099800462187,1e+06
1784868099846791943,1e+06
1784868100081777593,1e+06
1784868100940103735,1e+06
1784868101526804122,1e+06
1784868102009267232,1e+06
1784868102150469243,1e+06
1784868102676057595,1e+06
1784868103141888260,1e+06
1784868103912381357,1e+06
1784868104743942737,1e+06
1784868104877690596,1e+06
1784868105716285781,1e+06
1784868105799275543,1e+06
1784868105920617327,1e+06
1784868106017959099,1e+06
1784868106028622913,1e+06
1784868106040413002,1e+06
1784868106051935333,1e+06
1784868106113117408,1e+06
1784868106189307868,1e+06
1784868106228308508,1e+06
1784868106339354611,1e+06
1784868106439439454,1e+06
1784868106668844987,1e+06
1784868106953177127,1e+06
1784868107451672557,1e+06
1784868107477035241,1e+06
1784868107482173142,1e+06
1784868107492839282,1e+06
1784868107499832445,1e+06
1784868107537101890,1e+06
1784868107584775360,1e+06
1784868107629639504,1e+06
1784868107721016737,1e+06
1784868107833103970,1e+06
1784868107998101083,1e+06
1784868108633609546,1e+06
1784868108640064384,1e+06
1784868108646566185,1e+06
1784868108706950743,1e+06
1784868108831568192,1e+06
1784868109487286703,1e+06
1784868110943337271,1e+06
1784868111848158053,1e+06
1784868112066991996,1e+06
1784868112419718038,1e+06
1784868112451153512,1e+06
1784868112653810398,1e+06
1784868112740188631,1e+06
1784868114010770159,1e+06
1784868114834873654,1e+06
1784868114844683685,1e+06
1784868114857401065,1e+06
1784868114857592155,1e+06
1784868114873965813,1e+06
1784868114896185630,1e+06
1784868114896535556,1e+06
1784868114907116627,1e+06
1784868114917416323,1e+06
1784868114932066328,1e+06
1784868114953178225,1e+06
1784868114975042547,1e+06
1784868114988910628,1e+06
1784868115016032863,1e+06
1784868115082990416,1e+06
1784868115175782210,1e+06
1784868115385722614,1e+06
1784868115565893633,1e+06
1784868115597167720,1e+06
1784868115907816567,1e+06
1784868116645654381,1e+06
1784868116716958194,1e+06
1784868116950742700,1e+06
1784868117608096651,1e+06
1784868118062241169,1e+06
1784868118066709413,1e+06
1784868118116192186,1e+06
1784868118662328997,1e+06
1784868118711976688,1e+06
1784868119251932821,1e+06
1784868119757921383,1e+06
1784868119908382467,1e+06
1784868119993319101,1e+06
1784868120700094298,1e+06
1784868121118394899,1e+06
1784868121687672380,1e+06
1784868121844432611,1e+06
1784868122970608555,1e+06
1784868122975067955,1e+06
1784868123107527495,1e+06
1784868123126908192,1e+06
1784868123227163476,1e+06
1784868123804534777,1e+06
1784868124783247499,1e+06
1784868125018895115,1e+06
1784868125845158539,1e+06
1784868126591919062,1e+06
1784868126620016966,1e+06
1784868126640892869,1e+06
1784868126681455496,1e+06
1784868126809885323,1e+06
1784868126953921481,1e+06
1784868127127090433,1e+06
1784868127799064452,1e+06
1784868128322882858,1e+06
1784868128568151999,1e+06
1784868128621344869,1e+06
1784868128656643694,1e+06
1784868129009598494,1e+06
1784868129950271462,1e+06
1784868131083207729,1e+06
1784868132042356943,1e+06
1784868132905706843,1e+06
1784868132988362577,1e+06
1784868133903976136,1e+06
1784868135917616482,1e+06
1784868136575681210,1e+06
1784868136590276012,1e+06
1784868136607931999,1e+06
1784868136624621749,1e+06
1784868136649533760,1e+06
1784868136686227413,1e+06
1784868136959503720,1e+06
1784868137046015299,1e+06
1784868137394507206,1e+06
1784868138249277563,1e+06
1784868139528033395,1e+06
1784868139534540998,1e+06
1784868140308582279,1e+06
1784868140373483216,1e+06
1784868140379762864,1e+06
1784868140383587434,1e+06
1784868140392885529,1e+06
1784868140426332996,1e+06
1784868140461341728,1e+06
1784868140466892657,1e+06
1784868140522392088,1e+06
1784868140577898234,1e+06
1784868140660010545,1e+06
1784868140875758205,1e+06
1784868140896055214,1e+06
1784868140914353306,1e+06
1784868140970212284,1e+06
1784868141011815747,1e+06
1784868141056433907,1e+06
1784868141153943854,1e+06
1784868141932088564,1e+06
1784868142334439284,1e+06
1784868142655917621,1e+06
1784868142732782586,1e+06
1784868142865757062,1e+06
1784868142998647814,1e+06
1784868143195115793,1e+06
1784868144009766083,1e+06
1784868144882488855,1e+06
1784868146264785016,1e+06
1784868147434572528,1e+06
1784868149021378547,1e+06
1784868149061010609,1e+06
1784868149121692436,1e+06
1784868149489536664,1e+06
1784868150007097403,1e+06
1784868153260986887,1e+06
1784868155535480399,1e+06
1784868156193040037,1e+06
1784868156198292402,1e+06
1784868156205765626,1e+06
1784868156352358907,1e+06
1784868156948610531,1e+06
1784868158917511556,1e+06
1784868160675115067,1e+06
1784868161175454330,1e+06
1784868161196402528,1e+06
1784868161370728654,1e+06
1784868161918464992,1e+06
1784868162276974660,1e+06
1784868162869940331,1e+06
1784868162906340105,1e+06
1784868164959834501,1e+06
1784868167947483159,1e+06
1784868167981281479,1e+06
1784868168462732572,1e+06
1784868170634361790,1e+06
1784868172205852712,1e+06
1784868175140202144,1e+06
1784868177264371872,1e+06
1784868178780907745,1e+06
1784868179233073579,1e+06
1784868180244339446,1e+06
1784868181415855957,1e+06
1784868181698392348,1e+06
1784868181983569593,1e+06
1784868182004238298,1e+06
1784868182014538820,1e+06
1784868182038552506,1e+06
1784868182053268511,1e+06
1784868182082886068,1e+06
1784868182127335386,1e+06
1784868182182825686,1e+06
1784868182367881684,1e+06
1784868182635309326,1e+06
1784868182973087477,1e+06
1784868184104759752,1e+06
1784868184790597227,1e+06
1784868184845102570,1e+06
1784868184982182107,1e+06
1784868185641663685,1e+06
1784868186819084027,1e+06
1784868187389438393,1e+06
1784868187413740500,1e+06
1784868187565653569,1e+06
1784868187945324189,1e+06
1784868188029438406,1e+06
1784868189963318216,1e+06
1784868190860223348,1e+06
1784868192933552886,1e+06
1784868193029200507,1e+06
1784868193672029867,1e+06
1784868194707365219,1e+06
1784868196474354320,1e+06
1784868196707599687,1e+06
1784868196715910439,1e+06
1784868196801848790,1e+06
1784868196950350175,1e+06
1784868196978351619,1e+06
1784868198652693206,1e+06
1784868198680830901,1e+06
1784868198696759785,1e+06
1784868198707998922,1e+06
1784868198742339683,1e+06
1784868198859660238,1e+06
1784868198952469860,1e+06
1784868199479990101,1e+06
1784868200587534576,1e+06
1784868201402117920,1e+06
1784868202159583762,1e+06
1784868203686329498,1e+06
1784868204106143085,1e+06
1784868204787888211,1e+06
1784868205638298938,1e+06
1784868205690348552,1e+06
1784868205713484021,1e+06
1784868205952512381,1e+06
1784868206202117006,1e+06
1784868206528414169,1e+06
1784868207758706666,1e+06
1784868209288398405,1e+06
1784868209301506909,1e+06
1784868209301713820,1e+06
1784868209301947466,1e+06
1784868209302469103,1e+06
1784868209440867645,1e+06
1784868209517922083,1e+06
1784868209618592571,1e+06
1784868209909919191,1e+06
1784868210047928441,1e+06
1784868210048113069,1e+06
1784868210048319747,1e+06
1784868210054624305,1e+06
1784868210054852772,1e+06
1784868210076359702,1e+06
1784868210121588578,1e+06
1784868210254603243,1e+06
1784868210316564627,1e+06
1784868210341889225,1e+06
1784868210370935993,1e+06
1784868210449985475,1e+06
1784868210503056049,1e+06
1784868210593659076,1e+06
1784868210936205342,1e+06
1784868211085213354,1e+06
1784868211683354614,1e+06
1784868212094460661,1e+06
1784868212264968890,1e+06
1784868212450316614,1e+06
1784868212534260793,1e+06
1784868212539314440,1e+06
1784868212541051528,1e+06
1784868212542803819,1e+06
1784868212549067655,1e+06
1784868212553300545,1e+06
1784868212559778133,1e+06
1784868212562861015,1e+06
1784868212620474806,1e+06
1784868212759944029,1e+06
1784868212905284629,1e+06
1784868213062281489,1e+06
1784868213146842536,1e+06
1784868213169156022,1e+06
1784868213182956641,1e+06
1784868213237027717,1e+06
1784868213273584853,1e+06
1784868213307190126,1e+06
1784868213482265010,1e+06
1784868213557759067,1e+06
1784868213735981002,1e+06
1784868213952011212,1e+06
1784868213976967075,1e+06
1784868214125842465,1e+06
1784868214177593797,1e+06
1784868215569630671,1e+06
1784868215857132021,1e+06
1784868216205873184,1e+06
1784868216375289514,1e+06
1784868217945420462,1e+06
1784868218600418314,1e+06
1784868218617363543,1e+06
1784868218628497330,1e+06
1784868218637153354,1e+06
1784868218646015083,1e+06
1784868218653486955,1e+06
1784868218666814560,1e+06
1784868218706962965,1e+06
1784868218778620401,1e+06
1784868218937362810,1e+06
1784868219128668551,1e+06
1784868219138334923,1e+06
1784868219153246137,1e+06
1784868219189328987,1e+06
1784868219234333590,1e+06
1784868219245942473,1e+06
1784868219267793826,1e+06
1784868219309031085,1e+06
1784868219366462276,1e+06
1784868219613353135,1e+06
1784868220209023579,1e+06
1784868220218911185,1e+06
1784868220226716950,1e+06
1784868220390011585,1e+06
1784868220591449816,1e+06
1784868221193545988,1e+06
1784868221432694350,1e+06
1784868221437637501,1e+06
1784868221442205731,1e+06
1784868221552300947,1e+06
1784868221932666804,1e+06
1784868222305900835,1e+06
1784868223436356375,1e+06
1784868224416494766,1e+06
1784868224472319933,1e+06
1784868224569845472,1e+06
1784868224950795281,1e+06
1784868225056194238,1e+06
1784868225198638999,1e+06
1784868225200549591,1e+06
1784868225206696300,1e+06
1784868225302970973,1e+06
1784868225430098200,1e+06
1784868225514361538,1e+06
1784868225772566971,1e+06
1784868226171246372,1e+06
1784868226251068777,1e+06
1784868226953723181,1e+06
1784868227238640592,1e+06
1784868227431021970,1e+06
1784868227701337234,1e+06
1784868227991005425,1e+06
1784868228024434365,1e+06
1784868228035702941,1e+06
1784868228047470266,1e+06
1784868228047635599,1e+06
1784868228067105951,1e+06
1784868228092850479,1e+06
1784868228115623840,1e+06
1784868228178724679,1e+06
1784868228204422997,1e+06
1784868228391247241,1e+06
1784868228646399711,1e+06
1784868229182408969,1e+06
1784868229357059739,1e+06
1784868230176605559,1e+06
1784868230225305845,1e+06
1784868230574236095,1e+06
1784868231884898877,1e+06
1784868232411239892,1e+06
1784868232427159339,1e+06
1784868232667263828,1e+06
1784868232690209542,1e+06
1784868233055302831,1e+06
1784868233934011766,1e+06
1784868234755116007,1e+06
1784868235838765552,1e+06
1784868236035742160,1e+06
1784868236490701566,1e+06
1784868237509986995,1e+06
1784868238126999402,1e+06
1784868238394599335,1e+06
1784868239262777261,1e+06
1784868239710520084,1e+06
1784868240629340663,1e+06
1784868241166899896,1e+06
1784868242046533646,1e+06
1784868242108705316,1e+06
1784868242149772559,1e+06
1784868242167065068,1e+06
1784868242180284797,1e+06
1784868242203402568,1e+06
1784868242257831432,1e+06
1784868242642785570,1e+06
1784868242921252165,1e+06
1784868245097866418,1e+06
1784868245955280200,1e+06
1784868245961230953,1e+06
1784868246489980708,1e+06
1784868247265243453,1e+06
1784868248158118352,1e+06
1784868249313163928,1e+06
1784868251107591588,1e+06
1784868252735984991,1e+06
1784868252905753485,1e+06
1784868252916314377,1e+06
1784868252991267742,1e+06
1784868253053624935,1e+06
1784868253249157185,1e+06
1784868253879090764,1e+06
1784868254547429592,1e+06
1784868255341106786,1e+06
1784868257618397448,1e+06
1784868258748644122,1e+06
1784868260022939456,1e+06
1784868261899323895,1e+06
1784868265310167162,1e+06
1784868266311583882,1e+06
1784868267737819262,1e+06
1784868269103317646,1e+06
1784868270509503344,1e+06
1784868271610867368,1e+06
1784868274307102135,1e+06
1784868276039010416,1e+06
1784868276954255130,1e+06
1784868277004287898,1e+06
1784868277499188599,1e+06
1784868277506546212,1e+06
1784868277523065076,1e+06
1784868277563005671,1e+06
1784868277601862159,1e+06
1784868277713272067,1e+06
1784868278128695201,1e+06
1784868278241927609,1e+06
1784868279100731149,1e+06
1784868280375586710,1e+06
1784868280586414104,1e+06
1784868280728876201,1e+06
1784868280865196504,1e+06
1784868280985248470,1e+06
1784868281119716298,1e+06
1784868281637274407,1e+06
1784868281979926089,1e+06
1784868282423677062,1e+06
1784868282646185250,1e+06
1784868283159056556,1e+06
1784868283716564412,1e+06
1784868283891111663,1e+06
1784868284054887517,1e+06
1784868284238647795,1e+06
1784868284700810521,1e+06
1784868284974787849,1e+06
1784868285364027983,1e+06
1784868285886309313,1e+06
1784868286540350740,1e+06
1784868287102581053,1e+06
1784868287604647427,1e+06
1784868288051717032,1e+06
1784868288673876123,1e+06
1784868289178409427,1e+06
1784868289524994490,1e+06
1784868289711331937,1e+06
1784868290020302421,1e+06
1784868290109692508,1e+06
1784868290524211395,1e+06
1784868290949512248,1e+06
1784868291418860921,1e+06
1784868292090399618,1e+06
1784868292107332982,1e+06
1784868292114005879,1e+06
1784868292120480022,1e+06
1784868292124663875,1e+06
1784868292126514797,1e+06
1784868292135882209,1e+06
1784868292141043146,1e+06
1784868292152851802,1e+06
1784868292258667636,1e+06
1784868292303361958,1e+06
1784868292530147955,1e+06
1784868292668264998,1e+06
1784868292738210959,1e+06
1784868292748070638,1e+06
1784868292851426526,1e+06
1784868292913267462,1e+06
1784868292966647599,1e+06
1784868293071559044,1e+06
1784868293160356708,1e+06
1784868293250446949,1e+06
1784868293580472064,1e+06
1784868293902757406,1e+06
1784868294113592303,1e+06
1784868294297807635,1e+06
1784868294693263959,1e+06
1784868294941840608,1e+06
1784868295188228260,1e+06
1784868295326100137,1e+06
1784868295502443184,1e+06
1784868295535497325,1e+06
1784868295646737876,1e+06
1784868295760741191,1e+06
1784868296019236453,1e+06
1784868296256397713,1e+06
1784868296265952169,1e+06
1784868296448063311,1e+06
1784868296722585399,1e+06
1784868297016350685,1e+06
1784868297266308755,1e+06
1784868297615211168,1e+06
1784868297777161983,1e+06
1784868297896739369,1e+06
1784868297938896349,1e+06
1784868298173249474,1e+06
1784868298350338028,1e+06
1784868298697050464,1e+06
1784868298737565675,1e+06
1784868299049372673,1e+06
1784868299217836448,1e+06
1784868299605581824,1e+06
1784868299619588511,1e+06
1784868299627399335,1e+06
1784868299640215158,1e+06
1784868299655893330,1e+06
1784868299671622931,1e+06
1784868299690701642,1e+06
1784868299698245390,1e+06
1784868299707799698,1e+06
1784868299737112970,1e+06
1784868299762114137,1e+06
1784868299869723103,1e+06
1784868300052036484,1e+06
1784868300311810483,1e+06
1784868300988686151,1e+06
1784868301235945292,1e+06
1784868301736705404,1e+06
1784868301906782388,1e+06
1784868301939448524,1e+06
1784868302786172125,1e+06
1784868303098949995,1e+06
1784868303669629218,1e+06
1784868304354272322,1e+06
1784868306092715757,1e+06
1784868306557822078,1e+06
1784868306953263048,1e+06
1784868307715458311,1e+06
1784868308397885527,1e+06
1784868308489266255,1e+06
1784868308489917929,1e+06
1784868308502623114,1e+06
1784868308619316854,1e+06
1784868308785745795,1e+06
1784868308955777478,1e+06
1784868309511020853,1e+06
1784868309981941099,1e+06
1784868310971932027,1e+06
1784868311902772609,1e+06
1784868312897484195,1e+06
1784868314050738042,1e+06
1784868314401262386,1e+06
1784868314798878373,1e+06
1784868314799145484,1e+06
1784868314799470624,1e+06
1784868314804466873,1e+06
1784868314804628769,1e+06
1784868314838667558,1e+06
1784868314946996192,1e+06
1784868315043940781,1e+06
1784868315276831687,1e+06
1784868315483484919,1e+06
1784868315504044881,1e+06
1784868315534617099,1e+06
1784868315647173799,1e+06
1784868315660193108,1e+06
1784868315713392361,1e+06
1784868315800363140,1e+06
1784868315860151742,1e+06
1784868315958322673,1e+06
1784868316236733490,1e+06
1784868316429323486,1e+06
1784868317094445920,1e+06
1784868317210396640,1e+06
1784868318402422292,1e+06
1784868318909786687,1e+06
1784868319967299068,1e+06
1784868322022776334,1e+06
1784868322214378403,1e+06
1784868322557993801,1e+06
1784868322972230111,1e+06
1784868323059717723,1e+06
1784868323268921963,1e+06
1784868324041458606,1e+06
1784868325103613794,1e+06
1784868326775152988,1e+06
1784868327951030281,1e+06
1784868327981770947,1e+06
1784868328036076889,1e+06
1784868328385787245,1e+06
1784868328887711921,1e+06
1784868329029900168,1e+06
1784868330026811009,1e+06
1784868330055717973,1e+06
1784868330065762657,1e+06
1784868330180924973,1e+06
1784868330662732098,1e+06
1784868330670380498,1e+06
1784868330686526361,1e+06
1784868330703988968,1e+06
1784868330722662382,1e+06
1784868330751021875,1e+06
1784868330771473445,1e+06
1784868330813216175,1e+06
1784868330835467229,1e+06
1784868330879656677,1e+06
1784868330923310014,1e+06
1784868331039699717,1e+06
1784868331067503329,1e+06
1784868331138331090,1e+06
1784868331248737675,1e+06
1784868331402538408,1e+06
1784868331547691832,1e+06
1784868331722730260,1e+06
1784868331798361172,1e+06
1784868333218474984,1e+06
1784868333457244746,1e+06
1784868333584275845,1e+06
1784868334032355073,1e+06
1784868335150716089,1e+06
1784868335310013667,1e+06
1784868335405417332,1e+06
1784868335410716105,1e+06
1784868335447146362,1e+06
1784868335688510610,1e+06
1784868336248351267,1e+06
1784868337147832449,1e+06
1784868338355616888,1e+06
1784868339428414673,1e+06
1784868339967259228,1e+06
1784868340502830073,1e+06
1784868340757371558,1e+06
1784868340772846610,1e+06
1784868340779001430,1e+06
1784868340824728517,1e+06
1784868340954463701,1e+06
1784868341061809155,1e+06
1784868341902263083,1e+06
1784868343774323523,1e+06
1784868343909423960,1e+06
1784868343927355774,1e+06
1784868344188199660,1e+06
1784868345089680485,1e+06
1784868345095164278,1e+06
1784868345309400527,1e+06
1784868345591527116,1e+06
1784868346949067924,1e+06
1784868348818439464,1e+06
1784868349486856183,1e+06
1784868350330557422,1e+06
1784868350975061969,1e+06
1784868352863452748,1e+06
1784868353621224955,1e+06
1784868355171247082,1e+06
1784868356800439409,1e+06
1784868357566939638,1e+06
1784868358682869468,1e+06
1784868358744697798,1e+06
1784868358905381142,1e+06
1784868358993728695,1e+06
1784868359060668395,1e+06
1784868359877457281,1e+06
1784868359965193112,1e+06
1784868360114270956,1e+06
1784868360330862957,1e+06
1784868360715020655,1e+06
1784868360913284513,1e+06
1784868362563859202,1e+06
1784868362667667959,1e+06
1784868362679886976,1e+06
1784868362874999251,1e+06
1784868363959250043,1e+06
1784868364643660845,1e+06
1784868365866456994,1e+06
1784868368378525088,1e+06
1784868368393101098,1e+06
1784868368445338464,1e+06
1784868368470464953,1e+06
1784868368497894063,1e+06
1784868368551536320,1e+06
1784868368566764478,1e+06
1784868368590490840,1e+06
1784868368688867546,1e+06
1784868368763159994,1e+06
1784868368845343041,1e+06
1784868368856228235,1e+06
1784868368856387504,1e+06
1784868368856512975,1e+06
1784868368871382575,1e+06
1784868368871551035,1e+06
1784868368872531007,1e+06
1784868368872650212,1e+06
1784868368875882452,1e+06
1784868368993105637,1e+06
1784868369014293500,1e+06
1784868369056507153,1e+06
1784868369072650053,1e+06
1784868369080004877,1e+06
1784868369086753577,1e+06
1784868369092427778,1e+06
1784868369115165883,1e+06
1784868369156811299,1e+06
1784868369227915921,1e+06
1784868369250415608,1e+06
1784868369373908672,1e+06
1784868369419505768,1e+06
1784868369523672924,1e+06
1784868369659736628,1e+06
1784868369902639001,1e+06
1784868370129673736,1e+06
1784868370196759594,1e+06
1784868370229199537,1e+06
1784868370318000244,1e+06
1784868370381909721,1e+06
1784868370611722661,1e+06
1784868370741728617,1e+06
1784868370918667129,1e+06
1784868370960844339,1e+06
1784868371755689963,1e+06
1784868372045813397,1e+06
1784868373254996051,1e+06
1784868373398583119,1e+06
1784868373421004068,1e+06
1784868373570975082,1e+06
1784868373575304527,1e+06
1784868373718324133,1e+06
1784868374605199859,1e+06
1784868375002830422,1e+06
1784868376610927127,1e+06
1784868378084605257,1e+06
1784868378396176315,1e+06
1784868378418784225,1e+06
1784868378475974987,1e+06
1784868378588733171,1e+06
1784868378786647634,1e+06
1784868378800186353,1e+06
1784868378807168082,1e+06
1784868378807415090,1e+06
1784868378822951008,1e+06
1784868378843746812,1e+06
1784868378857125964,1e+06
1784868378899207654,1e+06
1784868378950636120,1e+06
1784868379013444386,1e+06
1784868379126398962,1e+06
1784868379307143812,1e+06
1784868379465772910,1e+06
1784868380053778886,1e+06
1784868380907777346,1e+06
1784868381224549049,1e+06
1784868381841378243,1e+06
1784868382255088834,1e+06
1784868383606913945,1e+06
1784868384898961281,1e+06
1784868385044831970,1e+06
1784868385099051025,1e+06
1784868385400329260,1e+06
1784868385413716256,1e+06
1784868385429443305,1e+06
1784868385486017710,1e+06
1784868385556577442,1e+06
1784868385620315944,1e+06
1784868385679718060,1e+06
1784868385834756413,1e+06
1784868386266744778,1e+06
1784868386463863143,1e+06
1784868386707922396,1e+06
1784868387028182366,1e+06
1784868387878163816,1e+06
1784868389702090401,1e+06
1784868389768048394,1e+06
1784868389818442804,1e+06
1784868389863282349,1e+06
1784868389863533714,1e+06
1784868389895531698,1e+06
1784868389895820922,1e+06
1784868389933151561,1e+06
1784868389972207398,1e+06
1784868389972523391,1e+06
1784868390002267326,1e+06
1784868390075921259,1e+06
1784868390078494446,1e+06
1784868390078662288,1e+06
1784868390116579062,1e+06
1784868390223436903,1e+06
1784868390318468060,1e+06
1784868390481744046,1e+06
1784868390822436962,1e+06
1784868390888450598,1e+06
1784868391009537527,1e+06
1784868391013786392,1e+06
1784868391032556235,1e+06
1784868391627277999,1e+06
1784868392201103933,1e+06
1784868392492154730,1e+06
1784868393002873649,1e+06
1784868393846475576,1e+06
1784868393982327562,1e+06
1784868394555648831,1e+06
1784868395673347332,1e+06
1784868395905252536,1e+06
1784868396621232819,1e+06
1784868397051006709,1e+06
1784868397569777918,1e+06
1784868397764046797,1e+06
1784868397786465656,1e+06
1784868397814720221,1e+06
1784868397826686693,1e+06
1784868397885370343,1e+06
1784868397917313780,1e+06
1784868397960623677,1e+06
1784868398067898744,1e+06
1784868398101438144,1e+06
1784868398186808548,1e+06
1784868398336412035,1e+06
1784868398958338152,1e+06
1784868399745432697,1e+06
1784868400103859540,1e+06
1784868400115198138,1e+06
1784868400955477750,1e+06
1784868401347275570,1e+06
1784868401931109446,1e+06
1784868402002644874,1e+06
1784868402132891651,1e+06
1784868402993312176,1e+06
1784868403021738672,1e+06
1784868403089159652,1e+06
1784868403154294518,1e+06
1784868403897998456,1e+06
1784868404247809174,1e+06
1784868404566773055,1e+06
1784868404907607399,1e+06
1784868405294740821,1e+06
1784868406020084084,1e+06
1784868407901544775,1e+06
1784868408086989241,1e+06
1784868408312774083,1e+06
1784868408942536331,1e+06
1784868410327360462,1e+06
1784868410512171410,1e+06
1784868410544785914,1e+06
1784868411025952675,1e+06
1784868411484121378,1e+06
1784868412234527157,1e+06
1784868412505877824,1e+06
1784868412584579507,1e+06
1784868414928366213,1e+06
1784868417900485330,1e+06
1784868418345600220,1e+06
1784868419346717196,1e+06
1784868419436863284,1e+06
1784868419502131179,1e+06
1784868420131899038,1e+06
1784868420144480031,1e+06
1784868420256268486,1e+06
1784868420851041148,1e+06
1784868420952523339,1e+06
1784868420957045210,1e+06
1784868420957228627,1e+06
1784868420962444409,1e+06
1784868420968819188,1e+06
1784868420975154336,1e+06
1784868420981126001,1e+06
1784868420985119080,1e+06
1784868420990350738,1e+06
1784868421101088640,1e+06
1784868421117597502,1e+06
1784868421152337016,1e+06
1784868421285009430,1e+06
1784868421470709627,1e+06
1784868421504740260,1e+06
1784868421570889180,1e+06
1784868421738288205,1e+06
1784868421745435579,1e+06
1784868421754897806,1e+06
1784868421756690913,1e+06
1784868421762732382,1e+06
1784868421830095764,1e+06
1784868421902458638,1e+06
1784868421911406931,1e+06
1784868422019727152,1e+06
1784868422094815336,1e+06
1784868422376296374,1e+06
1784868422385899790,1e+06
1784868422413139219,1e+06
1784868422425324778,1e+06
1784868422444819141,1e+06
1784868422598796435,1e+06
1784868423053321953,1e+06
1784868423064930925,1e+06
1784868423191428846,1e+06
1784868423530679949,1e+06
1784868423551939551,1e+06
1784868423586702869,1e+06
1784868423657590076,1e+06
1784868423697813927,1e+06
1784868423926881173,1e+06
1784868424035785652,1e+06
1784868424038261483,1e+06
1784868424138799672,1e+06
1784868424229344625,1e+06
1784868424235141249,1e+06
1784868424403615713,1e+06
1784868424519639408,1e+06
1784868424704163555,1e+06
1784868424810285320,1e+06
1784868424953405130,1e+06
1784868425102298404,1e+06
1784868425159132921,1e+06
1784868425310304249,1e+06
1784868426329752935,1e+06
1784868427022831216,1e+06
1784868427033189157,1e+06
1784868427232532297,1e+06
1784868427310279287,1e+06
1784868427404820257,1e+06
1784868427644411977,1e+06
1784868428245336528,1e+06
1784868428726144228,1e+06
1784868428906496976,1e+06
1784868429207190517,1e+06
1784868429248738858,1e+06
1784868429264510784,1e+06
1784868429291910544,1e+06
1784868429321388067,1e+06
1784868429399653495,1e+06
1784868429437491528,1e+06
1784868429444247339,1e+06
1784868429451465267,1e+06
1784868429503233464,1e+06
1784868429509709695,1e+06
1784868429516675304,1e+06
1784868429577686903,1e+06
1784868429646232968,1e+06
1784868429668368409,1e+06
1784868429773789000,1e+06
1784868429900243215,1e+06
1784868429954091181,1e+06
1784868430315895785,1e+06
1784868430427305750,1e+06
1784868431419126371,1e+06
1784868431899106307,1e+06
1784868432322662408,1e+06
1784868433267819405,1e+06
1784868433553193238,1e+06
1784868434906737495,1e+06
1784868435694269584,1e+06
1784868435992951010,1e+06
1784868436525464482,1e+06
1784868437189026829,1e+06
1784868437352838508,1e+06
1784868437810144297,1e+06
1784868437972937678,1e+06
1784868438977661095,1e+06
1784868439916795620,1e+06
1784868440064546697,1e+06
1784868440082630556,1e+06
1784868440094159277,1e+06
1784868440100228151,1e+06
1784868440120074230,1e+06
1784868440122732497,1e+06
1784868440152360877,1e+06
1784868440192286332,1e+06
1784868440225499202,1e+06
1784868440562335560,1e+06
1784868440624948063,1e+06
1784868441128798655,1e+06
1784868441564826217,1e+06
1784868442151745900,1e+06
1784868443734916367,1e+06
1784868443766330185,1e+06
1784868443807617912,1e+06
1784868444055856165,1e+06
1784868444334437787,1e+06
1784868445270724012,1e+06
1784868446805940388,1e+06
1784868447896838127,1e+06
1784868447913356494,1e+06
1784868448028572983,1e+06
1784868448108400077,1e+06
1784868448114802609,1e+06
1784868448200894334,1e+06
1784868448274833521,1e+06
1784868448903111406,1e+06
1784868449655156267,1e+06
1784868449904165884,1e+06
1784868450936131296,1e+06
1784868452369003844,1e+06
1784868452513548097,1e+06
1784868453375263506,1e+06
1784868454699266484,1e+06
1784868456490565723,1e+06
1784868456517097094,1e+06
1784868456522624299,1e+06
1784868456538413889,1e+06
1784868456577931216,1e+06
1784868456660235578,1e+06
1784868456723475101,1e+06
1784868456946703752,1e+06
1784868457662511487,1e+06
1784868457662676149,1e+06
1784868457664950692,1e+06
1784868457665558357,1e+06
1784868457682888201,1e+06
1784868457714097306,1e+06
1784868457842609567,1e+06
1784868458180618319,1e+06
1784868459525047053,1e+06
1784868460306353812,1e+06
1784868461236420508,1e+06
1784868462507393123,1e+06
1784868463338831792,1e+06
1784868463486532056,1e+06
1784868463804505539,1e+06
1784868464611566077,1e+06
1784868465142736728,1e+06
1784868465145291144,1e+06
1784868465149063466,1e+06
1784868465157890214,1e+06
1784868465195527590,1e+06
1784868465251932717,1e+06
1784868465337461862,1e+06
1784868465599488436,1e+06
1784868465607679510,1e+06
1784868465622807641,1e+06
1784868465676603336,1e+06
1784868465920486507,1e+06
1784868466385019496,1e+06
1784868466409574580,1e+06
1784868466478422644,1e+06
1784868466500691683,1e+06
1784868466525069031,1e+06
1784868466554714201,1e+06
1784868466593776671,1e+06
1784868466615781196,1e+06
1784868466629921812,1e+06
1784868466650469318,1e+06
1784868466708229565,1e+06
1784868466764775926,1e+06
1784868467054861367,1e+06
1784868467209492315,1e+06
1784868467695921068,1e+06
1784868468484866602,1e+06
1784868468908405161,1e+06
1784868469104740620,1e+06
1784868469499224895,1e+06
1784868470443104685,1e+06
1784868471295663180,1e+06
1784868472877581163,1e+06
1784868473324984644,1e+06
1784868473706472767,1e+06
1784868473910334351,1e+06
1784868474079182785,1e+06
1784868475048409722,1e+06
1784868475545336492,1e+06
1784868475545509939,1e+06
1784868475551332737,1e+06
1784868475551458207,1e+06
1784868475553475445,1e+06
1784868475556894251,1e+06
1784868475565543883,1e+06
1784868475567858303,1e+06
1784868475571506087,1e+06
1784868475574509195,1e+06
1784868475578155777,1e+06
1784868475699061615,1e+06
1784868475710804563,1e+06
1784868475726730716,1e+06
1784868475875176065,1e+06
1784868475910345832,1e+06
1784868475923322971,1e+06
1784868475928380730,1e+06
1784868475988532776,1e+06
1784868476019929677,1e+06
1784868476061033988,1e+06
1784868476168348287,1e+06
1784868476210224852,1e+06
1784868476237408115,1e+06
1784868476383369268,1e+06
1784868476407714353,1e+06
1784868476649298174,1e+06
1784868476951271183,1e+06
1784868477131005760,1e+06
1784868477150505445,1e+06
1784868477868622517,1e+06
1784868478304234857,1e+06
1784868478406589617,1e+06
1784868478497010274,1e+06
1784868478761936479,1e+06
1784868478985691848,1e+06
1784868478987130039,1e+06
1784868478992847066,1e+06
1784868479041792233,1e+06
1784868479124644145,1e+06
1784868479352190187,1e+06
1784868479817494671,1e+06
1784868480220395508,1e+06
1784868481287664118,1e+06
1784868481748532618,1e+06
1784868481813062200,1e+06
1784868481823163821,1e+06
1784868481828149645,1e+06
1784868481869213852,1e+06
1784868481948190121,1e+06
1784868482154340411,1e+06
1784868482159113629,1e+06
1784868482165365986,1e+06
1784868482266033505,1e+06
1784868482816474710,1e+06
1784868484013550609,1e+06
1784868484133184450,1e+06
1784868484348845354,1e+06
1784868484353319957,1e+06
1784868484580498696,1e+06
1784868484771536663,1e+06
1784868485734534804,1e+06
1784868485864637603,1e+06
1784868486056648456,1e+06
1784868486262388873,1e+06
1784868486411026685,1e+06
1784868486510630822,1e+06
1784868486521881900,1e+06
1784868486537942983,1e+06
1784868486657132780,1e+06
1784868487116663454,1e+06
1784868487553321059,1e+06
1784868488913657417,1e+06
1784868489703302639,1e+06
1784868489821408274,1e+06
1784868490253712983,1e+06
1784868490689045766,1e+06
1784868490880406495,1e+06
1784868490979620251,1e+06
1784868491417821517,1e+06
1784868491786424963,1e+06
1784868492279150065,1e+06
1784868493306344943,1e+06
1784868494123067575,1e+06
1784868494289018387,1e+06
1784868494603184522,1e+06
1784868495512063293,1e+06
1784868495552612735,1e+06
1784868495773632478,1e+06
1784868497258200418,1e+06
1784868497443090753,1e+06
1784868498995371748,1e+06
1784868499033384260,1e+06
1784868499557193612,1e+06
1784868499570015957,1e+06
1784868499790507793,1e+06
1784868500682251083,1e+06
1784868501558782176,1e+06
1784868502207835995,1e+06
1784868503330923552,1e+06
1784868503768695452,1e+06
1784868505742568745,1e+06
1784868506650626138,1e+06
1784868507148475374,1e+06
1784868507345376309,1e+06
1784868508502371970,1e+06
1784868509620931700,1e+06
1784868510948025111,1e+06
1784868511303439391,1e+06
1784868511365764444,1e+06
1784868511465851166,1e+06
1784868512153054831,1e+06
1784868512783428933,1e+06
1784868512922457821,1e+06
1784868513039457036,1e+06
1784868513236351088,1e+06
1784868514296787271,1e+06
1784868514608951830,1e+06
1784868514718956292,1e+06
1784868514845952047,1e+06
1784868515137877012,1e+06
1784868515150438027,1e+06
1784868515152349258,1e+06
1784868515165927620,1e+06
1784868515187904533,1e+06
1784868515215186119,1e+06
1784868515241605459,1e+06
1784868515283995666,1e+06
1784868515304356788,1e+06
1784868515429973740,1e+06
1784868515605464548,1e+06
1784868515922398155,1e+06
1784868517084435610,1e+06
1784868517757221565,1e+06
1784868518011785530,1e+06
1784868518024130205,1e+06
1784868518204164805,1e+06
1784868519042914455,1e+06
1784868519875375748,1e+06
1784868519965772224,1e+06
1784868521152802638,1e+06
1784868523659581439,1e+06
1784868524899924740,1e+06
1784868525931123196,1e+06
1784868526046880114,1e+06
1784868526055851193,1e+06
1784868526079849150,1e+06
1784868526080090064,1e+06
1784868526099770357,1e+06
1784868526131121699,1e+06
1784868526222349555,1e+06
1784868526282482124,1e+06
1784868526321471793,1e+06
1784868526443524611,1e+06
1784868526695106997,1e+06
1784868527054668068,1e+06
1784868527635703124,1e+06
1784868528197252749,1e+06
1784868528368573241,1e+06
1784868528591193250,1e+06
1784868529557202811,1e+06
1784868530927356968,1e+06
1784868532345585432,1e+06
1784868534537048057,1e+06
1784868536057703890,1e+06
1784868536294008629,1e+06
1784868536483256977,1e+06
1784868536656251235,1e+06
1784868537899613820,1e+06
1784868538898726760,1e+06
1784868539202815765,1e+06
1784868540467481726,1e+06
1784868540982860513,1e+06
1784868541635750068,1e+06
1784868541962014072,1e+06
1784868542197448461,1e+06
1784868543053144155,1e+06
1784868544110621119,1e+06
1784868546968443930,1e+06
1784868548042910921,1e+06
1784868548346638591,1e+06
1784868549052263105,1e+06
1784868549839244126,1e+06
1784868550622179856,1e+06
1784868551649925564,1e+06
1784868554487446190,1e+06
1784868554509927734,1e+06
1784868554524752666,1e+06
1784868554585084710,1e+06
1784868554601167221,1e+06
1784868554622896728,1e+06
1784868554646874173,1e+06
1784868554688776614,1e+06
1784868554714286208,1e+06
1784868554828074118,1e+06
1784868554844723744,1e+06
1784868554930828864,1e+06
1784868555026749120,1e+06
1784868555105563731,1e+06
1784868555176902712,1e+06
1784868555228822149,1e+06
1784868555302188193,1e+06
1784868555741133924,1e+06
1784868555936684705,1e+06
1784868556202816609,1e+06
1784868556234221637,1e+06
1784868556253336510,1e+06
1784868556381874642,1e+06
1784868556568290457,1e+06
1784868556750500726,1e+06
1784868556950856237,1e+06
1784868557928023711,1e+06
1784868558242261000,1e+06
1784868558394540773,1e+06
1784868559662929217,1e+06
1784868560453353144,1e+06
1784868560557662526,1e+06
1784868561048584815,1e+06
1784868561634276945,1e+06
1784868562349110832,1e+06
1784868563736701686,1e+06
1784868565496343599,1e+06
1784868566948215296,1e+06
1784868568252467137,1e+06
1784868568648676861,1e+06
1784868569767005415,1e+06
1784868569986071080,1e+06
1784868570547000772,1e+06
1784868571425203529,1e+06
1784868571497877221,1e+06
1784868571515732730,1e+06
1784868571527057687,1e+06
1784868571535688981,1e+06
1784868571555646297,1e+06
1784868571694472176,1e+06
1784868572131929016,1e+06
1784868572361033971,1e+06
1784868574136485941,1e+06
1784868574902804545,1e+06
1784868576223653419,1e+06
1784868576385781875,1e+06
1784868576635311070,1e+06
1784868577354734759,1e+06
1784868578186936445,1e+06
1784868581016109656,1e+06
1784868582585689625,1e+06
1784868582605444352,1e+06
1784868582611213888,1e+06
1784868582629993362,1e+06
1784868582641721620,1e+06
1784868582660206610,1e+06
1784868582667093079,1e+06
1784868582689540424,1e+06
1784868582723751875,1e+06
1784868582731196532,1e+06
1784868582736772880,1e+06
1784868582744450886,1e+06
1784868582751003109,1e+06
1784868582763970093,1e+06
1784868582788922942,1e+06
1784868582804316205,1e+06
1784868582821938590,1e+06
1784868582874348648,1e+06
1784868583053419130,1e+06
1784868583618656495,1e+06
1784868583855454481,1e+06
1784868584251271968,1e+06
1784868584265147812,1e+06
1784868584284981525,1e+06
1784868584378816669,1e+06
1784868584527778344,1e+06
1784868585538905581,1e+06
1784868587271368390,1e+06
1784868587399176276,1e+06
1784868587407751763,1e+06
1784868587447193505,1e+06
1784868587545377048,1e+06
1784868588041377044,1e+06
1784868588631098402,1e+06
1784868588796665907,1e+06
1784868590814378333,1e+06
1784868590819894931,1e+06
1784868591085789673,1e+06
1784868592611345766,1e+06
1784868593943387231,1e+06
1784868595032345947,1e+06
1784868595394535750,1e+06
1784868596491853977,1e+06
1784868596944913315,1e+06
1784868598731852883,1e+06
1784868598734457617,1e+06
1784868598763275130,1e+06
1784868598789958561,1e+06
1784868598803114050,1e+06
1784868598822409161,1e+06
1784868598833623255,1e+06
1784868598862511838,1e+06
1784868598878438084,1e+06
1784868598887911256,1e+06
1784868598986484272,1e+06
1784868599019778719,1e+06
1784868599217862684,1e+06
1784868599398713047,1e+06
1784868599880249080,1e+06
1784868600132301376,1e+06
1784868601597410862,1e+06
1784868601863103102,1e+06
1784868602050561962,1e+06
1784868602344543998,1e+06
1784868602907262053,1e+06
1784868603088448591,1e+06
1784868603454487313,1e+06
1784868604043860435,1e+06
1784868604202084480,1e+06
1784868604597484878,1e+06
1784868604864888169,1e+06
1784868605566630968,1e+06
1784868605610353850,1e+06
1784868605644348632,1e+06
1784868605709557954,1e+06
1784868605957883223,1e+06
1784868606112649818,1e+06
1784868606135846704,1e+06
1784868606153356113,1e+06
1784868606172236335,1e+06
1784868606220903256,1e+06
1784868606310280098,1e+06
1784868606353388956,1e+06
1784868606407937493,1e+06
1784868606570800436,1e+06
1784868607290732405,1e+06
1784868607837226896,1e+06
1784868608228308063,1e+06
1784868608779954088,1e+06
1784868608904109239,1e+06
1784868609106862442,1e+06
1784868609235392354,1e+06
1784868609399679930,1e+06
1784868609851632241,1e+06
1784868610100434938,1e+06
1784868611255614399,1e+06
1784868612776573981,1e+06
1784868613050816246,1e+06
1784868613714872186,1e+06
1784868614424621630,1e+06
1784868614581568826,1e+06
1784868615987899342,1e+06
1784868618098441007,1e+06
1784868619221181411,1e+06
1784868619246868623,1e+06
1784868619263767268,1e+06
1784868619287436861,1e+06
1784868619299817459,1e+06
1784868619313461961,1e+06
1784868619317329669,1e+06
1784868619337896842,1e+06
1784868619381655992,1e+06
1784868619426642289,1e+06
1784868619450324212,1e+06
1784868619484567350,1e+06
1784868619553827339,1e+06
1784868619618953951,1e+06
1784868619777605118,1e+06
1784868620268301015,1e+06
1784868620462243980,1e+06
1784868621507259509,1e+06
1784868622025745914,1e+06
1784868622039194024,1e+06
1784868622046405878,1e+06
1784868622095497658,1e+06
1784868622230282429,1e+06
1784868622994326416,1e+06
1784868623761263939,1e+06
1784868624034726472,1e+06
1784868624343800223,1e+06
1784868624361655782,1e+06
1784868624489888834,1e+06
1784868624799213077,1e+06
1784868626043150125,1e+06
1784868626797275623,1e+06
1784868627247697189,1e+06
1784868627897048742,1e+06
1784868629746498229,1e+06
1784868631405761379,1e+06
1784868632784912688,1e+06
1784868634183325808,1e+06
1784868636607829058,1e+06
1784868636948883145,1e+06
1784868637507984905,1e+06
1784868639911746403,1e+06
1784868640563085913,1e+06
1784868640579073788,1e+06
1784868640586178779,1e+06
1784868640604105859,1e+06
1784868640619991198,1e+06
1784868640658970203,1e+06
1784868640783815309,1e+06
1784868640933139789,1e+06
1784868641003878098,1e+06
1784868641380583078,1e+06
1784868642610457975,1e+06
1784868643881571841,1e+06
1784868644813216061,1e+06
1784868646946461957,1e+06
1784868646946679195,1e+06
1784868646946936562,1e+06
1784868646947144081,1e+06
1784868646947324558,1e+06
1784868646971913696,1e+06
1784868646989837891,1e+06
1784868647002998798,1e+06
1784868647025918234,1e+06
1784868647037836717,1e+06
1784868647058590707,1e+06
1784868647058858674,1e+06
1784868647083680513,1e+06
1784868647108723560,1e+06
1784868647125406034,1e+06
1784868647135550047,1e+06
1784868647194986668,1e+06
1784868647233273240,1e+06
1784868647346126003,1e+06
1784868647470983348,1e+06
1784868647546594071,1e+06
1784868647652989319,1e+06
1784868647846160212,1e+06
1784868647981748287,1e+06
1784868648773109152,1e+06
1784868648850680975,1e+06
1784868649043087494,1e+06
1784868649334905509,1e+06
1784868649934238332,1e+06
1784868650298370851,1e+06
1784868650903990125,1e+06
1784868652261582094,1e+06
1784868653352637377,1e+06
1784868653897095384,1e+06
1784868654443981413,1e+06
1784868655627758309,1e+06
1784868655897460759,1e+06
1784868655909424862,1e+06
1784868655982255072,1e+06
1784868656086128089,1e+06
1784868656803105342,1e+06
1784868658089945099,1e+06
1784868659043833233,1e+06
1784868660039595087,1e+06
1784868660569568755,1e+06
1784868661050417253,1e+06
1784868661405699039,1e+06
1784868661947541649,1e+06
1784868662377952881,1e+06
1784868663435112106,1e+06
1784868663881423399,1e+06
1784868664242823822,1e+06
1784868665040128985,1e+06
1784868666672333508,1e+06
1784868668468221298,1e+06
1784868669616077003,1e+06
1784868670050321087,1e+06
1784868670233772531,1e+06
1784868670376823820,1e+06
1784868670579321271,1e+06
1784868671242299982,1e+06
1784868672197181411,1e+06
1784868673556190990,1e+06
1784868674050280160,1e+06
1784868674500677926,1e+06
1784868676046740181,1e+06
1784868676583839312,1e+06
1784868676588209553,1e+06
1784868676588435655,1e+06
1784868676590261444,1e+06
1784868676593965807,1e+06
1784868676600596472,1e+06
1784868676711038327,1e+06
1784868676946543881,1e+06
1784868677177680131,1e+06
1784868678039167831,1e+06
1784868678598490759,1e+06
1784868679220947084,1e+06
1784868682473545213,1e+06
1784868682623752916,1e+06
1784868682623974245,1e+06
1784868682624217431,1e+06
1784868682704893974,1e+06
1784868682723723924,1e+06
1784868682842223124,1e+06
1784868683030154636,1e+06
1784868683136309381,1e+06
1784868683505359947,1e+06
1784868683986096055,1e+06
1784868684458017237,1e+06
1784868684598823014,1e+06
1784868684610385862,1e+06
1784868684661076310,1e+06
1784868685094098344,1e+06
1784868685592338130,1e+06
1784868685692358035,1e+06
1784868685797412867,1e+06
1784868686039880257,1e+06
1784868687238393771,1e+06
1784868687350410765,1e+06
1784868687408580097,1e+06
1784868687455920036,1e+06
1784868687468388648,1e+06
1784868687478308964,1e+06
1784868687510601870,1e+06
1784868687526595629,1e+06
1784868687668228152,1e+06
1784868688050576244,1e+06
1784868688588021971,1e+06
1784868688640060822,1e+06
1784868689047249588,1e+06
1784868689619281092,1e+06
1784868690918342831,1e+06
1784868691137313633,1e+06
1784868691333185715,1e+06
1784868691598892382,1e+06
1784868692877381734,1e+06
1784868692935041514,1e+06
1784868692984327693,1e+06
1784868693092070975,1e+06
1784868693261994265,1e+06
1784868693993325491,1e+06
1784868694132117750,1e+06
1784868694259614595,1e+06
1784868694695674568,1e+06
1784868695191749559,1e+06
1784868696184930107,1e+06
1784868696631845284,1e+06
1784868698306206055,1e+06
1784868698317868500,1e+06
1784868698330157027,1e+06
1784868698335581569,1e+06
1784868698374118192,1e+06
1784868699049124992,1e+06
1784868700799612807,1e+06
1784868702009199418,1e+06
1784868703386301060,1e+06
1784868704132400340,1e+06
1784868704410867272,1e+06
1784868704551204825,1e+06
1784868704555603540,1e+06
1784868704559616810,1e+06
1784868704566334023,1e+06
1784868704571260540,1e+06
1784868704575378278,1e+06
1784868704585657133,1e+06
1784868704596417431,1e+06
1784868704603082553,1e+06
1784868704613656056,1e+06
1784868704624190876,1e+06
1784868704740679521,1e+06
1784868705005866877,1e+06
1784868705270709415,1e+06
1784868705454855789,1e+06
1784868705924867333,1e+06
1784868706495081047,1e+06
1784868706792682752,1e+06
1784868706946555451,1e+06
1784868706946851313,1e+06
1784868707015781932,1e+06
1784868707244454255,1e+06
1784868707438754657,1e+06
1784868707546443423,1e+06
1784868707679740658,1e+06
1784868707957993778,1e+06
1784868708302544318,1e+06
1784868708308064147,1e+06
1784868708609734779,1e+06
1784868709252260724,1e+06
1784868709266940329,1e+06
1784868709272560911,1e+06
1784868709280324666,1e+06
1784868709321164359,1e+06
1784868709378743787,1e+06
1784868709437138089,1e+06
1784868709504737950,1e+06
1784868710048093610,1e+06
1784868710897756508,1e+06
1784868711077251773,1e+06
1784868711612335951,1e+06
1784868711830652252,1e+06
1784868711954467719,1e+06
1784868712335547793,1e+06
1784868712895533200,1e+06
1784868713087787910,1e+06
1784868713284558466,1e+06
1784868713292419971,1e+06
1784868713297982432,1e+06
1784868713339799617,1e+06
1784868713509746148,1e+06
1784868713913848077,1e+06
1784868714629358742,1e+06
1784868714941861155,1e+06
1784868715332084351,1e+06
1784868715953630603,1e+06
1784868716137336438,1e+06
1784868716388439331,1e+06
1784868716595750821,1e+06
1784868716987077406,1e+06
1784868717622498673,1e+06
1784868718037781522,1e+06
1784868718606628575,1e+06
1784868718943661485,1e+06
1784868718984771174,1e+06
1784868719009091129,1e+06
1784868719037669657,1e+06
1784868719133631484,1e+06
1784868719309166552,1e+06
1784868719932458303,1e+06
1784868719940837985,1e+06
1784868719991409815,1e+06
1784868720022215060,1e+06
1784868720066411064,1e+06
1784868720252817713,1e+06
1784868720479451882,1e+06
1784868721050748536,1e+06
1784868721828739628,1e+06
1784868721893956233,1e+06
1784868722003073280,1e+06
1784868722717469874,1e+06
1784868723634156513,1e+06
1784868723916544171,1e+06
1784868723924497648,1e+06
1784868723990008416,1e+06
1784868724128399547,1e+06
1784868724363655938,1e+06
1784868724384080060,1e+06
1784868724466593436,1e+06
1784868725233296723,1e+06
1784868726184307099,1e+06
1784868726947454300,1e+06
1784868727151160996,1e+06
1784868727900338376,1e+06
1784868728568715250,1e+06
1784868728729015144,1e+06
1784868728794226288,1e+06
1784868728818985845,1e+06
1784868728839833216,1e+06
1784868728855868617,1e+06
1784868728864558606,1e+06
1784868728883669634,1e+06
1784868728891896638,1e+06
1784868728910781522,1e+06
1784868728937397268,1e+06
1784868729005009483,1e+06
1784868729099863029,1e+06
1784868729137951181,1e+06
1784868729246431896,1e+06
1784868729951481257,1e+06
1784868730205860777,1e+06
1784868730533905974,1e+06
1784868732577524262,1e+06
1784868733621107309,1e+06
1784868733636563353,1e+06
1784868733649772861,1e+06
1784868733684917723,1e+06
1784868733716044410,1e+06
1784868733778950975,1e+06
1784868734023901433,1e+06
1784868734143436043,1e+06
1784868734460012211,1e+06
1784868734487795127,1e+06
1784868735199287536,1e+06
1784868735925404304,1e+06
1784868737611563416,1e+06
1784868737895372386,1e+06
1784868738749799698,1e+06
1784868739851803014,1e+06
1784868739923012556,1e+06
1784868739930098151,1e+06
1784868739957389845,1e+06
1784868740157878644,1e+06
1784868740915164561,1e+06
1784868743552077767,1e+06
1784868744097370543,1e+06
1784868744999175922,1e+06
1784868746577313537,1e+06
1784868747263337324,1e+06
1784868748422246122,1e+06
1784868748457630166,1e+06
1784868748838713253,1e+06
1784868749440012134,1e+06
1784868750969032465,1e+06
1784868752248689837,1e+06
1784868752260185878,1e+06
1784868752281485102,1e+06
1784868752284228606,1e+06
1784868752288250465,1e+06
1784868752289993035,1e+06
1784868752293138034,1e+06
1784868752398576636,1e+06
1784868752552053116,1e+06
1784868752960843294,1e+06
1784868752974395485,1e+06
1784868753238268404,1e+06
1784868753259251903,1e+06
1784868753266851364,1e+06
1784868753312269096,1e+06
1784868753391480940,1e+06
1784868753532756150,1e+06
1784868753907531026,1e+06
1784868754052218495,1e+06
1784868754251787521,1e+06
1784868754853555910,1e+06
1784868755418843629,1e+06
1784868755746263520,1e+06
1784868756211708751,1e+06
1784868756429262086,1e+06
1784868756750568962,1e+06
1784868757040340574,1e+06
1784868757191579021,1e+06
1784868757253818082,1e+06
1784868757319127749,1e+06
1784868757319518487,1e+06
1784868757319771151,1e+06
1784868757333706212,1e+06
1784868757804491339,1e+06
1784868757989469175,1e+06
1784868759012744360,1e+06
1784868759628297882,1e+06
1784868759831566323,1e+06
1784868760312593636,1e+06
1784868761393090567,1e+06
1784868762062421265,1e+06
1784868762430567670,1e+06
1784868762582210527,1e+06
1784868763419274052,1e+06
1784868763659501150,1e+06
1784868763757011903,1e+06
1784868763813901891,1e+06
1784868763884727871,1e+06
1784868764285422258,1e+06
1784868764695041661,1e+06
1784868764973254680,1e+06
1784868765948925697,1e+06
1784868766383747573,1e+06
1784868766401864449,1e+06
1784868766405984556,1e+06
1784868766411131913,1e+06
1784868766417111370,1e+06
1784868766457723130,1e+06
1784868766554357606,1e+06
1784868766697980536,1e+06
1784868766974338238,1e+06
1784868767043923430,1e+06
1784868768486864032,1e+06
1784868768999945044,1e+06
1784868770978990430,1e+06
1784868771635299179,1e+06
1784868771649425410,1e+06
1784868771687686868,1e+06
1784868771706114491,1e+06
1784868771735146930,1e+06
1784868771805554995,1e+06
1784868771852282644,1e+06
1784868772051855932,1e+06
1784868772341439484,1e+06
1784868773529734758,1e+06
1784868775846929385,1e+06
1784868777386662402,1e+06
1784868778593886271,1e+06
1784868780047929741,1e+06
1784868780555928631,1e+06
1784868781152240985,1e+06
1784868781168947947,1e+06
1784868781170341025,1e+06
1784868781176712880,1e+06
1784868781189751030,1e+06
1784868781251286601,1e+06
1784868781289818410,1e+06
1784868781323989328,1e+06
1784868781510561211,1e+06
1784868781554914124,1e+06
1784868782188159285,1e+06
1784868783271067869,1e+06
1784868783818457183,1e+06
1784868783962486413,1e+06
1784868783970415127,1e+06
1784868783979031397,1e+06
1784868784008181265,1e+06
1784868784008385895,1e+06
1784868784013283116,1e+06
1784868784025164261,1e+06
1784868784370506985,1e+06
1784868785345412106,1e+06
1784868785634633005,1e+06
1784868786945608785,1e+06
1784868790630856279,1e+06
1784868790631149172,1e+06
1784868790640901761,1e+06
1784868790836194592,1e+06
1784868791008185834,1e+06
1784868791138482188,1e+06
1784868791658307820,1e+06
1784868791984331015,1e+06
1784868792600449328,1e+06
1784868792648916659,1e+06
1784868792788657213,1e+06
1784868793580578153,1e+06
1784868793639200634,1e+06
1784868793790140360,1e+06
1784868794810781927,1e+06
1784868795688572284,1e+06
1784868796701919146,1e+06
1784868798712409704,1e+06
1784868800289481763,1e+06
1784868800373179709,1e+06
1784868800379602906,1e+06
1784868800384365011,1e+06
1784868800511860098,1e+06
1784868801506605231,1e+06
1784868801940374975,1e+06
1784868802112621290,1e+06
1784868803007947769,1e+06
1784868804285679438,1e+06
1784868804573638026,1e+06
1784868805777869425,1e+06
1784868805825740638,1e+06
1784868805826199068,1e+06
1784868805832697894,1e+06
1784868805843892169,1e+06
1784868805848103350,1e+06
1784868805858910039,1e+06
1784868805876037569,1e+06
1784868805887646001,1e+06
1784868805896961364,1e+06
1784868805914105996,1e+06
1784868805960697647,1e+06
1784868805979213776,1e+06
1784868806008985506,1e+06
1784868806224926909,1e+06
1784868806402382025,1e+06
1784868807007558361,1e+06
1784868807686897036,1e+06
1784868809581350707,1e+06
1784868810184148680,1e+06
1784868810212279619,1e+06
1784868810248626004,1e+06
1784868811045195942,1e+06
1784868811270594997,1e+06
1784868811270980698,1e+06
1784868811333586323,1e+06
1784868811467432217,1e+06
1784868811695940632,1e+06
1784868812785598626,1e+06
1784868814034957575,1e+06
1784868814048074011,1e+06
1784868814058705645,1e+06
1784868814058971901,1e+06
1784868814070370229,1e+06
1784868814081483152,1e+06
1784868814105979603,1e+06
1784868814132420412,1e+06
1784868814147832526,1e+06
1784868814160608323,1e+06
1784868814186879318,1e+06
1784868814210112468,1e+06
1784868814232509970,1e+06
1784868814279459435,1e+06
1784868814321141627,1e+06
1784868814541837246,1e+06
1784868815114977524,1e+06
1784868815399080218,1e+06
1784868816494682200,1e+06
1784868816787170022,1e+06
1784868816946697459,1e+06
1784868818479951710,1e+06
1784868819273957315,1e+06
1784868820922758721,1e+06
1784868822576516922,1e+06
1784868822678675564,1e+06
1784868823575485091,1e+06
1784868823737644791,1e+06
1784868824308069838,1e+06
1784868825057134582,1e+06
1784868825708317380,1e+06
1784868826733617320,1e+06
1784868827048967961,1e+06
1784868828016520793,1e+06
1784868831613853582,1e+06
1784868833338727449,1e+06
1784868833903460157,1e+06
1784868835031862824,1e+06
1784868835131192451,1e+06
1784868835184002692,1e+06
1784868837998667663,1e+06
1784868838338972877,1e+06
1784868839146880616,1e+06
1784868839159731232,1e+06
1784868839172336874,1e+06
1784868839185125350,1e+06
1784868839203258372,1e+06
1784868839246780726,1e+06
1784868839295106937,1e+06
1784868839308034334,1e+06
1784868839320806111,1e+06
1784868839339259311,1e+06
1784868839352795028,1e+06
1784868839363208253,1e+06
1784868839381101550,1e+06
1784868839473340438,1e+06
1784868839586806590,1e+06
1784868839723090573,1e+06
1784868839753114949,1e+06
1784868839886974088,1e+06
1784868840194155240,1e+06
1784868840409627573,1e+06
1784868841407804309,1e+06
1784868841508343915,1e+06
1784868841515971982,1e+06
1784868841542418819,1e+06
1784868841621492464,1e+06
1784868841735062693,1e+06
1784868841975345399,1e+06
1784868842128601857,1e+06
1784868842322145303,1e+06
1784868842474520257,1e+06
1784868842662785280,1e+06
1784868842742718763,1e+06
1784868842762434987,1e+06
1784868842923989979,1e+06
1784868844071338463,1e+06
1784868845750902573,1e+06
1784868847254329605,1e+06
1784868849783631857,1e+06
1784868849795855063,1e+06
1784868849955428487,1e+06
1784868850533922080,1e+06
1784868850735237313,1e+06
1784868850851511329,1e+06
1784868851843687262,1e+06
1784868853024238038,1e+06
1784868854513890229,1e+06
1784868854841859986,1e+06
1784868854879295967,1e+06
1784868855041262059,1e+06
1784868855917033112,1e+06
1784868855993269403,1e+06
1784868856467223099,1e+06
1784868856815627187,1e+06
1784868858647659787,1e+06
1784868858765972130,1e+06
1784868858791629048,1e+06
1784868858942797493,1e+06
1784868859054739324,1e+06
1784868859170200132,1e+06
1784868859276331150,1e+06
1784868859420597065,1e+06
1784868859565597393,1e+06
1784868859568318856,1e+06
1784868859572675605,1e+06
1784868859579708630,1e+06
1784868859651417664,1e+06
1784868859713174212,1e+06
1784868859887945481,1e+06
1784868860395782602,1e+06
1784868860405905882,1e+06
1784868860633910696,1e+06
1784868860650387241,1e+06
1784868860661243919,1e+06
1784868860789555793,1e+06
1784868862047658614,1e+06
1784868863863772492,1e+06
1784868863884101245,1e+06
1784868863919443534,1e+06
1784868864068281425,1e+06
1784868864774428204,1e+06
1784868865110912373,1e+06
1784868866124940601,1e+06
1784868866138925894,1e+06
1784868866150198064,1e+06
1784868866164005506,1e+06
1784868866172668734,1e+06
1784868866249292210,1e+06
1784868866267775757,1e+06
1784868866326244571,1e+06
1784868866522973006,1e+06
1784868866725601904,1e+06
1784868866733319821,1e+06
1784868866738220314,1e+06
1784868866744051784,1e+06
1784868866748431996,1e+06
1784868866785343514,1e+06
1784868867439363589,1e+06
1784868867744680493,1e+06
1784868867968085966,1e+06
1784868868319072919,1e+06
1784868868654459747,1e+06
1784868869398829433,1e+06
1784868869410811856,1e+06
1784868869415090920,1e+06
1784868869537329287,1e+06
1784868870028892314,1e+06
1784868871105595903,1e+06
1784868871662074274,1e+06
1784868871783960667,1e+06
1784868872552517906,1e+06
1784868873029050643,1e+06
1784868873560092594,1e+06
1784868874499077346,1e+06
1784868874714846359,1e+06
1784868874820693485,1e+06
1784868875256141338,1e+06
1784868875280982212,1e+06
1784868875291256198,1e+06
1784868875475120240,1e+06
1784868876047943472,1e+06
1784868876959934028,1e+06
1784868877119305382,1e+06
1784868877702018606,1e+06
1784868878716566220,1e+06
1784868880446717955,1e+06
1784868883745472660,1e+06
1784868886102683384,1e+06
1784868888655606647,1e+06
1784868889566143049,1e+06
1784868890659055500,1e+06
1784868891368571649,1e+06
1784868891535948510,1e+06
1784868891561764305,1e+06
1784868891847579122,1e+06
1784868892240198056,1e+06
1784868892694448494,1e+06
1784868893367512110,1e+06
1784868893739347874,1e+06
1784868895384180346,1e+06
1784868895704226899,1e+06
1784868896988924659,1e+06
1784868898731814844,1e+06
1784868898740146371,1e+06
1784868898749549082,1e+06
1784868898763658799,1e+06
1784868898781150817,1e+06
1784868898868792357,1e+06
1784868898915179411,1e+06
1784868899388920500,1e+06
1784868899405865972,1e+06
1784868899422380011,1e+06
1784868899469689594,1e+06
1784868899508726852,1e+06
1784868899526146677,1e+06
1784868899539923434,1e+06
1784868899580102867,1e+06
1784868899716092434,1e+06
1784868899759761000,1e+06
1784868899864276404,1e+06
1784868899988992124,1e+06
1784868900815449737,1e+06
1784868901598923506,1e+06
1784868902629268986,1e+06
1784868903524373856,1e+06
1784868904615866669,1e+06
1784868904949506427,1e+06
1784868904979737367,1e+06
1784868905339759249,1e+06
1784868906077375211,1e+06
1784868906459272256,1e+06
1784868907360334908,1e+06
1784868908565690464,1e+06
1784868910411054369,1e+06
1784868910796451804,1e+06
1784868911147712138,1e+06
1784868912070378165,1e+06
1784868913098897817,1e+06
1784868914366841741,1e+06
1784868915265462816,1e+06
1784868915586339636,1e+06
1784868916167047159,1e+06
1784868917542001067,1e+06
1784868919074115455,1e+06
1784868919495166997,1e+06
1784868919517388461,1e+06
1784868919562364220,1e+06
1784868919697786047,1e+06
1784868920051128183,1e+06
1784868921110006092,1e+06
1784868921694670133,1e+06
1784868922893208603,1e+06
1784868923819902228,1e+06
1784868924144046347,1e+06
1784868925045023899,1e+06
1784868925479601959,1e+06
1784868927060155795,1e+06
1784868929154628557,1e+06
1784868930044365484,1e+06
1784868930135576602,1e+06
1784868930197727639,1e+06
1784868930333424740,1e+06
1784868930500212363,1e+06
1784868930576863967,1e+06
1784868931845657580,1e+06
1784868935769765817,1e+06
1784868938821025808,1e+06
1784868939276378244,1e+06
1784868939430440831,1e+06
1784868939489183999,1e+06
1784868939592247005,1e+06
1784868940705128797,1e+06
1784868942906913498,1e+06
1784868943817216406,1e+06
1784868944394552152,1e+06
1784868945448802286,1e+06
1784868945474148430,1e+06
1784868946483955897,1e+06
1784868948348982329,1e+06
1784868951222202666,1e+06
1784868955376671575,1e+06
1784868957746945047,1e+06
1784868958635016300,1e+06
1784868958952050886,1e+06
1784868959122612459,1e+06
1784868959511416359,1e+06
1784868959945221298,1e+06
1784868960787042785,1e+06
1784868963010207541,1e+06
1784868964262945988,1e+06
1784868964388148515,1e+06
1784868964388148515,1e+06
1784868964388607996,1e+06
1784868964388823246,1e+06
1784868964393397727,1e+06
1784868964393560556,1e+06
1784868964393649733,1e+06
1784868964393792341,1e+06
1784868964395037923,1e+06
1784868964395245472,1e+06
1784868964397235782,1e+06
1784868964404084149,1e+06
1784868964404354467,1e+06
1784868964405597826,1e+06
1784868964413077100,1e+06
1784868964414327895,1e+06
1784868964416940030,1e+06
1784868964418607243,1e+06
1784868964433586734,1e+06
1784868964509498718,1e+06
1784868964513686588,1e+06
1784868964521959663,1e+06
1784868964527298274,1e+06
1784868964532726852,1e+06
1784868964574969738,1e+06
1784868964619372256,1e+06
1784868964732424150,1e+06
1784868964873629302,1e+06
1784868964995718425,1e+06
1784868965328785173,1e+06
1784868965614750862,1e+06
1784868965956208103,1e+06
1784868966249628332,1e+06
1784868967068440562,1e+06
1784868967132156277,1e+06
1784868967877510839,1e+06
1784868968310932972,1e+06
1784868968561809307,1e+06
1784868972966893708,1e+06
1784868973747161008,1e+06
1784868974205549599,1e+06
1784868979859335823,1e+06
1784868979870564526,1e+06
1784868979914740934,1e+06
1784868980621816720,1e+06
1784868983760288262,1e+06
1784868984721271472,1e+06
1784868984750007708,1e+06
1784868984782654941,1e+06
1784868984851291412,1e+06
1784868985058650297,1e+06
1784868986195230053,1e+06
1784868986437753617,1e+06
1784868987263397986,1e+06
1784868988407028366,1e+06
1784868989723884548,1e+06
1784868989968644743,1e+06
1784868991963462305,1e+06
1784868992580917489,1e+06
1784868992737831676,1e+06
1784868992952630070,1e+06
1784868995250557426,1e+06
1784868996345794120,1e+06
1784868996443584844,1e+06
1784868996455089413,1e+06
1784868996513019963,1e+06
1784868996643454948,1e+06
1784868998372584882,1e+06
1784868998627507657,1e+06
1784869000179796482,1e+06
1784869001583448732,1e+06
1784869003118506563,1e+06
1784869003665894294,1e+06
1784869004587111716,1e+06
1784869006012861806,1e+06
1784869008193866726,1e+06
1784869008850804125,1e+06
1784869009798336822,1e+06
1784869017654911772,1e+06
1784869017674134761,1e+06
1784869018260276751,1e+06
1784869018483519617,1e+06
1784869018523702485,1e+06
1784869018583372488,1e+06
1784869018595932234,1e+06
1784869018606004081,1e+06
1784869018628995798,1e+06
1784869018696806382,1e+06
1784869018890736254,1e+06
1784869018919916937,1e+06
1784869019081128577,1e+06
1784869019953689161,1e+06
1784869020123691359,1e+06
1784869020123847534,1e+06
1784869020127506603,1e+06
1784869020136196763,1e+06
1784869020141726654,1e+06
1784869020255160182,1e+06
1784869020531779136,1e+06
1784869020706688414,1e+06
1784869020928581342,1e+06
1784869022455715196,1e+06
1784869022463711358,1e+06
1784869022470724787,1e+06
1784869022480953848,1e+06
1784869022490687028,1e+06
1784869022502239404,1e+06
1784869022525239321,1e+06
1784869022577219978,1e+06
1784869022605518377,1e+06
1784869022655677512,1e+06
1784869022675473404,1e+06
1784869022773604983,1e+06
1784869022806905505,1e+06
1784869022916748627,1e+06
1784869023086120569,1e+06
1784869023350431525,1e+06
1784869023893108763,1e+06
1784869024852164830,1e+06
1784869025637020374,1e+06
1784869026046370994,1e+06
1784869027046274241,1e+06
1784869027428910845,1e+06
1784869027464036191,1e+06
1784869027488620115,1e+06
1784869027500112702,1e+06
1784869027524902945,1e+06
1784869027537488443,1e+06
1784869027554642902,1e+06
1784869027554801443,1e+06
1784869027562102120,1e+06
1784869027563806047,1e+06
1784869027567541463,1e+06
1784869027574512664,1e+06
1784869027578648290,1e+06
1784869027585640042,1e+06
1784869027592748041,1e+06
1784869027605940226,1e+06
1784869027621776780,1e+06
1784869027621936866,1e+06
1784869027637807055,1e+06
1784869027666860191,1e+06
1784869027700419698,1e+06
1784869027755018324,1e+06
1784869027806288023,1e+06
1784869027865811988,1e+06
1784869028066300095,1e+06
1784869028221379424,1e+06
1784869028507178847,1e+06
1784869028558405387,1e+06
1784869028628177911,1e+06
1784869028628874189,1e+06
1784869028631517414,1e+06
1784869028765713507,1e+06
1784869028786511270,1e+06
1784869028877259187,1e+06
1784869029018751380,1e+06
1784869029461626588,1e+06
1784869029825147200,1e+06
1784869030377103919,1e+06
1784869030756624953,1e+06
1784869031039861118,1e+06
1784869031045322508,1e+06
1784869031083085022,1e+06
1784869031086834864,1e+06
1784869031147966637,1e+06
1784869031180160666,1e+06
1784869031213580305,1e+06
1784869031230756031,1e+06
1784869031388845799,1e+06
1784869032046470456,1e+06
1784869032941964050,1e+06
1784869033636346251,1e+06
1784869033815056510,1e+06
1784869033964059915,1e+06
1784869034076145257,1e+06
1784869034632177570,1e+06
1784869035353996100,1e+06
1784869036203497685,1e+06
1784869036990605241,1e+06
1784869037001950996,1e+06
1784869037037895640,1e+06
1784869037142541346,1e+06
1784869037524434951,1e+06
1784869037907538525,1e+06
1784869038388597660,1e+06
1784869038650806161,1e+06
1784869041253675593,1e+06
1784869041909170775,1e+06
1784869042190129815,1e+06
1784869042212975751,1e+06
1784869042236730974,1e+06
1784869042255865445,1e+06
1784869042284949960,1e+06
1784869042322283128,1e+06
1784869042358730762,1e+06
1784869042502466509,1e+06
1784869042711039638,1e+06
1784869042743767823,1e+06
1784869042779631373,1e+06
1784869042788721786,1e+06
1784869042809099949,1e+06
1784869042814734191,1e+06
1784869042817600087,1e+06
1784869042885662522,1e+06
1784869042941675018,1e+06
1784869042989350173,1e+06
1784869043008934035,1e+06
1784869043026286940,1e+06
1784869043026445135,1e+06
1784869043028485866,1e+06
1784869043050376571,1e+06
1784869043050717364,1e+06
1784869043098338020,1e+06
1784869043110478946,1e+06
1784869043110628099,1e+06
1784869043116801816,1e+06
1784869043133086895,1e+06
1784869043141505329,1e+06
1784869043220237619,1e+06
1784869043266441233,1e+06
1784869043416894130,1e+06
1784869043603598482,1e+06
1784869043695743850,1e+06
1784869043907431732,1e+06
1784869044058957965,1e+06
1784869044098634391,1e+06
1784869044171786957,1e+06
1784869044333215521,1e+06
1784869044612794218,1e+06
1784869045122882882,1e+06
1784869045123373641,1e+06
1784869045172819672,1e+06
1784869045191434109,1e+06
1784869045205584877,1e+06
1784869045254592298,1e+06
1784869045394448696,1e+06
1784869045714397136,1e+06
1784869045774911113,1e+06
1784869045793387797,1e+06
1784869045843202651,1e+06
1784869045865470977,1e+06
1784869045884361673,1e+06
1784869045893978579,1e+06
1784869045903163146,1e+06
1784869045926798845,1e+06
1784869045968784204,1e+06
1784869046041529404,1e+06
1784869046208961565,1e+06
1784869047047994448,1e+06
1784869047245175811,1e+06
1784869048053441050,1e+06
1784869048111744776,1e+06
1784869049167167909,1e+06
1784869050507531564,1e+06
1784869050555022540,1e+06
1784869050586849066,1e+06
1784869050691203982,1e+06
1784869050998539856,1e+06
1784869051404425367,1e+06
1784869051731284707,1e+06
1784869051765233435,1e+06
1784869051883199600,1e+06
1784869052170435191,1e+06
1784869052626876326,1e+06
1784869052701728154,1e+06
1784869053088184244,1e+06
1784869054035467193,1e+06
1784869054461469903,1e+06
1784869054473943807,1e+06
1784869054484237634,1e+06
1784869054508811408,1e+06
1784869054941624547,1e+06
1784869055234655650,1e+06
1784869055568362280,1e+06
1784869055593081244,1e+06
1784869055886501420,1e+06
1784869055896623133,1e+06
1784869055910727750,1e+06
1784869056037293225,1e+06
1784869056964064832,1e+06
1784869057086697358,1e+06
1784869057799656150,1e+06
1784869058557711566,1e+06
1784869059271348612,1e+06
1784869059641558883,1e+06
1784869060036760336,1e+06
1784869060038241759,1e+06
1784869060039615244,1e+06
1784869060099134328,1e+06
1784869060203832837,1e+06
1784869060982675305,1e+06
1784869061363235641,1e+06
1784869061404094010,1e+06
1784869061649748997,1e+06
1784869062398305783,1e+06
1784869063298731936,1e+06
1784869063377145272,1e+06
1784869063642434156,1e+06
1784869063819099677,1e+06
1784869064118872647,1e+06
1784869065012256736,1e+06
1784869065167984538,1e+06
1784869065937120237,1e+06
1784869065964071568,1e+06
1784869066771285866,1e+06
1784869067268544691,1e+06
1784869067299001324,1e+06
1784869067308783240,1e+06
1784869067308958548,1e+06
1784869067312476907,1e+06
1784869067316520661,1e+06
1784869067327087170,1e+06
1784869067368155570,1e+06
1784869067448991406,1e+06
1784869067582668398,1e+06
1784869067714325272,1e+06
1784869067902306367,1e+06
1784869068329207829,1e+06
1784869068452064341,1e+06
1784869068458286496,1e+06
1784869068492982682,1e+06
1784869068692512313,1e+06
1784869069052170413,1e+06
1784869069296871939,1e+06
1784869070349746960,1e+06
1784869070526758679,1e+06
1784869071394506340,1e+06
1784869071402373926,1e+06
1784869071425140134,1e+06
1784869071456336229,1e+06
1784869071468081571,1e+06
1784869071518505596,1e+06
1784869071545730115,1e+06
1784869071603205499,1e+06
1784869071618529853,1e+06
1784869071627167674,1e+06
1784869071687936342,1e+06
1784869071789259017,1e+06
1784869072090817347,1e+06
1784869072769302078,1e+06
1784869073151652058,1e+06
1784869073319113859,1e+06
1784869073596085839,1e+06
1784869073599070329,1e+06
1784869073874480519,1e+06
1784869073891070304,1e+06
1784869073911683042,1e+06
1784869073923815982,1e+06
1784869073934320407,1e+06
1784869073979162636,1e+06
1784869074100832923,1e+06
1784869074158562943,1e+06
1784869075024934843,1e+06
1784869075755614161,1e+06
1784869075760556535,1e+06
1784869075762163251,1e+06
1784869075765596908,1e+06
1784869075769104080,1e+06
1784869075770171134,1e+06
1784869075844588758,1e+06
1784869076044241181,1e+06
1784869076759866160,1e+06
1784869076785518464,1e+06
1784869077096664494,1e+06
1784869077945368474,1e+06
1784869079432365392,1e+06
1784869080017819228,1e+06
1784869080067323985,1e+06
1784869080100579295,1e+06
1784869080112739603,1e+06
1784869080126982994,1e+06
1784869080181199987,1e+06
1784869080222408183,1e+06
1784869080403766225,1e+06
1784869080419473371,1e+06
1784869080423910769,1e+06
1784869080457593171,1e+06
1784869080658665375,1e+06
1784869081045401686,1e+06
1784869082019310750,1e+06
1784869082033901502,1e+06
1784869082149892530,1e+06
1784869082542659064,1e+06
1784869082634974666,1e+06
1784869082635287040,1e+06
1784869082635616572,1e+06
1784869082643484850,1e+06
1784869082738615630,1e+06
1784869082857455420,1e+06
1784869083050271087,1e+06
1784869083054761374,1e+06
1784869083060294398,1e+06
1784869083165896747,1e+06
1784869083196571430,1e+06
1784869083250852498,1e+06
1784869083578275870,1e+06
1784869083976687483,1e+06
1784869084787994096,1e+06
1784869084949177921,1e+06
1784869085095298443,1e+06
1784869085127946283,1e+06
1784869085638247733,1e+06
1784869085771162291,1e+06
1784869085817146791,1e+06
1784869085859529216,1e+06
1784869085874162316,1e+06
1784869086314465033,1e+06
1784869086553218490,1e+06
1784869086565613966,1e+06
1784869086572720854,1e+06
1784869086719490744,1e+06
1784869087103486311,1e+06
1784869087451105233,1e+06
1784869087850519564,1e+06
1784869087991785506,1e+06
1784869088206470871,1e+06
1784869088302995267,1e+06
1784869088587251971,1e+06
1784869089865354650,1e+06
1784869089870448448,1e+06
1784869090094505294,1e+06
1784869090867899407,1e+06
1784869091744562702,1e+06
1784869091789917737,1e+06
1784869091791644788,1e+06
1784869092205735495,1e+06
1784869092259443677,1e+06
1784869092344162899,1e+06
1784869092356240874,1e+06
1784869092406752819,1e+06
1784869092425544965,1e+06
1784869092454843960,1e+06
1784869092469231613,1e+06
1784869092469402151,1e+06
1784869092470393214,1e+06
1784869092485749278,1e+06
1784869092485966825,1e+06
1784869092505397603,1e+06
1784869092505708008,1e+06
1784869092519876015,1e+06
1784869092532061843,1e+06
1784869092545577272,1e+06
1784869092564783743,1e+06
1784869092588523188,1e+06
1784869092605794558,1e+06
1784869092615929511,1e+06
1784869092672703098,1e+06
1784869092700293608,1e+06
1784869092706299338,1e+06
1784869092717997564,1e+06
1784869092733475067,1e+06
1784869092744413538,1e+06
1784869092797062676,1e+06
1784869092824236342,1e+06
1784869092843050318,1e+06
1784869093112050450,1e+06
1784869093350255256,1e+06
1784869093474433231,1e+06
1784869093664531151,1e+06
1784869093949585200,1e+06
1784869094109086643,1e+06
1784869095108999066,1e+06
1784869095229068291,1e+06
1784869095509485419,1e+06
1784869096116002565,1e+06
1784869097073537338,1e+06
1784869097894446074,1e+06
1784869098893853820,1e+06
1784869099712498333,1e+06
1784869100101969951,1e+06
1784869100350290066,1e+06
1784869100607457948,1e+06
1784869101384355097,1e+06
1784869101602209445,1e+06
1784869101617053950,1e+06
1784869101628633521,1e+06
1784869101682664406,1e+06
1784869102616299476,1e+06
1784869102799086975,1e+06
1784869102855606836,1e+06
1784869103417905485,1e+06
1784869104586650991,1e+06
1784869105842316512,1e+06
1784869106023646426,1e+06
1784869107216480030,1e+06
1784869107220045923,1e+06
1784869107221330735,1e+06
1784869107224149927,1e+06
1784869107230190427,1e+06
1784869107236922629,1e+06
1784869107349627956,1e+06
1784869107627087539,1e+06
1784869108807009511,1e+06
1784869110062933847,1e+06
1784869111002267228,1e+06
1784869111272324399,1e+06
1784869111287882490,1e+06
1784869111326763858,1e+06
1784869111847664150,1e+06
1784869112634640590,1e+06
1784869112890437690,1e+06
1784869113381924566,1e+06
1784869114197043951,1e+06
1784869114335654638,1e+06
1784869115175165567,1e+06
1784869116940321814,1e+06
1784869117545803141,1e+06
1784869118313031776,1e+06
1784869118915307230,1e+06
1784869119617976201,1e+06
1784869120217008786,1e+06
1784869121371253561,1e+06
1784869122999908781,1e+06
1784869123013452837,1e+06
1784869123022351999,1e+06
1784869123031059246,1e+06
1784869123037911784,1e+06
1784869123048938907,1e+06
1784869123080405244,1e+06
1784869123115603667,1e+06
1784869123159346726,1e+06
1784869123263181487,1e+06
1784869123281337377,1e+06
1784869123739565085,1e+06
1784869123755511976,1e+06
1784869123761490650,1e+06
1784869123781151120,1e+06
1784869123845019069,1e+06
1784869123902454721,1e+06
1784869123912424558,1e+06
1784869123914815064,1e+06
1784869123920145049,1e+06
1784869123924823218,1e+06
1784869123964301104,1e+06
1784869124112896620,1e+06
1784869124347407158,1e+06
1784869124532117174,1e+06
1784869124884353268,1e+06
1784869125765313318,1e+06
1784869126079727551,1e+06
1784869126175772927,1e+06
1784869126408027151,1e+06
1784869126474099453,1e+06
1784869127105256860,1e+06
1784869128755747940,1e+06
1784869130402986872,1e+06
1784869132106615272,1e+06
1784869134224533540,1e+06
1784869135342860105,1e+06
1784869136944069280,1e+06
1784869138731774074,1e+06
1784869140363252725,1e+06
1784869141980285532,1e+06
1784869143932140730,1e+06
1784869144452986477,1e+06
1784869144853152388,1e+06
1784869145274753235,1e+06
1784869145286649167,1e+06
1784869145295503481,1e+06
1784869145319239411,1e+06
1784869145355909089,1e+06
1784869145457833447,1e+06
1784869145623453876,1e+06
1784869145631071946,1e+06
1784869145646299808,1e+06
1784869145780637100,1e+06
1784869146113566215,1e+06
1784869146940541179,1e+06
1784869147622193793,1e+06
1784869149404474526,1e+06
1784869149480419646,1e+06
1784869150116324544,1e+06
1784869150437295225,1e+06
1784869151817349905,1e+06
1784869152085934043,1e+06
1784869152112501596,1e+06
1784869152133038253,1e+06
1784869152210779782,1e+06
1784869152545827496,1e+06
1784869153152923251,1e+06
1784869153465114210,1e+06
1784869153613571417,1e+06
1784869154034468764,1e+06
1784869154257710615,1e+06
1784869154479395566,1e+06
1784869154479852011,1e+06
1784869154682602404,1e+06
1784869156117525559,1e+06
1784869157309828495,1e+06
1784869158013907398,1e+06
1784869159870706293,1e+06
1784869162713095919,1e+06
1784869163489944829,1e+06
1784869163496629811,1e+06
1784869163530459184,1e+06
1784869163549432512,1e+06
1784869163667017307,1e+06
1784869164182249063,1e+06
1784869164742639680,1e+06
1784869164787650869,1e+06
1784869166173398487,1e+06
1784869168450850478,1e+06
1784869169982265153,1e+06
1784869170044594606,1e+06
1784869170045135795,1e+06
1784869170045925360,1e+06
1784869170046482635,1e+06
1784869170050233496,1e+06
1784869170051726294,1e+06
1784869170056097470,1e+06
1784869170058527405,1e+06
1784869170063961928,1e+06
1784869170068480044,1e+06
1784869170074453251,1e+06
1784869170188088038,1e+06
1784869170229371467,1e+06
1784869170341188145,1e+06
1784869170648518464,1e+06
1784869170852256997,1e+06
1784869170855248359,1e+06
1784869170919289264,1e+06
1784869171060685697,1e+06
1784869171594510711,1e+06
1784869171994928663,1e+06
1784869172199009429,1e+06
1784869172941560373,1e+06
1784869173972860730,1e+06
1784869174205802503,1e+06
1784869174491728916,1e+06
1784869175091062108,1e+06
1784869175102975509,1e+06
1784869175112739795,1e+06
1784869175117941777,1e+06
1784869175132012663,1e+06
1784869175174088268,1e+06
1784869175250954487,1e+06
1784869175635111412,1e+06
1784869175713344999,1e+06
1784869175950182620,1e+06
1784869176777428441,1e+06
1784869177014306783,1e+06
1784869177192309008,1e+06
1784869177414456619,1e+06
1784869178078388883,1e+06
1784869178852366533,1e+06
1784869179447475765,1e+06
1784869179758123206,1e+06
1784869179761123579,1e+06
1784869179778800291,1e+06
1784869179837856510,1e+06
1784869179861809761,1e+06
1784869180036274149,1e+06
1784869180134374701,1e+06
1784869180730376761,1e+06
1784869181167869045,1e+06
1784869181347860857,1e+06
1784869181993517089,1e+06
1784869182581805481,1e+06
1784869182784990125,1e+06
1784869184076909542,1e+06
1784869185995719717,1e+06
1784869186242467644,1e+06
1784869187278078114,1e+06
1784869189343249699,1e+06
1784869189434291756,1e+06
1784869189535682398,1e+06
1784869190043435158,1e+06
1784869190393360469,1e+06
1784869190943543760,1e+06
1784869191978120502,1e+06
1784869192546835672,1e+06
1784869192571614651,1e+06
1784869192600162817,1e+06
1784869192768190218,1e+06
1784869193043525944,1e+06
1784869193538225571,1e+06
1784869194257336674,1e+06
1784869194594900350,1e+06
1784869194596470750,1e+06
1784869194600697148,1e+06
1784869194695864013,1e+06
1784869194747141481,1e+06
1784869194824603343,1e+06
1784869194913121727,1e+06
1784869195052385798,1e+06
1784869195247369521,1e+06
1784869196175693498,1e+06
1784869196317138035,1e+06
1784869196939556110,1e+06
1784869197090266379,1e+06
1784869198139491834,1e+06
1784869198154309039,1e+06
1784869198165148101,1e+06
1784869198180867138,1e+06
1784869198194397164,1e+06
1784869198210245805,1e+06
1784869198223890131,1e+06
1784869198265077286,1e+06
1784869198298489724,1e+06
1784869198336317324,1e+06
1784869198365140650,1e+06
1784869198374695364,1e+06
1784869198402011047,1e+06
1784869198427118160,1e+06
1784869198460009406,1e+06
1784869198466411005,1e+06
1784869198484706455,1e+06
1784869198520946434,1e+06
1784869198547623013,1e+06
1784869198562167642,1e+06
1784869198565440981,1e+06
1784869198569622210,1e+06
1784869198578580081,1e+06
1784869198598542828,1e+06
1784869198620560904,1e+06
1784869198628187463,1e+06
1784869198628682234,1e+06
1784869198652112911,1e+06
1784869198652297300,1e+06
1784869198667658800,1e+06
1784869198680618626,1e+06
1784869198693925118,1e+06
1784869198722348078,1e+06
1784869198765764780,1e+06
1784869198860875541,1e+06
1784869198941964791,1e+06
1784869198997713177,1e+06
1784869199006208451,1e+06
1784869199158407846,1e+06
1784869199167825607,1e+06
1784869199178762558,1e+06
1784869199210454574,1e+06
1784869199374517605,1e+06
1784869199926429302,1e+06
1784869200041574365,1e+06
1784869200091415563,1e+06
1784869200117197419,1e+06
1784869200153152966,1e+06
1784869200166375899,1e+06
1784869200179087218,1e+06
1784869200200969297,1e+06
1784869200244441981,1e+06
1784869200379188855,1e+06
1784869200647278717,1e+06
1784869200860722883,1e+06
1784869201110872650,1e+06
1784869201721308768,1e+06
1784869201932397619,1e+06
1784869202696700398,1e+06
1784869202739543436,1e+06
1784869202835693966,1e+06
1784869202963425295,1e+06
1784869203209695442,1e+06
1784869204082799743,1e+06
1784869204956265001,1e+06
1784869206385678937,1e+06
1784869207952988081,1e+06
1784869209210779986,1e+06
1784869209326925964,1e+06
1784869209342321628,1e+06
1784869209350527339,1e+06
1784869209376813418,1e+06
1784869209391567434,1e+06
1784869209409144578,1e+06
1784869209433134792,1e+06
1784869209440305263,1e+06
1784869209455585421,1e+06
1784869209472027722,1e+06
1784869209490541418,1e+06
1784869209511611819,1e+06
1784869209534804803,1e+06
1784869209553473503,1e+06
1784869209561521096,1e+06
1784869209587759233,1e+06
1784869209609089328,1e+06
1784869209624214260,1e+06
1784869209640537663,1e+06
1784869209662227346,1e+06
1784869209736739745,1e+06
1784869209899500203,1e+06
1784869210035367230,1e+06
1784869210381955862,1e+06
1784869210616014828,1e+06
1784869210872338463,1e+06
1784869211297370997,1e+06
1784869211394723482,1e+06
1784869211674894325,1e+06
1784869212244502878,1e+06
1784869212649596670,1e+06
1784869213195969741,1e+06
1784869214626855583,1e+06
1784869215580177526,1e+06
1784869215986317346,1e+06
1784869216075178132,1e+06
1784869216561623130,1e+06
1784869217787861285,1e+06
1784869217900236541,1e+06
1784869218026616055,1e+06
1784869218470254047,1e+06
1784869218582292951,1e+06
1784869218890892977,1e+06
1784869219628747098,1e+06
1784869219668868511,1e+06
1784869219816619650,1e+06
1784869219864642853,1e+06
1784869219929646612,1e+06
1784869220738712513,1e+06
1784869223121367101,1e+06
1784869223346917000,1e+06
1784869224044369649,1e+06
1784869226247554773,1e+06
1784869227907440436,1e+06
1784869228419820099,1e+06
1784869229407357492,1e+06
1784869230509090512,1e+06
1784869230607435505,1e+06
1784869230706860560,1e+06
1784869231242704533,1e+06
1784869231603792287,1e+06
1784869232749786199,1e+06
1784869235759694715,1e+06
1784869237039896049,1e+06
1784869237070462816,1e+06
1784869237124053750,1e+06
1784869237124390886,1e+06
1784869237124762856,1e+06
1784869237129785628,1e+06
1784869237143563547,1e+06
1784869237143712115,1e+06
1784869237148612930,1e+06
1784869237148785827,1e+06
1784869237190901694,1e+06
1784869237191497112,1e+06
1784869237244502397,1e+06
1784869237258157589,1e+06
1784869237339640138,1e+06
1784869237500580179,1e+06
1784869238902971698,1e+06
1784869241415886412,1e+06
1784869245106490261,1e+06
1784869247154995619,1e+06
1784869248687104230,1e+06
1784869250457642504,1e+06
1784869251077167075,1e+06
1784869251166314149,1e+06
1784869254116781865,1e+06
1784869254335539574,1e+06
1784869254845921619,1e+06
1784869255342438005,1e+06
1784869255537168121,1e+06
1784869256603770251,1e+06
1784869256607747694,1e+06
1784869256608087660,1e+06
1784869256608852661,1e+06
1784869256784183606,1e+06
1784869256940734459,1e+06
1784869257058394775,1e+06
1784869257377351528,1e+06
1784869257897379337,1e+06
1784869257957301878,1e+06
1784869257957547008,1e+06
1784869257959155374,1e+06
1784869258027389270,1e+06
1784869258043149072,1e+06
1784869258211944119,1e+06
1784869258694535583,1e+06
1784869259503431030,1e+06
1784869259509351174,1e+06
1784869259622672211,1e+06
1784869259962545029,1e+06
1784869261248315003,1e+06
1784869262391603107,1e+06
1784869262605218541,1e+06
1784869262813796309,1e+06
1784869262829349189,1e+06
1784869263119621675,1e+06
1784869263340284991,1e+06
1784869264018898453,1e+06
1784869264163845682,1e+06
1784869264755069837,1e+06
1784869264782140464,1e+06
1784869265224902316,1e+06
1784869266672040891,1e+06
1784869267885988578,1e+06
1784869268912983363,1e+06
1784869270763530662,1e+06
1784869273164987204,1e+06
1784869273916043008,1e+06
1784869274452924929,1e+06
1784869275405615856,1e+06
1784869275429388431,1e+06
1784869275511415120,1e+06
1784869275687892339,1e+06
1784869275890449360,1e+06
1784869276127499426,1e+06
1784869277078662201,1e+06
1784869277218543326,1e+06
1784869277836951016,1e+06
1784869278076198416,1e+06
1784869278089503514,1e+06
1784869278096901336,1e+06
1784869278098693858,1e+06
1784869278101992603,1e+06
1784869278123737773,1e+06
1784869278239570008,1e+06
1784869278692223482,1e+06
1784869278711933656,1e+06
1784869278901875585,1e+06
1784869279409213991,1e+06
1784869279630189499,1e+06
1784869280534509525,1e+06
1784869280605850000,1e+06
1784869280743202006,1e+06
1784869281013498228,1e+06
1784869281686528372,1e+06
1784869281843185789,1e+06
1784869282142838618,1e+06
1784869282260363562,1e+06
1784869282518171102,1e+06
1784869283316811572,1e+06
1784869283776848174,1e+06
1784869284900331778,1e+06
1784869285196621854,1e+06
1784869285224428285,1e+06
1784869285254756511,1e+06
1784869285445428260,1e+06
1784869285708554685,1e+06
1784869286149612821,1e+06
1784869287434521388,1e+06
1784869287683944573,1e+06
1784869288664586005,1e+06
1784869289693605797,1e+06
1784869290490930009,1e+06
1784869290737756098,1e+06
1784869292379754557,1e+06
1784869293147844095,1e+06
1784869293209727381,1e+06
1784869293276433390,1e+06
1784869293840935691,1e+06
1784869294680965158,1e+06
1784869295825932621,1e+06
1784869295832665179,1e+06
1784869296137219452,1e+06
1784869296232292459,1e+06
1784869296315388433,1e+06
1784869296322176859,1e+06
1784869296327764210,1e+06
1784869296328529938,1e+06
1784869296332575894,1e+06
1784869296349354397,1e+06
1784869296381743204,1e+06
1784869296467501724,1e+06
1784869296571650869,1e+06
1784869296782491632,1e+06
1784869296937745348,1e+06
1784869297073579895,1e+06
1784869297296934931,1e+06
1784869297497625935,1e+06
1784869297788970809,1e+06
1784869297803969614,1e+06
1784869297812763980,1e+06
1784869297869199955,1e+06
1784869297936590522,1e+06
1784869298056071380,1e+06
1784869298186234445,1e+06
1784869298291755918,1e+06
1784869298453353804,1e+06
1784869298577309531,1e+06
1784869298801002940,1e+06
1784869299964742525,1e+06
1784869301486617809,1e+06
1784869301902363167,1e+06
1784869303160788919,1e+06
1784869304194644467,1e+06
1784869304364256130,1e+06
1784869305339122103,1e+06
1784869305353978385,1e+06
1784869305409585215,1e+06
1784869305842875930,1e+06
1784869305930575130,1e+06
1784869307722831651,1e+06
1784869308846506830,1e+06
1784869308893821006,1e+06
1784869309127637105,1e+06
1784869309599011113,1e+06
1784869310035339092,1e+06
1784869310159485103,1e+06
1784869311054610651,1e+06
1784869314008980333,1e+06
1784869314200162164,1e+06
1784869314200297010,1e+06
1784869314212567740,1e+06
1784869314261801026,1e+06
1784869314288150008,1e+06
1784869314408149624,1e+06
1784869314498817964,1e+06
1784869314575895608,1e+06
1784869314936511919,1e+06
1784869314952870282,1e+06
1784869314963092836,1e+06
1784869314972309916,1e+06
1784869314981288862,1e+06
1784869315099498530,1e+06
1784869315222625485,1e+06
1784869315720507413,1e+06
1784869315744888795,1e+06
1784869315751424628,1e+06
1784869315796942411,1e+06
1784869316210484098,1e+06
1784869316557836126,1e+06
1784869316574750755,1e+06
1784869317250702966,1e+06
1784869317796067277,1e+06
1784869317796335131,1e+06
1784869317797527436,1e+06
1784869317800794106,1e+06
1784869317815047343,1e+06
1784869317941790966,1e+06
1784869318034737677,1e+06
1784869318287666481,1e+06
1784869318884721120,1e+06
1784869319808695335,1e+06
1784869320014133354,1e+06
1784869320691594438,1e+06
1784869321172691341,1e+06
1784869321232805905,1e+06
1784869321259174526,1e+06
1784869321370806268,1e+06
1784869322178357655,1e+06
1784869322233596249,1e+06
1784869322274384933,1e+06
1784869322274547122,1e+06
1784869322274751849,1e+06
1784869322274929854,1e+06
1784869322282650885,1e+06
1784869322282960171,1e+06
1784869322285804313,1e+06
1784869322303946029,1e+06
1784869322337151643,1e+06
1784869322353977183,1e+06
1784869322363412515,1e+06
1784869322368083237,1e+06
1784869322381742109,1e+06
1784869322399979003,1e+06
1784869322400177735,1e+06
1784869322415249468,1e+06
1784869322425605351,1e+06
1784869322460668757,1e+06
1784869322510859633,1e+06
1784869322600040861,1e+06
1784869322892281738,1e+06
1784869323152471787,1e+06
1784869323601294804,1e+06
1784869323851988432,1e+06
1784869324157417331,1e+06
1784869324477123039,1e+06
1784869324524178415,1e+06
1784869324562249066,1e+06
1784869324679734201,1e+06
1784869325023786682,1e+06
1784869325418326842,1e+06
1784869325575442797,1e+06
1784869325592158368,1e+06
1784869325596355058,1e+06
1784869325692655263,1e+06
1784869325852289559,1e+06
1784869325865845354,1e+06
1784869325901448745,1e+06
1784869325924929741,1e+06
1784869326041837020,1e+06
1784869326094738709,1e+06
1784869326340751359,1e+06
1784869326657425029,1e+06
1784869326687307182,1e+06
1784869326761839187,1e+06
1784869326805029656,1e+06
1784869326939116466,1e+06
1784869326956641557,1e+06
1784869327000578867,1e+06
1784869327038726341,1e+06
1784869327173582378,1e+06
1784869327261754151,1e+06
1784869327707094013,1e+06
1784869327762121595,1e+06
1784869327956283733,1e+06
1784869328118004233,1e+06
1784869328137871127,1e+06
1784869328168555620,1e+06
1784869328352058864,1e+06
1784869328446459945,1e+06
1784869328536399827,1e+06
1784869328786583689,1e+06
1784869328842604355,1e+06
1784869329160249325,1e+06
1784869330049686414,1e+06
1784869330243096757,1e+06
1784869330417777157,1e+06
1784869330515853746,1e+06
1784869330612407864,1e+06
1784869330673730435,1e+06
1784869330758862873,1e+06
1784869330772532621,1e+06
1784869330842550799,1e+06
1784869331206218765,1e+06
1784869332202337135,1e+06
1784869333680742498,1e+06
1784869333697553722,1e+06
1784869333803932414,1e+06
1784869333974406468,1e+06
1784869335582956270,1e+06
1784869337606769044,1e+06
1784869338496191006,1e+06
1784869339298937690,1e+06
1784869339474331690,1e+06
1784869339486583275,1e+06
1784869339502887821,1e+06
1784869339583542680,1e+06
1784869339723523601,1e+06
1784869339730221407,1e+06
1784869339745457560,1e+06
1784869339816899920,1e+06
1784869339873861241,1e+06
1784869340027710461,1e+06
1784869340556312343,1e+06
1784869340981194637,1e+06
1784869341068212931,1e+06
1784869341092564456,1e+06
1784869341100426448,1e+06
1784869341111925555,1e+06
1784869341218164064,1e+06
1784869341240448027,1e+06
1784869341307426852,1e+06
1784869341358605392,1e+06
1784869341372672157,1e+06
1784869341432807028,1e+06
1784869341521773671,1e+06
1784869341610870550,1e+06
1784869342379195609,1e+06
1784869343417764209,1e+06
1784869344168879392,1e+06
1784869345295588242,1e+06
1784869345636369737,1e+06
1784869346259323232,1e+06
1784869346380358249,1e+06
1784869346702332757,1e+06
1784869346937354052,1e+06
1784869347039654562,1e+06
1784869347174191439,1e+06
1784869347651818474,1e+06
1784869348247253659,1e+06
1784869348986014949,1e+06
1784869350032657368,1e+06
1784869350928543884,1e+06
1784869351422230476,1e+06
1784869351771769008,1e+06
1784869352339639958,1e+06
1784869352626388395,1e+06
1784869352675360070,1e+06
1784869352803826775,1e+06
1784869352974334349,1e+06
1784869353692649064,1e+06
1784869355012458209,1e+06
1784869357762519938,1e+06
1784869357793261925,1e+06
1784869357811509697,1e+06
1784869358701572930,1e+06
1784869358755224735,1e+06
1784869358791546552,1e+06
1784869359291270244,1e+06
1784869359927142023,1e+06
1784869360957770636,1e+06
1784869360972894131,1e+06
1784869361004159309,1e+06
1784869361051981452,1e+06
1784869361073467697,1e+06
1784869361122802677,1e+06
1784869361149919979,1e+06
1784869361246116559,1e+06
1784869361285920993,1e+06
1784869361326249417,1e+06
1784869361358384493,1e+06
1784869361409926349,1e+06
1784869361447731602,1e+06
1784869361807227824,1e+06
1784869362368012437,1e+06
1784869362851854633,1e+06
1784869362866905815,1e+06
1784869363897848822,1e+06
1784869365103545395,1e+06
1784869366349206720,1e+06
1784869366365011957,1e+06
1784869366932620028,1e+06
1784869367478644571,1e+06
1784869367504303514,1e+06
1784869367524858099,1e+06
1784869367545525429,1e+06
1784869367564200115,1e+06
1784869367564586555,1e+06
1784869367573009156,1e+06
1784869367581479455,1e+06
1784869367610804319,1e+06
1784869367712090259,1e+06
1784869367769115508,1e+06
1784869367874837767,1e+06
1784869368039592791,1e+06
1784869368122525372,1e+06
1784869368262202557,1e+06
1784869368402410955,1e+06
1784869368826453259,1e+06
1784869368843642701,1e+06
1784869368905412051,1e+06
1784869369324795894,1e+06
1784869369492169241,1e+06
1784869369940556754,1e+06
1784869370438811028,1e+06
1784869370470621199,1e+06
1784869371055263314,1e+06
1784869371260316350,1e+06
1784869371260532582,1e+06
1784869371273888835,1e+06
1784869371292272427,1e+06
1784869371327288583,1e+06
1784869371484654055,1e+06
1784869371504033402,1e+06
1784869371508941584,1e+06
1784869371511626178,1e+06
1784869371515853823,1e+06
1784869371634927330,1e+06
1784869371989592430,1e+06
1784869372009672452,1e+06
1784869372024552246,1e+06
1784869372095265199,1e+06
1784869372164161636,1e+06
1784869372295881725,1e+06
1784869372598488411,1e+06
1784869373175999782,1e+06
1784869373247525108,1e+06
1784869373556820693,1e+06
1784869373583536230,1e+06
1784869373591351129,1e+06
1784869374033080170,1e+06
1784869374070823349,1e+06
1784869374342200264,1e+06
1784869374990637828,1e+06
1784869374998469517,1e+06
1784869375021636355,1e+06
1784869375039394878,1e+06
1784869375039877719,1e+06
1784869375066944200,1e+06
1784869375133403174,1e+06
1784869375162654527,1e+06
1784869375275695762,1e+06
1784869375394921712,1e+06
1784869375636831110,1e+06
1784869376071731624,1e+06
1784869376346428925,1e+06
1784869376935247648,1e+06
1784869378429155579,1e+06
1784869379056355727,1e+06
1784869379260920406,1e+06
1784869379281279540,1e+06
1784869379322920155,1e+06
1784869379387859183,1e+06
1784869379469284542,1e+06
1784869379641508677,1e+06
1784869379641737934,1e+06
1784869379649224745,1e+06
1784869379868854679,1e+06
1784869380301918601,1e+06
1784869380948831786,1e+06
1784869381771585765,1e+06
1784869381833204719,1e+06
1784869382033572758,1e+06
1784869382372339961,1e+06
1784869382931322570,1e+06
1784869383247833620,1e+06
1784869383557336465,1e+06
1784869384124698671,1e+06
1784869385592828080,1e+06
1784869387759131486,1e+06
1784869389347188641,1e+06
1784869390242741074,1e+06
1784869392290450830,1e+06
1784869393362428690,1e+06
1784869393542342619,1e+06
1784869393560342775,1e+06
1784869393664514230,1e+06
1784869393943018959,1e+06
1784869394760116742,1e+06
1784869397169486878,1e+06
1784869397173739751,1e+06
1784869397189791774,1e+06
1784869397198714699,1e+06
1784869397209114481,1e+06
1784869397229486566,1e+06
1784869397252241022,1e+06
1784869397275081295,1e+06
1784869397293921169,1e+06
1784869397329058698,1e+06
1784869397411158385,1e+06
1784869397540394083,1e+06
1784869397550606672,1e+06
1784869397578957421,1e+06
1784869397596241621,1e+06
1784869397624247300,1e+06
1784869397685811622,1e+06
1784869397765198409,1e+06
1784869397772527208,1e+06
1784869397777817240,1e+06
1784869397779664493,1e+06
1784869397791811128,1e+06
1784869397896561306,1e+06
1784869397925244419,1e+06
1784869397939742931,1e+06
1784869397947460665,1e+06
1784869397962548301,1e+06
1784869397976682689,1e+06
1784869397976924448,1e+06
1784869397988989005,1e+06
1784869398037587684,1e+06
1784869398069258541,1e+06
1784869398147719910,1e+06
1784869398188894356,1e+06
1784869398222877120,1e+06
1784869398259845151,1e+06
1784869398325778563,1e+06
1784869398768660149,1e+06
1784869399062558360,1e+06
1784869399092379265,1e+06
1784869399099003587,1e+06
1784869399115785219,1e+06
1784869399140036617,1e+06
1784869399320233510,1e+06
1784869399642366254,1e+06
1784869400386993099,1e+06
1784869400578681250,1e+06
1784869401017230372,1e+06
1784869401071262515,1e+06
1784869402891727147,1e+06
1784869404731378103,1e+06
1784869407044063278,1e+06
1784869408028531817,1e+06
1784869409892901226,1e+06
1784869410470517224,1e+06
1784869410486568269,1e+06
1784869410495500098,1e+06
1784869410495884214,1e+06
1784869410520793073,1e+06
1784869410541263728,1e+06
1784869410568697526,1e+06
1784869410641457650,1e+06
1784869410995586202,1e+06
1784869411149239848,1e+06
1784869411298625671,1e+06
1784869411652149441,1e+06
1784869412424465802,1e+06
1784869412441873345,1e+06
1784869412449392282,1e+06
1784869412461012116,1e+06
1784869412477361930,1e+06
1784869412484326151,1e+06
1784869412525737558,1e+06
1784869412571217843,1e+06
1784869412624620073,1e+06
1784869413036843075,1e+06
1784869413140421205,1e+06
1784869413167062950,1e+06
1784869413251579299,1e+06
1784869413673236047,1e+06
1784869413694481846,1e+06
1784869413878804672,1e+06
1784869414451655813,1e+06
1784869417121629738,1e+06
1784869418007229084,1e+06
1784869418192166030,1e+06
1784869418293126787,1e+06
1784869418819226813,1e+06
1784869419714427806,1e+06
1784869419728986851,1e+06
1784869419793862165,1e+06
1784869419863963684,1e+06
1784869420089089391,1e+06
1784869420438141312,1e+06
1784869420512645812,1e+06
1784869421121959804,1e+06
1784869421152245913,1e+06
1784869421195408865,1e+06
1784869421199443848,1e+06
1784869421199622213,1e+06
1784869421207548230,1e+06
1784869421207778207,1e+06
1784869421220233534,1e+06
1784869421324382690,1e+06
1784869421394282765,1e+06
1784869421491696354,1e+06
1784869421642298680,1e+06
1784869422043323455,1e+06
1784869423441720377,1e+06
1784869423494874006,1e+06
1784869423525497582,1e+06
1784869423616658271,1e+06
1784869423888348463,1e+06
1784869424092270320,1e+06
1784869424736347192,1e+06
1784869425111252059,1e+06
1784869425926817290,1e+06
1784869425931766629,1e+06
1784869425934122119,1e+06
1784869425941656655,1e+06
1784869425942533179,1e+06
1784869425945491025,1e+06
1784869425952799660,1e+06
1784869426072150403,1e+06
1784869426171743201,1e+06
1784869426520019090,1e+06
1784869426638176494,1e+06
1784869426949174148,1e+06
1784869426996041690,1e+06
1784869427296459247,1e+06
1784869427556661432,1e+06
1784869427712228068,1e+06
1784869428041663846,1e+06
1784869428079718185,1e+06
1784869428160694852,1e+06
1784869428263103970,1e+06
1784869428362922926,1e+06
1784869429060686583,1e+06
1784869429253264990,1e+06
1784869430098295227,1e+06
1784869430315537665,1e+06
1784869430450749353,1e+06
1784869431860205021,1e+06
1784869431975580877,1e+06
1784869432219921872,1e+06
1784869432889044545,1e+06
1784869434051295348,1e+06
1784869434073165471,1e+06
1784869435656752297,1e+06
1784869435782574648,1e+06
1784869435834816163,1e+06
1784869435973864300,1e+06
1784869436231760113,1e+06
1784869436354729370,1e+06
1784869436446477371,1e+06
1784869436776729525,1e+06
1784869436800837056,1e+06
1784869436808725507,1e+06
1784869436934933021,1e+06
1784869436936161022,1e+06
1784869436936522978,1e+06
1784869436936854215,1e+06
1784869436937153194,1e+06
1784869436937376454,1e+06
1784869436989656540,1e+06
1784869437027911488,1e+06
1784869437158576796,1e+06
1784869437887636068,1e+06
1784869438651732468,1e+06
1784869439050799239,1e+06
1784869439870265714,1e+06
1784869440036668056,1e+06
1784869440511850117,1e+06
1784869440751381337,1e+06
1784869440758626777,1e+06
1784869440778921145,1e+06
1784869440788597195,1e+06
1784869440851144127,1e+06
1784869440851588547,1e+06
1784869440860223688,1e+06
1784869440926512824,1e+06
1784869440975397144,1e+06
1784869441055743405,1e+06
1784869441165047470,1e+06
1784869441816099108,1e+06
1784869442193108726,1e+06
1784869442234302360,1e+06
1784869442369880352,1e+06
1784869442678213369,1e+06
1784869442886360862,1e+06
1784869443901498123,1e+06
1784869444044408753,1e+06
1784869444530435953,1e+06
1784869445210414538,1e+06
1784869445663508725,1e+06
1784869446795753227,1e+06
1784869447327518541,1e+06
1784869448272966079,1e+06
1784869448815319749,1e+06
1784869449324558263,1e+06
1784869450260167937,1e+06
1784869450337575357,1e+06
1784869450839588452,1e+06
1784869450901203999,1e+06
1784869450913343380,1e+06
1784869450920722792,1e+06
1784869450991651372,1e+06
1784869451060420555,1e+06
1784869451265654325,1e+06
1784869453339876672,1e+06
1784869453932477204,1e+06
1784869457959338155,1e+06
1784869459461149710,1e+06
1784869459602533265,1e+06
1784869459995973393,1e+06
1784869460040430179,1e+06
1784869460055813770,1e+06
1784869460086183842,1e+06
1784869460112949475,1e+06
1784869460193156280,1e+06
1784869460230747261,1e+06
1784869460269058596,1e+06
1784869460312244163,1e+06
1784869460312854271,1e+06
1784869460343493412,1e+06
1784869460364917902,1e+06
1784869460375326000,1e+06
1784869460375667858,1e+06
1784869460386158765,1e+06
1784869460386755213,1e+06
1784869460395602219,1e+06
1784869460402707694,1e+06
1784869460418841298,1e+06
1784869460450295565,1e+06
1784869460475710731,1e+06
1784869460497779592,1e+06
1784869460516259441,1e+06
1784869460524708065,1e+06
1784869460579482827,1e+06
1784869460617536294,1e+06
1784869460671433634,1e+06
1784869460711956311,1e+06
1784869460898331570,1e+06
1784869461061837945,1e+06
1784869461296894530,1e+06
1784869461473117098,1e+06
1784869461666106966,1e+06
1784869461916867663,1e+06
1784869461996292289,1e+06
1784869462108099061,1e+06
1784869462936082109,1e+06
1784869466784583680,1e+06
1784869466936596966,1e+06
1784869467388004042,1e+06
1784869467560878333,1e+06
1784869467629918092,1e+06
1784869467713428506,1e+06
1784869467930362941,1e+06
1784869468336958172,1e+06
1784869469013564766,1e+06
1784869470036131125,1e+06
1784869470262361783,1e+06
1784869470563265008,1e+06
1784869470665093163,1e+06
1784869471225451194,1e+06
1784869473471260794,1e+06
1784869473831122156,1e+06
1784869474573556665,1e+06
1784869475550748497,1e+06
1784869476777251751,1e+06
1784869477009171499,1e+06
1784869477026115931,1e+06
1784869477040149075,1e+06
1784869477148318598,1e+06
1784869477166859945,1e+06
1784869477889505702,1e+06
1784869478322309692,1e+06
1784869478577340063,1e+06
1784869479256082677,1e+06
1784869479311606606,1e+06
1784869479333031561,1e+06
1784869479493271974,1e+06
1784869480134254953,1e+06
1784869480142247006,1e+06
1784869480159201722,1e+06
1784869480351243281,1e+06
1784869480509856272,1e+06
1784869480599128587,1e+06
1784869480940625727,1e+06
1784869481186166659,1e+06
1784869481207802697,1e+06
1784869481223382877,1e+06
1784869481240986123,1e+06
1784869481271392677,1e+06
1784869481306614616,1e+06
1784869481349127330,1e+06
1784869481371326834,1e+06
1784869481386800407,1e+06
1784869481410516574,1e+06
1784869481444302825,1e+06
1784869481455463054,1e+06
1784869481556518424,1e+06
1784869481582683092,1e+06
1784869481607398620,1e+06
1784869481622390919,1e+06
1784869481716488291,1e+06
1784869481789203762,1e+06
1784869481846566607,1e+06
1784869481941302284,1e+06
1784869482022111347,1e+06
1784869482231313131,1e+06
1784869483594901940,1e+06
1784869486457095085,1e+06
1784869487036695018,1e+06
1784869489233937366,1e+06
1784869489991558243,1e+06
1784869490255033375,1e+06
1784869490875698256,1e+06
1784869491603347433,1e+06
1784869492604674355,1e+06
1784869493061309552,1e+06
1784869495077078211,1e+06
1784869497938596038,1e+06
1784869498574836998,1e+06
1784869498618213910,1e+06
1784869498946333408,1e+06
1784869499299153955,1e+06
1784869499835568370,1e+06
1784869500168731631,1e+06
1784869500923954489,1e+06
1784869502260384246,1e+06
1784869503232597881,1e+06
1784869503262586443,1e+06
1784869503308902818,1e+06
1784869503309252331,1e+06
1784869503318419146,1e+06
1784869503318576118,1e+06
1784869503321369354,1e+06
1784869503321539398,1e+06
1784869503324898426,1e+06
1784869503339028152,1e+06
1784869503344686355,1e+06
1784869503344900952,1e+06
1784869503348789222,1e+06
1784869503360202520,1e+06
1784869503362274288,1e+06
1784869503455026044,1e+06
1784869503467842633,1e+06
1784869503505532595,1e+06
1784869503551011931,1e+06
1784869503634498878,1e+06
1784869503663091056,1e+06
1784869503729259082,1e+06
1784869504011463038,1e+06
1784869504318806185,1e+06
1784869504962884324,1e+06
1784869506937269255,1e+06
1784869507009692593,1e+06
1784869507538541700,1e+06
1784869508243314444,1e+06
1784869508760843239,1e+06
1784869510491728856,1e+06
1784869510905836224,1e+06
1784869510938997775,1e+06
1784869511019525654,1e+06
1784869511265905349,1e+06
1784869511532470208,1e+06
1784869512478377518,1e+06
1784869513178423243,1e+06
1784869513329193554,1e+06
1784869513708606868,1e+06
1784869513796948895,1e+06
1784869513811787972,1e+06
1784869513858203697,1e+06
1784869514010435768,1e+06
1784869514330956674,1e+06
1784869514352121182,1e+06
1784869514364991763,1e+06
1784869514386247523,1e+06
1784869514486696347,1e+06
1784869514544499981,1e+06
1784869514665462804,1e+06
1784869514786368403,1e+06
1784869515065817597,1e+06
1784869515129323576,1e+06
1784869515164778441,1e+06
1784869515761731206,1e+06
1784869516934406610,1e+06
1784869517160651522,1e+06
1784869517190707981,1e+06
1784869517232343124,1e+06
1784869517312263834,1e+06
1784869517378289001,1e+06
1784869517761647702,1e+06
1784869518261208964,1e+06
1784869518763748353,1e+06
1784869518962521149,1e+06
1784869519404721595,1e+06
1784869519804266879,1e+06
1784869519835191778,1e+06
1784869520037900573,1e+06
1784869520411520548,1e+06
1784869521937945760,1e+06
1784869523941419327,1e+06
1784869524262265377,1e+06
1784869524327710408,1e+06
1784869524451223331,1e+06
1784869524579881778,1e+06
1784869524872624803,1e+06
1784869526036932607,1e+06
1784869528436166395,1e+06
1784869528567193956,1e+06
1784869529149517257,1e+06
1784869531222365115,1e+06
1784869532981832597,1e+06
1784869536372676900,1e+06
1784869539420967689,1e+06
1784869542653756387,1e+06
1784869544022801249,1e+06
1784869544041410955,1e+06
1784869544049652818,1e+06
1784869544066950006,1e+06
1784869544211044511,1e+06
1784869544892690805,1e+06
1784869546105837376,1e+06
1784869546120375352,1e+06
1784869546145240933,1e+06
1784869546187777853,1e+06
1784869546203750105,1e+06
1784869546267454140,1e+06
1784869546352899883,1e+06
1784869546524528712,1e+06
1784869546647149390,1e+06
1784869546935922326,1e+06
1784869547182202289,1e+06
1784869547186827012,1e+06
1784869547253950757,1e+06
1784869547371983273,1e+06
1784869547543282590,1e+06
1784869547602176407,1e+06
1784869547967619158,1e+06
1784869547996631299,1e+06
1784869548655142112,1e+06
1784869553451257332,1e+06
1784869554502637104,1e+06
1784869554611158050,1e+06
1784869554667529256,1e+06
1784869554753051840,1e+06
1784869554841490478,1e+06
1784869554862467210,1e+06
1784869554862835473,1e+06
1784869554863114919,1e+06
1784869554899225960,1e+06
1784869554927601126,1e+06
1784869554944224426,1e+06
1784869554957091477,1e+06
1784869554978780193,1e+06
1784869554993643739,1e+06
1784869555006176735,1e+06
1784869555050739655,1e+06
1784869555085302759,1e+06
1784869555152085545,1e+06
1784869555170305987,1e+06
1784869555209915670,1e+06
1784869555235334394,1e+06
1784869555251482480,1e+06
1784869555265769227,1e+06
1784869555277919775,1e+06
1784869555296697776,1e+06
1784869555313559964,1e+06
1784869555318939852,1e+06
1784869555319401294,1e+06
1784869555324199665,1e+06
1784869555324466864,1e+06
1784869555326846244,1e+06
1784869555356768280,1e+06
1784869555356900462,1e+06
1784869555402932864,1e+06
1784869555458726390,1e+06
1784869555473297573,1e+06
1784869555482522539,1e+06
1784869555566573862,1e+06
1784869555690227707,1e+06
1784869555745897214,1e+06
1784869555816484458,1e+06
1784869555867820650,1e+06
1784869556001696141,1e+06
1784869556147136610,1e+06
1784869556234437213,1e+06
1784869556295959381,1e+06
1784869556566307034,1e+06
1784869557486263573,1e+06
1784869558841960202,1e+06
1784869559222737758,1e+06
1784869559626804522,1e+06
1784869559638321206,1e+06
1784869559652828956,1e+06
1784869559701966663,1e+06
1784869559706576483,1e+06
1784869559708949406,1e+06
1784869559709147358,1e+06
1784869559711261659,1e+06
1784869559713200995,1e+06
1784869559753848240,1e+06
1784869559847275367,1e+06
1784869559869472311,1e+06
1784869559964151755,1e+06
1784869560100012893,1e+06
1784869560146208817,1e+06
1784869560182015272,1e+06
1784869560201761561,1e+06
1784869560483138052,1e+06
1784869561134517310,1e+06
1784869561372322574,1e+06
1784869561521884565,1e+06
1784869561745177516,1e+06
1784869562731624826,1e+06
1784869562739397348,1e+06
1784869562893301769,1e+06
1784869563001596718,1e+06
1784869563015337341,1e+06
1784869563022620061,1e+06
1784869563031792269,1e+06
1784869563044849180,1e+06
1784869563066812226,1e+06
1784869563092438725,1e+06
1784869563110408970,1e+06
1784869563126606250,1e+06
1784869563143011992,1e+06
1784869563194763774,1e+06
1784869563230268219,1e+06
1784869563230700967,1e+06
1784869563255669877,1e+06
1784869563256118044,1e+06
1784869563270576175,1e+06
1784869563270792655,1e+06
1784869563291195257,1e+06
1784869563291495523,1e+06
1784869563299028184,1e+06
1784869563299439634,1e+06
1784869563304811843,1e+06
1784869563310877018,1e+06
1784869563311170838,1e+06
1784869563312962678,1e+06
1784869563374952387,1e+06
1784869563375290627,1e+06
1784869563420102464,1e+06
1784869563420366106,1e+06
1784869563471883953,1e+06
1784869563503668316,1e+06
1784869563503905917,1e+06
1784869563517003267,1e+06
1784869563522607566,1e+06
1784869563536465863,1e+06
1784869563536749959,1e+06
1784869563544788738,1e+06
1784869563545108942,1e+06
1784869563556743800,1e+06
1784869563557058774,1e+06
1784869563613934979,1e+06
1784869563635166902,1e+06
1784869563647461863,1e+06
1784869563653137091,1e+06
1784869563669525955,1e+06
1784869563773585251,1e+06
1784869563817357742,1e+06
1784869563907544214,1e+06
1784869564037724382,1e+06
1784869564407928368,1e+06
1784869564579157770,1e+06
1784869564886627812,1e+06
1784869565051915630,1e+06
1784869565408834770,1e+06
1784869565887004729,1e+06
1784869567362620583,1e+06
1784869567421976062,1e+06
1784869567443341244,1e+06
1784869567470599884,1e+06
1784869567537166841,1e+06
1784869567759934379,1e+06
1784869567785490332,1e+06
1784869567842714095,1e+06
1784869567897415980,1e+06
1784869567943461756,1e+06
1784869568088892984,1e+06
1784869568423338409,1e+06
1784869569044241718,1e+06
1784869569049973176,1e+06
1784869569050222354,1e+06
1784869569055057759,1e+06
1784869569055206919,1e+06
1784869569060395594,1e+06
1784869569062777782,1e+06
1784869569067744996,1e+06
1784869569077027623,1e+06
1784869569085804919,1e+06
1784869569092748854,1e+06
1784869569109010393,1e+06
1784869569190782922,1e+06
1784869569245947170,1e+06
1784869569331690390,1e+06
1784869569482727075,1e+06
1784869569626651729,1e+06
1784869569653485397,1e+06
1784869569670622758,1e+06
1784869569693031756,1e+06
1784869569755336138,1e+06
1784869569885901646,1e+06
1784869569919276342,1e+06
1784869570528802254,1e+06
1784869570751303932,1e+06
1784869570773687059,1e+06
1784869570785669175,1e+06
1784869570829274070,1e+06
1784869570901155839,1e+06
1784869571479815838,1e+06
1784869571828523586,1e+06
1784869571862457958,1e+06
1784869572644824299,1e+06
1784869573871428176,1e+06
1784869574387804634,1e+06
1784869574541507228,1e+06
1784869574768287704,1e+06
1784869574995465573,1e+06
1784869575271905502,1e+06
1784869575278402097,1e+06
1784869575290169666,1e+06
1784869575350510688,1e+06
1784869575734831684,1e+06
1784869576651896932,1e+06
1784869576667940407,1e+06
1784869576699065129,1e+06
1784869576721375482,1e+06
1784869576765034459,1e+06
1784869576799280430,1e+06
1784869576936667427,1e+06
1784869576936910164,1e+06
1784869576937109625,1e+06
1784869576938152932,1e+06
1784869576938463761,1e+06
1784869576971161142,1e+06
1784869576992777197,1e+06
1784869577044349634,1e+06
1784869577529399743,1e+06
1784869577575302310,1e+06
1784869577627482607,1e+06
1784869577671771351,1e+06
1784869577697559662,1e+06
1784869577744182344,1e+06
1784869577847947292,1e+06
1784869577917358013,1e+06
1784869577979958982,1e+06
1784869578041139351,1e+06
1784869578130609939,1e+06
1784869578291232873,1e+06
1784869578688625316,1e+06
1784869579015247536,1e+06
1784869579310276253,1e+06
1784869579541571746,1e+06
1784869579575800198,1e+06
1784869579611945246,1e+06
1784869579644732414,1e+06
1784869579673627100,1e+06
1784869579682116786,1e+06
1784869579693516602,1e+06
1784869579752756026,1e+06
1784869579794327671,1e+06
1784869579880107542,1e+06
1784869579899545673,1e+06
1784869580032023338,1e+06
1784869580051913871,1e+06
1784869580061109994,1e+06
1784869580069010787,1e+06
1784869580086152680,1e+06
1784869580217567162,1e+06
1784869580239005650,1e+06
1784869580260445913,1e+06
1784869580373496589,1e+06
1784869580689948842,1e+06
1784869580699479243,1e+06
1784869580708077228,1e+06
1784869580746312810,1e+06
1784869580808835085,1e+06
1784869580814599620,1e+06
1784869580829189772,1e+06
1784869580921874032,1e+06
1784869581007373113,1e+06
1784869581084034008,1e+06
1784869581664732271,1e+06
1784869581983691466,1e+06
1784869582131814016,1e+06
1784869582223089149,1e+06
1784869582285700968,1e+06
1784869582314239451,1e+06
1784869582362188351,1e+06
1784869582385710636,1e+06
1784869582514626426,1e+06
1784869582616584386,1e+06
1784869582747900016,1e+06
1784869583114727956,1e+06
1784869583415126935,1e+06
1784869583440746843,1e+06
1784869583561293353,1e+06
1784869583729546687,1e+06
1784869583986918380,1e+06
1784869584374385298,1e+06
1784869584557941230,1e+06
1784869584629285391,1e+06
1784869584694102340,1e+06
1784869584694541390,1e+06
1784869584707252156,1e+06
1784869584911038191,1e+06
1784869585086605689,1e+06
1784869585707303006,1e+06
1784869585861272239,1e+06
1784869586199760347,1e+06
1784869586313529725,1e+06
1784869586581609458,1e+06
1784869587040870388,1e+06
1784869587559425346,1e+06
1784869588860563869,1e+06
1784869588936808364,1e+06
1784869588976781090,1e+06
1784869589275293599,1e+06
1784869589293123245,1e+06
1784869589308344282,1e+06
1784869589366768795,1e+06
1784869589457235287,1e+06
1784869589841109328,1e+06
1784869590789705367,1e+06
1784869590937866157,1e+06
1784869591128227112,1e+06
1784869591771135495,1e+06
1784869591776480407,1e+06
1784869591779526582,1e+06
1784869591923369936,1e+06
1784869592041612662,1e+06
1784869592154975262,1e+06
1784869592198002539,1e+06
1784869592296234896,1e+06
1784869592342538997,1e+06
1784869592578481322,1e+06
1784869592760683520,1e+06
1784869592819489862,1e+06
1784869592987924992,1e+06
1784869593281760081,1e+06
1784869594007726457,1e+06
1784869594156722419,1e+06
1784869594803251897,1e+06
1784869595803409049,1e+06
1784869595938366135,1e+06
1784869596933728178,1e+06
1784869597137664731,1e+06
1784869597938707305,1e+06
1784869598112142283,1e+06
1784869598122528351,1e+06
1784869598134492391,1e+06
1784869598166457569,1e+06
1784869598693143109,1e+06
1784869599510213766,1e+06
1784869600527286656,1e+06
1784869601688526267,1e+06
1784869602315474208,1e+06
1784869603957148504,1e+06
1784869605661329825,1e+06
1784869607983526831,1e+06
1784869608490515498,1e+06
1784869608508481544,1e+06
1784869608516371183,1e+06
1784869608568051854,1e+06
1784869608896929970,1e+06
1784869609100858555,1e+06
1784869609752742447,1e+06
1784869611383238446,1e+06
1784869613033621876,1e+06
1784869613888580269,1e+06
1784869614540259438,1e+06
1784869614994931129,1e+06
1784869615025546478,1e+06
1784869615132181583,1e+06
1784869615160764991,1e+06
1784869615492141202,1e+06
1784869615826361723,1e+06
1784869615845744512,1e+06
1784869615859947150,1e+06
1784869615866810618,1e+06
1784869616210733334,1e+06
1784869617758744307,1e+06
1784869618263092561,1e+06
1784869618479794549,1e+06
1784869618909851624,1e+06
1784869619233189804,1e+06
1784869619968333626,1e+06
1784869620514217232,1e+06
1784869620612283270,1e+06
1784869620625707035,1e+06
1784869620659887499,1e+06
1784869620682993294,1e+06
1784869620730722490,1e+06
1784869620785002798,1e+06
1784869620848760016,1e+06
1784869620863633913,1e+06
1784869620897411486,1e+06
1784869620924699953,1e+06
1784869620937114277,1e+06
1784869620949076390,1e+06
1784869620971414355,1e+06
1784869621004355224,1e+06
1784869621125882203,1e+06
1784869621369084141,1e+06
1784869621630849930,1e+06
1784869621945533333,1e+06
1784869622013830423,1e+06
1784869622100925203,1e+06
1784869622105336992,1e+06
1784869622105803633,1e+06
1784869622214442779,1e+06
1784869622385876391,1e+06
1784869622893794259,1e+06
1784869623076010084,1e+06
1784869624286651802,1e+06
1784869624688794228,1e+06
1784869624688929380,1e+06
1784869624982155581,1e+06
1784869625041462249,1e+06
1784869625041721381,1e+06
1784869625041994214,1e+06
1784869625043242272,1e+06
1784869625088666761,1e+06
1784869625155845794,1e+06
1784869625382182446,1e+06
1784869625382675300,1e+06
1784869625384348620,1e+06
1784869625482414071,1e+06
1784869625593292021,1e+06
1784869625721925704,1e+06
1784869626213683092,1e+06
1784869626750765852,1e+06
1784869626967681933,1e+06
1784869627231659498,1e+06
1784869627408712692,1e+06
1784869628546278136,1e+06
1784869629002529181,1e+06
1784869629138481177,1e+06
1784869629670954558,1e+06
1784869630378556837,1e+06
1784869630903664834,1e+06
1784869632859206390,1e+06
1784869633169855127,1e+06
1784869633181453982,1e+06
1784869633195236100,1e+06
1784869633469010636,1e+06
1784869633624911212,1e+06
1784869633941244019,1e+06
1784869634614453282,1e+06
1784869635005823993,1e+06
1784869636555192181,1e+06
1784869637042476118,1e+06
1784869637384215539,1e+06
1784869637417409641,1e+06
1784869637444091764,1e+06
1784869637493411610,1e+06
1784869637568636772,1e+06
1784869637748008848,1e+06
1784869637802406099,1e+06
1784869637892970264,1e+06
1784869638027762975,1e+06
1784869638126483052,1e+06
1784869638284214499,1e+06
1784869638402905849,1e+06
1784869638417116191,1e+06
1784869638433744525,1e+06
1784869638443616149,1e+06
1784869638465592626,1e+06
1784869638488352259,1e+06
1784869638525585728,1e+06
1784869638584465746,1e+06
1784869638753524298,1e+06
1784869638907466164,1e+06
1784869638950001609,1e+06
1784869638956590629,1e+06
1784869638967223869,1e+06
1784869638989228850,1e+06
1784869639049703049,1e+06
1784869639162571487,1e+06
1784869639357027302,1e+06
1784869639704516834,1e+06
1784869639946641218,1e+06
1784869639955718548,1e+06
1784869640079581456,1e+06
1784869640139518533,1e+06
1784869640250683011,1e+06
1784869640882784543,1e+06
1784869641852629986,1e+06
1784869642763767363,1e+06
1784869642770176498,1e+06
1784869642774214014,1e+06
1784869642778541452,1e+06
1784869642786552389,1e+06
1784869642791104697,1e+06
1784869642798977178,1e+06
1784869642910482135,1e+06
1784869643080077182,1e+06
1784869643138567941,1e+06
1784869643144368843,1e+06
1784869643223826692,1e+06
1784869643248938876,1e+06
1784869643260461347,1e+06
1784869643269428491,1e+06
1784869643291891980,1e+06
1784869643410855504,1e+06
1784869643837245865,1e+06
1784869644101766813,1e+06
1784869644400269045,1e+06
1784869644686546386,1e+06
1784869644960633353,1e+06
1784869646512279202,1e+06
1784869647167389810,1e+06
1784869647225169634,1e+06
1784869647252475925,1e+06
1784869647328006943,1e+06
1784869647370964039,1e+06
1784869647440196190,1e+06
1784869647474689858,1e+06
1784869647517503781,1e+06
1784869647571240733,1e+06
1784869647646319681,1e+06
1784869647811601820,1e+06
1784869647837403407,1e+06
1784869647837761871,1e+06
1784869647841886647,1e+06
1784869647850253605,1e+06
1784869648013980814,1e+06
1784869648047504045,1e+06
1784869648203335872,1e+06
1784869648331363146,1e+06
1784869648735021568,1e+06
1784869649238679222,1e+06
1784869649299715958,1e+06
1784869649459298174,1e+06
1784869649502081175,1e+06
1784869649672743238,1e+06
1784869649809706113,1e+06
1784869650000019366,1e+06
1784869650125487026,1e+06
1784869650258843310,1e+06
1784869650287948821,1e+06
1784869650466672302,1e+06
1784869650818652367,1e+06
1784869651284774469,1e+06
1784869651316271099,1e+06
1784869651333926392,1e+06
1784869651480670017,1e+06
1784869651847798013,1e+06
1784869652815888305,1e+06
1784869652976080864,1e+06
1784869653138977791,1e+06
1784869653331894026,1e+06
1784869653465967038,1e+06
1784869653651370616,1e+06
1784869653885517509,1e+06
1784869654060509683,1e+06
1784869654071354427,1e+06
1784869654086366999,1e+06
1784869654093177571,1e+06
1784869654122308127,1e+06
1784869654149346192,1e+06
1784869654228386561,1e+06
1784869654320491230,1e+06
1784869654379336712,1e+06
1784869654391114051,1e+06
1784869654405206554,1e+06
1784869654426005413,1e+06
1784869654426271986,1e+06
1784869654436414129,1e+06
1784869654436522004,1e+06
1784869654444685531,1e+06
1784869654456952810,1e+06
1784869654457134582,1e+06
1784869654462353656,1e+06
1784869654462506271,1e+06
1784869654467333443,1e+06
1784869654467479179,1e+06
1784869654468614098,1e+06
1784869654491057660,1e+06
1784869654498615849,1e+06
1784869654510713336,1e+06
1784869654515013233,1e+06
1784869654536642904,1e+06
1784869654558612339,1e+06
1784869654597293037,1e+06
1784869654641476056,1e+06
1784869654723499092,1e+06
1784869654754881942,1e+06
1784869654876278624,1e+06
1784869654901239378,1e+06
1784869655662351053,1e+06
1784869655994545606,1e+06
1784869656094574629,1e+06
1784869656283837407,1e+06
1784869656579394859,1e+06
1784869656754830315,1e+06
1784869656933556012,1e+06
1784869656933811076,1e+06
1784869657231801915,1e+06
1784869657438882726,1e+06
1784869657454096753,1e+06
1784869657465415245,1e+06
1784869657479257536,1e+06
1784869657545896738,1e+06
1784869657569956737,1e+06
1784869657846812398,1e+06
1784869657933361186,1e+06
1784869658137087099,1e+06
1784869658534986396,1e+06
1784869659072864002,1e+06
1784869659158102138,1e+06
1784869660289963206,1e+06
1784869661192749137,1e+06
1784869661237504175,1e+06
1784869661573586834,1e+06
1784869661595784128,1e+06
1784869661643574244,1e+06
1784869661891017125,1e+06
1784869662146723826,1e+06
1784869662536350308,1e+06
1784869663134337951,1e+06
1784869663147587239,1e+06
1784869663150455399,1e+06
1784869663201496190,1e+06
1784869663321088492,1e+06
1784869663438829989,1e+06
1784869663938663684,1e+06
1784869664073657394,1e+06
1784869664108722814,1e+06
1784869664125022263,1e+06
1784869664244894163,1e+06
1784869665539712771,1e+06
1784869665578668019,1e+06
1784869666937910835,1e+06
1784869668222232781,1e+06
1784869668702219251,1e+06
1784869668881884853,1e+06
1784869668889003187,1e+06
1784869668889188167,1e+06
1784869668892085420,1e+06
1784869668895694925,1e+06
1784869668899229236,1e+06
1784869668901286610,1e+06
1784869668904325047,1e+06
1784869668908597926,1e+06
1784869668916629151,1e+06
1784869668924218249,1e+06
1784869668929162415,1e+06
1784869668943207114,1e+06
1784869669025319417,1e+06
1784869669052472310,1e+06
1784869669057046258,1e+06
1784869669137309857,1e+06
1784869669198809127,1e+06
1784869669221447943,1e+06
1784869669315606057,1e+06
1784869669389471264,1e+06
1784869669438869242,1e+06
1784869669445690452,1e+06
1784869669455674893,1e+06
1784869669468753346,1e+06
1784869669478698778,1e+06
1784869669491174737,1e+06
1784869669491501552,1e+06
1784869669516910236,1e+06
1784869669517398171,1e+06
1784869669534356844,1e+06
1784869669552630884,1e+06
1784869669569688863,1e+06
1784869669608962908,1e+06
1784869669637112930,1e+06
1784869669717070997,1e+06
1784869669765614333,1e+06
1784869670039344097,1e+06
1784869670402246061,1e+06
1784869670663177547,1e+06
1784869670793745229,1e+06
1784869670824918782,1e+06
1784869670828760745,1e+06
1784869670853791237,1e+06
1784869670894267119,1e+06
1784869671149659280,1e+06
1784869671158688941,1e+06
1784869671164746345,1e+06
1784869671243864844,1e+06
1784869671254146708,1e+06
1784869671260234753,1e+06
1784869671318176999,1e+06
1784869671375862211,1e+06
1784869671477229716,1e+06
1784869671500367327,1e+06
1784869671528996747,1e+06
1784869671572315010,1e+06
1784869671679244233,1e+06
1784869671744550488,1e+06
1784869671821490373,1e+06
1784869671836732690,1e+06
1784869671871876734,1e+06
1784869671913445953,1e+06
1784869671924729710,1e+06
1784869671949606201,1e+06
1784869671959629581,1e+06
1784869671975289321,1e+06
1784869671975456897,1e+06
1784869671995603445,1e+06
1784869672047436090,1e+06
1784869672101569670,1e+06
1784869672121365217,1e+06
1784869672263093705,1e+06
1784869672783080151,1e+06
1784869672878981859,1e+06
1784869672954526378,1e+06
1784869673138960561,1e+06
1784869673497167944,1e+06
1784869673507152930,1e+06
1784869673865628462,1e+06
1784869674026365008,1e+06
1784869674134661483,1e+06
1784869674236658552,1e+06
1784869674374712474,1e+06
1784869674452693540,1e+06
1784869674523389402,1e+06
1784869674549309910,1e+06
1784869674563571704,1e+06
1784869674596463712,1e+06
1784869674798452134,1e+06
1784869674996947108,1e+06
1784869676222733357,1e+06
1784869676547936204,1e+06
1784869676940179298,1e+06
1784869676940589209,1e+06
1784869676941006272,1e+06
1784869676941556754,1e+06
1784869676941956957,1e+06
1784869676942596204,1e+06
1784869676942794217,1e+06
1784869676961619804,1e+06
1784869677023677587,1e+06
1784869677086829725,1e+06
1784869677220988273,1e+06
1784869677389714010,1e+06
1784869677583811464,1e+06
1784869678115513167,1e+06
1784869678514421850,1e+06
1784869678536607908,1e+06
1784869680024468150,1e+06
1784869682779529208,1e+06
1784869685868179344,1e+06
1784869685888752497,1e+06
1784869685923384244,1e+06
1784869686144457663,1e+06
1784869686685005770,1e+06
1784869686716712148,1e+06
1784869686739778178,1e+06
1784869686740261568,1e+06
1784869686746777279,1e+06
1784869686766468794,1e+06
1784869686775377816,1e+06
1784869686790762887,1e+06
1784869686805873396,1e+06
1784869686939175750,1e+06
1784869686966214445,1e+06
1784869686966636306,1e+06
1784869686966963819,1e+06
1784869686967268774,1e+06
1784869686968061370,1e+06
1784869686979252922,1e+06
1784869687061718268,1e+06
1784869687178116742,1e+06
1784869687231723538,1e+06
1784869687495258329,1e+06
1784869687508766237,1e+06
1784869687523821561,1e+06
1784869687537027745,1e+06
1784869687545799765,1e+06
1784869687556038520,1e+06
1784869687685791643,1e+06
1784869688060023580,1e+06
1784869688157279306,1e+06
1784869688182438281,1e+06
1784869688301083134,1e+06
1784869688385754379,1e+06
1784869688402498806,1e+06
1784869688587391611,1e+06
1784869688603390769,1e+06
1784869688762876220,1e+06
1784869688882907188,1e+06
1784869688892127061,1e+06
1784869688980351827,1e+06
1784869689193418126,1e+06
1784869689302116849,1e+06
1784869689423870377,1e+06
1784869689574434612,1e+06
1784869690859390964,1e+06
1784869691035778380,1e+06
1784869691882691540,1e+06
1784869692693531998,1e+06
1784869693591788766,1e+06
1784869694104626432,1e+06
1784869694386759632,1e+06
1784869694400370352,1e+06
1784869694417604920,1e+06
1784869694434507315,1e+06
1784869694460184076,1e+06
1784869694489169365,1e+06
1784869694511264865,1e+06
1784869694546969889,1e+06
1784869694621678909,1e+06
1784869694665691770,1e+06
1784869694705076027,1e+06
1784869694712879957,1e+06
1784869694742146464,1e+06
1784869694773459026,1e+06
1784869694842859031,1e+06
1784869694982480406,1e+06
1784869695790988416,1e+06
1784869697158991587,1e+06
1784869698723044991,1e+06
1784869698773679353,1e+06
1784869698838927977,1e+06
1784869698883816466,1e+06
1784869699416735031,1e+06
1784869700344846099,1e+06
1784869701425147195,1e+06
1784869703091865100,1e+06
1784869703832723629,1e+06
1784869703901172776,1e+06
1784869704502180769,1e+06
1784869705020004797,1e+06
1784869705942014641,1e+06
1784869708685951225,1e+06
1784869708703711709,1e+06
1784869708710670422,1e+06
1784869708738864309,1e+06
1784869708800275996,1e+06
1784869708856010003,1e+06
1784869709106935252,1e+06
1784869709145061898,1e+06
1784869709229604504,1e+06
1784869709599674478,1e+06
1784869709770712218,1e+06
1784869710086275846,1e+06
1784869710331762136,1e+06
1784869710763238811,1e+06
1784869711034121713,1e+06
1784869711141471066,1e+06
1784869711893353618,1e+06
1784869712584283619,1e+06
1784869712873718407,1e+06
1784869712878543727,1e+06
1784869712881457733,1e+06
1784869712886257324,1e+06
1784869712887592207,1e+06
1784869712891641438,1e+06
1784869712897684716,1e+06
1784869712901006846,1e+06
1784869712906925923,1e+06
1784869712992395854,1e+06
1784869713066300612,1e+06
1784869713195868366,1e+06
1784869713383865993,1e+06
1784869713733245733,1e+06
1784869713832682454,1e+06
1784869713999390736,1e+06
1784869714094535297,1e+06
1784869714662939072,1e+06
1784869714881094287,1e+06
1784869714895147917,1e+06
1784869716932591866,1e+06
1784869716932831830,1e+06
1784869716933070297,1e+06
1784869716933269811,1e+06
1784869716933536019,1e+06
1784869716969498628,1e+06
1784869717042428743,1e+06
1784869717091712560,1e+06
1784869717232774707,1e+06
1784869717358154914,1e+06
1784869717374113286,1e+06
1784869717414107425,1e+06
1784869717414464574,1e+06
1784869717425334470,1e+06
1784869717455033233,1e+06
1784869717477441536,1e+06
1784869717502178814,1e+06
1784869717532904715,1e+06
1784869717695214080,1e+06
1784869717835536323,1e+06
1784869718028085853,1e+06
1784869718493147319,1e+06
1784869718894295507,1e+06
1784869719513096871,1e+06
1784869721200116130,1e+06
1784869721882934170,1e+06
1784869723030291958,1e+06
1784869723251655496,1e+06
1784869723285115270,1e+06
1784869723323433165,1e+06
1784869723371109762,1e+06
1784869723423169745,1e+06
1784869723480336567,1e+06
1784869723538830882,1e+06
1784869723544049571,1e+06
1784869723575710154,1e+06
1784869723595593963,1e+06
1784869723656159253,1e+06
1784869723656326994,1e+06
1784869723662540384,1e+06
1784869723693488656,1e+06
1784869723705369596,1e+06
1784869723705552736,1e+06
1784869723711015931,1e+06
1784869723719792617,1e+06
1784869723734756749,1e+06
1784869723752788353,1e+06
1784869723839247820,1e+06
1784869724112017469,1e+06
1784869725118925571,1e+06
1784869726113208688,1e+06
1784869726440013465,1e+06
1784869726932555914,1e+06
1784869726932925839,1e+06
1784869726981628613,1e+06
1784869727343080351,1e+06
1784869727361026027,1e+06
1784869728044161207,1e+06
1784869729157977345,1e+06
1784869729520135479,1e+06
1784869729744579990,1e+06
1784869730134971905,1e+06
1784869730224156945,1e+06
1784869730370783016,1e+06
1784869730695835397,1e+06
1784869730743121545,1e+06
1784869730882594583,1e+06
1784869731038816922,1e+06
1784869731314473666,1e+06
1784869731434944930,1e+06
1784869731580525459,1e+06
1784869731682975866,1e+06
1784869732063119610,1e+06
1784869732381674372,1e+06
1784869732395454107,1e+06
1784869732456612277,1e+06
1784869732485510055,1e+06
1784869732503676996,1e+06
1784869732536585556,1e+06
1784869732550779065,1e+06
1784869732611092053,1e+06
1784869732649224818,1e+06
1784869732749833158,1e+06
1784869732842764509,1e+06
1784869733425409747,1e+06
1784869733698507549,1e+06
1784869734005125401,1e+06
1784869734178310854,1e+06
1784869734356464341,1e+06
1784869734637533330,1e+06
1784869734793123222,1e+06
1784869735257319174,1e+06
1784869735660911438,1e+06
1784869736203554563,1e+06
1784869736663833499,1e+06
1784869738572453317,1e+06
1784869739107760362,1e+06
1784869741299270174,1e+06
1784869743799939865,1e+06
1784869744015646630,1e+06
1784869744030683821,1e+06
1784869744120001559,1e+06
1784869744226194912,1e+06
1784869744394727604,1e+06
1784869744636336748,1e+06
1784869745110136040,1e+06
1784869745248177189,1e+06
1784869745497234608,1e+06
1784869745955043843,1e+06
1784869746082335085,1e+06
1784869746169723195,1e+06
1784869746421051454,1e+06
1784869746936751921,1e+06
1784869746936885579,1e+06
1784869747214937869,1e+06
1784869748721573264,1e+06
1784869749096490559,1e+06
1784869750427076520,1e+06
1784869751482239261,1e+06
1784869753351755175,1e+06
1784869754056212523,1e+06
1784869754095465197,1e+06
1784869754104509663,1e+06
1784869754121524186,1e+06
1784869754136250328,1e+06
1784869754162818772,1e+06
1784869754172411315,1e+06
1784869754199390771,1e+06
1784869754246565886,1e+06
1784869754582447481,1e+06
1784869754683231451,1e+06
1784869755141330338,1e+06
1784869755599533445,1e+06
1784869755768568510,1e+06
1784869756103507820,1e+06
1784869756113391899,1e+06
1784869756125414862,1e+06
1784869756132322815,1e+06
1784869756139767035,1e+06
1784869756152869017,1e+06
1784869756250929277,1e+06
1784869756394283762,1e+06
1784869756494915508,1e+06
1784869756777490476,1e+06
1784869756934004820,1e+06
1784869756946975415,1e+06
1784869757021535337,1e+06
1784869757162640275,1e+06
1784869757392411105,1e+06
1784869757401957206,1e+06
1784869757426745793,1e+06
1784869757432107642,1e+06
1784869757462321688,1e+06
1784869757469872948,1e+06
1784869757475970469,1e+06
1784869757482919293,1e+06
1784869757490826917,1e+06
1784869757505928622,1e+06
1784869757550443247,1e+06
1784869757605498353,1e+06
1784869757704861114,1e+06
1784869757788556361,1e+06
1784869758127796406,1e+06
1784869758294346213,1e+06
1784869758504047319,1e+06
1784869759037184588,1e+06
1784869759272579304,1e+06
1784869759622361177,1e+06
1784869760043039643,1e+06
1784869760504198821,1e+06
1784869760556774612,1e+06
1784869761804382239,1e+06
1784869761867900275,1e+06
1784869761899230791,1e+06
1784869762004190243,1e+06
1784869762203075419,1e+06
1784869763102164900,1e+06
1784869763711413791,1e+06
1784869763796582641,1e+06
1784869763853472253,1e+06
1784869764399048495,1e+06
1784869764886448261,1e+06
1784869765430294505,1e+06
1784869765441889066,1e+06
1784869765911437946,1e+06
1784869766933781202,1e+06
1784869767312386498,1e+06
1784869768796501341,1e+06
1784869768969498271,1e+06
1784869769515793325,1e+06
1784869770954736460,1e+06
1784869771216234046,1e+06
1784869772187336946,1e+06
1784869772804189380,1e+06
1784869772818302005,1e+06
1784869772821181552,1e+06
1784869772828827102,1e+06
1784869772840292378,1e+06
1784869772866333259,1e+06
1784869772906679498,1e+06
1784869772974737340,1e+06
1784869773398340950,1e+06
1784869773836134783,1e+06
1784869774155893469,1e+06
1784869774890886955,1e+06
1784869775611836256,1e+06
1784869775636028969,1e+06
1784869775794308158,1e+06
1784869775827992206,1e+06
1784869775868215670,1e+06
1784869775896836819,1e+06
1784869775946387117,1e+06
1784869775976844590,1e+06
1784869776115448333,1e+06
1784869776377343679,1e+06
1784869776676351804,1e+06
1784869776689929413,1e+06
1784869776725679004,1e+06
1784869777007424663,1e+06
1784869777177514311,1e+06
1784869777690679191,1e+06
1784869779150362047,1e+06
1784869781124436043,1e+06
1784869782718366135,1e+06
1784869783326993615,1e+06
1784869784697483436,1e+06
1784869784951737790,1e+06
1784869784963821757,1e+06
1784869784983840640,1e+06
1784869785132324399,1e+06
1784869785343499608,1e+06
1784869786038954976,1e+06
1784869786201006871,1e+06
1784869787040038881,1e+06
1784869787767515883,1e+06
1784869789312920161,1e+06
1784869790165319627,1e+06
1784869790716522207,1e+06
1784869791942699409,1e+06
1784869791993412562,1e+06
1784869792012829523,1e+06
1784869792053875095,1e+06
1784869792064458395,1e+06
1784869792217949875,1e+06
1784869792621466897,1e+06
1784869793461045183,1e+06
1784869794047890752,1e+06
1784869795020106339,1e+06
1784869795882969554,1e+06
1784869796664359768,1e+06
1784869797157738936,1e+06
1784869797246953985,1e+06
1784869797881659268,1e+06
1784869798085652127,1e+06
1784869798593995895,1e+06
1784869798620427537,1e+06
1784869798654668717,1e+06
1784869798670117754,1e+06
1784869798835621333,1e+06
1784869799051144622,1e+06
1784869799129827601,1e+06
1784869799924732691,1e+06
1784869800034239071,1e+06
1784869800301542245,1e+06
1784869800512791304,1e+06
1784869801615275020,1e+06
1784869801955117904,1e+06
1784869802035441337,1e+06
1784869802103846951,1e+06
1784869802207148053,1e+06
1784869803107756232,1e+06
1784869804013211643,1e+06
1784869804998315852,1e+06
1784869805444234723,1e+06
1784869805730942335,1e+06
1784869805742973118,1e+06
1784869805802404871,1e+06
1784869806177992495,1e+06
1784869807804773026,1e+06
1784869808078134550,1e+06
1784869808887480776,1e+06
1784869809292908834,1e+06
1784869809520087912,1e+06
1784869809982508957,1e+06
1784869810704167312,1e+06
1784869810890404251,1e+06
1784869812822232897,1e+06
1784869814884446420,1e+06
1784869815885125006,1e+06
1784869817028448110,1e+06
1784869817340495340,1e+06
1784869818033244634,1e+06
1784869818716919855,1e+06
1784869820107582419,1e+06
1784869820138434599,1e+06
1784869821365225386,1e+06
1784869822046259339,1e+06
1784869822394758388,1e+06
1784869823803960459,1e+06
1784869823813709787,1e+06
1784869823850787533,1e+06
1784869823850956711,1e+06
1784869823974204428,1e+06
1784869824002023738,1e+06
1784869824448840624,1e+06
1784869825181835603,1e+06
1784869827256779422,1e+06
1784869828245303712,1e+06
1784869828286608742,1e+06
1784869829451446602,1e+06
1784869829833252537,1e+06
1784869831893370949,1e+06
1784869833576369751,1e+06
1784869833774884377,1e+06
1784869834094519513,1e+06
1784869837615849608,1e+06
1784869840851692745,1e+06
1784869844571930296,1e+06
1784869845300208518,1e+06
1784869845405975115,1e+06
1784869845433502936,1e+06
1784869845616864849,1e+06
1784869845697340049,1e+06
1784869845834781740,1e+06
1784869845871560838,1e+06
1784869845998605928,1e+06
1784869846161831856,1e+06
1784869846595192874,1e+06
1784869847401406897,1e+06
1784869847402143638,1e+06
1784869847426559594,1e+06
1784869847546605329,1e+06
1784869847634898275,1e+06
1784869847870268070,1e+06
1784869848450923089,1e+06
1784869849304761207,1e+06
1784869850699200404,1e+06
1784869850731867716,1e+06
1784869850754988366,1e+06
1784869850891904690,1e+06
1784869851188778877,1e+06
1784869852302306193,1e+06
1784869853331950959,1e+06
1784869853577421632,1e+06
1784869853583993972,1e+06
1784869853603576420,1e+06
1784869853632545931,1e+06
1784869853651994776,1e+06
1784869853753397573,1e+06
1784869853928377365,1e+06
1784869854042488466,1e+06
1784869854064935162,1e+06
1784869854162686673,1e+06
1784869854202530972,1e+06
1784869854256609527,1e+06
1784869854400993791,1e+06
1784869854530379571,1e+06
1784869855468630340,1e+06
1784869856088332798,1e+06
1784869856570224689,1e+06
1784869857082481634,1e+06
1784869857894999587,1e+06
1784869857909011558,1e+06
1784869857984521491,1e+06
1784869858058986771,1e+06
1784869858059206853,1e+06
1784869858060227428,1e+06
1784869858060466162,1e+06
1784869858060721368,1e+06
1784869858067144560,1e+06
1784869858069342083,1e+06
1784869858071776748,1e+06
1784869858074871498,1e+06
1784869858086771884,1e+06
1784869858096448686,1e+06
1784869858098616243,1e+06
1784869858107191464,1e+06
1784869858136745581,1e+06
1784869858153839839,1e+06
1784869858174309832,1e+06
1784869858209687491,1e+06
1784869858244468534,1e+06
1784869858270962003,1e+06
1784869858298014426,1e+06
1784869858386296150,1e+06
1784869858726438858,1e+06
1784869858785680716,1e+06
1784869858797560278,1e+06
1784869858815888251,1e+06
1784869858837575570,1e+06
1784869858853557047,1e+06
1784869858887287131,1e+06
1784869858896149488,1e+06
1784869858923568610,1e+06
1784869858954650752,1e+06
1784869859221000019,1e+06
1784869859297742193,1e+06
1784869859480280112,1e+06
1784869859538918348,1e+06
1784869859607199619,1e+06
1784869859631699593,1e+06
1784869859681420520,1e+06
1784869859790490347,1e+06
1784869859958430916,1e+06
1784869860316292215,1e+06
1784869860569666252,1e+06
1784869860790134508,1e+06
1784869861552296218,1e+06
1784869861652582392,1e+06
1784869861746661255,1e+06
1784869861990107201,1e+06
1784869862610790839,1e+06
1784869862662280626,1e+06
1784869862890415581,1e+06
1784869864846420336,1e+06
1784869865035771482,1e+06
1784869865576442744,1e+06
1784869865663445030,1e+06
1784869865865693362,1e+06
1784869865908258677,1e+06
1784869866045710200,1e+06
1784869866764392252,1e+06
1784869866988355524,1e+06
1784869867011890047,1e+06
1784869867017216248,1e+06
1784869867017549505,1e+06
1784869867149024219,1e+06
1784869867213313930,1e+06
1784869867459420096,1e+06
1784869867882864967,1e+06
1784869868998760672,1e+06
1784869870135562487,1e+06
1784869870467132113,1e+06
1784869870997165118,1e+06
1784869871118190089,1e+06
1784869871337928263,1e+06
1784869871628286997,1e+06
1784869871650696787,1e+06
1784869871740578248,1e+06
1784869871928721376,1e+06
1784869872678687346,1e+06
1784869873165902644,1e+06
1784869874031611706,1e+06
1784869874129261126,1e+06
1784869874158126887,1e+06
1784869874306072729,1e+06
1784869874583004952,1e+06
1784869875925200359,1e+06
1784869876317389700,1e+06
1784869876425372404,1e+06
1784869876630255944,1e+06
1784869876927711852,1e+06
1784869877361519187,1e+06
1784869879149152238,1e+06
1784869879172340018,1e+06
1784869879337909142,1e+06
1784869879995349968,1e+06
1784869881831271719,1e+06
1784869882797183689,1e+06
1784869885118252339,1e+06
1784869886284260000,1e+06
1784869887183291183,1e+06
1784869887504314753,1e+06
1784869887524551164,1e+06
1784869887530653594,1e+06
1784869887606647337,1e+06
1784869887768611234,1e+06
1784869888036640078,1e+06
1784869888747881024,1e+06
1784869890640271428,1e+06
1784869891094871684,1e+06
1784869892027831505,1e+06
1784869893331900542,1e+06
1784869893745863129,1e+06
1784869895022725490,1e+06
1784869895881989360,1e+06
1784869896392661548,1e+06
1784869898972555186,1e+06
1784869901509271641,1e+06
1784869903416930469,1e+06
1784869903996021685,1e+06
1784869905442496532,1e+06
1784869908033277178,1e+06
1784869908760509655,1e+06
1784869908843505051,1e+06
1784869909734225360,1e+06
1784869909770574033,1e+06
1784869909780311325,1e+06
1784869909792004513,1e+06
1784869909837357382,1e+06
1784869909856393013,1e+06
1784869909907323302,1e+06
1784869909985072318,1e+06
1784869910140116767,1e+06
1784869910262549996,1e+06
1784869910790373097,1e+06
1784869912249462538,1e+06
1784869912993516862,1e+06
1784869913471774385,1e+06
1784869913495499716,1e+06
1784869913495824750,1e+06
1784869913500467782,1e+06
1784869913519968676,1e+06
1784869913584632281,1e+06
1784869913653282859,1e+06
1784869913724225709,1e+06
1784869913815116265,1e+06
1784869914405125915,1e+06
1784869915835460477,1e+06
1784869917379723665,1e+06
1784869917549479979,1e+06
1784869917578450663,1e+06
1784869917631591316,1e+06
1784869917649263571,1e+06
1784869917676400620,1e+06
1784869917704297728,1e+06
1784869917806417192,1e+06
1784869917837890355,1e+06
1784869918230236755,1e+06
1784869918236508450,1e+06
1784869918252553629,1e+06
1784869918342728390,1e+06
1784869918356016741,1e+06
1784869919009883899,1e+06
1784869919255135438,1e+06
1784869919728116643,1e+06
1784869919792393670,1e+06
1784869919799737664,1e+06
1784869919809931501,1e+06
1784869919833839942,1e+06
1784869919868218295,1e+06
1784869919911393623,1e+06
1784869919920773923,1e+06
1784869919933070471,1e+06
1784869919947363904,1e+06
1784869919955245983,1e+06
1784869919971686797,1e+06
1784869919989085606,1e+06
1784869920137334747,1e+06
1784869920355756319,1e+06
1784869920959275622,1e+06
1784869921161189182,1e+06
1784869921692981721,1e+06
1784869921698900010,1e+06
1784869921710661923,1e+06
1784869921727991973,1e+06
1784869921840037591,1e+06
1784869922035382790,1e+06
1784869922324409515,1e+06
1784869924072876036,1e+06
1784869925214323058,1e+06
1784869926116323464,1e+06
1784869926574714320,1e+06
1784869927031990093,1e+06
1784869929128344567,1e+06
1784869929779667901,1e+06
1784869930305171154,1e+06
1784869930946105843,1e+06
1784869932172204363,1e+06
1784869932355331499,1e+06
1784869933578242528,1e+06
1784869933578697707,1e+06
1784869933586641300,1e+06
1784869933592095826,1e+06
1784869933612551502,1e+06
1784869933642543282,1e+06
1784869933709830277,1e+06
1784869933760936517,1e+06
1784869933943505437,1e+06
1784869933988319800,1e+06
1784869934348092458,1e+06
1784869934585872312,1e+06
1784869935268916505,1e+06
1784869936011554498,1e+06
1784869936187229254,1e+06
1784869936511444421,1e+06
1784869937622002532,1e+06
1784869937627085044,1e+06
1784869937627411014,1e+06
1784869937633745939,1e+06
1784869937640323045,1e+06
1784869937641917861,1e+06
1784869937650658514,1e+06
1784869937672349346,1e+06
1784869937723076340,1e+06
1784869937792715573,1e+06
1784869937934733095,1e+06
1784869938140511331,1e+06
1784869938357652580,1e+06
1784869938664601207,1e+06
1784869938925487949,1e+06
1784869939402901714,1e+06
1784869940257030263,1e+06
1784869941493751317,1e+06
1784869942336144427,1e+06
1784869943030485958,1e+06
1784869943170486106,1e+06
1784869943831232522,1e+06
1784869944191711806,1e+06
1784869945878117890,1e+06
1784869946409968918,1e+06
1784869946994426468,1e+06
1784869947434929238,1e+06
1784869947923174892,1e+06
1784869948085657333,1e+06
1784869948454783671,1e+06
1784869948505274547,1e+06
1784869948535631112,1e+06
1784869948573677774,1e+06
1784869948761262872,1e+06
1784869949328082250,1e+06
1784869950021388576,1e+06
1784869950251122845,1e+06
1784869950728129724,1e+06
1784869951073814876,1e+06
1784869951989519757,1e+06
1784869953089918477,1e+06
1784869953308455801,1e+06
1784869953332599721,1e+06
1784869953360761469,1e+06
1784869953826750750,1e+06
1784869954086264638,1e+06
1784869955272890112,1e+06
1784869957865883631,1e+06
1784869960491401186,1e+06
1784869962131457750,1e+06
1784869962485257424,1e+06
1784869963131063662,1e+06
1784869966121877918,1e+06
1784869967429099474,1e+06
1784869968837129844,1e+06
1784869969131421833,1e+06
1784869969152189221,1e+06
1784869969167853047,1e+06
1784869969197306264,1e+06
1784869969377672653,1e+06
1784869972325349784,1e+06
1784869973633335411,1e+06
1784869976240204240,1e+06
1784869976343976374,1e+06
1784869977035577863,1e+06
1784869978128116577,1e+06
1784869978388057836,1e+06
1784869978391824438,1e+06
1784869978406672922,1e+06
1784869978412230486,1e+06
1784869978417109657,1e+06
1784869978423466448,1e+06
1784869978436966397,1e+06
1784869978445334431,1e+06
1784869978454880307,1e+06
1784869978534216102,1e+06
1784869978629412506,1e+06
1784869978778412987,1e+06
1784869978907473164,1e+06
1784869979085204762,1e+06
1784869979199961720,1e+06
1784869979453407251,1e+06
1784869979473690951,1e+06
1784869979579227313,1e+06
1784869979678994676,1e+06
1784869979871821107,1e+06
1784869979977459464,1e+06
1784869980029543600,1e+06
1784869980359897823,1e+06
1784869981207727660,1e+06
1784869981332067893,1e+06
1784869981717723870,1e+06
1784869981762643578,1e+06
1784869981920626059,1e+06
1784869982175586805,1e+06
1784869983222611388,1e+06
1784869983449855744,1e+06
1784869983459302792,1e+06
1784869984893110902,1e+06
1784869986025579106,1e+06
1784869986053629935,1e+06
1784869986080484671,1e+06
1784869986426523465,1e+06
1784869986737709453,1e+06
1784869986773603447,1e+06
1784869986928250345,1e+06
1784869987243502424,1e+06
1784869988008658162,1e+06
1784869989473567021,1e+06
1784869990237493483,1e+06
1784869990681201411,1e+06
1784869991499418749,1e+06
1784869991933643506,1e+06
1784869992960803069,1e+06
1784869993962517327,1e+06
1784869994102732463,1e+06
1784869994125824596,1e+06
1784869994146298852,1e+06
1784869994170193708,1e+06
1784869994211026463,1e+06
1784869994280690027,1e+06
1784869994459698631,1e+06
1784869994544428647,1e+06
1784869994585085684,1e+06
1784869994601283540,1e+06
1784869994782973619,1e+06
1784869994859913965,1e+06
1784869995077153805,1e+06
1784869995680656414,1e+06
1784869996462131771,1e+06
1784869997041452941,1e+06
1784869997340939237,1e+06
1784869999295214644,1e+06
1784870000858887405,1e+06
1784870001134412568,1e+06
1784870001547252003,1e+06
1784870001892854921,1e+06
1784870003554320182,1e+06
1784870004236420279,1e+06
1784870005854190106,1e+06
1784870006185723363,1e+06
1784870006383333667,1e+06
1784870006391690241,1e+06
1784870006391809601,1e+06
1784870006398358494,1e+06
1784870006533781355,1e+06
1784870006537427149,1e+06
1784870006539154375,1e+06
1784870006545596568,1e+06
1784870006549127934,1e+06
1784870006550975745,1e+06
1784870006558545282,1e+06
1784870006596454515,1e+06
1784870006685997113,1e+06
1784870006772727898,1e+06
1784870006931454287,1e+06
1784870006932672782,1e+06
1784870006942085451,1e+06
1784870007043688663,1e+06
1784870007120734595,1e+06
1784870007261685395,1e+06
1784870007397634897,1e+06
1784870007725963176,1e+06
1784870008125803053,1e+06
1784870008821087321,1e+06
1784870009579518345,1e+06
1784870010966950575,1e+06
1784870012055254773,1e+06
1784870013886497044,1e+06
1784870014489545962,1e+06
1784870014513779807,1e+06
1784870014549681447,1e+06
1784870014623595619,1e+06
1784870015026399933,1e+06
1784870015650715482,1e+06
1784870016075868111,1e+06
1784870017683608835,1e+06
1784870019465490481,1e+06
1784870019980664148,1e+06
1784870020117721654,1e+06
1784870020427970440,1e+06
1784870021121022383,1e+06
1784870021671070952,1e+06
1784870021825726870,1e+06
1784870021869764963,1e+06
1784870021883595126,1e+06
1784870021883729789,1e+06
1784870021909269271,1e+06
1784870021936603208,1e+06
1784870022090097345,1e+06
1784870022918551109,1e+06
1784870022990415819,1e+06
1784870023129285012,1e+06
1784870023255146208,1e+06
1784870023428816007,1e+06
1784870023921063716,1e+06
1784870024181170186,1e+06
1784870026205374060,1e+06
1784870026418958819,1e+06
1784870026765543114,1e+06
1784870027608849105,1e+06
1784870028077276827,1e+06
1784870028746890321,1e+06
1784870029309376864,1e+06
1784870029319455911,1e+06
1784870029330000114,1e+06
1784870029332878335,1e+06
1784870029338607133,1e+06
1784870029344762990,1e+06
1784870029364939065,1e+06
1784870029478328336,1e+06
1784870029638797625,1e+06
1784870029800148464,1e+06
1784870029959590060,1e+06
1784870030123897423,1e+06
1784870030334100743,1e+06
1784870030664646790,1e+06
1784870030961013267,1e+06
1784870032177354656,1e+06
1784870032824110456,1e+06
1784870033833743324,1e+06
1784870035759553531,1e+06
1784870035997284858,1e+06
1784870037572049169,1e+06
1784870039320711820,1e+06
1784870040153735288,1e+06
1784870041472115908,1e+06
1784870042051764627,1e+06
1784870042084372346,1e+06
1784870042094375814,1e+06
1784870042200015374,1e+06
1784870042289709990,1e+06
1784870042600425226,1e+06
1784870043688088527,1e+06
1784870043723794593,1e+06
1784870044162760111,1e+06
1784870046052822480,1e+06
1784870047604641679,1e+06
1784870048832801360,1e+06
1784870050216079881,1e+06
1784870051893892113,1e+06
1784870052146335112,1e+06
1784870052157140873,1e+06
1784870052579201078,1e+06
1784870052786367609,1e+06
1784870053639628004,1e+06
1784870054186547487,1e+06
1784870055889531072,1e+06
1784870057336258664,1e+06
1784870058256999203,1e+06
1784870060796093274,1e+06
1784870062251860354,1e+06
1784870062702326590,1e+06
1784870064113097970,1e+06
1784870066034436519,1e+06
1784870067141731223,1e+06
1784870067187840666,1e+06
1784870067202529679,1e+06
1784870067213824774,1e+06
1784870067229346926,1e+06
1784870067249377557,1e+06
1784870067261466999,1e+06
1784870067273551061,1e+06
1784870067298267207,1e+06
1784870067301786549,1e+06
1784870067313193982,1e+06
1784870067331467700,1e+06
1784870067349214270,1e+06
1784870067359818084,1e+06
1784870067368924942,1e+06
1784870067390867263,1e+06
1784870067412553190,1e+06
1784870067452233102,1e+06
1784870067499340236,1e+06
1784870067612979810,1e+06
1784870068136861121,1e+06
1784870069683478348,1e+06
1784870069894800716,1e+06
1784870071590495786,1e+06
1784870071744491564,1e+06
1784870071745268530,1e+06
1784870071751384439,1e+06
1784870071766962565,1e+06
1784870071779485637,1e+06
1784870071870675297,1e+06
1784870072029464432,1e+06
1784870072070493390,1e+06
1784870072114598226,1e+06
1784870072156097116,1e+06
1784870072240035968,1e+06
1784870072424237219,1e+06
1784870072546676317,1e+06
1784870072895259053,1e+06
1784870072960034126,1e+06
1784870073250924191,1e+06
1784870073633296801,1e+06
1784870073829295047,1e+06
1784870073835470613,1e+06
1784870073883472011,1e+06
1784870074439945937,1e+06
1784870074759724681,1e+06
1784870075994223721,1e+06
1784870076158814229,1e+06
1784870076175604955,1e+06
1784870076196742274,1e+06
1784870076301208640,1e+06
1784870076352241293,1e+06
1784870077355087351,1e+06
1784870078475632569,1e+06
1784870079472205774,1e+06
1784870079633023443,1e+06
1784870079645975077,1e+06
1784870079813433982,1e+06
1784870080078757863,1e+06
1784870080577739821,1e+06
1784870082301311887,1e+06
1784870082406789375,1e+06
1784870082884338709,1e+06
1784870083032432854,1e+06
1784870083071143760,1e+06
1784870083078630217,1e+06
1784870083098107152,1e+06
1784870083400575937,1e+06
1784870083656911234,1e+06
1784870083741866562,1e+06
1784870083881119369,1e+06
1784870084162874174,1e+06
1784870084338557179,1e+06
1784870084882640092,1e+06
1784870085138954424,1e+06
1784870085932295680,1e+06
1784870085943369114,1e+06
1784870086050548542,1e+06
1784870086112233566,1e+06
1784870086206875894,1e+06
1784870086352806753,1e+06
1784870086747270603,1e+06
1784870086784172970,1e+06
1784870087282280988,1e+06
1784870087975765430,1e+06
1784870088495646628,1e+06
1784870088905764761,1e+06
1784870089677938002,1e+06
1784870090321747869,1e+06
1784870091070823688,1e+06
1784870091332042871,1e+06
1784870091506674613,1e+06
1784870091652272512,1e+06
1784870093184454161,1e+06
1784870093978691129,1e+06
1784870094494567861,1e+06
1784870094508584773,1e+06
1784870094643639165,1e+06
1784870094701784471,1e+06
1784870094858406109,1e+06
1784870095021062722,1e+06
1784870096929878121,1e+06
1784870098830954427,1e+06
1784870099996282512,1e+06
1784870100146447925,1e+06
1784870100214152830,1e+06
1784870100366011243,1e+06
1784870100574619627,1e+06
1784870100810983630,1e+06
1784870101456508544,1e+06
1784870101567822786,1e+06
1784870101654347223,1e+06
1784870102484476045,1e+06
1784870103122307376,1e+06
1784870105157858767,1e+06
1784870105458178668,1e+06
1784870105537442008,1e+06
1784870105615419528,1e+06
1784870106340089135,1e+06
1784870107935358611,1e+06
1784870110218317425,1e+06
1784870110230628788,1e+06
1784870110286184104,1e+06
1784870111032975058,1e+06
1784870111115562721,1e+06
1784870111180860811,1e+06
1784870111283941412,1e+06
1784870111631544575,1e+06
1784870111837136804,1e+06
1784870111840986834,1e+06
1784870111841259987,1e+06
1784870111857581514,1e+06
1784870111864723569,1e+06
1784870111867077164,1e+06
1784870111875292503,1e+06
1784870111883088974,1e+06
1784870111933071180,1e+06
1784870111998456889,1e+06
1784870112026071626,1e+06
1784870112043011057,1e+06
1784870112161688139,1e+06
1784870112255500471,1e+06
1784870112374248405,1e+06
1784870112456539794,1e+06
1784870112612712136,1e+06
1784870112705069031,1e+06
1784870112771382957,1e+06
1784870112892037115,1e+06
1784870113076144309,1e+06
1784870113198825657,1e+06
1784870113571073590,1e+06
1784870113807153954,1e+06
1784870114003603256,1e+06
1784870114014681200,1e+06
1784870114047866574,1e+06
1784870114062403877,1e+06
1784870114099415619,1e+06
1784870114141092958,1e+06
1784870114207158648,1e+06
1784870114314866518,1e+06
1784870114881463824,1e+06
1784870115507082788,1e+06
1784870115942790861,1e+06
1784870115975051929,1e+06
1784870116049414007,1e+06
1784870116086704289,1e+06
1784870116097636245,1e+06
1784870116137142244,1e+06
1784870116162842123,1e+06
1784870116170757514,1e+06
1784870116270720736,1e+06
1784870116361587271,1e+06
1784870116412372209,1e+06
1784870116564434575,1e+06
1784870116673102197,1e+06
1784870117034991842,1e+06
1784870117436429393,1e+06
1784870119799936034,1e+06
1784870119800118493,1e+06
1784870120005039016,1e+06
1784870120623819785,1e+06
1784870120688419279,1e+06
1784870120847056628,1e+06
1784870120867439161,1e+06
1784870120925348625,1e+06
1784870121085775051,1e+06
1784870121086062278,1e+06
1784870121086266887,1e+06
1784870121089767861,1e+06
1784870121089932493,1e+06
1784870121090168636,1e+06
1784870121090305905,1e+06
1784870121090717116,1e+06
1784870121234565479,1e+06
1784870121235003209,1e+06
1784870121261791740,1e+06
1784870121453112615,1e+06
1784870121716062667,1e+06
1784870121717523295,1e+06
1784870121739447694,1e+06
1784870121793636426,1e+06
1784870121930318321,1e+06
1784870122287618352,1e+06
1784870123537886969,1e+06
1784870123579601536,1e+06
1784870123758168213,1e+06
1784870127462461463,1e+06
1784870128356934741,1e+06
1784870128637944674,1e+06
1784870128644759510,1e+06
1784870128653644780,1e+06
1784870128668859683,1e+06
1784870128701700147,1e+06
1784870128808755812,1e+06
1784870128881220912,1e+06
1784870130293713383,1e+06
1784870130308438197,1e+06
1784870132331203791,1e+06
1784870133038741480,1e+06
1784870133082695614,1e+06
1784870133266169955,1e+06
1784870133373321262,1e+06
1784870133382856784,1e+06
1784870133399729361,1e+06
1784870133407291308,1e+06
1784870133435367305,1e+06
1784870133550326482,1e+06
1784870133817896997,1e+06
1784870133836140123,1e+06
1784870134078984958,1e+06
1784870135173179018,1e+06
1784870136930505581,1e+06
1784870137038297508,1e+06
1784870140125197291,1e+06
1784870142055408948,1e+06
1784870142106512107,1e+06
1784870142677544509,1e+06
1784870144293056963,1e+06
1784870144374635046,1e+06
1784870144879874967,1e+06
1784870145380496393,1e+06
1784870145393530753,1e+06
1784870145402247687,1e+06
1784870145407725761,1e+06
1784870145554750799,1e+06
1784870146468842683,1e+06
1784870148115295028,1e+06
1784870148126109543,1e+06
1784870148170028791,1e+06
1784870148269260836,1e+06
1784870149206506014,1e+06
1784870149471717855,1e+06
1784870153043031525,1e+06
1784870153058842345,1e+06
1784870153065920947,1e+06
1784870153074108108,1e+06
1784870153079636793,1e+06
1784870153102142977,1e+06
1784870153129814882,1e+06
1784870153215695642,1e+06
1784870153282355624,1e+06
1784870153423757045,1e+06
1784870153551736057,1e+06
1784870153616487449,1e+06
1784870153952327791,1e+06
1784870154438012769,1e+06
1784870154734560218,1e+06
1784870154957006274,1e+06
1784870155120343607,1e+06
1784870155599985913,1e+06
1784870156928553773,1e+06
1784870157447636780,1e+06
1784870158957841230,1e+06
1784870160020245018,1e+06
1784870160499633736,1e+06
1784870160523668163,1e+06
1784870160564235091,1e+06
1784870160579166141,1e+06
1784870160655867235,1e+06
1784870160688609512,1e+06
1784870160730951518,1e+06
1784870160903754675,1e+06
1784870161437410058,1e+06
1784870162613531133,1e+06
1784870162630019441,1e+06
1784870162641930973,1e+06
1784870162642222225,1e+06
1784870162654234090,1e+06
1784870162726611481,1e+06
1784870162797650752,1e+06
1784870162863933130,1e+06
1784870162914174226,1e+06
1784870162999946504,1e+06
1784870163000117248,1e+06
1784870163016254279,1e+06
1784870163037112474,1e+06
1784870163090078040,1e+06
1784870163185150854,1e+06
1784870163290203118,1e+06
1784870163438601329,1e+06
1784870164106986068,1e+06
1784870164801862403,1e+06
1784870166277342327,1e+06
1784870167470397947,1e+06
1784870169566414134,1e+06
1784870171556145732,1e+06
1784870173304538337,1e+06
1784870176257310603,1e+06
1784870176353219119,1e+06
1784870179036512674,1e+06
1784870179990762802,1e+06
1784870180060734330,1e+06
1784870180293299947,1e+06
1784870181271319206,1e+06
1784870181576633247,1e+06
1784870184123826174,1e+06
1784870184153014555,1e+06
1784870184167594673,1e+06
1784870184193072889,1e+06
1784870184222628147,1e+06
1784870184260834479,1e+06
1784870184574964196,1e+06
1784870184725150933,1e+06
1784870185891732740,1e+06
1784870186338463953,1e+06
1784870186431079404,1e+06
1784870187127154115,1e+06
1784870187161308747,1e+06
1784870187795502438,1e+06
1784870188038941869,1e+06
1784870188073108745,1e+06
1784870188110810580,1e+06
1784870188239459932,1e+06
1784870190085645129,1e+06
1784870190211092622,1e+06
1784870191913869919,1e+06
1784870193819389501,1e+06
1784870195062197173,1e+06
1784870195486261941,1e+06
1784870195557739761,1e+06
1784870196140667271,1e+06
1784870196928658501,1e+06
1784870198181280854,1e+06
1784870199204922483,1e+06
1784870201003842273,1e+06
1784870202409588917,1e+06
1784870202689587226,1e+06
1784870203030538720,1e+06
1784870205412311490,1e+06
1784870207099407930,1e+06
1784870208889714092,1e+06
1784870213757869284,1e+06
1784870215205531941,1e+06
1784870216000634826,1e+06
1784870218864190522,1e+06
1784870221217608395,1e+06
1784870221259999093,1e+06
1784870221377584441,1e+06
1784870221393529436,1e+06
1784870221437258404,1e+06
1784870221532321699,1e+06
1784870221532458574,1e+06
1784870221532933999,1e+06
1784870221537901393,1e+06
1784870221567760908,1e+06
1784870221694337022,1e+06
1784870221922966975,1e+06
1784870222455573603,1e+06
1784870222882359385,1e+06
1784870223748140454,1e+06
1784870223764731873,1e+06
1784870224385841732,1e+06
1784870224451981483,1e+06
1784870224452245215,1e+06
1784870224457180192,1e+06
1784870224457405009,1e+06
1784870224459912376,1e+06
1784870224506940461,1e+06
1784870224610859042,1e+06
1784870224739866162,1e+06
1784870224888808771,1e+06
1784870224994766436,1e+06
1784870225253531726,1e+06
1784870225353830655,1e+06
1784870225567185323,1e+06
1784870225755740637,1e+06
1784870225951629692,1e+06
1784870226036299918,1e+06
1784870226089205240,1e+06
1784870226287638589,1e+06
1784870226534579632,1e+06
1784870227717317265,1e+06
1784870228733038783,1e+06
1784870228891602437,1e+06
1784870229565205614,1e+06
1784870231677239858,1e+06
1784870234668421717,1e+06
1784870236140724216,1e+06
1784870236148370224,1e+06
1784870236156651001,1e+06
1784870236171192371,1e+06
1784870236171474773,1e+06
1784870236310218282,1e+06
1784870236335725789,1e+06
1784870236428203321,1e+06
1784870236506883794,1e+06
1784870236512831673,1e+06
1784870236656705908,1e+06
1784870236928941704,1e+06
1784870237153642857,1e+06
1784870237395062713,1e+06
1784870237535379383,1e+06
1784870237817233229,1e+06
1784870238000143072,1e+06
1784870238258218609,1e+06
1784870238590376710,1e+06
1784870238731622752,1e+06
1784870238900514808,1e+06
1784870239130675955,1e+06
1784870239410416934,1e+06
1784870239862498087,1e+06
1784870240767123009,1e+06
1784870241542973171,1e+06
1784870242335608907,1e+06
1784870243527385280,1e+06
1784870243536894918,1e+06
1784870243575981478,1e+06
1784870243576180837,1e+06
1784870243596363606,1e+06
1784870243637671361,1e+06
1784870243702594893,1e+06
1784870243863638115,1e+06
1784870244083908367,1e+06
1784870246470466420,1e+06
1784870249478841701,1e+06
1784870249598505368,1e+06
1784870249660861062,1e+06
1784870249860021368,1e+06
1784870251704291056,1e+06
1784870253430008631,1e+06
1784870253599306096,1e+06
1784870254932461498,1e+06
1784870256667189495,1e+06
1784870256673082607,1e+06
1784870256925347857,1e+06
1784870257040040453,1e+06
1784870257198366982,1e+06
1784870258389371441,1e+06
1784870258400578129,1e+06
1784870258579589814,1e+06
1784870259232867352,1e+06
1784870259886111835,1e+06
1784870259889560504,1e+06
1784870259895398169,1e+06
1784870259904504928,1e+06
1784870260046961507,1e+06
1784870260322399985,1e+06
1784870260638722481,1e+06
1784870260905920765,1e+06
1784870260925057153,1e+06
1784870261301619231,1e+06
1784870261970228067,1e+06
1784870261977904327,1e+06
1784870262430227405,1e+06
1784870263300866003,1e+06
1784870263870484610,1e+06
1784870263888097808,1e+06
1784870263900280710,1e+06
1784870263911504341,1e+06
1784870263922498095,1e+06
1784870263927528529,1e+06
1784870264049115958,1e+06
1784870264179431392,1e+06
1784870264635305029,1e+06
1784870264876753641,1e+06
1784870265085513977,1e+06
1784870265109808706,1e+06
1784870265114144701,1e+06
1784870265322771593,1e+06
1784870265525384207,1e+06
1784870265865647813,1e+06
1784870266044531449,1e+06
1784870266145636441,1e+06
1784870266291404342,1e+06
1784870266350284010,1e+06
1784870266468708309,1e+06
1784870266751365785,1e+06
1784870266998745263,1e+06
1784870267578478826,1e+06
1784870267909276519,1e+06
1784870267921628922,1e+06
1784870268035744549,1e+06
1784870268053940759,1e+06
1784870268101783217,1e+06
1784870268199614966,1e+06
1784870268237425375,1e+06
1784870268410170975,1e+06
1784870268694128776,1e+06
1784870268722423691,1e+06
1784870268746956524,1e+06
1784870268774832381,1e+06
1784870268829967007,1e+06
1784870268856957597,1e+06
1784870268871296992,1e+06
1784870268886705878,1e+06
1784870268920689054,1e+06
1784870268955226010,1e+06
1784870268955693419,1e+06
1784870268965621405,1e+06
1784870268999974343,1e+06
1784870269068707310,1e+06
1784870269159062045,1e+06
1784870269273957301,1e+06
1784870269529121740,1e+06
1784870270328675046,1e+06
1784870271325880127,1e+06
1784870271634549758,1e+06
1784870271873043850,1e+06
1784870271882010700,1e+06
1784870271911520575,1e+06
1784870271921734511,1e+06
1784870271959911102,1e+06
1784870272021670271,1e+06
1784870272104845197,1e+06
1784870272225900062,1e+06
1784870272263036083,1e+06
1784870272266357270,1e+06
1784870272266665478,1e+06
1784870272267205347,1e+06
1784870272270601701,1e+06
1784870272413552097,1e+06
1784870272533505880,1e+06
1784870272563679830,1e+06
1784870272636736373,1e+06
1784870272970702864,1e+06
1784870272984761167,1e+06
1784870272985279280,1e+06
1784870273030789256,1e+06
1784870273191371924,1e+06
1784870273291010818,1e+06
1784870273427662532,1e+06
1784870273747209377,1e+06
1784870273758651984,1e+06
1784870273768952523,1e+06
1784870273882937151,1e+06
1784870273891330614,1e+06
1784870273928069081,1e+06
1784870274008080865,1e+06
1784870274100976480,1e+06
1784870274461273166,1e+06
1784870274503771389,1e+06
1784870274633876962,1e+06
1784870274731448907,1e+06
1784870274781229649,1e+06
1784870274803476098,1e+06
1784870274843719703,1e+06
1784870274928214747,1e+06
1784870274942646019,1e+06
1784870275082419149,1e+06
1784870275138441044,1e+06
1784870275163112469,1e+06
1784870275202158984,1e+06
1784870275349656454,1e+06
1784870275843630347,1e+06
1784870275847970206,1e+06
1784870276195494535,1e+06
1784870276402263954,1e+06
1784870276637703102,1e+06
1784870276696514705,1e+06
1784870276745845205,1e+06
1784870276925311383,1e+06
1784870276943191640,1e+06
1784870277276472812,1e+06
1784870277461827575,1e+06
1784870277728350395,1e+06
1784870277793182391,1e+06
1784870277878702585,1e+06
1784870277910824706,1e+06
1784870278036548744,1e+06
1784870278107114768,1e+06
1784870278121601396,1e+06
1784870278196583971,1e+06
1784870278331798652,1e+06
1784870278654632540,1e+06
1784870279117368756,1e+06
1784870279212975334,1e+06
1784870279290564107,1e+06
1784870279315393979,1e+06
1784870279645718648,1e+06
1784870279973839396,1e+06
1784870280984514649,1e+06
1784870280988276811,1e+06
1784870281005169414,1e+06
1784870281014742880,1e+06
1784870281032473641,1e+06
1784870281082316874,1e+06
1784870281117023255,1e+06
1784870281156944009,1e+06
1784870281239494446,1e+06
1784870281330808671,1e+06
1784870281490669530,1e+06
1784870281563438694,1e+06
1784870281675498638,1e+06
1784870282313879931,1e+06
1784870282322700950,1e+06
1784870282351265252,1e+06
1784870282586834725,1e+06
1784870282875018367,1e+06
1784870283323621043,1e+06
1784870283834313239,1e+06
1784870284179339196,1e+06
1784870284623732349,1e+06
1784870284979242786,1e+06
1784870284995064290,1e+06
1784870285120177999,1e+06
1784870285364672634,1e+06
1784870285875672412,1e+06
1784870287618076488,1e+06
1784870287627708533,1e+06
1784870287641456832,1e+06
1784870287943899550,1e+06
1784870288459369956,1e+06
1784870289308274342,1e+06
1784870290188118257,1e+06
1784870290253479690,1e+06
1784870290309387377,1e+06
1784870290334498768,1e+06
1784870290368235060,1e+06
1784870290398991679,1e+06
1784870290427069961,1e+06
1784870290445009959,1e+06
1784870290712815970,1e+06
1784870290825706722,1e+06
1784870290852518961,1e+06
1784870290870179702,1e+06
1784870291613140718,1e+06
1784870291935970484,1e+06
1784870292028771767,1e+06
1784870292728633760,1e+06
1784870293733161854,1e+06
1784870293805023195,1e+06
1784870293815921598,1e+06
1784870293826017548,1e+06
1784870293848018190,1e+06
1784870293862570447,1e+06
1784870293876325145,1e+06
1784870293889145410,1e+06
1784870293936178447,1e+06
1784870294004179062,1e+06
1784870294146872887,1e+06
1784870294206891582,1e+06
1784870294242360138,1e+06
1784870294275210296,1e+06
1784870294299254353,1e+06
1784870294329365175,1e+06
1784870294348658100,1e+06
1784870294427956509,1e+06
1784870294506558581,1e+06
1784870294860055455,1e+06
1784870295736593469,1e+06
1784870297661398011,1e+06
1784870298291943901,1e+06
1784870298407742614,1e+06
1784870298475065139,1e+06
1784870298532888654,1e+06
1784870298574652735,1e+06
1784870298635296372,1e+06
1784870298667658725,1e+06
1784870298688989401,1e+06
1784870298738589834,1e+06
1784870298829815236,1e+06
1784870298851106000,1e+06
1784870299009914554,1e+06
1784870299195380027,1e+06
1784870299857498276,1e+06
1784870299930224871,1e+06
1784870300192404812,1e+06
1784870300556519496,1e+06
1784870300929707520,1e+06
1784870301151585355,1e+06
1784870301474088279,1e+06
1784870301751601582,1e+06
1784870302198090671,1e+06
1784870302350691071,1e+06
1784870302551044017,1e+06
1784870302625054188,1e+06
1784870302922223700,1e+06
1784870303118459544,1e+06
1784870303491555824,1e+06
1784870303851389770,1e+06
1784870303977571991,1e+06
1784870304187737802,1e+06
1784870304596271204,1e+06
1784870305490934913,1e+06
1784870305749591137,1e+06
1784870306004189809,1e+06
1784870306926955081,1e+06
1784870307856394233,1e+06
1784870308059802983,1e+06
1784870308477673722,1e+06
1784870308899895302,1e+06
1784870309227275358,1e+06
1784870309854415607,1e+06
1784870310517833749,1e+06
1784870311378311726,1e+06
1784870311564930611,1e+06
1784870311902263869,1e+06
1784870311922640223,1e+06
1784870312029680751,1e+06
1784870312206282054,1e+06
1784870312277753355,1e+06
1784870312353542760,1e+06
1784870312414925614,1e+06
1784870313391017364,1e+06
1784870313904526011,1e+06
1784870315073997194,1e+06
1784870315609803039,1e+06
1784870315883199366,1e+06
1784870317061020234,1e+06
1784870318038799501,1e+06
1784870321805103572,1e+06
1784870322277425778,1e+06
1784870322339774688,1e+06
1784870322382520396,1e+06
1784870322382665283,1e+06
1784870322494686745,1e+06
1784870322545283373,1e+06
1784870322561056473,1e+06
1784870322621097015,1e+06
1784870322972008169,1e+06
1784870323142196050,1e+06
1784870323422615353,1e+06
1784870323504512121,1e+06
1784870323504512121,1e+06
1784870323504766244,1e+06
1784870323504951501,1e+06
1784870323513767523,1e+06
1784870323517272376,1e+06
1784870323521441447,1e+06
1784870323525037284,1e+06
1784870323529791374,1e+06
1784870323661580817,1e+06
1784870323684897468,1e+06
1784870323719449937,1e+06
1784870323906668665,1e+06
1784870324041919560,1e+06
1784870324145719015,1e+06
1784870324882665155,1e+06
1784870326521542107,1e+06
1784870328078291771,1e+06
1784870329610558156,1e+06
1784870331894252787,1e+06
1784870331930216026,1e+06
1784870332039222983,1e+06
1784870332325467303,1e+06
1784870332792804266,1e+06
1784870333445512159,1e+06
1784870333786737430,1e+06
1784870334987596330,1e+06
1784870336925152577,1e+06
1784870337850488908,1e+06
1784870338452076270,1e+06
1784870339050881025,1e+06
1784870340991806975,1e+06
1784870344390799319,1e+06
1784870345784717873,1e+06
1784870346252465559,1e+06
1784870347986265990,1e+06
1784870348534474691,1e+06
1784870353051315157,1e+06
1784870353327205041,1e+06
1784870353743647944,1e+06
1784870355010753870,1e+06
1784870355763830510,1e+06
1784870355824202598,1e+06
1784870355872435031,1e+06
1784870355948701220,1e+06
1784870356256087977,1e+06
1784870356351977380,1e+06
1784870356678930158,1e+06
1784870357763372740,1e+06
1784870359783723421,1e+06
1784870362353883856,1e+06
1784870363475204073,1e+06
1784870364622964455,1e+06
1784870365999065680,1e+06
1784870366137053464,1e+06
1784870367441331255,1e+06
1784870367471861743,1e+06
1784870367520828813,1e+06
1784870367538579431,1e+06
1784870367538753882,1e+06
1784870367547553061,1e+06
1784870367672798674,1e+06
1784870367728427723,1e+06
1784870367835882674,1e+06
1784870367915138135,1e+06
1784870367958792838,1e+06
1784870367979332303,1e+06
1784870368023375171,1e+06
1784870368067458105,1e+06
1784870368073640715,1e+06
1784870368234819245,1e+06
1784870368673971556,1e+06
1784870368885016698,1e+06
1784870369211982156,1e+06
1784870369575883879,1e+06
1784870369924930377,1e+06
1784870370085999915,1e+06
1784870370184724717,1e+06
1784870370264633652,1e+06
1784870370620213012,1e+06
1784870370826664986,1e+06
1784870370963631091,1e+06
1784870371168607740,1e+06
1784870371235728730,1e+06
1784870371333525634,1e+06
1784870371620139181,1e+06
1784870371982760418,1e+06
1784870372052133450,1e+06
1784870372549812454,1e+06
1784870372734832833,1e+06
1784870372952703514,1e+06
1784870373060405960,1e+06
1784870373252804356,1e+06
1784870374211699635,1e+06
1784870376303548628,1e+06
1784870377416002597,1e+06
1784870377549714751,1e+06
1784870377626317305,1e+06
1784870377634559879,1e+06
1784870377977615954,1e+06
1784870378024362306,1e+06
1784870378051398268,1e+06
1784870378302014036,1e+06
1784870378888767477,1e+06
1784870379049323701,1e+06
1784870379101011935,1e+06
1784870379115655291,1e+06
1784870379216618310,1e+06
1784870380029400584,1e+06
1784870381717976605,1e+06
1784870385161499946,1e+06
1784870387650319790,1e+06
1784870389926585688,1e+06
1784870390507654245,1e+06
1784870390996888114,1e+06
1784870391550232440,1e+06
1784870391870078868,1e+06
1784870392549793139,1e+06
1784870392988762579,1e+06
1784870393219937403,1e+06
1784870393276120819,1e+06
1784870394204504140,1e+06
1784870396554779346,1e+06
1784870397073623126,1e+06
1784870397774170277,1e+06
1784870398234185719,1e+06
1784870398285327865,1e+06
1784870398293569726,1e+06
1784870398374316047,1e+06
1784870398722383650,1e+06
1784870398760166272,1e+06
1784870398910694536,1e+06
1784870399282863663,1e+06
1784870399607729461,1e+06
1784870400025491991,1e+06
1784870400474583936,1e+06
1784870401106787491,1e+06
1784870401263205787,1e+06
1784870401279037682,1e+06
1784870401521768199,1e+06
1784870401600191935,1e+06
1784870402122725101,1e+06
1784870402631492675,1e+06
1784870403367793534,1e+06
1784870404386647304,1e+06
1784870404875593125,1e+06
1784870405417569020,1e+06
1784870405797742440,1e+06
1784870406076693511,1e+06
1784870406113696342,1e+06
1784870406250140998,1e+06
1784870406608630855,1e+06
1784870406799319915,1e+06
1784870406926417082,1e+06
1784870407141762126,1e+06
1784870407769664748,1e+06
1784870407899701659,1e+06
1784870408969996450,1e+06
1784870408985024810,1e+06
1784870409038568573,1e+06
1784870409080490641,1e+06
1784870409101470493,1e+06
1784870409131867760,1e+06
1784870409154795095,1e+06
1784870409240399476,1e+06
1784870409419152476,1e+06
1784870409793238314,1e+06
1784870409881506089,1e+06
1784870410595243669,1e+06
1784870411193972740,1e+06
1784870412102804400,1e+06
1784870412457357286,1e+06
1784870413876133268,1e+06
1784870414199329068,1e+06
1784870414310555708,1e+06
1784870414322438467,1e+06
1784870414413894483,1e+06
1784870414448254225,1e+06
1784870414466704146,1e+06
1784870414478349562,1e+06
1784870414488712246,1e+06
1784870414515200610,1e+06
1784870414543976409,1e+06
1784870414582913770,1e+06
1784870414608199999,1e+06
1784870414647662917,1e+06
1784870414771810655,1e+06
1784870414785136571,1e+06
1784870414832030200,1e+06
1784870414954178408,1e+06
1784870415072644511,1e+06
1784870415227878221,1e+06
1784870415343218911,1e+06
1784870415534929292,1e+06
1784870415805646639,1e+06
1784870417105850894,1e+06
1784870417875864635,1e+06
1784870418112712567,1e+06
1784870419185767562,1e+06
1784870419635806850,1e+06
1784870419988516296,1e+06
1784870421429472742,1e+06
1784870421947684298,1e+06
1784870422889868741,1e+06
1784870424093006880,1e+06
1784870424340833637,1e+06
1784870424857402378,1e+06
1784870425798043618,1e+06
1784870426014542216,1e+06
1784870426228718440,1e+06
1784870427215058330,1e+06
1784870427215642350,1e+06
1784870427216013479,1e+06
1784870427223523598,1e+06
1784870427227152641,1e+06
1784870427341576971,1e+06
1784870427491811199,1e+06
1784870427926656047,1e+06
1784870428605209947,1e+06
1784870429850318768,1e+06
1784870431481053481,1e+06
1784870432526797481,1e+06
1784870434380614340,1e+06
1784870434774523619,1e+06
1784870434776506052,1e+06
1784870435433934006,1e+06
1784870437069080267,1e+06
1784870441061358019,1e+06
1784870442006739648,1e+06
1784870442020440241,1e+06
1784870442246128636,1e+06
1784870442928091576,1e+06
1784870443179078218,1e+06
1784870443241359490,1e+06
1784870443249254573,1e+06
1784870444306158674,1e+06
1784870444708762130,1e+06
1784870444827766701,1e+06
1784870444839595412,1e+06
1784870444850729105,1e+06
1784870444936861513,1e+06
1784870445201653496,1e+06
1784870445451489831,1e+06
1784870445849893681,1e+06
1784870445933472121,1e+06
1784870446063661723,1e+06
1784870446759697398,1e+06
1784870446923900817,1e+06
1784870447250522964,1e+06
1784870449642230757,1e+06
1784870450955186677,1e+06
1784870450969979495,1e+06
1784870450999768061,1e+06
1784870451011270066,1e+06
1784870451045860334,1e+06
1784870451256294141,1e+06
1784870451363781918,1e+06
1784870451447310563,1e+06
1784870451480107312,1e+06
1784870451602715010,1e+06
1784870451814662494,1e+06
1784870452175935952,1e+06
1784870452408481014,1e+06
1784870453174635425,1e+06
1784870453280214748,1e+06
1784870454485873472,1e+06
1784870455029576407,1e+06
1784870455038949174,1e+06
1784870457115944992,1e+06
1784870459738179964,1e+06
1784870460437963225,1e+06
1784870461758468613,1e+06
1784870461826604646,1e+06
1784870461827130487,1e+06
1784870461848343744,1e+06
1784870461848543248,1e+06
1784870461862789057,1e+06
1784870461862929185,1e+06
1784870461896067468,1e+06
1784870462027037252,1e+06
1784870462086375282,1e+06
1784870462156798309,1e+06
1784870462791628510,1e+06
1784870464025373971,1e+06
1784870466088603716,1e+06
1784870466210418391,1e+06
1784870466234281286,1e+06
1784870466234510364,1e+06
1784870466249712206,1e+06
1784870466318496949,1e+06
1784870466453527110,1e+06
1784870466527934562,1e+06
1784870466619373738,1e+06
1784870467031453275,1e+06
1784870467204665203,1e+06
1784870467376564614,1e+06
1784870467752052143,1e+06
1784870468433597762,1e+06
1784870468808466439,1e+06
1784870468818715804,1e+06
1784870468818974823,1e+06
1784870468842541604,1e+06
1784870468879680236,1e+06
1784870468931045908,1e+06
1784870468971651729,1e+06
1784870469010944803,1e+06
1784870469039849412,1e+06
1784870469040144130,1e+06
1784870469056921693,1e+06
1784870469070822253,1e+06
1784870469081691447,1e+06
1784870469176740694,1e+06
1784870469285344548,1e+06
1784870469428344664,1e+06
1784870469558940060,1e+06
1784870469790361603,1e+06
1784870469949741801,1e+06
1784870470173786071,1e+06
1784870470341906524,1e+06
1784870470401343543,1e+06
1784870470651399419,1e+06
1784870470710476436,1e+06
1784870471104620672,1e+06
1784870471183728258,1e+06
1784870471254668735,1e+06
1784870471288660152,1e+06
1784870471497979627,1e+06
1784870471531095073,1e+06
1784870471883668073,1e+06
1784870472031968141,1e+06
1784870472421880192,1e+06
1784870472483947781,1e+06
1784870472944242999,1e+06
1784870473987528702,1e+06
1784870474869462232,1e+06
1784870475348623466,1e+06
1784870475726371876,1e+06
1784870476031336293,1e+06
1784870476263482221,1e+06
1784870476923760270,1e+06
1784870477148641316,1e+06
1784870477483170339,1e+06
1784870477884259300,1e+06
1784870478148991992,1e+06
1784870478482440374,1e+06
1784870478877456331,1e+06
1784870478981335274,1e+06
1784870479248974740,1e+06
1784870479618163697,1e+06
1784870480121537220,1e+06
1784870480373674016,1e+06
1784870480748660282,1e+06
1784870481031585829,1e+06
1784870481848650770,1e+06
1784870481962103927,1e+06
1784870482149738721,1e+06
1784870483197931948,1e+06
1784870484314528473,1e+06
1784870484449079573,1e+06
1784870484651279616,1e+06
1784870485910190090,1e+06
1784870486098594583,1e+06
1784870486294099615,1e+06
1784870486922947504,1e+06
1784870486925821211,1e+06
1784870487295937833,1e+06
1784870487354435571,1e+06
1784870487427589021,1e+06
1784870487461092552,1e+06
1784870487551628120,1e+06
1784870488452850860,1e+06
1784870489519191970,1e+06
1784870490890223881,1e+06
1784870491397333051,1e+06
1784870492347851083,1e+06
1784870492756904637,1e+06
1784870492802309923,1e+06
1784870492935171872,1e+06
1784870493967215149,1e+06
1784870494030942924,1e+06
1784870494173141123,1e+06
1784870494376892033,1e+06
1784870495531407368,1e+06
1784870496258481413,1e+06
1784870498554284724,1e+06
1784870499077603733,1e+06
1784870499156861694,1e+06
1784870499248952828,1e+06
1784870501666263682,1e+06
1784870502697156215,1e+06
1784870503047761536,1e+06
1784870503486175810,1e+06
1784870504065718138,1e+06
1784870504449092643,1e+06
1784870505949085678,1e+06
1784870507247774429,1e+06
1784870508122487072,1e+06
1784870508664364729,1e+06
1784870509853826562,1e+06
1784870510581208540,1e+06
1784870512348566318,1e+06
1784870512788573557,1e+06
1784870513577463077,1e+06
1784870513617724424,1e+06
1784870513718568139,1e+06
1784870513755289886,1e+06
1784870513772532390,1e+06
1784870513784528428,1e+06
1784870513801341972,1e+06
1784870513807321762,1e+06
1784870513836892245,1e+06
1784870513855397958,1e+06
1784870513885571646,1e+06
1784870513909047474,1e+06
1784870513933726138,1e+06
1784870513963063671,1e+06
1784870514093730984,1e+06
1784870514139078379,1e+06
1784870514228115488,1e+06
1784870514325780249,1e+06
1784870514375704011,1e+06
1784870514399260714,1e+06
1784870514575705619,1e+06
1784870514632810771,1e+06
1784870514670462399,1e+06
1784870514687243384,1e+06
1784870514687443902,1e+06
1784870514687630504,1e+06
1784870514712471565,1e+06
1784870514718413307,1e+06
1784870514941618405,1e+06
1784870515850649547,1e+06
1784870516221710244,1e+06
1784870516447470362,1e+06
1784870517412855536,1e+06
1784870518159874374,1e+06
1784870518842545288,1e+06
1784870519754695139,1e+06
1784870521671999231,1e+06
1784870521684924952,1e+06
1784870521698716925,1e+06
1784870521704703884,1e+06
1784870521737870529,1e+06
1784870521773182831,1e+06
1784870521922753172,1e+06
1784870522028636812,1e+06
1784870522242651310,1e+06
1784870522290888287,1e+06
1784870522938767408,1e+06
1784870523744198754,1e+06
1784870525746238279,1e+06
1784870525763306632,1e+06
1784870525940644126,1e+06
1784870526487710749,1e+06
1784870526602397179,1e+06
1784870527062480349,1e+06
1784870527572621838,1e+06
1784870527946330042,1e+06
1784870528572535281,1e+06
1784870529069319233,1e+06
1784870530264236027,1e+06
1784870530729124411,1e+06
1784870530905492681,1e+06
1784870531569262340,1e+06
1784870534319245956,1e+06
1784870535461062104,1e+06
1784870535674384781,1e+06
1784870536487271756,1e+06
1784870537047243191,1e+06
1784870537063562979,1e+06
1784870537590006894,1e+06
1784870537676871944,1e+06
1784870537677046014,1e+06
1784870537677285699,1e+06
1784870537716515658,1e+06
1784870537735024201,1e+06
1784870537768278068,1e+06
1784870537790519093,1e+06
1784870537809853767,1e+06
1784870537861864701,1e+06
1784870537998788697,1e+06
1784870538059798682,1e+06
1784870538609437678,1e+06
1784870538963796773,1e+06
1784870540079473870,1e+06
1784870540339996263,1e+06
1784870541874357529,1e+06
1784870543777124812,1e+06
1784870543870654383,1e+06
1784870544297760396,1e+06
1784870547140843464,1e+06
1784870548330014552,1e+06
1784870548721280603,1e+06
1784870549688953324,1e+06
1784870549755537809,1e+06
1784870550068421447,1e+06
1784870550094965515,1e+06
1784870550184388536,1e+06
1784870550772099664,1e+06
1784870551133578838,1e+06
1784870551271003843,1e+06
1784870553067714413,1e+06
1784870554377593625,1e+06
1784870554834461135,1e+06
1784870557228088584,1e+06
1784870557471441415,1e+06
1784870559071776540,1e+06
1784870560042069341,1e+06
1784870560116979820,1e+06
1784870560128704576,1e+06
1784870560144575293,1e+06
1784870560161224768,1e+06
1784870560174622428,1e+06
1784870560192903974,1e+06
1784870560228510864,1e+06
1784870560347158683,1e+06
1784870560383865532,1e+06
1784870560420052026,1e+06
1784870560499601588,1e+06
1784870560641618231,1e+06
1784870560759074359,1e+06
1784870560804031950,1e+06
1784870560834713183,1e+06
1784870561008552128,1e+06
1784870561368346760,1e+06
1784870561379527350,1e+06
1784870561386392874,1e+06
1784870561394779565,1e+06
1784870561418094126,1e+06
1784870561531559337,1e+06
1784870561695567969,1e+06
1784870561961157664,1e+06
1784870561988901619,1e+06
1784870562473054045,1e+06
1784870562999625769,1e+06
1784870563447433849,1e+06
1784870563641101861,1e+06
1784870563924967016,1e+06
1784870564248995530,1e+06
1784870564727940794,1e+06
1784870565014352236,1e+06
1784870566059445277,1e+06
1784870566340585664,1e+06
1784870567641748620,1e+06
1784870569979450833,1e+06
1784870572747509960,1e+06
1784870575002775144,1e+06
1784870575020080848,1e+06
1784870575026996145,1e+06
1784870575060208186,1e+06
1784870575083902278,1e+06
1784870575099316447,1e+06
1784870575152756291,1e+06
1784870575417897847,1e+06
1784870575660850792,1e+06
1784870575951705546,1e+06
1784870576543641407,1e+06
1784870578331890334,1e+06
1784870579886758310,1e+06
1784870580239602740,1e+06
1784870581209547418,1e+06
1784870581587957328,1e+06
1784870583391388564,1e+06
1784870583437450304,1e+06
1784870583695520243,1e+06
1784870584004987233,1e+06
1784870584945132707,1e+06
1784870585457676251,1e+06
1784870588757172513,1e+06
1784870588831027081,1e+06
1784870588834822453,1e+06
1784870588839194973,1e+06
1784870588840511243,1e+06
1784870588855922175,1e+06
1784870588860613337,1e+06
1784870588860802023,1e+06
1784870588861995381,1e+06
1784870588870489512,1e+06
1784870588988656793,1e+06
1784870589019524664,1e+06
1784870589057852669,1e+06
1784870589147707392,1e+06
1784870589256288533,1e+06
1784870589606936998,1e+06
1784870589879261995,1e+06
1784870590171945533,1e+06
1784870590868957188,1e+06
1784870591700421823,1e+06
1784870591773277052,1e+06
1784870593718509115,1e+06
1784870594509583176,1e+06
1784870594907751772,1e+06
1784870595422214305,1e+06
1784870595828146180,1e+06
1784870596349757571,1e+06
1784870596612590109,1e+06
1784870598047591769,1e+06
1784870598356485036,1e+06
1784870598379542761,1e+06
1784870598384614711,1e+06
1784870598390379585,1e+06
1784870598401322864,1e+06
1784870598572398153,1e+06
1784870598942686816,1e+06
1784870599153577647,1e+06
1784870599172372202,1e+06
1784870599312090703,1e+06
1784870599424653680,1e+06
1784870599438829658,1e+06
1784870599450646839,1e+06
1784870599516388702,1e+06
1784870599581338920,1e+06
1784870599692301944,1e+06
1784870599784991664,1e+06
1784870600884074271,1e+06
1784870601893916126,1e+06
1784870602358257629,1e+06
1784870602948078056,1e+06
1784870604112182133,1e+06
1784870604263291478,1e+06
1784870604274416485,1e+06
1784870604286000387,1e+06
1784870604327519457,1e+06
1784870604941635146,1e+06
1784870606353911962,1e+06
1784870606498856999,1e+06
1784870608395011639,1e+06
1784870608424059117,1e+06
1784870608527074831,1e+06
1784870608665382482,1e+06
1784870608796874938,1e+06
1784870609058717695,1e+06
1784870609698890150,1e+06
1784870609772249498,1e+06
1784870610077264781,1e+06
1784870610112779197,1e+06
1784870610314232706,1e+06
1784870610983051431,1e+06
1784870612437803995,1e+06
1784870614222693118,1e+06
1784870615814748693,1e+06
1784870615824839408,1e+06
1784870615856318286,1e+06
1784870616074578574,1e+06
1784870616752326701,1e+06
1784870617058613489,1e+06
1784870617384026510,1e+06
1784870617395244695,1e+06
1784870617399426723,1e+06
1784870617445721321,1e+06
1784870617705545759,1e+06
1784870617846570389,1e+06
1784870618545303847,1e+06
1784870619370834316,1e+06
1784870620353490413,1e+06
1784870622240472085,1e+06
1784870622516247187,1e+06
1784870623824635543,1e+06
1784870624286240219,1e+06
1784870626922367482,1e+06
1784870628269434337,1e+06
1784870628293031637,1e+06
1784870628428489415,1e+06
1784870630244255562,1e+06
1784870632967748639,1e+06
1784870635592584898,1e+06
1784870636006827881,1e+06
1784870636014612170,1e+06
1784870636051448707,1e+06
1784870636207607008,1e+06
1784870637957335748,1e+06
1784870639027229336,1e+06
1784870639628151349,1e+06
1784870639926366038,1e+06
1784870640860981576,1e+06
1784870641019336156,1e+06
1784870643717155191,1e+06
1784870644970356846,1e+06
1784870646526563156,1e+06
1784870648737856512,1e+06
1784870650865844806,1e+06
1784870651510470607,1e+06
1784870652258356190,1e+06
1784870653368572825,1e+06
1784870653425633930,1e+06
1784870653430273748,1e+06
1784870653439401887,1e+06
1784870653479417839,1e+06
1784870653547394352,1e+06
1784870653633993626,1e+06
1784870653767359540,1e+06
1784870653804480872,1e+06
1784870653945699949,1e+06
1784870654061448613,1e+06
1784870654183988930,1e+06
1784870654306407885,1e+06
1784870654657077722,1e+06
1784870654889292730,1e+06
1784870655039277344,1e+06
1784870655243365425,1e+06
1784870655777920299,1e+06
1784870656147176514,1e+06
1784870656346696812,1e+06
1784870657308275774,1e+06
1784870658207989649,1e+06
1784870659120287006,1e+06
1784870659130981697,1e+06
1784870659147168156,1e+06
1784870659157399873,1e+06
1784870659164676508,1e+06
1784870659184512854,1e+06
1784870659285224921,1e+06
1784870659330548732,1e+06
1784870659459513671,1e+06
1784870660227843966,1e+06
1784870663417207272,1e+06
1784870664978009689,1e+06
1784870667729338207,1e+06
1784870667836398295,1e+06
1784870668678748778,1e+06
1784870669919061972,1e+06
1784870671275678938,1e+06
1784870675719912383,1e+06
1784870675815637761,1e+06
1784870676165432332,1e+06
1784870676478131592,1e+06
1784870676782775232,1e+06
1784870677554809136,1e+06
1784870677938503299,1e+06
1784870679735869541,1e+06
1784870681281789129,1e+06
1784870681307817331,1e+06
1784870681331911517,1e+06
1784870681861144861,1e+06
1784870686581703460,1e+06
1784870686728914333,1e+06
1784870691205946486,1e+06
1784870691757473602,1e+06
1784870691807090647,1e+06
1784870693229304693,1e+06
1784870698906164296,1e+06
1784870699236800701,1e+06
1784870699247667060,1e+06
1784870699263971986,1e+06
1784870699276336948,1e+06
1784870699287682758,1e+06
1784870699299348892,1e+06
1784870699313106504,1e+06
1784870699331910810,1e+06
1784870699341685506,1e+06
1784870699373359477,1e+06
1784870699385070339,1e+06
1784870699403907507,1e+06
1784870699431765340,1e+06
1784870699443697173,1e+06
1784870699451235951,1e+06
1784870699476287932,1e+06
1784870699502335781,1e+06
1784870699520555445,1e+06
1784870699533960670,1e+06
1784870699546959398,1e+06
1784870699547400215,1e+06
1784870699557983333,1e+06
1784870699573414975,1e+06
1784870699573644447,1e+06
1784870699585534732,1e+06
1784870699621586324,1e+06
1784870699638821591,1e+06
1784870699736377023,1e+06
1784870699769080341,1e+06
1784870699920294497,1e+06
1784870700044924558,1e+06
1784870700140341441,1e+06
1784870700387353257,1e+06
1784870700982346816,1e+06
1784870701123438855,1e+06
1784870701335464062,1e+06
1784870701356257147,1e+06
1784870701366668693,1e+06
1784870701382752977,1e+06
1784870701406830341,1e+06
1784870701419199005,1e+06
1784870701439968428,1e+06
1784870701460292278,1e+06
1784870701483827497,1e+06
1784870701493024905,1e+06
1784870701520940924,1e+06
1784870701630129576,1e+06
1784870702031300322,1e+06
1784870702246427897,1e+06
1784870702531415838,1e+06
1784870703066584307,1e+06
1784870703431026249,1e+06
1784870703646125329,1e+06
1784870703764316188,1e+06
1784870703815004460,1e+06
1784870703977170914,1e+06
1784870704250136223,1e+06
1784870704969879374,1e+06
1784870705247699972,1e+06
1784870706214120580,1e+06
1784870706980478302,1e+06
1784870707145670106,1e+06
1784870707320230026,1e+06
1784870707417437084,1e+06
1784870707502344779,1e+06
1784870707646710179,1e+06
1784870707875399618,1e+06
1784870708096392476,1e+06
1784870708416945831,1e+06
1784870708653273842,1e+06
1784870709190622588,1e+06
1784870709203701987,1e+06
1784870709209158939,1e+06
1784870709227028435,1e+06
1784870709241095260,1e+06
1784870709260545754,1e+06
1784870709273183356,1e+06
1784870709405453636,1e+06
1784870709559211414,1e+06
1784870709578989185,1e+06
1784870709707969911,1e+06
1784870709708435481,1e+06
1784870709708875261,1e+06
1784870709709270462,1e+06
1784870709727000957,1e+06
1784870709783608637,1e+06
1784870709968067450,1e+06
1784870709973025674,1e+06
1784870709973188742,1e+06
1784870710004688415,1e+06
1784870710049807137,1e+06
1784870710111498785,1e+06
1784870710306565779,1e+06
1784870710440094283,1e+06
1784870710446845741,1e+06
1784870710469532054,1e+06
1784870710521407839,1e+06
1784870710646797856,1e+06
1784870710694001065,1e+06
1784870710704382180,1e+06
1784870710849266711,1e+06
1784870710849448736,1e+06
1784870710900792497,1e+06
1784870711029012604,1e+06
1784870711292744486,1e+06
1784870711499961162,1e+06
1784870711555605149,1e+06
1784870711644757300,1e+06
1784870711867289843,1e+06
1784870711914528502,1e+06
1784870712183998228,1e+06
1784870712365652082,1e+06
1784870712441979930,1e+06
1784870712556432783,1e+06
1784870712849927150,1e+06
1784870712969707019,1e+06
1784870712978699001,1e+06
1784870712984667458,1e+06
1784870713098514103,1e+06
1784870713434455737,1e+06
1784870713579813273,1e+06
1784870714075444264,1e+06
1784870714540449640,1e+06
1784870714779974757,1e+06
1784870715002258902,1e+06
1784870715094298614,1e+06
1784870715278663196,1e+06
1784870715436079174,1e+06
1784870715676059495,1e+06
1784870716231325220,1e+06
1784870717277067149,1e+06
1784870717304756941,1e+06
1784870717319283635,1e+06
1784870717330289774,1e+06
1784870717341425656,1e+06
1784870717405788654,1e+06
1784870717476302451,1e+06
1784870717481488923,1e+06
1784870717547153915,1e+06
1784870717551664682,1e+06
1784870717623596487,1e+06
1784870717623757055,1e+06
1784870717785477346,1e+06
1784870717875189142,1e+06
1784870718348485930,1e+06
1784870718357261678,1e+06
1784870718449670621,1e+06
1784870718488568442,1e+06
1784870718616142306,1e+06
1784870719026954584,1e+06
1784870719696212810,1e+06
1784870720641270653,1e+06
1784870721353136509,1e+06
1784870722009327823,1e+06
1784870723183112219,1e+06
1784870723190783129,1e+06
1784870723389356312,1e+06
1784870723875007645,1e+06
1784870723884811713,1e+06
1784870723972611504,1e+06
1784870724202831861,1e+06
1784870724574882701,1e+06
1784870724768109532,1e+06
1784870724846098445,1e+06
1784870724877783826,1e+06
1784870724914931921,1e+06
1784870724985345646,1e+06
1784870725010447844,1e+06
1784870725364116006,1e+06
1784870725932710048,1e+06
1784870727110692321,1e+06
1784870727459405402,1e+06
1784870727898708671,1e+06
1784870728162811401,1e+06
1784870728551734670,1e+06
1784870728589890768,1e+06
1784870730375633605,1e+06
1784870731827836734,1e+06
1784870734271320837,1e+06
1784870734590173523,1e+06
1784870735284464515,1e+06
1784870735759552249,1e+06
1784870736920672091,1e+06
1784870737872128392,1e+06
1784870738632072429,1e+06
1784870740874130274,1e+06
1784870742872841904,1e+06
1784870743800168782,1e+06
1784870744870768304,1e+06
1784870745181495367,1e+06
1784870746078264476,1e+06
1784870746325364714,1e+06
1784870748930233500,1e+06
1784870749872138046,1e+06
1784870750362608604,1e+06
1784870750876274807,1e+06
1784870750894245033,1e+06
1784870750983035346,1e+06
1784870751875014505,1e+06
1784870752824615852,1e+06
1784870753883671162,1e+06
1784870753888994494,1e+06
1784870754276643483,1e+06
1784870755797440826,1e+06
1784870756922003721,1e+06
1784870758018221328,1e+06
1784870758577572515,1e+06
1784870760871210567,1e+06
1784870761159169282,1e+06
1784870762038883723,1e+06
1784870763442762720,1e+06
1784870764874532012,1e+06
1784870764887070917,1e+06
1784870764902876722,1e+06
1784870764919299353,1e+06
1784870764919585962,1e+06
1784870764949465704,1e+06
1784870764967895894,1e+06
1784870764997761590,1e+06
1784870765470003869,1e+06
1784870765694738663,1e+06
1784870765713900498,1e+06
1784870765839049675,1e+06
1784870766565998177,1e+06
1784870767067857493,1e+06
1784870767361234218,1e+06
1784870767415837572,1e+06
1784870767616211342,1e+06
1784870767940093926,1e+06
1784870768045291238,1e+06
1784870768170536594,1e+06
1784870768219119731,1e+06
1784870768309064111,1e+06
1784870768335950416,1e+06
1784870768371943313,1e+06
1784870768423646258,1e+06
1784870768592311230,1e+06
1784870768630601312,1e+06
1784870768788995721,1e+06
1784870768873304963,1e+06
1784870769111076589,1e+06
1784870769621702573,1e+06
1784870770022844566,1e+06
1784870770973243204,1e+06
1784870771670463219,1e+06
1784870771804672935,1e+06
1784870771850499271,1e+06
1784870771901219426,1e+06
1784870771983250094,1e+06
1784870772427293695,1e+06
1784870773508024023,1e+06
1784870774303895258,1e+06
1784870775441125565,1e+06
1784870775763171281,1e+06
1784870775870850661,1e+06
1784870776117021841,1e+06
1784870776264378072,1e+06
1784870777073339879,1e+06
1784870777208129042,1e+06
1784870777693595891,1e+06
1784870777918678448,1e+06
1784870777935679055,1e+06
1784870777951180413,1e+06
1784870778041194532,1e+06
1784870778191313383,1e+06
1784870778386794772,1e+06
1784870780274311017,1e+06
1784870781778960006,1e+06
1784870783570403303,1e+06
1784870784246967395,1e+06
1784870788820158175,1e+06
1784870790757037070,1e+06
1784870792065049299,1e+06
1784870794871380318,1e+06
1784870795321160688,1e+06
1784870797872401444,1e+06
1784870798320328617,1e+06
1784870798523519512,1e+06
1784870800870583368,1e+06
1784870801219752697,1e+06
1784870802719739594,1e+06
1784870807662539050,1e+06
1784870807825307571,1e+06
1784870810247870175,1e+06
1784870812341210881,1e+06
1784870812983643497,1e+06
1784870813046662021,1e+06
1784870813061475255,1e+06
1784870813111205469,1e+06
1784870813248963555,1e+06
1784870813563797871,1e+06
1784870814015318719,1e+06
1784870814536841099,1e+06
1784870815015960620,1e+06
1784870815515100634,1e+06
1784870815533643140,1e+06
1784870815539300785,1e+06
1784870815572218354,1e+06
1784870815670202393,1e+06
1784870815974949894,1e+06
1784870816588760838,1e+06
1784870816673951568,1e+06
1784870818541861828,1e+06
1784870819680332711,1e+06
1784870819738262817,1e+06
1784870820045204488,1e+06
1784870820179614718,1e+06
1784870820206558803,1e+06
1784870820253552449,1e+06
1784870820355179334,1e+06
1784870820418592073,1e+06
1784870820603143174,1e+06
1784870821007079341,1e+06
1784870821476003892,1e+06
1784870821710795238,1e+06
1784870821806986509,1e+06
1784870822127401077,1e+06
1784870823954264360,1e+06
1784870824359617919,1e+06
1784870826554843049,1e+06
1784870826596603733,1e+06
1784870826610533302,1e+06
1784870826642857121,1e+06
1784870826710796431,1e+06
1784870826920149039,1e+06
1784870827175550045,1e+06
1784870827624621473,1e+06
1784870827796574724,1e+06
1784870828124983148,1e+06
1784870828277492247,1e+06
1784870828366490409,1e+06
1784870828867604054,1e+06
1784870829331148862,1e+06
1784870830410759300,1e+06
1784870830965733307,1e+06
1784870831411335358,1e+06
1784870833613128578,1e+06
1784870833631403987,1e+06
1784870833677895336,1e+06
1784870834379878556,1e+06
1784870836920718284,1e+06
1784870839929293651,1e+06
1784870840445082986,1e+06
1784870840522886365,1e+06
1784870841292348093,1e+06
1784870842935237788,1e+06
1784870843366271928,1e+06
1784870843397749572,1e+06
1784870843408678316,1e+06
1784870844173076297,1e+06
1784870846737924697,1e+06
1784870847188082077,1e+06
1784870848662439771,1e+06
1784870849346374102,1e+06
1784870853982852104,1e+06
1784870860109656846,1e+06
1784870861506725557,1e+06
1784870861538880532,1e+06
1784870861562252976,1e+06
1784870861790463101,1e+06
1784870862115788094,1e+06
1784870864202565458,1e+06
1784870864558744686,1e+06
1784870865065356014,1e+06
1784870865358656957,1e+06
1784870867918256695,1e+06
1784870872456055591,1e+06
1784870874660816026,1e+06
1784870880529182377,1e+06
1784870883454205231,1e+06
1784870884019469809,1e+06
1784870885350186143,1e+06
1784870886197876532,1e+06
1784870886263395010,1e+06
1784870886348555477,1e+06
1784870886355939219,1e+06
1784870886365236636,1e+06
1784870886921502061,1e+06
1784870886921719765,1e+06
1784870887008743290,1e+06
1784870888743968156,1e+06
1784870890491434339,1e+06
1784870890496010653,1e+06
1784870891742257298,1e+06
1784870894326723374,1e+06
1784870894434801814,1e+06
1784870894460667729,1e+06
1784870894477813585,1e+06
1784870894794258343,1e+06
1784870895204330572,1e+06
1784870895557949414,1e+06
1784870896916618545,1e+06
1784870897508122767,1e+06
1784870898714953680,1e+06
1784870898816321756,1e+06
1784870898829926589,1e+06
1784870898894219312,1e+06
1784870899054269113,1e+06
1784870901242466898,1e+06
1784870901509086734,1e+06
1784870902148885426,1e+06
1784870902208847627,1e+06
1784870906528739331,1e+06
1784870907379067312,1e+06
1784870907380695729,1e+06
1784870907380910488,1e+06
1784870907383072378,1e+06
1784870907478711206,1e+06
1784870907658916079,1e+06
1784870908091668613,1e+06
1784870908393852400,1e+06
1784870908404277102,1e+06
1784870908445050229,1e+06
1784870908603408553,1e+06
1784870908946614000,1e+06
1784870908994539670,1e+06
1784870909053576938,1e+06
1784870909183149135,1e+06
1784870909647377902,1e+06
1784870910163945269,1e+06
1784870910814145277,1e+06
1784870911101114828,1e+06
1784870913141922059,1e+06
1784870914852550202,1e+06
1784870916091379407,1e+06
1784870916242127827,1e+06
1784870917834355144,1e+06
1784870918052628853,1e+06
1784870919586241747,1e+06
1784870921279115793,1e+06
1784870925332034577,1e+06
1784870927739397260,1e+06
1784870931422342921,1e+06
1784870934875020085,1e+06
1784870939137267380,1e+06
1784870946918557363,1e+06
1784870952481998264,1e+06
1784870954976179872,1e+06
1784870962565338436,1e+06
1784870966008898015,1e+06
1784870966419604198,1e+06
1784870966429175934,1e+06
1784870966443682538,1e+06
1784870966476237617,1e+06
1784870966502289739,1e+06
1784870966582930477,1e+06
1784870967247137803,1e+06
1784870967472418334,1e+06
1784870970184544564,1e+06
1784870974899190577,1e+06
1784870976454570742,1e+06
1784870977820365698,1e+06
1784870978424815849,1e+06
1784870981326512312,1e+06
1784870983987412997,1e+06
1784870984083994997,1e+06
1784870984096900847,1e+06
1784870984100332944,1e+06
1784870984106402263,1e+06
1784870984107720233,1e+06
1784870984123008231,1e+06
1784870984134375324,1e+06
1784870984274211368,1e+06
1784870984550234377,1e+06
1784870984759630180,1e+06
1784870986509923633,1e+06
1784870988584756154,1e+06
1784870992585418663,1e+06
1784870992601504171,1e+06
1784870993076680226,1e+06
1784870993442726144,1e+06
1784870994070891582,1e+06
1784870994090362000,1e+06
1784870994240109374,1e+06
1784870995070457803,1e+06
1784870995319827831,1e+06
1784870996061882872,1e+06
1784870996108637817,1e+06
1784870997450688161,1e+06
1784870999913331079,1e+06
1784871000388311313,1e+06
1784871000503096264,1e+06
1784871001286054094,1e+06
1784871001653241765,1e+06
1784871002218621270,1e+06
1784871003577507163,1e+06
1784871003904305980,1e+06
1784871004971574145,1e+06
1784871005743220209,1e+06
1784871006042251534,1e+06
1784871007167982882,1e+06
1784871008658854945,1e+06
1784871009533415625,1e+06
1784871010355439284,1e+06
1784871010869101664,1e+06
1784871011182170090,1e+06
1784871011631050511,1e+06
1784871011649771409,1e+06
1784871011706509499,1e+06
1784871011706747022,1e+06
1784871011706942845,1e+06
1784871011707135087,1e+06
1784871011707373709,1e+06
1784871011727748001,1e+06
1784871011809177440,1e+06
1784871011877147797,1e+06
1784871012004112901,1e+06
1784871012125928388,1e+06
1784871012336644286,1e+06
1784871012557364486,1e+06
1784871012701439928,1e+06
1784871013039333246,1e+06
1784871013669111948,1e+06
1784871016348227499,1e+06
1784871016522941192,1e+06
1784871016545119008,1e+06
1784871017255868448,1e+06
1784871020119530787,1e+06
1784871021576721106,1e+06
1784871023480028389,1e+06
1784871023916111183,1e+06
1784871025687085105,1e+06
1784871026263640158,1e+06
1784871027697528927,1e+06
1784871028094173568,1e+06
1784871029379268774,1e+06
1784871029945793404,1e+06
1784871030070567495,1e+06
1784871031228221167,1e+06
1784871031455166747,1e+06
1784871034749248560,1e+06
1784871035360301326,1e+06
1784871036606651287,1e+06
1784871037229564660,1e+06
1784871038051097651,1e+06
1784871038122333185,1e+06
1784871038146962401,1e+06
1784871038402123293,1e+06
1784871038865947188,1e+06
1784871039317484075,1e+06
1784871039551756197,1e+06
1784871040051048894,1e+06
1784871041581425793,1e+06
1784871041981846472,1e+06
1784871046173300892,1e+06
1784871049430007876,1e+06
1784871052335376715,1e+06
1784871055004020119,1e+06
1784871058085533756,1e+06
1784871059663900715,1e+06
1784871060117379839,1e+06
1784871061805230333,1e+06
1784871062153831845,1e+06
1784871062251787810,1e+06
1784871066171500886,1e+06
1784871067878515676,1e+06
1784871069009096109,1e+06
1784871072100625159,1e+06
1784871073261681342,1e+06
1784871075292530187,1e+06
1784871077141727938,1e+06
1784871081310766068,1e+06
1784871084116719293,1e+06
1784871085058994554,1e+06
1784871086038756581,1e+06
1784871087625855762,1e+06
1784871089217739413,1e+06
1784871092056886621,1e+06
1784871100232541031,1e+06
1784871107993817231,1e+06
1784871109673522755,1e+06
1784871109875327917,1e+06
1784871109890627163,1e+06
1784871109913471917,1e+06
1784871109955040709,1e+06
1784871110239008316,1e+06
1784871110920547962,1e+06
1784871111085493431,1e+06
1784871112867882228,1e+06
1784871114312840229,1e+06
1784871119379314031,1e+06
1784871121545424071,1e+06
1784871122686474676,1e+06
1784871124743073789,1e+06
1784871124778353239,1e+06
1784871125071884086,1e+06
1784871126975249546,1e+06
1784871127994934504,1e+06
1784871128963579563,1e+06
1784871129580174592,1e+06
1784871129606869113,1e+06
1784871130074535248,1e+06
1784871131426448788,1e+06
1784871131612863526,1e+06
1784871133800240765,1e+06
1784871134554408887,1e+06
1784871136423093056,1e+06
1784871139664245630,1e+06
1784871142959115826,1e+06
1784871145014362562,1e+06
1784871145873384059,1e+06
1784871147436273343,1e+06
1784871147471296301,1e+06
1784871147912964786,1e+06
1784871149710503535,1e+06
1784871150058334025,1e+06
1784871150875652291,1e+06
1784871152658842259,1e+06
1784871153205641983,1e+06
1784871156191662085,1e+06
1784871156296348947,1e+06
1784871157877767859,1e+06
1784871158325223969,1e+06
1784871158886478001,1e+06
1784871162292714298,1e+06
1784871163396922307,1e+06
1784871164401384603,1e+06
1784871168486507405,1e+06
1784871169878817261,1e+06
1784871170343201465,1e+06
1784871171534579881,1e+06
1784871172140713487,1e+06
1784871173169036801,1e+06
1784871173936776642,1e+06
1784871173967809675,1e+06
1784871174090117978,1e+06
1784871174508232534,1e+06
1784871175089180825,1e+06
1784871177049449899,1e+06
1784871177100518478,1e+06
1784871177104552391,1e+06
1784871177180362780,1e+06
1784871177404185730,1e+06
1784871178433786719,1e+06
1784871179889498173,1e+06
1784871181078509128,1e+06
1784871182466366826,1e+06
1784871185061248813,1e+06
1784871185198509506,1e+06
1784871187167799152,1e+06
1784871190066257527,1e+06
1784871191948819731,1e+06
1784871193570810466,1e+06
1784871194600614074,1e+06
1784871194898654661,1e+06
1784871195234909856,1e+06
1784871195385525183,1e+06
1784871195676966783,1e+06
1784871195690579445,1e+06
1784871195690766374,1e+06
1784871195696831040,1e+06
1784871195698653286,1e+06
1784871195698793282,1e+06
1784871195698924613,1e+06
1784871195708622853,1e+06
1784871195756027777,1e+06
1784871195830398713,1e+06
1784871195906951908,1e+06
1784871196064408100,1e+06
1784871196252287667,1e+06
1784871196290901634,1e+06
1784871196557002325,1e+06
1784871196928315918,1e+06
1784871196928637158,1e+06
1784871196928917976,1e+06
1784871196929168241,1e+06
1784871196929441624,1e+06
1784871196929878541,1e+06
1784871196984496455,1e+06
1784871197039412547,1e+06
1784871197372451265,1e+06
1784871198039880041,1e+06
1784871198281308186,1e+06
1784871198849252858,1e+06
1784871199022224997,1e+06
1784871199260569344,1e+06
1784871199864201330,1e+06
1784871200016507414,1e+06
1784871200340558172,1e+06
1784871200888285482,1e+06
1784871202019603541,1e+06
1784871203006322520,1e+06
1784871203239640323,1e+06
1784871203352318467,1e+06
1784871203918749511,1e+06
1784871205413387072,1e+06
1784871206047447475,1e+06
1784871207067703559,1e+06
1784871208822110729,1e+06
1784871208823923404,1e+06
1784871208869030571,1e+06
1784871208974806086,1e+06
1784871209331776006,1e+06
1784871209914420789,1e+06
1784871211081895801,1e+06
1784871214267099818,1e+06
1784871215280730452,1e+06
1784871216641815373,1e+06
1784871216641815373,1e+06
1784871216647633036,1e+06
1784871216651963454,1e+06
1784871216914451689,1e+06
1784871216915005643,1e+06
1784871216958448079,1e+06
1784871217159390699,1e+06
1784871218094478843,1e+06
1784871219611179773,1e+06
1784871219611359868,1e+06
1784871219611536329,1e+06
1784871219632054329,1e+06
1784871219890189116,1e+06
1784871220868287094,1e+06
1784871221169386474,1e+06
1784871221473672125,1e+06
1784871222206825971,1e+06
1784871225200189295,1e+06
1784871226019723786,1e+06
1784871226322881594,1e+06
1784871227484217126,1e+06
1784871227519305453,1e+06
1784871227545697414,1e+06
1784871227591403202,1e+06
1784871227866913882,1e+06
1784871228140469662,1e+06
1784871228152266272,1e+06
1784871228170518996,1e+06
1784871228176539512,1e+06
1784871228232903480,1e+06
1784871228300773192,1e+06
1784871228335101942,1e+06
1784871228365812812,1e+06
1784871228396502956,1e+06
1784871228530782483,1e+06
1784871228578887596,1e+06
1784871228674462614,1e+06
1784871228731632293,1e+06
1784871229110506575,1e+06
1784871229453141467,1e+06
1784871229471955109,1e+06
1784871229564237400,1e+06
1784871229597903632,1e+06
1784871229663472286,1e+06
1784871229905660249,1e+06
1784871233012750877,1e+06
1784871233539396999,1e+06
1784871234138681023,1e+06
1784871234739628711,1e+06
1784871234824856788,1e+06
1784871235167404243,1e+06
1784871235840140988,1e+06
1784871236234971508,1e+06
1784871237220388241,1e+06
1784871237251361295,1e+06
1784871239182225017,1e+06
1784871241065711961,1e+06
1784871241400973645,1e+06
1784871241437023037,1e+06
1784871241455571219,1e+06
1784871241469011371,1e+06
1784871241546375195,1e+06
1784871241573446627,1e+06
1784871241581436817,1e+06
1784871241613521128,1e+06
1784871241632508545,1e+06
1784871241685353501,1e+06
1784871241764749407,1e+06
1784871241832895823,1e+06
1784871241852127863,1e+06
1784871241868456216,1e+06
1784871242069694077,1e+06
1784871242116603056,1e+06
1784871242700233239,1e+06
1784871244627082085,1e+06
1784871245234935075,1e+06
1784871246489019781,1e+06
1784871247518514383,1e+06
1784871247598686564,1e+06
1784871247907837375,1e+06
1784871247908013321,1e+06
1784871248161437002,1e+06
1784871249720337307,1e+06
1784871250945040059,1e+06
1784871252074315149,1e+06
1784871255375851006,1e+06
1784871256641366790,1e+06
1784871258412459225,1e+06
1784871258643775973,1e+06
1784871259135804135,1e+06
1784871259317920151,1e+06
1784871259531173894,1e+06
1784871260060216418,1e+06
1784871262045099382,1e+06
1784871262280088763,1e+06
1784871263139412562,1e+06
1784871264440412302,1e+06
1784871265386740304,1e+06
1784871265414813560,1e+06
1784871265486071851,1e+06
1784871265612913224,1e+06
1784871265820054777,1e+06
1784871267090391272,1e+06
1784871267112378745,1e+06
1784871267127348787,1e+06
1784871267257158479,1e+06
1784871267488418095,1e+06
1784871269044517960,1e+06
1784871269908028473,1e+06
1784871270006282382,1e+06
1784871270018660072,1e+06
1784871270026984406,1e+06
1784871270041939133,1e+06
1784871270056839452,1e+06
1784871270079051832,1e+06
1784871270153194641,1e+06
1784871270265039004,1e+06
1784871270314654843,1e+06
1784871270325522933,1e+06
1784871270330928539,1e+06
1784871270335517618,1e+06
1784871270458365880,1e+06
1784871270982839377,1e+06
1784871271749739481,1e+06
1784871271756490502,1e+06
1784871271763813005,1e+06
1784871271769379523,1e+06
1784871271777762861,1e+06
1784871271788170088,1e+06
1784871271806672777,1e+06
1784871271844360297,1e+06
1784871271913241555,1e+06
1784871271963803808,1e+06
1784871272084896468,1e+06
1784871272123100430,1e+06
1784871272216151691,1e+06
1784871272815087370,1e+06
1784871274101439996,1e+06
1784871274348916039,1e+06
1784871274397213942,1e+06
1784871275772218789,1e+06
1784871276116574460,1e+06
1784871276151154912,1e+06
1784871276300249800,1e+06
1784871276739386931,1e+06
1784871277014583396,1e+06
1784871277238139318,1e+06
1784871277465718736,1e+06
1784871277872232434,1e+06
1784871279302765506,1e+06
1784871280015957620,1e+06
1784871280857102153,1e+06
1784871280865270310,1e+06
1784871280878407303,1e+06
1784871280878604980,1e+06
1784871280894939954,1e+06
1784871280901127240,1e+06
1784871280927881026,1e+06
1784871280948449248,1e+06
1784871280948631601,1e+06
1784871280956165258,1e+06
1784871280994890061,1e+06
1784871281010794009,1e+06
1784871281030369119,1e+06
1784871281045618881,1e+06
1784871281157042868,1e+06
1784871281516472159,1e+06
1784871282128326082,1e+06
1784871282698434841,1e+06
1784871284234164910,1e+06
1784871284308491426,1e+06
1784871284327404219,1e+06
1784871284480862683,1e+06
1784871284664204626,1e+06
1784871285081346295,1e+06
1784871285140687515,1e+06
1784871286064427928,1e+06
1784871286142249438,1e+06
1784871286152615241,1e+06
1784871286190317656,1e+06
1784871286213400148,1e+06
1784871286225858044,1e+06
1784871286232157216,1e+06
1784871286272910438,1e+06
1784871286325320366,1e+06
1784871286440392591,1e+06
1784871286912553402,1e+06
1784871287129263509,1e+06
1784871287726618876,1e+06
1784871287819281925,1e+06
1784871287858697695,1e+06
1784871287974878173,1e+06
1784871289126488804,1e+06
1784871290418268298,1e+06
1784871290812528226,1e+06
1784871291288333362,1e+06
1784871291887115216,1e+06
1784871292890207532,1e+06
1784871293133386706,1e+06
1784871294938521110,1e+06
1784871297998779828,1e+06
1784871299369157206,1e+06
1784871300058189419,1e+06
1784871300183691010,1e+06
1784871300200043787,1e+06
1784871300219273361,1e+06
1784871300237836715,1e+06
1784871300248440329,1e+06
1784871300286988345,1e+06
1784871300340275655,1e+06
1784871300376549613,1e+06
1784871300483071456,1e+06
1784871300566634294,1e+06
1784871300638991091,1e+06
1784871300725806988,1e+06
1784871301131719754,1e+06
1784871301902452163,1e+06
1784871302943183754,1e+06
1784871304329212316,1e+06
1784871304776410554,1e+06
1784871305886124093,1e+06
1784871305943657945,1e+06
1784871305944234143,1e+06
1784871305946180209,1e+06
1784871305953349985,1e+06
1784871305963823920,1e+06
1784871306025108697,1e+06
1784871306335563025,1e+06
1784871307049645770,1e+06
1784871307385768485,1e+06
1784871309060919775,1e+06
1784871309077242626,1e+06
1784871309091467753,1e+06
1784871309096010055,1e+06
1784871309105719864,1e+06
1784871309145957923,1e+06
1784871309666413872,1e+06
1784871310416937980,1e+06
1784871310779052204,1e+06
1784871311181884396,1e+06
1784871311318443123,1e+06
1784871311350777345,1e+06
1784871311524468874,1e+06
1784871312959656705,1e+06
1784871313232329625,1e+06
1784871313368433787,1e+06
1784871313865433474,1e+06
1784871314241906462,1e+06
1784871315010296047,1e+06
1784871315058921700,1e+06
1784871315203323597,1e+06
1784871315307985095,1e+06
1784871315739596521,1e+06
1784871316107687323,1e+06
1784871317267630893,1e+06
1784871317434402365,1e+06
1784871317536105885,1e+06
1784871317564276898,1e+06
1784871317587388647,1e+06
1784871318036035464,1e+06
1784871318867878872,1e+06
1784871319367306051,1e+06
1784871319848960265,1e+06
1784871319858628723,1e+06
1784871319865799465,1e+06
1784871319911512439,1e+06
1784871319953563711,1e+06
1784871320474385550,1e+06
1784871321074506146,1e+06
1784871321087265917,1e+06
1784871321122376788,1e+06
1784871321138726762,1e+06
1784871321139015393,1e+06
1784871321150429936,1e+06
1784871321287234220,1e+06
1784871321567155915,1e+06
1784871322121853856,1e+06
1784871322601611699,1e+06
1784871323332085637,1e+06
1784871323466499955,1e+06
1784871323997830281,1e+06
1784871324254387012,1e+06
1784871324414988562,1e+06
1784871325136037343,1e+06
1784871325271970526,1e+06
1784871325969291833,1e+06
1784871326863673190,1e+06
1784871329343127922,1e+06
1784871329903076662,1e+06
1784871331044530443,1e+06
1784871332864386166,1e+06
1784871334076970701,1e+06
1784871335219785707,1e+06
1784871335864658950,1e+06
1784871337615573300,1e+06
1784871337619826004,1e+06
1784871337681737650,1e+06
1784871337863988785,1e+06
1784871338520737019,1e+06
1784871339112286326,1e+06
1784871341296417359,1e+06
1784871341733599791,1e+06
1784871341826870624,1e+06
1784871343401646044,1e+06
1784871344193706854,1e+06
1784871345008426000,1e+06
1784871345169086116,1e+06
1784871348768861884,1e+06
1784871350176628244,1e+06
1784871351399959584,1e+06
1784871351418720908,1e+06
1784871351607517337,1e+06
1784871352686376270,1e+06
1784871354246250748,1e+06
1784871355587041927,1e+06
1784871356783653036,1e+06
1784871357834819730,1e+06
1784871360494933822,1e+06
1784871360796571842,1e+06
1784871362860720602,1e+06
1784871363584105528,1e+06
1784871364671377121,1e+06
1784871365867859466,1e+06
1784871366620266483,1e+06
1784871367046146714,1e+06
1784871367301269397,1e+06
1784871367968089421,1e+06
1784871369861258971,1e+06
1784871370843843112,1e+06
1784871371310704251,1e+06
1784871372083715545,1e+06
1784871373016224373,1e+06
1784871375700092385,1e+06
1784871377587061581,1e+06
1784871378874481685,1e+06
1784871380406043974,1e+06
1784871381237207651,1e+06
1784871382091084755,1e+06
1784871383257967232,1e+06
1784871385350839754,1e+06
1784871386213642995,1e+06
1784871388872580900,1e+06
1784871389860754105,1e+06
1784871390398262574,1e+06
1784871392280372084,1e+06
1784871393377791881,1e+06
1784871395015045344,1e+06
1784871395356730194,1e+06
1784871396763887952,1e+06
1784871396913774527,1e+06
1784871396913902021,1e+06
1784871396914143957,1e+06
1784871396914278188,1e+06
1784871397016179526,1e+06
1784871397056977388,1e+06
1784871397191289309,1e+06
1784871398154798832,1e+06
1784871399870413101,1e+06
1784871400917114476,1e+06
1784871400931154443,1e+06
1784871400953046832,1e+06
1784871400971973874,1e+06
1784871401069727275,1e+06
1784871401350480744,1e+06
1784871401375155215,1e+06
1784871401687046717,1e+06
1784871402417967121,1e+06
1784871404785319122,1e+06
1784871407410827778,1e+06
1784871409009995368,1e+06
1784871409010363330,1e+06
1784871411863376741,1e+06
1784871413277424917,1e+06
1784871414009130931,1e+06
1784871415099921905,1e+06
1784871416344491151,1e+06
1784871416408362620,1e+06
1784871416418609008,1e+06
1784871416703508622,1e+06
1784871417319322409,1e+06
1784871418006654236,1e+06
1784871419006481145,1e+06
1784871422667621405,1e+06
1784871424075295919,1e+06
1784871424605826519,1e+06
1784871426987974022,1e+06
1784871429738481532,1e+06
1784871429978149632,1e+06
1784871431389952099,1e+06
1784871431412746088,1e+06
1784871431421288943,1e+06
1784871431589931611,1e+06
1784871431875677050,1e+06
1784871432509695885,1e+06
1784871433162420065,1e+06
1784871433223773626,1e+06
1784871433895518601,1e+06
1784871435200755334,1e+06
1784871435406659725,1e+06
1784871435406849317,1e+06
1784871435416394235,1e+06
1784871435548171767,1e+06
1784871435977753744,1e+06
1784871436707052639,1e+06
1784871436733079344,1e+06
1784871436764911160,1e+06
1784871436783220406,1e+06
1784871436914576870,1e+06
1784871436915030325,1e+06
1784871436918852158,1e+06
1784871436919065647,1e+06
1784871437090087222,1e+06
1784871437149531589,1e+06
1784871437207083054,1e+06
1784871437449861138,1e+06
1784871437689028809,1e+06
1784871439573644794,1e+06
1784871442249557599,1e+06
1784871445422285964,1e+06
1784871445569745649,1e+06
1784871445733435771,1e+06
1784871446003478482,1e+06
1784871446412008747,1e+06
1784871446444711707,1e+06
1784871446561020552,1e+06
1784871446569119676,1e+06
1784871446634434011,1e+06
1784871447400352427,1e+06
1784871447443919706,1e+06
1784871447908131385,1e+06
1784871448305246850,1e+06
1784871448358010664,1e+06
1784871448677392074,1e+06
1784871449925515988,1e+06
1784871450814151945,1e+06
1784871450827579703,1e+06
1784871450920732144,1e+06
1784871451064863465,1e+06
1784871451464485229,1e+06
1784871452554676372,1e+06
1784871453121567233,1e+06
1784871453427271635,1e+06
1784871453896656877,1e+06
1784871454819825112,1e+06
1784871456034230033,1e+06
1784871456076610549,1e+06
1784871456091820815,1e+06
1784871456105034914,1e+06
1784871456136591031,1e+06
1784871456226762214,1e+06
1784871456476295423,1e+06
1784871456528568193,1e+06
1784871456735833905,1e+06
1784871457513944852,1e+06
1784871460064618195,1e+06
1784871461338675526,1e+06
1784871461395623944,1e+06
1784871462136064723,1e+06
1784871465863071181,1e+06
1784871468983962245,1e+06
1784871469069157843,1e+06
1784871469113723954,1e+06
1784871469266308678,1e+06
1784871469580170523,1e+06
1784871469715208733,1e+06
1784871470866434219,1e+06
1784871473448892931,1e+06
1784871476445817775,1e+06
1784871479115632449,1e+06
1784871481481683315,1e+06
1784871483083842431,1e+06
1784871483175745518,1e+06
1784871483209103602,1e+06
1784871483278839069,1e+06
1784871483546601631,1e+06
1784871484516775468,1e+06
1784871485341419298,1e+06
1784871485770277147,1e+06
1784871487425819323,1e+06
1784871488979668311,1e+06
1784871490298298676,1e+06
1784871491124534107,1e+06
1784871491146818660,1e+06
1784871491156413057,1e+06
1784871491168476774,1e+06
1784871491177260606,1e+06
1784871491213002254,1e+06
1784871491296667484,1e+06
1784871491446959402,1e+06
1784871491454768341,1e+06
1784871491460038102,1e+06
1784871491619996167,1e+06
1784871491749515031,1e+06
1784871491940036024,1e+06
1784871492352778234,1e+06
1784871492584752025,1e+06
1784871492817238350,1e+06
1784871492830361205,1e+06
1784871492851916694,1e+06
1784871492872353584,1e+06
1784871492883204581,1e+06
1784871492904498372,1e+06
1784871492914695839,1e+06
1784871492935463382,1e+06
1784871492959552199,1e+06
1784871492975324407,1e+06
1784871493010253297,1e+06
1784871493022357749,1e+06
1784871493026418808,1e+06
1784871493066886188,1e+06
1784871493196073728,1e+06
1784871493481538326,1e+06
1784871493966401994,1e+06
1784871496125459691,1e+06
1784871496257639413,1e+06
1784871496351593172,1e+06
1784871496603545315,1e+06
1784871497072747553,1e+06
1784871498309348273,1e+06
1784871498338814630,1e+06
1784871498360360149,1e+06
1784871498861820539,1e+06
1784871499377218060,1e+06
1784871499540250119,1e+06
1784871499625762952,1e+06
1784871499888508350,1e+06
1784871500867652678,1e+06
1784871501865830874,1e+06
1784871503627015720,1e+06
1784871503833048554,1e+06
1784871503932242331,1e+06
1784871504320486671,1e+06
1784871505861760705,1e+06
1784871507996558612,1e+06
1784871509252017746,1e+06
1784871509270474277,1e+06
1784871509273939759,1e+06
1784871509274182379,1e+06
1784871509275793234,1e+06
1784871509280913447,1e+06
1784871509283106161,1e+06
1784871509293052277,1e+06
1784871509300126378,1e+06
1784871509315116139,1e+06
1784871509326354568,1e+06
1784871509337858089,1e+06
1784871509423413449,1e+06
1784871509470396119,1e+06
1784871509489593170,1e+06
1784871509845875682,1e+06
1784871510669683372,1e+06
1784871510723887014,1e+06
1784871511397456555,1e+06
1784871512781353585,1e+06
1784871513160089814,1e+06
1784871514132500302,1e+06
1784871514511514157,1e+06
1784871515615204015,1e+06
1784871515889548722,1e+06
1784871517154151253,1e+06
1784871517640837294,1e+06
1784871518696819123,1e+06
1784871518873268010,1e+06
1784871519063946054,1e+06
1784871519073625277,1e+06
1784871519077423290,1e+06
1784871519155495381,1e+06
1784871519226753942,1e+06
1784871520786228696,1e+06
1784871521241005143,1e+06
1784871521384863695,1e+06
1784871523022767199,1e+06
1784871523028541032,1e+06
1784871523042712350,1e+06
1784871523056301040,1e+06
1784871523070909357,1e+06
1784871523090401103,1e+06
1784871523177020327,1e+06
1784871523224229951,1e+06
1784871523353437423,1e+06
1784871524132647251,1e+06
1784871525666921567,1e+06
1784871525820731549,1e+06
1784871526091428049,1e+06
1784871526267431064,1e+06
1784871526394300071,1e+06
1784871526418528333,1e+06
1784871526547417796,1e+06
1784871526574987406,1e+06
1784871526715141237,1e+06
1784871526736276915,1e+06
1784871526914243863,1e+06
1784871526998598639,1e+06
1784871527138382094,1e+06
1784871527182884934,1e+06
1784871527294731945,1e+06
1784871527339519615,1e+06
1784871527594422504,1e+06
1784871527750864879,1e+06
1784871528376285972,1e+06
1784871528537538873,1e+06
1784871529016753496,1e+06
1784871529553530068,1e+06
1784871530687003982,1e+06
1784871530694252712,1e+06
1784871530729211251,1e+06
1784871530829557362,1e+06
1784871530859161013,1e+06
1784871531130184663,1e+06
1784871532044099317,1e+06
1784871532045987408,1e+06
1784871532047938200,1e+06
1784871532056283775,1e+06
1784871532064925301,1e+06
1784871532065179002,1e+06
1784871532077779760,1e+06
1784871532191619339,1e+06
1784871532206898564,1e+06
1784871532409245564,1e+06
1784871532525410973,1e+06
1784871532551921767,1e+06
1784871532571962145,1e+06
1784871532572150936,1e+06
1784871532574993500,1e+06
1784871532575164677,1e+06
1784871532591684186,1e+06
1784871532591847404,1e+06
1784871532602722018,1e+06
1784871532667279409,1e+06
1784871532710075742,1e+06
1784871532732645786,1e+06
1784871532743214302,1e+06
1784871532841560332,1e+06
1784871533019837283,1e+06
1784871533135512303,1e+06
1784871533173218374,1e+06
1784871533460624791,1e+06
1784871533891863157,1e+06
1784871534424149402,1e+06
1784871534628702743,1e+06
1784871534849280890,1e+06
1784871535131598410,1e+06
1784871535293646019,1e+06
1784871535551998890,1e+06
1784871535558865008,1e+06
1784871535595978177,1e+06
1784871535731657775,1e+06
1784871535748473159,1e+06
1784871535765277586,1e+06
1784871535791893195,1e+06
1784871536041244802,1e+06
1784871536349327345,1e+06
1784871537822511555,1e+06
1784871537875339470,1e+06
1784871537891586156,1e+06
1784871538873660542,1e+06
1784871539157350451,1e+06
1784871539173717072,1e+06
1784871539321119592,1e+06
1784871539530233184,1e+06
1784871539840363260,1e+06
1784871540092225223,1e+06
1784871540356450455,1e+06
1784871540358229124,1e+06
1784871540363577590,1e+06
1784871540829448467,1e+06
1784871541043015624,1e+06
1784871541076144904,1e+06
1784871541140439003,1e+06
1784871542046308971,1e+06
1784871542054849046,1e+06
1784871542071650521,1e+06
1784871542320088676,1e+06
1784871542327635086,1e+06
1784871542335682485,1e+06
1784871542340510664,1e+06
1784871542349868345,1e+06
1784871542472009968,1e+06
1784871542520004962,1e+06
1784871542914674963,1e+06
1784871542925006902,1e+06
1784871542957800415,1e+06
1784871543048315567,1e+06
1784871543142131895,1e+06
1784871543485322918,1e+06
1784871544253521751,1e+06
1784871544799531351,1e+06
1784871544815833822,1e+06
1784871544820360966,1e+06
1784871544841616337,1e+06
1784871544859282021,1e+06
1784871544941888047,1e+06
1784871545134380178,1e+06
1784871546695018725,1e+06
1784871547213049720,1e+06
1784871547232251138,1e+06
1784871547244660654,1e+06
1784871547392003089,1e+06
1784871547854731049,1e+06
1784871548017538381,1e+06
1784871548362635136,1e+06
1784871548538548805,1e+06
1784871548577920507,1e+06
1784871548581794224,1e+06
1784871548630810644,1e+06
1784871548846463459,1e+06
1784871549024974550,1e+06
1784871549799691139,1e+06
1784871550058415160,1e+06
1784871551491219919,1e+06
1784871551857377186,1e+06
1784871552021049974,1e+06
1784871552873142609,1e+06
1784871554735399772,1e+06
1784871554829628312,1e+06
1784871555542732877,1e+06
1784871556136413267,1e+06
1784871556170227168,1e+06
1784871556191791756,1e+06
1784871556211347696,1e+06
1784871556240505014,1e+06
1784871556460532017,1e+06
1784871556555458681,1e+06
1784871556561956286,1e+06
1784871557019289359,1e+06
1784871557861358133,1e+06
1784871559006655149,1e+06
1784871559293615801,1e+06
1784871559953141951,1e+06
1784871561486923321,1e+06
1784871561499847585,1e+06
1784871561519372602,1e+06
1784871561530131196,1e+06
1784871561558281324,1e+06
1784871561651519925,1e+06
1784871561782955272,1e+06
1784871561981864196,1e+06
1784871562010533573,1e+06
1784871562665460860,1e+06
1784871563184621590,1e+06
1784871563606981400,1e+06
1784871564048442668,1e+06
1784871564930941524,1e+06
1784871566634927547,1e+06
1784871567051341671,1e+06
1784871568128978969,1e+06
1784871569546956385,1e+06
1784871569906093340,1e+06
1784871574405702736,1e+06
1784871576909204263,1e+06
1784871577736151759,1e+06
1784871579338355568,1e+06
1784871582968378247,1e+06
1784871583338501434,1e+06
1784871584540363155,1e+06
1784871586180505361,1e+06
1784871592231662793,1e+06
1784871592236585589,1e+06
1784871592241225059,1e+06
1784871592245794829,1e+06
1784871592251977284,1e+06
1784871592460723936,1e+06
1784871592667813591,1e+06
1784871592891639318,1e+06
1784871593269049982,1e+06
1784871593279242253,1e+06
1784871593279443452,1e+06
1784871593292847065,1e+06
1784871593301027989,1e+06
1784871593343872683,1e+06
1784871593421991378,1e+06
1784871593731973826,1e+06
1784871593999104093,1e+06
1784871595168492661,1e+06
1784871596026737748,1e+06
1784871597558761927,1e+06
1784871597579298568,1e+06
1784871597904507427,1e+06
1784871599314827021,1e+06
1784871599868796669,1e+06
1784871599881443232,1e+06
1784871599895341663,1e+06
1784871599914148553,1e+06
1784871600026242051,1e+06
1784871600235067397,1e+06
1784871600492497677,1e+06
1784871601073698874,1e+06
1784871602128869245,1e+06
1784871602910432816,1e+06
1784871603179293005,1e+06
1784871603956435135,1e+06
1784871604900987566,1e+06
1784871605352763216,1e+06
1784871606341455830,1e+06
1784871606780639823,1e+06
1784871607410489366,1e+06
1784871607509829290,1e+06
1784871607521606127,1e+06
1784871607539047153,1e+06
1784871607730430394,1e+06
1784871608288321480,1e+06
1784871608507289503,1e+06
1784871611558732130,1e+06
1784871611575289794,1e+06
1784871612112775508,1e+06
1784871612507250307,1e+06
1784871612824907168,1e+06
1784871614100350534,1e+06
1784871614773910569,1e+06
1784871615301433427,1e+06
1784871615775726837,1e+06
1784871616520014071,1e+06
1784871617564558543,1e+06
1784871617912853732,1e+06
1784871617990387419,1e+06
1784871620124192603,1e+06
1784871620269662678,1e+06
1784871620755017091,1e+06
1784871621396186403,1e+06
1784871621447409457,1e+06
1784871621786584286,1e+06
1784871621850841261,1e+06
1784871621871504056,1e+06
1784871621894347157,1e+06
1784871621929160181,1e+06
1784871622007362980,1e+06
1784871623909227478,1e+06
1784871626582879133,1e+06
1784871627132349623,1e+06
1784871627734258885,1e+06
1784871629141506211,1e+06
1784871629288492845,1e+06
1784871629818919359,1e+06
1784871631473410718,1e+06
1784871632203657108,1e+06
1784871632992438159,1e+06
1784871634497859036,1e+06
1784871634707938622,1e+06
1784871634837058740,1e+06
1784871635033353775,1e+06
1784871635130419852,1e+06
1784871636291330728,1e+06
1784871637252058461,1e+06
1784871637716307150,1e+06
1784871639352820575,1e+06
1784871639855348696,1e+06
1784871641035166671,1e+06
1784871642708343943,1e+06
1784871643508814375,1e+06
1784871644608855678,1e+06
1784871646308605786,1e+06
1784871647571538923,1e+06
1784871647781634933,1e+06
1784871648141035848,1e+06
1784871648452171398,1e+06
1784871648466714524,1e+06
1784871648513415227,1e+06
1784871648620226022,1e+06
1784871649157245676,1e+06
1784871649305213644,1e+06
1784871650836436873,1e+06
1784871653467776028,1e+06
1784871653559832033,1e+06
1784871655524955511,1e+06
1784871655542158942,1e+06
1784871655868290627,1e+06
1784871655874366563,1e+06
1784871655887110117,1e+06
1784871655895388469,1e+06
1784871656151157683,1e+06
1784871656162568252,1e+06
1784871656177011289,1e+06
1784871656238303424,1e+06
1784871656306573229,1e+06
1784871656382499183,1e+06
1784871657158591515,1e+06
1784871657997131291,1e+06
1784871658334828318,1e+06
1784871659187305198,1e+06
1784871659480107007,1e+06
1784871659942838243,1e+06
1784871660707554019,1e+06
1784871660814723825,1e+06
1784871661288848632,1e+06
1784871661543706302,1e+06
1784871662021095822,1e+06
1784871662117038401,1e+06
1784871662562743201,1e+06
1784871663384353749,1e+06
1784871664269404950,1e+06
1784871664279493060,1e+06
1784871664860333788,1e+06
1784871665727869645,1e+06
1784871667217119773,1e+06
1784871667860239270,1e+06
1784871668373350139,1e+06
1784871669273003949,1e+06
1784871669461559396,1e+06
1784871670411333272,1e+06
1784871671058575406,1e+06
1784871672884357422,1e+06
1784871673102490248,1e+06
1784871673832536777,1e+06
1784871675124599032,1e+06
1784871676159223867,1e+06
1784871677808249494,1e+06
1784871679516443542,1e+06
1784871680039478228,1e+06
1784871680057131489,1e+06
1784871680077148777,1e+06
1784871680135051488,1e+06
1784871681325240026,1e+06
1784871681950845914,1e+06
1784871682177391687,1e+06
1784871683733986593,1e+06
1784871687270395295,1e+06
1784871687483463330,1e+06
1784871687735515842,1e+06
1784871689067851348,1e+06
1784871690175142245,1e+06
1784871690547285940,1e+06
1784871692604002943,1e+06
1784871693802233778,1e+06
1784871695409379648,1e+06
1784871698218520473,1e+06
1784871698706164652,1e+06
1784871700842503011,1e+06
1784871700928977759,1e+06
1784871701083591293,1e+06
1784871701444975742,1e+06
1784871705844710328,1e+06
1784871708667412635,1e+06
1784871711579876158,1e+06
1784871714422434919,1e+06
1784871714445017084,1e+06
1784871715475905892,1e+06
1784871716589070632,1e+06
1784871718338751127,1e+06
1784871718354591835,1e+06
1784871718967452622,1e+06
1784871718975539516,1e+06
1784871719004645264,1e+06
1784871719015595638,1e+06
1784871719268518138,1e+06
1784871719486275758,1e+06
1784871719982117276,1e+06
1784871722069280132,1e+06
1784871723130895405,1e+06
1784871723210845766,1e+06
1784871724309908214,1e+06
1784871724899745721,1e+06
1784871724904488583,1e+06
1784871724920673254,1e+06
1784871724924581385,1e+06
1784871724939764311,1e+06
1784871724993741574,1e+06
1784871725084705453,1e+06
1784871725961220408,1e+06
1784871727069620155,1e+06
1784871730675421547,1e+06
1784871732349291967,1e+06
1784871733820456414,1e+06
1784871734331406481,1e+06
1784871734769359010,1e+06
1784871735332720247,1e+06
1784871735370717519,1e+06
1784871735377057662,1e+06
1784871735410400229,1e+06
1784871735468328663,1e+06
1784871735515336124,1e+06
1784871735986670039,1e+06
1784871736334371453,1e+06
1784871738456956905,1e+06
1784871740850855889,1e+06
1784871743194312784,1e+06
1784871743571372758,1e+06
1784871743624540682,1e+06
1784871743686017257,1e+06
1784871743743372330,1e+06
1784871743850339227,1e+06
1784871743920955189,1e+06
1784871743996934424,1e+06
1784871744545636496,1e+06
1784871745167147386,1e+06
1784871745194013071,1e+06
1784871745863835441,1e+06
1784871746970413740,1e+06
1784871747085506291,1e+06
1784871747419489139,1e+06
1784871750051173609,1e+06
1784871750398588456,1e+06
1784871750459997333,1e+06
1784871750581161965,1e+06
1784871750620572802,1e+06
1784871750642727302,1e+06
1784871750746673474,1e+06
1784871751029271053,1e+06
1784871751083041547,1e+06
1784871751104668180,1e+06
1784871751105150886,1e+06
1784871751129599389,1e+06
1784871751288303141,1e+06
1784871751453315794,1e+06
1784871751487694837,1e+06
1784871751517847654,1e+06
1784871751533363432,1e+06
1784871751632890048,1e+06
1784871751774782436,1e+06
1784871751948210051,1e+06
1784871751969876357,1e+06
1784871751981005949,1e+06
1784871751998270840,1e+06
1784871752974767190,1e+06
1784871753023207719,1e+06
1784871753050098880,1e+06
1784871753079893181,1e+06
1784871753150667334,1e+06
1784871753611481913,1e+06
1784871754450573802,1e+06
1784871754713158972,1e+06
1784871754865607414,1e+06
1784871755012989341,1e+06
1784871755166789787,1e+06
1784871755474132455,1e+06
1784871755776385326,1e+06
1784871755935895314,1e+06
1784871756928536680,1e+06
1784871756947615681,1e+06
1784871756965442305,1e+06
1784871756981245246,1e+06
1784871757005055291,1e+06
1784871757038791392,1e+06
1784871757606572816,1e+06
1784871758290763115,1e+06
1784871758360807793,1e+06
1784871758459513428,1e+06
1784871759013635973,1e+06
1784871759026690272,1e+06
1784871759846443141,1e+06
1784871760606225380,1e+06
1784871760867262384,1e+06
1784871761296551554,1e+06
1784871761460608987,1e+06
1784871762684916631,1e+06
1784871765772229685,1e+06
1784871766907912411,1e+06
1784871767129761447,1e+06
1784871768483116231,1e+06
1784871770124456686,1e+06
1784871770144511683,1e+06
1784871770168142089,1e+06
1784871770284697508,1e+06
1784871770337771290,1e+06
1784871771088200419,1e+06
1784871772491977081,1e+06
1784871772525175506,1e+06
1784871772665740098,1e+06
1784871772817846195,1e+06
1784871775087329894,1e+06
1784871775863262970,1e+06
1784871776674539839,1e+06
1784871777281275185,1e+06
1784871777296649102,1e+06
1784871777462739536,1e+06
1784871778090295223,1e+06
1784871779029086875,1e+06
1784871780314945507,1e+06
1784871780337051071,1e+06
1784871780535483609,1e+06
1784871780730603678,1e+06
1784871781004329753,1e+06
1784871781227330075,1e+06
1784871781834428739,1e+06
1784871782105569961,1e+06
1784871782219014452,1e+06
1784871782733306931,1e+06
1784871783333463825,1e+06
1784871784698884354,1e+06
1784871784784897109,1e+06
1784871784974400251,1e+06
1784871785274484752,1e+06
1784871785579833748,1e+06
1784871785913656112,1e+06
1784871786672518713,1e+06
1784871786690962649,1e+06
1784871787210060588,1e+06
1784871788475576043,1e+06
1784871789484875699,1e+06
1784871789649140500,1e+06
1784871791000713854,1e+06
1784871791333274895,1e+06
1784871791562865117,1e+06
1784871791631359793,1e+06
1784871791734771532,1e+06
1784871791927012605,1e+06
1784871791940942044,1e+06
1784871792731179795,1e+06
1784871792947060197,1e+06
1784871793197977801,1e+06
1784871793247196250,1e+06
1784871793463409293,1e+06
1784871793696945804,1e+06
1784871793851699267,1e+06
1784871794091107756,1e+06
1784871794214553940,1e+06
1784871794319909433,1e+06
1784871794633573925,1e+06
1784871794959458526,1e+06
1784871795127563030,1e+06
1784871795551841896,1e+06
1784871795592013231,1e+06
1784871795967310147,1e+06
1784871796103338160,1e+06
1784871796103650246,1e+06
1784871796104738214,1e+06
1784871796154502949,1e+06
1784871796344903824,1e+06
1784871797126820644,1e+06
1784871797340120409,1e+06
1784871798331095226,1e+06
1784871798569911362,1e+06
1784871798630344518,1e+06
1784871798722536386,1e+06
1784871798816532259,1e+06
1784871799228435690,1e+06
1784871799423597819,1e+06
1784871799625236489,1e+06
1784871800511386104,1e+06
1784871801575759329,1e+06
1784871804346503037,1e+06
1784871806575645583,1e+06
1784871806596768709,1e+06
1784871806613030508,1e+06
1784871806621667592,1e+06
1784871806641971154,1e+06
1784871806666343125,1e+06
1784871806738154127,1e+06
1784871806766916932,1e+06
1784871806930782475,1e+06
1784871806947903563,1e+06
1784871807241343307,1e+06
1784871807676755161,1e+06
1784871807946479125,1e+06
1784871807952452032,1e+06
1784871807961601308,1e+06
1784871808016616917,1e+06
1784871808117150469,1e+06
1784871808542866672,1e+06
1784871808920338584,1e+06
1784871809087648030,1e+06
1784871809850833622,1e+06
1784871809972449695,1e+06
1784871810097987848,1e+06
1784871810098357124,1e+06
1784871810734503381,1e+06
1784871811999626087,1e+06
1784871812767482672,1e+06
1784871813494713762,1e+06
1784871813966564628,1e+06
1784871815263995237,1e+06
1784871815346213397,1e+06
1784871815933651754,1e+06
1784871816903936418,1e+06
1784871818233494300,1e+06
1784871820617772709,1e+06
1784871823720437545,1e+06
1784871823991822376,1e+06
1784871824037471857,1e+06
1784871824041153699,1e+06
1784871824112680172,1e+06
1784871824798805760,1e+06
1784871826337992086,1e+06
1784871826361063528,1e+06
1784871828559982896,1e+06
1784871829898502306,1e+06
1784871830293062764,1e+06
1784871830732063434,1e+06
1784871831141161626,1e+06
1784871831144093195,1e+06
1784871831146925928,1e+06
1784871831153909954,1e+06
1784871831161413759,1e+06
1784871831161662767,1e+06
1784871831165135790,1e+06
1784871831176721694,1e+06
1784871831188941427,1e+06
1784871831299647606,1e+06
1784871831336023355,1e+06
1784871831557035611,1e+06
1784871831657842992,1e+06
1784871831865891227,1e+06
1784871832200803187,1e+06
1784871832438455931,1e+06
1784871832772529771,1e+06
1784871833362842389,1e+06
1784871834064623680,1e+06
1784871834072717825,1e+06
1784871834111025393,1e+06
1784871834143989494,1e+06
1784871834230232562,1e+06
1784871834472115079,1e+06
1784871835322567399,1e+06
1784871836710405908,1e+06
1784871837858272432,1e+06
1784871838003067268,1e+06
1784871838010018278,1e+06
1784871838018949408,1e+06
1784871838027944522,1e+06
1784871838312272412,1e+06
1784871838354482882,1e+06
1784871838460656095,1e+06
1784871838470868160,1e+06
1784871838685235453,1e+06
1784871838782827078,1e+06
1784871839042771873,1e+06
1784871839206636127,1e+06
1784871839584947965,1e+06
1784871840344550771,1e+06
1784871840467837606,1e+06
1784871840971286854,1e+06
1784871841342081731,1e+06
1784871841738448821,1e+06
1784871842605323036,1e+06
1784871842915440172,1e+06
1784871842967409823,1e+06
1784871843224080207,1e+06
1784871844530837709,1e+06
1784871844537671335,1e+06
1784871845648811852,1e+06
1784871846320484653,1e+06
1784871846911448401,1e+06
1784871847054680002,1e+06
1784871848706216187,1e+06
1784871848790354018,1e+06
1784871848861189269,1e+06
1784871848867855323,1e+06
1784871849053706757,1e+06
1784871849116978742,1e+06
1784871849145142074,1e+06
1784871849165468542,1e+06
1784871849210205550,1e+06
1784871849231644965,1e+06
1784871849257823710,1e+06
1784871849338848243,1e+06
1784871849518854262,1e+06
1784871849700532931,1e+06
1784871849731424863,1e+06
1784871850200129253,1e+06
1784871850941891177,1e+06
1784871850984884693,1e+06
1784871851222465287,1e+06
1784871851278717677,1e+06
1784871851380308816,1e+06
1784871851402527654,1e+06
1784871851407356876,1e+06
1784871851409970783,1e+06
1784871851500337739,1e+06
1784871851556801047,1e+06
1784871851651847343,1e+06
1784871851831643815,1e+06
1784871852309196254,1e+06
1784871852794095596,1e+06
1784871854177476231,1e+06
1784871856244007939,1e+06
1784871858360161908,1e+06
1784871858774703491,1e+06
1784871858804491415,1e+06
1784871858862529958,1e+06
1784871858918543427,1e+06
1784871859163345001,1e+06
1784871859757724073,1e+06
1784871859778666622,1e+06
1784871859803828434,1e+06
1784871859982684690,1e+06
1784871860592094303,1e+06
1784871860906413866,1e+06
1784871861395243575,1e+06
1784871863388307802,1e+06
1784871865649923489,1e+06
1784871867168354468,1e+06
1784871867183510410,1e+06
1784871867260732487,1e+06
1784871867616284897,1e+06
1784871868059825293,1e+06
1784871868341697782,1e+06
1784871868908512867,1e+06
1784871869119460142,1e+06
1784871869367767905,1e+06
1784871871316549953,1e+06
1784871872018715954,1e+06
1784871875909529875,1e+06
1784871878713512285,1e+06
1784871880025308438,1e+06
1784871882081388041,1e+06
1784871882329100458,1e+06
1784871882579156356,1e+06
1784871883964398510,1e+06
1784871884165560993,1e+06
1784871885225770898,1e+06
1784871886224406378,1e+06
1784871886249246601,1e+06
1784871886324991960,1e+06
1784871886340786383,1e+06
1784871886928940394,1e+06
1784871886929090841,1e+06
1784871886929224708,1e+06
1784871886929333188,1e+06
1784871886929402745,1e+06
1784871886929402745,1e+06
1784871886929402745,1e+06
1784871886932353033,1e+06
1784871886932464986,1e+06
1784871886932753658,1e+06
1784871886981690398,1e+06
1784871887030357097,1e+06
1784871887067894738,1e+06
1784871887109940335,1e+06
1784871887292850212,1e+06
1784871887542725813,1e+06
1784871887746590305,1e+06
1784871887876539664,1e+06
1784871888194887455,1e+06
1784871888378919309,1e+06
1784871888634892951,1e+06
1784871888772883602,1e+06
1784871888785935903,1e+06
1784871889151711622,1e+06
1784871889830641176,1e+06
1784871889873839275,1e+06
1784871890478016610,1e+06
1784871890980540226,1e+06
1784871892531029137,1e+06
1784871892543289940,1e+06
1784871892543468115,1e+06
1784871892543738863,1e+06
1784871892552216299,1e+06
1784871892552475074,1e+06
1784871892558302054,1e+06
1784871892567846251,1e+06
1784871892576121640,1e+06
1784871892615681949,1e+06
1784871892639922898,1e+06
1784871892698655537,1e+06
1784871892780575045,1e+06
1784871892813279396,1e+06
1784871892827395279,1e+06
1784871892871676805,1e+06
1784871892949322188,1e+06
1784871892962650549,1e+06
1784871893269899147,1e+06
1784871893521659801,1e+06
1784871893670094902,1e+06
1784871893754684907,1e+06
1784871893831454937,1e+06
1784871894589272763,1e+06
1784871895537255448,1e+06
1784871895540264710,1e+06
1784871895540697096,1e+06
1784871895545190449,1e+06
1784871895545613308,1e+06
1784871895548929186,1e+06
1784871895683671901,1e+06
1784871895698130551,1e+06
1784871895715079531,1e+06
1784871895768988619,1e+06
1784871895878988860,1e+06
1784871895984726527,1e+06
1784871896126351716,1e+06
1784871896279014564,1e+06
1784871896361428317,1e+06
1784871896531622763,1e+06
1784871896710783993,1e+06
1784871897519673972,1e+06
1784871898052603981,1e+06
1784871898461601313,1e+06
1784871898497638566,1e+06
1784871898503988226,1e+06
1784871898515157610,1e+06
1784871898525690338,1e+06
1784871898533034969,1e+06
1784871898561574630,1e+06
1784871898598654975,1e+06
1784871898671950518,1e+06
1784871898755939307,1e+06
1784871898801950020,1e+06
1784871898840630138,1e+06
1784871898904361286,1e+06
1784871899028169783,1e+06
1784871899103224126,1e+06
1784871899251489610,1e+06
1784871899286857514,1e+06
1784871899328395316,1e+06
1784871899723628799,1e+06
1784871900096657291,1e+06
1784871900110913268,1e+06
1784871900591888245,1e+06
1784871901316874368,1e+06
1784871901531780645,1e+06
1784871901859396995,1e+06
1784871902003704762,1e+06
1784871902163125708,1e+06
1784871902371785269,1e+06
1784871904722906986,1e+06
1784871907537559538,1e+06
1784871907647431692,1e+06
1784871907860281231,1e+06
1784871908230676737,1e+06
1784871909017004203,1e+06
1784871909461322120,1e+06
1784871909634929801,1e+06
1784871909874897900,1e+06
1784871910229755735,1e+06
1784871911470189810,1e+06
1784871911743227153,1e+06
1784871911774537086,1e+06
1784871911785971556,1e+06
1784871911817165976,1e+06
1784871911896635579,1e+06
1784871912003359833,1e+06
1784871912356531996,1e+06
1784871912933992534,1e+06
1784871913196775705,1e+06
1784871913731375791,1e+06
1784871915070513924,1e+06
1784871915777405872,1e+06
1784871916316022706,1e+06
1784871917582914983,1e+06
1784871917597232957,1e+06
1784871917622640377,1e+06
1784871917627328725,1e+06
1784871917652423227,1e+06
1784871917756947930,1e+06
1784871917854616805,1e+06
1784871918090636191,1e+06
1784871918644329471,1e+06
1784871918651836208,1e+06
1784871918802809042,1e+06
1784871918811705698,1e+06
1784871918886223681,1e+06
1784871919020887031,1e+06
1784871919922943086,1e+06
1784871920079817194,1e+06
1784871920098653169,1e+06
1784871920156098955,1e+06
1784871920160542924,1e+06
1784871920178534358,1e+06
1784871920284645099,1e+06
1784871920337154272,1e+06
1784871920431674324,1e+06
1784871920489040656,1e+06
1784871920568594048,1e+06
1784871920644937709,1e+06
1784871920791292790,1e+06
1784871920945151394,1e+06
1784871921028482337,1e+06
1784871921138509807,1e+06
1784871921251690856,1e+06
1784871921479113610,1e+06
1784871921635335941,1e+06
1784871921896494180,1e+06
1784871922087368974,1e+06
1784871923440174214,1e+06
1784871925014918040,1e+06
1784871925818797742,1e+06
1784871932813027538,1e+06
1784871935509563523,1e+06
1784871936009479623,1e+06
1784871936505290226,1e+06
1784871936905477218,1e+06
1784871936905888542,1e+06
1784871936943058474,1e+06
1784871936993454645,1e+06
1784871937020588830,1e+06
1784871937026943165,1e+06
1784871937042950835,1e+06
1784871937113597986,1e+06
1784871937355519333,1e+06
1784871937596878932,1e+06
1784871938204230989,1e+06
1784871938531893236,1e+06
1784871941211343408,1e+06
1784871941597124596,1e+06
1784871943064532081,1e+06
1784871945221975092,1e+06
1784871946146211343,1e+06
1784871946663589423,1e+06
1784871946942161154,1e+06
1784871947192850124,1e+06
1784871947227475212,1e+06
1784871947603081671,1e+06
1784871951264218999,1e+06
1784871951943046682,1e+06
1784871952358755516,1e+06
1784871953825526032,1e+06
1784871955338739904,1e+06
1784871956910296959,1e+06
1784871958597523393,1e+06
1784871963953369219,1e+06
1784871964291620572,1e+06
1784871965476521777,1e+06
1784871969054305532,1e+06
1784871971756355235,1e+06
1784871974971506587,1e+06
1784871975093621166,1e+06
1784871975110445081,1e+06
1784871975180144683,1e+06
1784871976033224329,1e+06
1784871977785789524,1e+06
1784871982360069292,1e+06
1784871984159766288,1e+06
1784871986083837094,1e+06
1784871988223234084,1e+06
1784871991474526561,1e+06
1784871991766557466,1e+06
1784871991889850762,1e+06
1784871991908316978,1e+06
1784871991924701035,1e+06
1784871991937885149,1e+06
1784871991950775520,1e+06
1784871991969517390,1e+06
1784871992038363991,1e+06
1784871992085090230,1e+06
1784871992160735930,1e+06
1784871992443439264,1e+06
1784871993215574919,1e+06
1784871994939118737,1e+06
1784871995399022503,1e+06
1784871996378441576,1e+06
1784871997136119496,1e+06
1784871997417735297,1e+06
1784871998159482543,1e+06
1784871998989776974,1e+06
1784871999541049380,1e+06
1784872001334409580,1e+06
1784872002085206964,1e+06
1784872003694323687,1e+06
1784872004783679567,1e+06
1784872005692896292,1e+06
1784872007489272307,1e+06
1784872007929748670,1e+06
1784872008629923636,1e+06
1784872009732608202,1e+06
1784872011196137511,1e+06
1784872015645748245,1e+06
1784872017046495265,1e+06
1784872017561516565,1e+06
1784872019384515511,1e+06
1784872021043285943,1e+06
1784872021054250763,1e+06
1784872021069796930,1e+06
1784872021374145564,1e+06
1784872021973504034,1e+06
1784872021985667193,1e+06
1784872022541151926,1e+06
1784872023856138591,1e+06
1784872023866609839,1e+06
1784872023872641997,1e+06
1784872024280238152,1e+06
1784872024759513549,1e+06
1784872024777266008,1e+06
1784872024784251073,1e+06
1784872024808107891,1e+06
1784872024834539876,1e+06
1784872024877966681,1e+06
1784872024929628490,1e+06
1784872025147749162,1e+06
1784872025474164243,1e+06
1784872026288521954,1e+06
1784872026545364717,1e+06
1784872027527700111,1e+06
1784872028981489781,1e+06
1784872030004387090,1e+06
1784872031278274036,1e+06
1784872033483386482,1e+06
1784872033650015169,1e+06
1784872033727497262,1e+06
1784872033745966407,1e+06
1784872033789706009,1e+06
1784872033867781433,1e+06
1784872033892234039,1e+06
1784872034196808567,1e+06
1784872034866213067,1e+06
1784872035590619123,1e+06
1784872035820056201,1e+06
1784872036059751613,1e+06
1784872036205056985,1e+06
1784872037111715946,1e+06
1784872039455239142,1e+06
1784872042235577218,1e+06
1784872042795036892,1e+06
1784872042802790869,1e+06
1784872043872230480,1e+06
1784872044284994046,1e+06
1784872044293825992,1e+06
1784872044349886981,1e+06
1784872044574889662,1e+06
1784872045104249193,1e+06
1784872045114211573,1e+06
1784872045118249760,1e+06
1784872045120861852,1e+06
1784872045127968395,1e+06
1784872045150643377,1e+06
1784872045187162139,1e+06
1784872045344911981,1e+06
1784872045634420918,1e+06
1784872046227688300,1e+06
1784872047011171766,1e+06
1784872047283284291,1e+06
1784872048201059315,1e+06
1784872048220367236,1e+06
1784872048297602189,1e+06
1784872048445812712,1e+06
1784872048450402611,1e+06
1784872048514540794,1e+06
1784872048725216982,1e+06
1784872050224823487,1e+06
1784872051200819851,1e+06
1784872052117630040,1e+06
1784872052915855747,1e+06
1784872055913250791,1e+06
1784872059987713034,1e+06
1784872060197813923,1e+06
1784872060545012561,1e+06
1784872060612435667,1e+06
1784872060621507564,1e+06
1784872060675071203,1e+06
1784872061506500975,1e+06
1784872062288825892,1e+06
1784872064004894525,1e+06
1784872064016514411,1e+06
1784872064063784340,1e+06
1784872064206498599,1e+06
1784872064830015200,1e+06
1784872065779610057,1e+06
1784872065816558929,1e+06
1784872066372865711,1e+06
1784872067123370791,1e+06
1784872068397705284,1e+06
1784872070350044996,1e+06
1784872071606517356,1e+06
1784872071620941234,1e+06
1784872071653965120,1e+06
1784872071713614794,1e+06
1784872072070524925,1e+06
1784872072074235648,1e+06
1784872072074509708,1e+06
1784872072079008634,1e+06
1784872072167258813,1e+06
1784872072364623023,1e+06
1784872072783621966,1e+06
1784872072879680949,1e+06
1784872073013582672,1e+06
1784872073863494126,1e+06
1784872075288904715,1e+06
1784872076273494151,1e+06
1784872076413978847,1e+06
1784872078892494501,1e+06
1784872080814726361,1e+06
1784872080900545068,1e+06
1784872081990597500,1e+06
1784872082209082500,1e+06
1784872082438850607,1e+06
1784872084924108569,1e+06
1784872085535536160,1e+06
1784872086992202579,1e+06
1784872087904681022,1e+06
1784872088417385621,1e+06
1784872088418176810,1e+06
1784872088418676171,1e+06
1784872088419123677,1e+06
1784872088419481735,1e+06
1784872088445674215,1e+06
1784872088463408583,1e+06
1784872088476363803,1e+06
1784872088481235961,1e+06
1784872088481802103,1e+06
1784872088494775237,1e+06
1784872088495284065,1e+06
1784872088503526864,1e+06
1784872088523345427,1e+06
1784872088541304796,1e+06
1784872088593865848,1e+06
1784872088657913268,1e+06
1784872088660689081,1e+06
1784872088661071749,1e+06
1784872088662798263,1e+06
1784872088667204147,1e+06
1784872088669567761,1e+06
1784872088676053198,1e+06
1784872088690705403,1e+06
1784872088799383964,1e+06
1784872088846945763,1e+06
1784872088906017812,1e+06
1784872089056754396,1e+06
1784872089194918761,1e+06
1784872089603298640,1e+06
1784872089764568825,1e+06
1784872090723906424,1e+06
1784872091488010987,1e+06
1784872092196551031,1e+06
1784872092206988383,1e+06
1784872092225716309,1e+06
1784872092335101751,1e+06
1784872092433565158,1e+06
1784872092771039613,1e+06
1784872092852335425,1e+06
1784872092947461834,1e+06
1784872093489973771,1e+06
1784872093782976718,1e+06
1784872094515180978,1e+06
1784872094582714889,1e+06
1784872095838261174,1e+06
1784872096329996088,1e+06
1784872096607102088,1e+06
1784872096635067061,1e+06
1784872096711308640,1e+06
1784872097018502384,1e+06
1784872097261223241,1e+06
1784872097939066359,1e+06
1784872098756613002,1e+06
1784872100396833119,1e+06
1784872102035264405,1e+06
1784872105754945689,1e+06
1784872109205086780,1e+06
1784872115144040414,1e+06
1784872115213014087,1e+06
1784872115264239870,1e+06
1784872115353539935,1e+06
1784872115392426380,1e+06
1784872115544075628,1e+06
1784872115558580088,1e+06
1784872115629203824,1e+06
1784872115907607914,1e+06
1784872116069382943,1e+06
1784872116904204690,1e+06
1784872117303872344,1e+06
1784872117343562135,1e+06
1784872117907038321,1e+06
1784872118017166339,1e+06
1784872118030666313,1e+06
1784872118052762323,1e+06
1784872118073770738,1e+06
1784872118101122280,1e+06
1784872118257034328,1e+06
1784872119359545543,1e+06
1784872119484566856,1e+06
1784872119992428653,1e+06
1784872122725475437,1e+06
1784872123968969053,1e+06
1784872124016597779,1e+06
1784872124094981288,1e+06
1784872124337371700,1e+06
1784872124767875070,1e+06
1784872125309009498,1e+06
1784872125499621252,1e+06
1784872125659463362,1e+06
1784872125969582583,1e+06
1784872126368557793,1e+06
1784872127310366795,1e+06
1784872127738643155,1e+06
1784872132447001772,1e+06
1784872132927877737,1e+06
1784872133425921774,1e+06
1784872134298308072,1e+06
1784872134309811536,1e+06
1784872134317123699,1e+06
1784872134326453559,1e+06
1784872134336318218,1e+06
1784872134343084378,1e+06
1784872134351660037,1e+06
1784872134363356091,1e+06
1784872134407233228,1e+06
1784872134464389800,1e+06
1784872134474840947,1e+06
1784872134485067825,1e+06
1784872134505328264,1e+06
1784872134553893666,1e+06
1784872134904499642,1e+06
1784872135213649149,1e+06
1784872135264301730,1e+06
1784872136583863752,1e+06
1784872136745009785,1e+06
1784872136977529137,1e+06
1784872136977930432,1e+06
1784872136978602325,1e+06
1784872136979644055,1e+06
1784872137588145980,1e+06
1784872137768027093,1e+06
1784872137779112320,1e+06
1784872137845183750,1e+06
1784872137846387400,1e+06
1784872137926294039,1e+06
1784872137934673632,1e+06
1784872137941703946,1e+06
1784872138060688646,1e+06
1784872138075075822,1e+06
1784872138403684460,1e+06
1784872138812174065,1e+06
1784872139017532801,1e+06
1784872139084056603,1e+06
1784872139222652915,1e+06
1784872139631221463,1e+06
1784872140083712689,1e+06
1784872142166465922,1e+06
1784872142860744187,1e+06
1784872144003296352,1e+06
1784872144448265234,1e+06
1784872145159801603,1e+06
1784872145508911188,1e+06
1784872145787434109,1e+06
1784872147160025133,1e+06
1784872149100853497,1e+06
1784872149164163254,1e+06
1784872149404075479,1e+06
1784872150034753773,1e+06
1784872150342741601,1e+06
1784872150349231398,1e+06
1784872150367739822,1e+06
1784872150380723298,1e+06
1784872150422425553,1e+06
1784872150737706763,1e+06
1784872150972111721,1e+06
1784872151064194510,1e+06
1784872151082012140,1e+06
1784872151226748909,1e+06
1784872151322851260,1e+06
1784872151361299344,1e+06
1784872151594387917,1e+06
1784872151791139258,1e+06
1784872152008043391,1e+06
1784872152185792130,1e+06
1784872152257776401,1e+06
1784872152563306233,1e+06
1784872153046152153,1e+06
1784872154965964777,1e+06
1784872157540790043,1e+06
1784872158960175902,1e+06
1784872159405732465,1e+06
1784872159867181206,1e+06
1784872160954716934,1e+06
1784872162441989821,1e+06
1784872162880496284,1e+06
1784872164466886913,1e+06
1784872166140499418,1e+06
1784872166742981409,1e+06
1784872166743391601,1e+06
1784872166796523023,1e+06
1784872166853707505,1e+06
1784872167261276824,1e+06
1784872168793490285,1e+06
1784872169656491605,1e+06
1784872170224388641,1e+06
1784872171193639546,1e+06
1784872171890630604,1e+06
1784872173561245755,1e+06
1784872174272543502,1e+06
1784872174284923425,1e+06
1784872175139861550,1e+06
1784872176051244364,1e+06
1784872177186931582,1e+06
1784872178829062618,1e+06
1784872179239106451,1e+06
1784872179239518904,1e+06
1784872179240029062,1e+06
1784872179240537913,1e+06
1784872179241040898,1e+06
1784872179241421197,1e+06
1784872179242945183,1e+06
1784872179243455328,1e+06
1784872179284107725,1e+06
1784872179401441722,1e+06
1784872179671710381,1e+06
1784872179962422796,1e+06
1784872180828788655,1e+06
1784872181080832462,1e+06
1784872181081331879,1e+06
1784872181293818971,1e+06
1784872181568043257,1e+06
1784872182406328161,1e+06
1784872182585214111,1e+06
1784872183128511725,1e+06
1784872183145394846,1e+06
1784872183233819289,1e+06
1784872183239537744,1e+06
1784872183370969271,1e+06
1784872183747513284,1e+06
1784872184666671601,1e+06
1784872185176105780,1e+06
1784872185527503419,1e+06
1784872185927573679,1e+06
1784872186560244366,1e+06
1784872187121420831,1e+06
1784872187121885048,1e+06
1784872187204402922,1e+06
1784872187262823126,1e+06
1784872187837512291,1e+06
1784872188657327685,1e+06
1784872189018169474,1e+06
1784872189138567942,1e+06
1784872189236640178,1e+06
1784872189328197638,1e+06
1784872189388831243,1e+06
1784872189588675451,1e+06
1784872189853432891,1e+06
1784872190446408910,1e+06
1784872191728791338,1e+06
1784872191883373869,1e+06
1784872192027488264,1e+06
1784872192230836842,1e+06
1784872193041738664,1e+06
1784872193585393936,1e+06
1784872193994340910,1e+06
1784872194383743352,1e+06
1784872195017452258,1e+06
1784872196146498537,1e+06
1784872197175525547,1e+06
1784872198319108576,1e+06
1784872199000586174,1e+06
1784872199146526540,1e+06
1784872199549046908,1e+06
1784872200871149243,1e+06
1784872202148422542,1e+06
1784872202328072573,1e+06
1784872203153044615,1e+06
1784872203235654622,1e+06
1784872203245687710,1e+06
1784872203295439594,1e+06
1784872203295729718,1e+06
1784872203344142869,1e+06
1784872203434313622,1e+06
1784872203457429195,1e+06
1784872203501522897,1e+06
1784872203526525118,1e+06
1784872203556183410,1e+06
1784872203581096475,1e+06
1784872203608595703,1e+06
1784872203693115852,1e+06
1784872203936025862,1e+06
1784872203936341656,1e+06
1784872203937684240,1e+06
1784872204199728800,1e+06
1784872204357276925,1e+06
1784872204416446473,1e+06
1784872204443523384,1e+06
1784872204562218062,1e+06
1784872204855795414,1e+06
1784872205757027432,1e+06
1784872207080776466,1e+06
1784872207298541220,1e+06
1784872207305595114,1e+06
1784872207328599359,1e+06
1784872207416435840,1e+06
1784872207461760201,1e+06
1784872207703035135,1e+06
1784872208294662450,1e+06
1784872208830577579,1e+06
1784872211082929187,1e+06
1784872211377448869,1e+06
1784872212105228310,1e+06
1784872212590536392,1e+06
1784872212607857120,1e+06
1784872212623309013,1e+06
1784872212953764814,1e+06
1784872214074564295,1e+06
1784872214313807613,1e+06
1784872214551649233,1e+06
1784872215693676182,1e+06
1784872215741110413,1e+06
1784872215888333311,1e+06
1784872216392096503,1e+06
1784872216920757895,1e+06
1784872217276032795,1e+06
1784872217539481196,1e+06
1784872218027490944,1e+06
1784872219543040395,1e+06
1784872219750788351,1e+06
1784872220194250728,1e+06
1784872221854236100,1e+06
1784872222860737934,1e+06
1784872224727917226,1e+06
1784872226239062601,1e+06
1784872226872714777,1e+06
1784872227467621897,1e+06
1784872227468361724,1e+06
1784872227851752436,1e+06
1784872230332620876,1e+06
1784872231767594864,1e+06
1784872232554338402,1e+06
1784872234225495271,1e+06
1784872234254009026,1e+06
1784872234300571606,1e+06
1784872234325720484,1e+06
1784872234371419593,1e+06
1784872234487758444,1e+06
1784872234499995214,1e+06
1784872234544880094,1e+06
1784872234568563730,1e+06
1784872234636339395,1e+06
1784872234837618551,1e+06
1784872236900080053,1e+06
1784872237934435450,1e+06
1784872237996616821,1e+06
1784872238060935600,1e+06
1784872238116023748,1e+06
1784872238215578662,1e+06
1784872238707568903,1e+06
1784872239139549498,1e+06
1784872239334895838,1e+06
1784872239338160967,1e+06
1784872239338754122,1e+06
1784872239343987027,1e+06
1784872239480400007,1e+06
1784872239625204844,1e+06
1784872240254533367,1e+06
1784872240528713090,1e+06
1784872240930625757,1e+06
1784872241530592725,1e+06
1784872242619663424,1e+06
1784872243136555148,1e+06
1784872243283084937,1e+06
1784872244444272055,1e+06
1784872246387258098,1e+06
1784872246605343588,1e+06
1784872246986632037,1e+06
1784872247006360696,1e+06
1784872247018342703,1e+06
1784872247115548797,1e+06
1784872247389014854,1e+06
1784872248668791344,1e+06
1784872249860508879,1e+06
1784872251669829085,1e+06
1784872252658578055,1e+06
1784872253168931802,1e+06
1784872253608969997,1e+06
1784872255779709260,1e+06
1784872256162577047,1e+06
1784872256650530745,1e+06
1784872256943063614,1e+06
1784872258800349787,1e+06
1784872259721781327,1e+06
1784872260156343262,1e+06
1784872260546855207,1e+06
1784872263102999450,1e+06
1784872263308970223,1e+06
1784872263374915666,1e+06
1784872263380031305,1e+06
1784872263381125361,1e+06
1784872263382888774,1e+06
1784872263450710750,1e+06
1784872263529991759,1e+06
1784872263842768364,1e+06
1784872264115741644,1e+06
1784872264866500431,1e+06
1784872266339609970,1e+06
1784872266357917810,1e+06
1784872266367554108,1e+06
1784872266495951960,1e+06
1784872266991918939,1e+06
1784872267132042740,1e+06
1784872268326872476,1e+06
1784872268523457392,1e+06
1784872269808856740,1e+06
1784872270954862999,1e+06
1784872273143485698,1e+06
1784872273200553444,1e+06
1784872273209877992,1e+06
1784872273219911248,1e+06
1784872273237574487,1e+06
1784872273247410556,1e+06
1784872273283968046,1e+06
1784872273299427260,1e+06
1784872273362795612,1e+06
1784872273427386496,1e+06
1784872273548952673,1e+06
1784872273856349959,1e+06
1784872274398701101,1e+06
1784872274659816993,1e+06
1784872274785256893,1e+06
1784872274904059884,1e+06
1784872275854415612,1e+06
1784872275873826781,1e+06
1784872275892823371,1e+06
1784872275924950246,1e+06
1784872275936614194,1e+06
1784872275965731540,1e+06
1784872276041961485,1e+06
1784872276127095718,1e+06
1784872276426484562,1e+06
1784872277028144715,1e+06
1784872278928406259,1e+06
1784872278993455040,1e+06
1784872279609990842,1e+06
1784872282149676187,1e+06
1784872282150704411,1e+06
1784872282151568315,1e+06
1784872282151993019,1e+06
1784872282168123492,1e+06
1784872282168840303,1e+06
1784872282171991806,1e+06
1784872282193168146,1e+06
1784872282227067017,1e+06
1784872282250643820,1e+06
1784872282269305236,1e+06
1784872282300822228,1e+06
1784872282310627355,1e+06
1784872282311229212,1e+06
1784872282324371354,1e+06
1784872282328799298,1e+06
1784872282384196988,1e+06
1784872282465370832,1e+06
1784872282474012208,1e+06
1784872282474896661,1e+06
1784872282587243250,1e+06
1784872282639482489,1e+06
1784872282677890125,1e+06
1784872282854960496,1e+06
1784872282889790598,1e+06
1784872283170408058,1e+06
1784872283271754405,1e+06
1784872283271983342,1e+06
1784872283277351558,1e+06
1784872283277878352,1e+06
1784872283279218311,1e+06
1784872283289899329,1e+06
1784872283305665460,1e+06
1784872283322486859,1e+06
1784872283363628534,1e+06
1784872283380465301,1e+06
1784872283457041820,1e+06
1784872283549639189,1e+06
1784872283735273413,1e+06
1784872283874657201,1e+06
1784872284184472636,1e+06
1784872284388760104,1e+06
1784872284615641585,1e+06
1784872284718961963,1e+06
1784872284853741761,1e+06
1784872285736387358,1e+06
1784872285736661919,1e+06
1784872285823396763,1e+06
1784872285867391279,1e+06
1784872285882371064,1e+06
1784872285895688980,1e+06
1784872285908419574,1e+06
1784872285936630178,1e+06
1784872286041597363,1e+06
1784872286234263575,1e+06
1784872286662508509,1e+06
1784872286909502136,1e+06
1784872287574991765,1e+06
1784872287633826638,1e+06
1784872288203872572,1e+06
1784872288655330281,1e+06
1784872288718786135,1e+06
1784872288758470584,1e+06
1784872288775692572,1e+06
1784872288783623692,1e+06
1784872288823337617,1e+06
1784872289004163741,1e+06
1784872289274948531,1e+06
1784872289553627594,1e+06
1784872289828064775,1e+06
1784872290275239434,1e+06
1784872291263426466,1e+06
1784872291386761592,1e+06
1784872291433748542,1e+06
1784872291795071278,1e+06
1784872292428392182,1e+06
1784872293035943890,1e+06
1784872294815592155,1e+06
1784872295066602419,1e+06
1784872296080322557,1e+06
1784872297208981882,1e+06
1784872298334485561,1e+06
1784872298335127510,1e+06
1784872299350863491,1e+06
1784872299351257665,1e+06
1784872299414656443,1e+06
1784872299966867744,1e+06
1784872299967163131,1e+06
1784872299967442737,1e+06
1784872299991417040,1e+06
1784872300416441934,1e+06
1784872300868679004,1e+06
1784872300869052942,1e+06
1784872301953063152,1e+06
1784872303754163077,1e+06
1784872303967220238,1e+06
1784872303967839509,1e+06
1784872304013737064,1e+06
1784872304163661372,1e+06
1784872304249884189,1e+06
1784872305084133948,1e+06
1784872305700316226,1e+06
1784872305757606313,1e+06
1784872306148947220,1e+06
1784872306926974756,1e+06
1784872307663000747,1e+06
1784872308673461922,1e+06
1784872308674435286,1e+06
1784872308763916466,1e+06
1784872309794830153,1e+06
1784872310744288305,1e+06
1784872311229215141,1e+06
1784872311279298640,1e+06
1784872311901243978,1e+06
1784872312201474279,1e+06
1784872312969231198,1e+06
1784872314108903280,1e+06
1784872315144814308,1e+06
1784872315732312211,1e+06
1784872316350437701,1e+06
1784872317988824218,1e+06
1784872317989370055,1e+06
1784872317989908381,1e+06
1784872319967795210,1e+06
1784872321130996146,1e+06
1784872323031556001,1e+06
1784872324236368991,1e+06
1784872324285587333,1e+06
1784872324346004441,1e+06
1784872324628134126,1e+06
1784872325260277844,1e+06
1784872326488011712,1e+06
1784872328666885112,1e+06
1784872328704998304,1e+06
1784872328760720069,1e+06
1784872328893668939,1e+06
1784872329353728093,1e+06
1784872329354681510,1e+06
1784872329403992506,1e+06
1784872329478311675,1e+06
1784872329525990866,1e+06
1784872329845320149,1e+06
1784872330037422473,1e+06
1784872330289984870,1e+06
1784872331038135205,1e+06
1784872333365783684,1e+06
1784872334786010023,1e+06
1784872335089566986,1e+06
1784872335665369964,1e+06
1784872337756895904,1e+06
1784872338493832827,1e+06
1784872338525919312,1e+06
1784872338737986311,1e+06
1784872338980277368,1e+06
1784872339185415505,1e+06
1784872339598194089,1e+06
1784872339670611658,1e+06
1784872339678898089,1e+06
1784872339685365420,1e+06
1784872339689646309,1e+06
1784872339690048430,1e+06
1784872339698635297,1e+06
1784872339715836479,1e+06
1784872339716364485,1e+06
1784872339725676051,1e+06
1784872339843360280,1e+06
1784872340004171038,1e+06
1784872340928209507,1e+06
1784872342666837565,1e+06
1784872345158950417,1e+06
1784872346045339766,1e+06
1784872346118376855,1e+06
1784872348915216505,1e+06
1784872350145164118,1e+06
1784872350858924292,1e+06
1784872352191633304,1e+06
1784872355674670295,1e+06
1784872358844793784,1e+06
1784872358972360088,1e+06
1784872359442766532,1e+06
1784872359668323640,1e+06
1784872361097946694,1e+06
1784872361490517788,1e+06
1784872362601626962,1e+06
1784872362841105630,1e+06
1784872362962276973,1e+06
1784872363096324081,1e+06
1784872366415903054,1e+06
1784872371136951397,1e+06
1784872371137665851,1e+06
1784872371138218111,1e+06
1784872371138657554,1e+06
1784872371143094769,1e+06
1784872371297113755,1e+06
1784872371433721340,1e+06
1784872372669293667,1e+06
1784872377909088619,1e+06
1784872377912923784,1e+06
1784872377923181145,1e+06
1784872377948938268,1e+06
1784872378917645929,1e+06
1784872379739809803,1e+06
1784872381273312870,1e+06
1784872383926464445,1e+06
1784872383944935992,1e+06
1784872383945562566,1e+06
1784872383948469704,1e+06
1784872383952597585,1e+06
1784872383958258209,1e+06
1784872384086392620,1e+06
1784872384178748332,1e+06
1784872384240012993,1e+06
1784872384251689163,1e+06
1784872384273789259,1e+06
1784872384304542952,1e+06
1784872384734579074,1e+06
1784872385861845809,1e+06
1784872388749079700,1e+06
1784872389734870452,1e+06
1784872391240318647,1e+06
1784872392432445030,1e+06
1784872392444072487,1e+06
1784872392453968004,1e+06
1784872392468140143,1e+06
1784872392473901555,1e+06
1784872392479978512,1e+06
1784872392495472004,1e+06
1784872392501721099,1e+06
1784872392518205776,1e+06
1784872392592478954,1e+06
1784872392599864213,1e+06
1784872392609897933,1e+06
1784872392737705758,1e+06
1784872392814695519,1e+06
1784872393114873444,1e+06
1784872393496342679,1e+06
1784872393924340364,1e+06
1784872394639669285,1e+06
1784872395047388966,1e+06
1784872395693479390,1e+06
1784872395838621471,1e+06
1784872396836977251,1e+06
1784872398885500030,1e+06
1784872399191746041,1e+06
1784872402230730797,1e+06
1784872403914318109,1e+06
1784872405539586326,1e+06
1784872407674669826,1e+06
1784872407987124303,1e+06
1784872411994705295,1e+06
1784872414654456119,1e+06
1784872418022850254,1e+06
1784872418034001347,1e+06
1784872418041211235,1e+06
1784872418053543662,1e+06
1784872418130430925,1e+06
1784872418956600164,1e+06
1784872419264323329,1e+06
1784872420600625275,1e+06
1784872421724867082,1e+06
1784872423247053313,1e+06
1784872431014860687,1e+06
1784872431052768986,1e+06
1784872431139826733,1e+06
1784872431201048249,1e+06
1784872431208179064,1e+06
1784872431213638717,1e+06
1784872431284714434,1e+06
1784872431285239979,1e+06
1784872431505147015,1e+06
1784872431975325421,1e+06
1784872433803650121,1e+06
1784872434629834769,1e+06
1784872435379910389,1e+06
1784872435701522789,1e+06
1784872435720407292,1e+06
1784872436061922352,1e+06
1784872438998016344,1e+06
1784872439218865827,1e+06
1784872441110448915,1e+06
1784872442715103479,1e+06
1784872442915888720,1e+06
1784872444030312568,1e+06
1784872444879551880,1e+06
1784872445026814656,1e+06
1784872445033223648,1e+06
1784872445051286522,1e+06
1784872445064259182,1e+06
1784872445100568273,1e+06
1784872445153043288,1e+06
1784872445191782052,1e+06
1784872445208341052,1e+06
1784872445222354893,1e+06
1784872445273523294,1e+06
1784872445330781830,1e+06
1784872445353725230,1e+06
1784872445470863002,1e+06
1784872445503856196,1e+06
1784872445641251999,1e+06
1784872445724817614,1e+06
1784872445783835781,1e+06
1784872445829440467,1e+06
1784872446123623094,1e+06
1784872447526453231,1e+06
1784872448275447684,1e+06
1784872448706744736,1e+06
1784872449263870350,1e+06
1784872449291900050,1e+06
1784872449340154135,1e+06
1784872449372830720,1e+06
1784872449600120382,1e+06
1784872449820617845,1e+06
1784872449833749551,1e+06
1784872449878560700,1e+06
1784872449891196191,1e+06
1784872449924115897,1e+06
1784872449972416550,1e+06
1784872450013258420,1e+06
1784872450084417579,1e+06
1784872450403431050,1e+06
1784872450403789888,1e+06
1784872450413408144,1e+06
1784872450461874269,1e+06
1784872450518628245,1e+06
1784872450650008306,1e+06
1784872451112768417,1e+06
1784872451577004453,1e+06
1784872451603314256,1e+06
1784872451624969995,1e+06
1784872451666778297,1e+06
1784872451762888909,1e+06
1784872451866950852,1e+06
1784872452063334810,1e+06
1784872452093310135,1e+06
1784872452099100410,1e+06
1784872452116245708,1e+06
1784872452133135291,1e+06
1784872452175281049,1e+06
1784872452184857279,1e+06
1784872452195695249,1e+06
1784872452198802926,1e+06
1784872452204115435,1e+06
1784872452207454804,1e+06
1784872452215774790,1e+06
1784872452224135044,1e+06
1784872452324948878,1e+06
1784872452351517213,1e+06
1784872452400439294,1e+06
1784872452503305122,1e+06
1784872452644899147,1e+06
1784872452777000493,1e+06
1784872452833753731,1e+06
1784872452966987877,1e+06
1784872453071413791,1e+06
1784872453326685707,1e+06
1784872454487290350,1e+06
1784872455102142403,1e+06
1784872455184358479,1e+06
1784872455633809941,1e+06
1784872456053686520,1e+06
1784872456637201592,1e+06
1784872458768170495,1e+06
1784872461349343098,1e+06
1784872461349774805,1e+06
1784872461350268587,1e+06
1784872462020355775,1e+06
1784872462042221576,1e+06
1784872462056836373,1e+06
1784872462057819634,1e+06
1784872462062974024,1e+06
1784872462100140506,1e+06
1784872462129475618,1e+06
1784872462205718685,1e+06
1784872462205962532,1e+06
1784872462262895987,1e+06
1784872462480425306,1e+06
1784872462985264348,1e+06
1784872463700968739,1e+06
1784872463786295951,1e+06
1784872464856968538,1e+06
1784872466024554788,1e+06
1784872466607923042,1e+06
1784872467962211181,1e+06
1784872467977437900,1e+06
1784872468326311136,1e+06
1784872470542731988,1e+06
1784872470545154653,1e+06
1784872470583539808,1e+06
1784872470615253760,1e+06
1784872470627309158,1e+06
1784872470646586351,1e+06
1784872470663780565,1e+06
1784872470693175121,1e+06
1784872470694137103,1e+06
1784872470715366720,1e+06
1784872470753412544,1e+06
1784872470794802167,1e+06
1784872471002699856,1e+06
1784872472823730860,1e+06
1784872473796514992,1e+06
1784872474969771073,1e+06
1784872475119627670,1e+06
1784872475358196146,1e+06
1784872475386034244,1e+06
1784872475863824723,1e+06
1784872476075567265,1e+06
1784872476111617051,1e+06
1784872476919311302,1e+06
1784872476919829775,1e+06
1784872476923070797,1e+06
1784872476978002657,1e+06
1784872477037045837,1e+06
1784872477064152712,1e+06
1784872477095316590,1e+06
1784872477139784377,1e+06
1784872477186782565,1e+06
1784872477235333642,1e+06
1784872477267474463,1e+06
1784872477393652745,1e+06
1784872477846355467,1e+06
1784872477894516756,1e+06
1784872478654609569,1e+06
1784872478661303377,1e+06
1784872478689732685,1e+06
1784872478697159854,1e+06
1784872478703928444,1e+06
1784872478706464209,1e+06
1784872478712450297,1e+06
1784872478722643087,1e+06
1784872478850932000,1e+06
1784872479172432407,1e+06
1784872479590680316,1e+06
1784872480174909187,1e+06
1784872480715000132,1e+06
1784872481936559067,1e+06
1784872482236739290,1e+06
1784872483123915874,1e+06
1784872483346427242,1e+06
1784872483461105210,1e+06
1784872483979232503,1e+06
1784872486312749598,1e+06
1784872486651716993,1e+06
1784872486676274730,1e+06
1784872486698729992,1e+06
1784872486708226277,1e+06
1784872486732634441,1e+06
1784872486905193085,1e+06
1784872486978420266,1e+06
1784872487497959410,1e+06
1784872487589152655,1e+06
1784872487604194287,1e+06
1784872487620051034,1e+06
1784872487655000911,1e+06
1784872488177581175,1e+06
1784872488905460832,1e+06
1784872488918221448,1e+06
1784872488930374516,1e+06
1784872488968917622,1e+06
1784872489340285915,1e+06
1784872490837645964,1e+06
1784872491458709943,1e+06
1784872493014999168,1e+06
1784872493289655404,1e+06
1784872493912436931,1e+06
1784872494478376677,1e+06
1784872494631376460,1e+06
1784872494637540866,1e+06
1784872494637966041,1e+06
1784872494638696399,1e+06
1784872494652842800,1e+06
1784872494687957024,1e+06
1784872494729284303,1e+06
1784872494743205736,1e+06
1784872494761195373,1e+06
1784872494765138488,1e+06
1784872494837924287,1e+06
1784872494868092976,1e+06
1784872494928811928,1e+06
1784872494963254695,1e+06
1784872495022775982,1e+06
1784872495294490791,1e+06
1784872496014156410,1e+06
1784872497019560206,1e+06
1784872497394384302,1e+06
1784872497394953064,1e+06
1784872497452456459,1e+06
1784872497559361131,1e+06
1784872498111123645,1e+06
1784872498294302108,1e+06
1784872498296348495,1e+06
1784872498421266168,1e+06
1784872498581261523,1e+06
1784872498870840510,1e+06
1784872499351691903,1e+06
1784872499885906215,1e+06
1784872500117097161,1e+06
1784872500151129350,1e+06
1784872500429045707,1e+06
1784872500622322681,1e+06
1784872500827916212,1e+06
1784872501028322187,1e+06
1784872501131218429,1e+06
1784872501384150736,1e+06
1784872501390150103,1e+06
1784872501405425806,1e+06
1784872501428770149,1e+06
1784872501448337021,1e+06
1784872501453190211,1e+06
1784872501469510566,1e+06
1784872501495104064,1e+06
1784872501533275047,1e+06
1784872501553463851,1e+06
1784872501626317886,1e+06
1784872501657025768,1e+06
1784872501761187931,1e+06
1784872501769481411,1e+06
1784872501804976014,1e+06
1784872501869804447,1e+06
1784872501962189086,1e+06
1784872502128389628,1e+06
1784872502675776618,1e+06
1784872502924091134,1e+06
1784872503087744784,1e+06
1784872503470435330,1e+06
1784872503949430690,1e+06
1784872504442293527,1e+06
1784872504451412416,1e+06
1784872504492060355,1e+06
1784872504613181937,1e+06
1784872504613788410,1e+06
1784872504714681960,1e+06
1784872504847834453,1e+06
1784872504859834996,1e+06
1784872504884871025,1e+06
1784872504959822312,1e+06
1784872504996599688,1e+06
1784872505071038375,1e+06
1784872505112862714,1e+06
1784872505145254882,1e+06
1784872505295931986,1e+06
1784872505352793609,1e+06
1784872505371599252,1e+06
1784872505430429352,1e+06
1784872505539926961,1e+06
1784872505634225863,1e+06
1784872505636300833,1e+06
1784872505637195952,1e+06
1784872505664313645,1e+06
1784872505705487613,1e+06
1784872505881765368,1e+06
1784872506013284924,1e+06
1784872506113335367,1e+06
1784872506384774756,1e+06
1784872506408020211,1e+06
1784872507328393084,1e+06
1784872507339066386,1e+06
1784872507348639053,1e+06
1784872507381572164,1e+06
1784872507419816357,1e+06
1784872507438738416,1e+06
1784872507569505891,1e+06
1784872507941019688,1e+06
1784872509105454917,1e+06
1784872510096662511,1e+06
1784872510518012597,1e+06
1784872510681076710,1e+06
1784872511626640645,1e+06
1784872512446350665,1e+06
1784872512652400478,1e+06
1784872514085207533,1e+06
1784872514373940941,1e+06
1784872514388485134,1e+06
1784872514453461879,1e+06
1784872514531986093,1e+06
1784872515256153265,1e+06
1784872516385143118,1e+06
1784872517054844516,1e+06
1784872517104437186,1e+06
1784872517283849269,1e+06
1784872517784761075,1e+06
1784872518024293969,1e+06
1784872518120627301,1e+06
1784872518283141096,1e+06
1784872518589077672,1e+06
1784872518889476811,1e+06
1784872518965379273,1e+06
1784872519213029015,1e+06
1784872520063305113,1e+06
1784872520557919202,1e+06
1784872520785673222,1e+06
1784872521594499535,1e+06
1784872522254255743,1e+06
1784872523657963024,1e+06
1784872524478517810,1e+06
1784872525635134038,1e+06
1784872526507663202,1e+06
1784872528012135019,1e+06
1784872528012748656,1e+06
1784872528013234271,1e+06
1784872528114584415,1e+06
1784872528456771948,1e+06
1784872528930183780,1e+06
1784872530037348764,1e+06
1784872530925667021,1e+06
1784872530939910626,1e+06
1784872531140128498,1e+06
1784872532126676731,1e+06
1784872532777242677,1e+06
1784872533334787403,1e+06
1784872533414000387,1e+06
1784872534155391548,1e+06
1784872534188739719,1e+06
1784872534504101050,1e+06
1784872534946578763,1e+06
1784872535017245902,1e+06
1784872536053100167,1e+06
1784872536165957896,1e+06
1784872536919415359,1e+06
1784872537635686821,1e+06
1784872537999563093,1e+06
1784872538328622806,1e+06
1784872539893297735,1e+06
1784872540299030909,1e+06
1784872541219558340,1e+06
1784872541734721421,1e+06
1784872541735266877,1e+06
1784872543370292965,1e+06
1784872545003795710,1e+06
1784872546741555328,1e+06
1784872547852544753,1e+06
1784872548387347340,1e+06
1784872548757801594,1e+06
1784872549108048348,1e+06
1784872549703895369,1e+06
1784872552531967704,1e+06
1784872552536998414,1e+06
1784872552537268855,1e+06
1784872552538767496,1e+06
1784872552541210881,1e+06
1784872552680824756,1e+06
1784872552829611434,1e+06
1784872553148570215,1e+06
1784872553819315492,1e+06
1784872556169944542,1e+06
1784872558118562248,1e+06
1784872558135473604,1e+06
1784872558152355527,1e+06
1784872558325621949,1e+06
1784872558935444818,1e+06
1784872559133327373,1e+06
1784872559387291987,1e+06
1784872560259602976,1e+06
1784872560932029150,1e+06
1784872563684036898,1e+06
1784872565797058127,1e+06
1784872566919945444,1e+06
1784872567601932220,1e+06
1784872569464563658,1e+06
1784872569656377963,1e+06
1784872569891953764,1e+06
1784872570064455325,1e+06
1784872570815939958,1e+06
1784872570816406649,1e+06
1784872570817530458,1e+06
1784872570893288208,1e+06
1784872571092754353,1e+06
1784872571937932523,1e+06
1784872574399750194,1e+06
1784872575838713425,1e+06
1784872576855068744,1e+06
1784872578496719159,1e+06
1784872579286936006,1e+06
1784872580132560291,1e+06
1784872580745913044,1e+06
1784872581996097986,1e+06
1784872584697893587,1e+06
1784872585045156038,1e+06
1784872587412825471,1e+06
1784872588776162571,1e+06
1784872589000022082,1e+06
1784872591298186802,1e+06
1784872591910385302,1e+06
1784872591918226003,1e+06
1784872591921953384,1e+06
1784872591924780985,1e+06
1784872591934230513,1e+06
1784872591942915857,1e+06
1784872591956360221,1e+06
1784872592040028378,1e+06
1784872592111926377,1e+06
1784872592487231425,1e+06
1784872592833822649,1e+06
1784872595085917005,1e+06
1784872595086826681,1e+06
1784872595087299586,1e+06
1784872595087780295,1e+06
1784872595088520832,1e+06
1784872595117522054,1e+06
1784872595123738509,1e+06
1784872595189374183,1e+06
1784872595193002068,1e+06
1784872595259940822,1e+06
1784872595287949253,1e+06
1784872595328893482,1e+06
1784872595329404448,1e+06
1784872595329771231,1e+06
1784872595698405406,1e+06
1784872596085369971,1e+06
1784872596823318841,1e+06
1784872596823880353,1e+06
1784872596824348256,1e+06
1784872597107302288,1e+06
1784872597745108222,1e+06
1784872597745673776,1e+06
1784872597746428841,1e+06
1784872597773707757,1e+06
1784872597931776291,1e+06
1784872597938529363,1e+06
1784872597959543380,1e+06
1784872598086894614,1e+06
1784872598255848500,1e+06
1784872598318511283,1e+06
1784872599021735688,1e+06
1784872600547718798,1e+06
1784872600561041023,1e+06
1784872600575837299,1e+06
1784872600617862447,1e+06
1784872600658130741,1e+06
1784872600669708796,1e+06
1784872600669945037,1e+06
1784872600672776793,1e+06
1784872600673211453,1e+06
1784872600673657613,1e+06
1784872600679133596,1e+06
1784872600680140487,1e+06
1784872600690845882,1e+06
1784872600758647934,1e+06
1784872600824722414,1e+06
1784872600843412865,1e+06
1784872600882233866,1e+06
1784872600985462604,1e+06
1784872601102954055,1e+06
1784872601114477083,1e+06
1784872601123692339,1e+06
1784872601250464126,1e+06
1784872601285791405,1e+06
1784872601437608612,1e+06
1784872601583558879,1e+06
1784872601843511869,1e+06
1784872601967879939,1e+06
1784872602186528543,1e+06
1784872602453839535,1e+06
1784872602626518426,1e+06
1784872603689566964,1e+06
1784872603696101133,1e+06
1784872603974621150,1e+06
1784872604410985308,1e+06
1784872604916817609,1e+06
1784872605731189573,1e+06
1784872605892325123,1e+06
1784872606423830881,1e+06
1784872606535904823,1e+06
1784872606574582328,1e+06
1784872606665478108,1e+06
1784872607371960416,1e+06
1784872607512459541,1e+06
1784872608087177736,1e+06
1784872609216923740,1e+06
1784872609621990490,1e+06
1784872609741812220,1e+06
1784872610035533050,1e+06
1784872610050410720,1e+06
1784872610080084451,1e+06
1784872610341012935,1e+06
1784872610543673395,1e+06
1784872611164219582,1e+06
1784872611773810407,1e+06
1784872611995009808,1e+06
1784872612134622223,1e+06
1784872612388582302,1e+06
1784872613415563756,1e+06
1784872613416062596,1e+06
1784872613416443665,1e+06
1784872613778560321,1e+06
1784872614769902625,1e+06
1784872614835483700,1e+06
1784872615152770062,1e+06
1784872615632402497,1e+06
1784872615937761559,1e+06
1784872616382588028,1e+06
1784872617210455197,1e+06
1784872617815014774,1e+06
1784872620309967085,1e+06
1784872620485575143,1e+06
1784872620633811952,1e+06
1784872622218577939,1e+06
1784872623856390311,1e+06
1784872624269383925,1e+06
1784872628162259310,1e+06
1784872629108665123,1e+06
1784872629830856671,1e+06
1784872632254645166,1e+06
1784872633452641743,1e+06
1784872633994554670,1e+06
1784872634817158624,1e+06
1784872635638981853,1e+06
1784872637066864463,1e+06
1784872638825678491,1e+06
1784872638896025874,1e+06
1784872639292203494,1e+06
1784872640452664168,1e+06
1784872641844189797,1e+06
1784872641872155763,1e+06
1784872641892443584,1e+06
1784872641909899451,1e+06
1784872641932818586,1e+06
1784872642430336452,1e+06
1784872642904648695,1e+06
1784872643395732264,1e+06
1784872643520196603,1e+06
1784872644473163122,1e+06
1784872645119063083,1e+06
1784872645153545025,1e+06
1784872645975601926,1e+06
1784872647345415790,1e+06
1784872649252887010,1e+06
1784872649253359209,1e+06
1784872650377833370,1e+06
1784872650788511070,1e+06
1784872651615526160,1e+06
1784872651702746914,1e+06
1784872652103814718,1e+06
1784872654269299343,1e+06
1784872654270455146,1e+06
1784872654403855337,1e+06
1784872655265889291,1e+06
1784872655909474827,1e+06
1784872657444932467,1e+06
1784872658841802844,1e+06
1784872660085262624,1e+06
1784872661437007650,1e+06
1784872662064305874,1e+06
1784872663692029067,1e+06
1784872664818271415,1e+06
1784872664835272246,1e+06
1784872665638146972,1e+06
1784872667481688153,1e+06
1784872669940315463,1e+06
1784872671677665502,1e+06
1784872672804015175,1e+06
1784872679050524726,1e+06
1784872691440278943,1e+06
1784872692157352153,1e+06
1784872693432520960,1e+06
1784872694206639788,1e+06
1784872694800460947,1e+06
1784872697072489061,1e+06
1784872698609888544,1e+06
1784872700698181371,1e+06
1784872701343047724,1e+06
1784872705633603392,1e+06
1784872709974720375,1e+06
1784872711651707316,1e+06
1784872714254472765,1e+06
1784872715296546433,1e+06
1784872715909589774,1e+06
1784872718265060457,1e+06
1784872718991605769,1e+06
1784872720896883156,1e+06
1784872723737637101,1e+06
1784872727842685520,1e+06
1784872728205159513,1e+06
1784872731196675122,1e+06
1784872731696800169,1e+06
1784872732817614903,1e+06
1784872733516645121,1e+06
1784872735558491236,1e+06
1784872738655699689,1e+06
1784872738689494426,1e+06
1784872740772095244,1e+06
1784872743215807098,1e+06
1784872744083394980,1e+06
1784872744083864723,1e+06
1784872744097634826,1e+06
1784872744107818714,1e+06
1784872744112306914,1e+06
1784872744134972311,1e+06
1784872744137851230,1e+06
1784872744167215652,1e+06
1784872744212971582,1e+06
1784872744271026205,1e+06
1784872747360274968,1e+06
1784872752951690905,1e+06
1784872753810448184,1e+06
1784872754325010184,1e+06
1784872755038012196,1e+06
1784872755677077504,1e+06
1784872756062392654,1e+06
1784872758930181039,1e+06
1784872761078954860,1e+06
1784872763948733730,1e+06
1784872767494803459,1e+06
1784872769500549248,1e+06
1784872772344723564,1e+06
1784872781355372077,1e+06
1784872781864441439,1e+06
1784872781865019115,1e+06
1784872781882582738,1e+06
1784872781897984723,1e+06
1784872782022945892,1e+06
1784872782328816349,1e+06
1784872782355834473,1e+06
1784872782848135761,1e+06
1784872783197636467,1e+06
1784872783425126341,1e+06
1784872783560524420,1e+06
1784872783779058895,1e+06
1784872783859399484,1e+06
1784872784996262432,1e+06
1784872785264567484,1e+06
1784872785366917148,1e+06
1784872785435924051,1e+06
1784872785724052825,1e+06
1784872786896475317,1e+06
1784872787806696220,1e+06
1784872789221932883,1e+06
1784872790161520792,1e+06
1784872790778214060,1e+06
1784872790778708199,1e+06
1784872790779222561,1e+06
1784872790780659078,1e+06
1784872790784067432,1e+06
1784872790812677069,1e+06
1784872790878730999,1e+06
1784872790917567057,1e+06
1784872790936183851,1e+06
1784872790958844745,1e+06
1784872790985523134,1e+06
1784872791013178611,1e+06
1784872791048969528,1e+06
1784872791061101766,1e+06
1784872791073447606,1e+06
1784872791078306777,1e+06
1784872791100339351,1e+06
1784872791146586705,1e+06
1784872791185630746,1e+06
1784872791231644744,1e+06
1784872791299575638,1e+06
1784872791351879432,1e+06
1784872791558575844,1e+06
1784872791722446899,1e+06
1784872791868949618,1e+06
1784872791869594946,1e+06
1784872791881491533,1e+06
1784872791881889183,1e+06
1784872791883009177,1e+06
1784872791883437174,1e+06
1784872791967222702,1e+06
1784872792082378609,1e+06
1784872792260728896,1e+06
1784872792277671925,1e+06
1784872792317179767,1e+06
1784872792391849709,1e+06
1784872792481463614,1e+06
1784872792765875627,1e+06
1784872792850012422,1e+06
1784872792883213108,1e+06
1784872792894012571,1e+06
1784872793212322662,1e+06
1784872793467109857,1e+06
1784872793745606923,1e+06
1784872793888510960,1e+06
1784872794770892598,1e+06
1784872795490940234,1e+06
1784872795622231932,1e+06
1784872796925543364,1e+06
1784872796994466190,1e+06
1784872798148742159,1e+06
1784872798868695727,1e+06
1784872800074209435,1e+06
1784872800176413331,1e+06
1784872800187137716,1e+06
1784872800232487075,1e+06
1784872800269627175,1e+06
1784872800323870027,1e+06
1784872800757606307,1e+06
1784872800875587329,1e+06
1784872801220249846,1e+06
1784872801601208066,1e+06
1784872801627402605,1e+06
1784872801659911219,1e+06
1784872801716152427,1e+06
1784872801805816680,1e+06
1784872802088017762,1e+06
1784872802177165577,1e+06
1784872802195129401,1e+06
1784872802206174919,1e+06
1784872802212198168,1e+06
1784872802219321867,1e+06
1784872802232564628,1e+06
1784872802258829911,1e+06
1784872802303002276,1e+06
1784872802365987908,1e+06
1784872802527853283,1e+06
1784872802634589699,1e+06
1784872802658883453,1e+06
1784872802693656026,1e+06
1784872802785071815,1e+06
1784872803176226786,1e+06
1784872803308972992,1e+06
1784872804190818245,1e+06
1784872804316758079,1e+06
1784872804327714406,1e+06
1784872804328176497,1e+06
1784872804459088926,1e+06
1784872804546515852,1e+06
1784872804561061309,1e+06
1784872804579267520,1e+06
1784872804605488054,1e+06
1784872804700547511,1e+06
1784872804808952399,1e+06
1784872804851427456,1e+06
1784872804959143222,1e+06
1784872805034007195,1e+06
1784872805229114721,1e+06
1784872805403051201,1e+06
1784872805501474295,1e+06
1784872805793713875,1e+06
1784872806062737713,1e+06
1784872806083528956,1e+06
1784872806101610642,1e+06
1784872806317011524,1e+06
1784872806379638880,1e+06
1784872806750899276,1e+06
1784872806957208396,1e+06
1784872807263387430,1e+06
1784872807263703636,1e+06
1784872807315905337,1e+06
1784872807353556042,1e+06
1784872807590257464,1e+06
1784872808145332459,1e+06
1784872808644202758,1e+06
1784872808901371375,1e+06
1784872808905552516,1e+06
1784872808956185023,1e+06
1784872809213703064,1e+06
1784872810092025693,1e+06
1784872810235006680,1e+06
1784872810390588696,1e+06
1784872810502526833,1e+06
1784872810511396152,1e+06
1784872810790811974,1e+06
1784872811068296901,1e+06
1784872811169623417,1e+06
1784872811250813586,1e+06
1784872811870829292,1e+06
1784872812586778425,1e+06
1784872812638926306,1e+06
1784872812675192786,1e+06
1784872812721618053,1e+06
1784872812766915257,1e+06
1784872812894720439,1e+06
1784872812974152364,1e+06
1784872813516078892,1e+06
1784872814311593453,1e+06
1784872814541927245,1e+06
1784872816486228480,1e+06
1784872817047953597,1e+06
1784872817296493225,1e+06
1784872817449409310,1e+06
1784872819499324858,1e+06
1784872819514965517,1e+06
1784872820062309710,1e+06
1784872820678131719,1e+06
1784872821803510824,1e+06
1784872822826707790,1e+06
1784872823665648768,1e+06
1784872823972678590,1e+06
1784872824912711956,1e+06
1784872827131519569,1e+06
1784872827132058281,1e+06
1784872827132754132,1e+06
1784872827540984598,1e+06
1784872827541795181,1e+06
1784872827585881058,1e+06
1784872827653412718,1e+06
1784872827720966811,1e+06
1784872827722654195,1e+06
1784872827730949971,1e+06
1784872827783357024,1e+06
1784872827855740547,1e+06
1784872828255389488,1e+06
1784872828256354173,1e+06
1784872828256874516,1e+06
1784872828349402349,1e+06
1784872828573939723,1e+06
1784872830404947943,1e+06
1784872831636527868,1e+06
1784872833478381483,1e+06
1784872836039911136,1e+06
1784872836441531937,1e+06
1784872838085503422,1e+06
1784872841388772010,1e+06
1784872841492219218,1e+06
1784872841492465082,1e+06
1784872841801045771,1e+06
1784872841801456523,1e+06
1784872841801828989,1e+06
1784872841802364666,1e+06
1784872841802717844,1e+06
1784872841803137275,1e+06
1784872841803555255,1e+06
1784872841804709186,1e+06
1784872841805094229,1e+06
1784872841805440250,1e+06
1784872841805826738,1e+06
1784872841847242419,1e+06
1784872841847662075,1e+06
1784872841848058835,1e+06
1784872841919026910,1e+06
1784872841919449623,1e+06
1784872842114662827,1e+06
1784872842114937780,1e+06
1784872842115169008,1e+06
1784872842185485061,1e+06
1784872842185767071,1e+06
1784872842186180133,1e+06
1784872842186516331,1e+06
1784872842186965287,1e+06
1784872842187299963,1e+06
1784872842187641526,1e+06
1784872842187881111,1e+06
1784872842188137426,1e+06
1784872842188409137,1e+06
1784872842188737768,1e+06
1784872842188985362,1e+06
1784872842189353571,1e+06
1784872842189712297,1e+06
1784872842190074901,1e+06
1784872842190380729,1e+06
1784872842190614149,1e+06
1784872842190899005,1e+06
1784872842191227454,1e+06
1784872842191474682,1e+06
1784872842191769640,1e+06
1784872842192040266,1e+06
1784872842192311501,1e+06
1784872842192638631,1e+06
1784872842192984677,1e+06
1784872842193557365,1e+06
1784872842194663909,1e+06
1784872842195228783,1e+06
1784872842195845315,1e+06
1784872842196426203,1e+06
1784872842197117000,1e+06
1784872842197841689,1e+06
1784872842198525467,1e+06
1784872842199300591,1e+06
1784872842199861457,1e+06
1784872842200039225,1e+06
1784872842244406775,1e+06
1784872842244956769,1e+06
1784872842245371560,1e+06
1784872842246262477,1e+06
1784872842246588798,1e+06
1784872842246972785,1e+06
1784872842247234696,1e+06
1784872842247812394,1e+06
1784872842261002254,1e+06
1784872842261505515,1e+06
1784872842262295477,1e+06
1784872842262575401,1e+06
1784872842262926238,1e+06
1784872842263218833,1e+06
1784872842263491059,1e+06
1784872842263717425,1e+06
1784872842263930595,1e+06
1784872842264179464,1e+06
1784872842264451479,1e+06
1784872842264731197,1e+06
1784872842265035840,1e+06
1784872842265317392,1e+06
1784872842265547304,1e+06
1784872842265868352,1e+06
1784872842266266709,1e+06
1784872842266491456,1e+06
1784872842266744872,1e+06
1784872842266998706,1e+06
1784872842267220975,1e+06
1784872842267489026,1e+06
1784872842267844725,1e+06
1784872842268159607,1e+06
1784872842268515757,1e+06
1784872842268816480,1e+06
1784872842269143585,1e+06
1784872842316783734,1e+06
1784872842317247265,1e+06
1784872842317672332,1e+06
1784872842318181390,1e+06
1784872842318496031,1e+06
1784872842319033131,1e+06
1784872842319388158,1e+06
1784872842319593423,1e+06
1784872842320036564,1e+06
1784872842320251461,1e+06
1784872842320466671,1e+06
1784872842320635489,1e+06
1784872842320831489,1e+06
1784872842321007689,1e+06
1784872842321378092,1e+06
1784872842321573974,1e+06
1784872842321897462,1e+06
1784872842322253624,1e+06
1784872842322672774,1e+06
1784872842323037967,1e+06
1784872842323377130,1e+06
1784872842323773872,1e+06
1784872842324080153,1e+06
1784872842324391771,1e+06
1784872842324691789,1e+06
1784872842324937762,1e+06
1784872842325295447,1e+06
1784872842325583417,1e+06
1784872842325977015,1e+06
1784872842326263669,1e+06
1784872842326434968,1e+06
1784872842326650158,1e+06
1784872842326859859,1e+06
1784872842327067857,1e+06
1784872842365077890,1e+06
1784872842365382219,1e+06
1784872842365661927,1e+06
1784872842366011331,1e+06
1784872842366626767,1e+06
1784872842366958115,1e+06
1784872842367177299,1e+06
1784872842367378090,1e+06
1784872842367544227,1e+06
1784872842367781031,1e+06
1784872842375588513,1e+06
1784872842375876691,1e+06
1784872842376188297,1e+06
1784872842376389160,1e+06
1784872842376575195,1e+06
1784872842376851075,1e+06
1784872842377248919,1e+06
1784872842377627869,1e+06
1784872842378438755,1e+06
1784872842378773884,1e+06
1784872842379015948,1e+06
1784872842379227218,1e+06
1784872842379472611,1e+06
1784872842379678629,1e+06
1784872842379965477,1e+06
1784872842380132501,1e+06
1784872842380952089,1e+06
1784872842382258188,1e+06
1784872842382810457,1e+06
1784872842383109874,1e+06
1784872842383353196,1e+06
1784872842383559259,1e+06
1784872842383778486,1e+06
1784872842384098703,1e+06
1784872842453601359,1e+06
1784872842453830190,1e+06
1784872842454405422,1e+06
1784872842454921163,1e+06
1784872842455584624,1e+06
1784872842456103046,1e+06
1784872842456537926,1e+06
1784872842457147323,1e+06
1784872842457739425,1e+06
1784872842458232947,1e+06
1784872842458711803,1e+06
1784872842458926548,1e+06
1784872842459197032,1e+06
1784872842459424094,1e+06
1784872842459766139,1e+06
1784872842459991401,1e+06
1784872842460236569,1e+06
1784872842460419855,1e+06
1784872842460715052,1e+06
1784872842460905744,1e+06
1784872842461135457,1e+06
1784872842461352237,1e+06
1784872842461518957,1e+06
1784872842461747318,1e+06
1784872842462017494,1e+06
1784872842462508333,1e+06
1784872842462899906,1e+06
1784872842463431695,1e+06
1784872842463943770,1e+06
1784872842464485938,1e+06
1784872842464868350,1e+06
1784872842465508654,1e+06
1784872842465921411,1e+06
1784872842466586904,1e+06
1784872842467118665,1e+06
1784872842525607878,1e+06
1784872842526474446,1e+06
1784872842526730031,1e+06
1784872842526968365,1e+06
1784872842527191116,1e+06
1784872842527431786,1e+06
1784872842527617196,1e+06
1784872842527834849,1e+06
1784872842528233340,1e+06
1784872842528863479,1e+06
1784872842529294167,1e+06
1784872842544659640,1e+06
1784872842545452043,1e+06
1784872842546255063,1e+06
1784872842546860377,1e+06
1784872842547287471,1e+06
1784872842548230971,1e+06
1784872842548963781,1e+06
1784872842549821786,1e+06
1784872842550193830,1e+06
1784872842550442214,1e+06
1784872842550695977,1e+06
1784872842550963847,1e+06
1784872842551217489,1e+06
1784872842551474428,1e+06
1784872842551662384,1e+06
1784872842551846090,1e+06
1784872842552056237,1e+06
1784872842552269494,1e+06
1784872842552470897,1e+06
1784872842552921776,1e+06
1784872842553697190,1e+06
1784872842554629952,1e+06
1784872842554945782,1e+06
1784872842603983327,1e+06
1784872842604218831,1e+06
1784872842604452933,1e+06
1784872842604644838,1e+06
1784872842604847969,1e+06
1784872842605106616,1e+06
1784872842605363214,1e+06
1784872842605617043,1e+06
1784872842606378443,1e+06
1784872842606703901,1e+06
1784872842606922137,1e+06
1784872842607171105,1e+06
1784872842607381316,1e+06
1784872842607594555,1e+06
1784872842607778847,1e+06
1784872842607975853,1e+06
1784872842608167555,1e+06
1784872842608436175,1e+06
1784872842608623952,1e+06
1784872842608814107,1e+06
1784872842609160777,1e+06
1784872842609994368,1e+06
1784872842610726358,1e+06
1784872842611607431,1e+06
1784872842612138451,1e+06
1784872842612659546,1e+06
1784872842613285538,1e+06
1784872842614201226,1e+06
1784872842614958829,1e+06
1784872842615572421,1e+06
1784872842615953346,1e+06
1784872842616190320,1e+06
1784872842616426862,1e+06
1784872842616630551,1e+06
1784872842616872687,1e+06
1784872842666622857,1e+06
1784872842666860790,1e+06
1784872842667083237,1e+06
1784872842667315572,1e+06
1784872842667533100,1e+06
1784872842667804100,1e+06
1784872842668017393,1e+06
1784872842668260904,1e+06
1784872842668433132,1e+06
1784872842668643189,1e+06
1784872842668837600,1e+06
1784872842669043586,1e+06
1784872842669503721,1e+06
1784872842670419636,1e+06
1784872842670986361,1e+06
1784872842671751928,1e+06
1784872842671986510,1e+06
1784872842672233833,1e+06
1784872842672461572,1e+06
1784872842672675819,1e+06
1784872842673011040,1e+06
1784872842673227551,1e+06
1784872842673480346,1e+06
1784872842676174168,1e+06
1784872842676425322,1e+06
1784872842676647368,1e+06
1784872842676842043,1e+06
1784872842677054365,1e+06
1784872842677255020,1e+06
1784872842677711071,1e+06
1784872842678283262,1e+06
1784872842678700406,1e+06
1784872842678988816,1e+06
1784872842679235621,1e+06
1784872842716777300,1e+06
1784872842717493469,1e+06
1784872842717975591,1e+06
1784872842718697765,1e+06
1784872842718962221,1e+06
1784872842719208616,1e+06
1784872842719416150,1e+06
1784872842719629608,1e+06
1784872842719845749,1e+06
1784872842720113103,1e+06
1784872842720617487,1e+06
1784872842721241862,1e+06
1784872842721519868,1e+06
1784872842721758704,1e+06
1784872842721956225,1e+06
1784872842722297872,1e+06
1784872842722502699,1e+06
1784872842722736233,1e+06
1784872842722964479,1e+06
1784872842723336909,1e+06
1784872842723571361,1e+06
1784872842724000411,1e+06
1784872842724233169,1e+06
1784872842724489830,1e+06
1784872842724696060,1e+06
1784872842724949628,1e+06
1784872842725315350,1e+06
1784872842727328266,1e+06
1784872842727682947,1e+06
1784872842727909448,1e+06
1784872842728120850,1e+06
1784872842728338919,1e+06
1784872842765696084,1e+06
1784872842765928688,1e+06
1784872842766252621,1e+06
1784872842766456679,1e+06
1784872842766715530,1e+06
1784872842766959415,1e+06
1784872842767188154,1e+06
1784872842767468672,1e+06
1784872842767645922,1e+06
1784872842767823355,1e+06
1784872842768014929,1e+06
1784872842768206793,1e+06
1784872842768380210,1e+06
1784872842768563980,1e+06
1784872842768761494,1e+06
1784872842769307110,1e+06
1784872842769925335,1e+06
1784872842770513413,1e+06
1784872842771058181,1e+06
1784872842771828074,1e+06
1784872842772219390,1e+06
1784872842772417102,1e+06
1784872842772617329,1e+06
1784872842772820076,1e+06
1784872842773053611,1e+06
1784872842773206241,1e+06
1784872843507558828,1e+06
1784872843848650334,1e+06
1784872845559632480,1e+06
1784872846170453706,1e+06
1784872847206359342,1e+06
1784872847207004914,1e+06
1784872847207286585,1e+06
1784872847207286585,1e+06
