ts,equity
1784867004792229009,1e+06
1784867005220432167,1e+06
1784867006121902556,1e+06
1784867006706531742,1e+06
1784867007062247696,1e+06
1784867007062574558,1e+06
1784867007074118309,1e+06
1784867007114640445,1e+06
1784867007134933683,1e+06
1784867007173110444,1e+06
1784867007206457713,1e+06
1784867007287860940,1e+06
1784867007545176863,1e+06
1784867007561713289,1e+06
1784867007629586926,1e+06
1784867007917806656,1e+06
1784867008040994037,1e+06
1784867008074977099,1e+06
1784867008112014408,1e+06
1784867008221582574,1e+06
1784867008910824327,1e+06
1784867013505179431,1e+06
1784867013733809175,1e+06
1784867013949705215,1e+06
1784867013965894876,1e+06
1784867014200397068,1e+06
1784867014253943815,1e+06
1784867014299273094,1e+06
1784867014484281501,1e+06
1784867014605623221,1e+06
1784867015339654164,1e+06
1784867016260617805,1e+06
1784867017080419409,1e+06
1784867017140529921,1e+06
1784867017223244558,1e+06
1784867017590951593,1e+06
1784867017713705743,1e+06
1784867018002891995,1e+06
1784867019026781004,1e+06
1784867019208802315,1e+06
1784867019435839074,1e+06
1784867019437487885,1e+06
1784867019627089770,1e+06
1784867019989786544,1e+06
1784867020492802131,1e+06
1784867022219122048,1e+06
1784867022219727533,1e+06
1784867022220968784,1e+06
1784867022236971292,1e+06
1784867022264510628,1e+06
1784867022275815766,1e+06
1784867022361391308,1e+06
1784867022396337553,1e+06
1784867022421915641,1e+06
1784867022445927732,1e+06
1784867022471921748,1e+06
1784867022487501198,1e+06
1784867022499878398,1e+06
1784867022672735958,1e+06
1784867023047075161,1e+06
1784867023092311250,1e+06
1784867023157710722,1e+06
1784867023367981834,1e+06
1784867023458294831,1e+06
1784867023609525919,1e+06
1784867023691863101,1e+06
1784867024154004814,1e+06
1784867024467017047,1e+06
1784867024964294842,1e+06
1784867025809444522,1e+06
1784867025883331191,1e+06
1784867026008917934,1e+06
1784867026207168517,1e+06
1784867026338221798,1e+06
1784867026357746846,1e+06
1784867026359411062,1e+06
1784867026360018535,1e+06
1784867026394826537,1e+06
1784867026406886762,1e+06
1784867026409246926,1e+06
1784867026489757563,1e+06
1784867026524390045,1e+06
1784867026701126156,1e+06
1784867027055894245,1e+06
1784867027163443275,1e+06
1784867027186217866,1e+06
1784867027230172342,1e+06
1784867027276504690,1e+06
1784867027393349417,1e+06
1784867027598997695,1e+06
1784867028242230628,1e+06
1784867028242681562,1e+06
1784867029191431833,1e+06
1784867029882551417,1e+06
1784867030700522027,1e+06
1784867031512785548,1e+06
1784867031611391674,1e+06
1784867031634780693,1e+06
1784867031652884049,1e+06
1784867031665276762,1e+06
1784867031665747665,1e+06
1784867031687095942,1e+06
1784867031692816057,1e+06
1784867031703148371,1e+06
1784867031704138512,1e+06
1784867031719910966,1e+06
1784867031720774224,1e+06
1784867031740830168,1e+06
1784867031755578692,1e+06
1784867031789391603,1e+06
1784867031827071474,1e+06
1784867031867860457,1e+06
1784867031902622928,1e+06
1784867031973176090,1e+06
1784867032139523327,1e+06
1784867032165102981,1e+06
1784867032183990617,1e+06
1784867032326655403,1e+06
1784867032641930044,1e+06
1784867033044008673,1e+06
1784867033064489594,1e+06
1784867033080095468,1e+06
1784867033097767515,1e+06
1784867033135789744,1e+06
1784867033163209551,1e+06
1784867033192306705,1e+06
1784867033222400848,1e+06
1784867033357714811,1e+06
1784867033634985428,1e+06
1784867033638907890,1e+06
1784867033639567674,1e+06
1784867033646356135,1e+06
1784867033780223095,1e+06
1784867033891072484,1e+06
1784867034005572737,1e+06
1784867034027800681,1e+06
1784867034159974793,1e+06
1784867034588605725,1e+06
1784867034897443558,1e+06
1784867034920327137,1e+06
1784867034987628341,1e+06
1784867035020404543,1e+06
1784867035042996613,1e+06
1784867035056731338,1e+06
1784867035071027241,1e+06
1784867035084242136,1e+06
1784867035090969959,1e+06
1784867035106571072,1e+06
1784867035121499830,1e+06
1784867035122749588,1e+06
1784867035131600236,1e+06
1784867035141658719,1e+06
1784867035152027448,1e+06
1784867035163577482,1e+06
1784867035182389672,1e+06
1784867035191257451,1e+06
1784867035208294325,1e+06
1784867035223784577,1e+06
1784867035291923760,1e+06
1784867035304153734,1e+06
1784867035367474283,1e+06
1784867035411954337,1e+06
1784867035554285961,1e+06
1784867035603381045,1e+06
1784867035759444237,1e+06
1784867035902624901,1e+06
1784867036126644390,1e+06
1784867036442321329,1e+06
1784867036967931514,1e+06
1784867037590505689,1e+06
1784867038301545633,1e+06
1784867038607038873,1e+06
1784867039199483105,1e+06
1784867039520813180,1e+06
1784867040140393360,1e+06
1784867040140748533,1e+06
1784867040186681106,1e+06
1784867040603286963,1e+06
1784867040861155440,1e+06
1784867041021243026,1e+06
1784867041677762341,1e+06
1784867041695247258,1e+06
1784867041701855437,1e+06
1784867041826234286,1e+06
1784867041896343975,1e+06
1784867041969954441,1e+06
1784867042069348004,1e+06
1784867042170936037,1e+06
1784867042265711987,1e+06
1784867042434275190,1e+06
1784867042653342349,1e+06
1784867043065214176,1e+06
1784867043539285196,1e+06
1784867044744662974,1e+06
1784867044793030765,1e+06
1784867044816252657,1e+06
1784867044921455962,1e+06
1784867045162198930,1e+06
1784867045916145903,1e+06
1784867046145837530,1e+06
1784867046198858381,1e+06
1784867046250807484,1e+06
1784867046268817589,1e+06
1784867046295138052,1e+06
1784867046494930223,1e+06
1784867046965771709,1e+06
1784867047193956482,1e+06
1784867048009204490,1e+06
1784867048824988577,1e+06
1784867049101877777,1e+06
1784867049742368043,1e+06
1784867051081844838,1e+06
1784867051758219082,1e+06
1784867051799774799,1e+06
1784867052010296948,1e+06
1784867052171796560,1e+06
1784867052185042352,1e+06
1784867052241142841,1e+06
1784867052952709518,1e+06
1784867053130912812,1e+06
1784867053425716891,1e+06
1784867053700859771,1e+06
1784867054062529453,1e+06
1784867054266216847,1e+06
1784867054839111298,1e+06
1784867055246617909,1e+06
1784867055594166851,1e+06
1784867056014361609,1e+06
1784867056554368089,1e+06
1784867056966580722,1e+06
1784867057323029593,1e+06
1784867057570952055,1e+06
1784867057856027670,1e+06
1784867058240274165,1e+06
1784867058695879554,1e+06
1784867059019750645,1e+06
1784867059100686996,1e+06
1784867059157958685,1e+06
1784867059275762505,1e+06
1784867059821291894,1e+06
1784867061534532702,1e+06
1784867061718779005,1e+06
1784867061744761166,1e+06
1784867061774909040,1e+06
1784867061799297333,1e+06
1784867061823494104,1e+06
1784867061849882911,1e+06
1784867061862675379,1e+06
1784867061926634652,1e+06
1784867061962660824,1e+06
1784867061981332452,1e+06
1784867061992529015,1e+06
1784867062018913362,1e+06
1784867062057638763,1e+06
1784867062075318578,1e+06
1784867062099517735,1e+06
1784867062210200004,1e+06
1784867062277748216,1e+06
1784867062407027453,1e+06
1784867062486904176,1e+06
1784867062487246875,1e+06
1784867062500275876,1e+06
1784867062524171458,1e+06
1784867062573601726,1e+06
1784867062689649141,1e+06
1784867062944603132,1e+06
1784867063059598210,1e+06
1784867063163233671,1e+06
1784867063274589042,1e+06
1784867063311805035,1e+06
1784867063344691212,1e+06
1784867063582646025,1e+06
1784867063705750877,1e+06
1784867063722007724,1e+06
1784867063765772462,1e+06
1784867063836585094,1e+06
1784867063838185633,999999
1784867063838334990,999999
1784867063852338726,999999
1784867063857879999,999999
1784867063925004276,999999
1784867064021013635,999999
1784867064078103509,999999
1784867064331214073,999999
1784867064925866076,999999
1784867065456302921,999999
1784867065858744568,999999
1784867066374157232,999999
1784867066393911792,999999
1784867066399905802,999999
1784867066412775526,999999
1784867066454903876,999999
1784867066503980390,999999
1784867066565161095,999999
1784867066606779563,999999
1784867066685804771,999999
1784867066690811760,999999
1784867066691341947,999999
1784867066706334928,999999
1784867066767775193,999999
1784867066965468159,999999
1784867066965775960,999999
1784867066988884935,999999
1784867067067991910,999999
1784867067243890298,999999
1784867067253703837,999999
1784867067271436815,999999
1784867067275845157,999999
1784867067344438876,999999
1784867067409886159,999999
1784867067582973589,999999
1784867067935315197,999999
1784867068536698250,999999
1784867068553784542,999999
1784867068625248708,999999
1784867068655041316,999999
1784867068943300370,999999
1784867069233732515,999999
1784867069771065147,999999
1784867070033570630,999999
1784867071061559528,999999
1784867072405874436,999999
1784867072672151606,999999
1784867073088978531,999999
1784867073863610192,999999
1784867073875340186,999999
1784867073942212003,999999
1784867074210260054,999999
1784867075183300743,999999
1784867075776591808,999999
1784867076312113865,999999
1784867076559229183,999999
1784867077033971845,999999
1784867077611291048,999999
1784867079481602672,999999
1784867079921281782,999999
1784867080305955131,999999
1784867080312414671,999999
1784867080318325406,999999
1784867080331424635,999999
1784867080378792873,999999
1784867080496595685,999999
1784867081023063272,999999
1784867081039615608,999999
1784867081047541245,999999
1784867081080521920,999999
1784867081106877889,999999
1784867081240801685,999999
1784867081609287566,999999
1784867081998395803,999999
1784867082170472628,999999
1784867082973410420,999999
1784867083646274980,999999
1784867083742597916,999999
1784867084604601751,999999
1784867086345833599,999999
1784867086420479621,999999
1784867087299632981,999999
1784867087393894371,999999
1784867088138292014,999999
1784867088934076932,999999
1784867088952014468,999999
1784867088976485506,999999
1784867088995661185,999999
1784867089027189149,999999
1784867089108747823,999999
1784867089289476588,999999
1784867089881535436,999999
1784867090025891480,999999
1784867090045127231,999999
1784867090079974071,999999
1784867090158822744,999999
1784867090854770340,999999
1784867091146630561,999999
1784867091546707011,999999
1784867092118103591,999999
1784867092707230044,999999
1784867092718487621,999999
1784867092775062793,999999
1784867093064631996,999999
1784867093075139150,999999
1784867093116090489,999999
1784867093211593460,999999
1784867093238554671,999999
1784867093254916988,999999
1784867093287635783,999999
1784867093364700359,999999
1784867093446135824,999999
1784867093921854855,999999
1784867094089046356,999999
1784867094295133104,999999
1784867094522373309,999999
1784867094749564170,999999
1784867095226622411,999999
1784867095569920438,999999
1784867095636739612,999999
1784867095660470464,999999
1784867095686992886,999999
1784867095699974852,999999
1784867095775324237,999999
1784867095951597517,999999
1784867096227787823,999999
1784867096966374606,999999
1784867097710379585,999999
1784867098372229553,999999
1784867098845052180,999999
1784867099949631305,999999
1784867099964132389,999999
1784867100078151459,999999
1784867100222150637,999999
1784867100841338449,999999
1784867100854907075,999999
1784867101287280778,999999
1784867101420496554,999999
1784867101462377538,999999
1784867101568996571,999999
1784867102068378111,999999
1784867102226637400,999999
1784867102951150460,999999
1784867103015912490,999999
1784867103034553939,999999
1784867103046873815,999999
1784867103064606243,999999
1784867103110407723,999999
1784867103278169786,999999
1784867103804269615,999999
1784867104749308944,999999
1784867105147758031,999999
1784867105157714162,999999
1784867105763087380,999999
1784867106580684212,999999
1784867111236148776,999999
1784867111629396631,999999
1784867112911054839,999999
1784867113498838081,999999
1784867114607007852,999999
1784867114989408910,999999
1784867115271710705,999999
1784867115845702627,999999
1784867116492815821,999999
1784867116737225197,999999
1784867116969688391,999999
1784867118111015934,999999
1784867121362182468,999999
1784867125458874253,999999
1784867126046273716,999999
1784867129046849135,999999
1784867129206212996,999999
1784867130383614905,999999
1784867131807831294,999999
1784867132667806422,999999
1784867134266110394,999999
1784867139113149804,999999
1784867140633163238,999999
1784867141307285017,999999
1784867142287220187,999999
1784867143763081555,999999
1784867144458803155,999999
1784867145692775764,999999
1784867146699101190,999999
1784867148174658149,999999
1784867150142099420,999999
1784867153318492507,999999
1784867153651632908,999999
1784867153686968167,999999
1784867153761209124,999999
1784867155017420647,999999
1784867155353188646,999999
1784867155447386631,999999
1784867155471893083,999999
1784867155547494037,999999
1784867155574906663,999999
1784867155590352314,999999
1784867155636569467,999999
1784867155722661183,999999
1784867155835904673,999999
1784867155847062597,999999
1784867155875349323,999999
1784867155941167246,999999
1784867156143598698,999999
1784867156968740939,999999
1784867157173091333,999999
1784867157834446434,999999
1784867157869914598,999999
1784867157872984440,999999
1784867157873145569,999999
1784867157873961370,999999
1784867157877234281,999999
1784867157878469591,999999
1784867157885513661,999999
1784867158023132284,999999
1784867158083561827,999999
1784867158200337977,999999
1784867158222114198,999999
1784867158257080409,999999
1784867158304222836,999999
1784867159022917456,999999
1784867160554907648,999999
1784867162686465732,999999
1784867162742350668,999999
1784867164230198286,999999
1784867167170902399,999999
1784867168583571367,999999
1784867168746336562,999999
1784867168751312886,999999
1784867168753523157,999999
1784867168946242341,999999
1784867168962826578,999999
1784867168986919001,999999
1784867169127784014,999999
1784867169595366445,999999
1784867169821079441,999999
1784867170798620033,999999
1784867171042177087,999999
1784867171059041218,999999
1784867171085730194,999999
1784867171132628031,999999
1784867171284114219,999999
1784867171544186126,999999
1784867171718354706,999999
1784867171868585867,999999
1784867171871516758,999998
1784867172068813209,999998
1784867172076022906,999998
1784867172084041651,999998
1784867172084351010,999998
1784867172084608182,999998
1784867172096337415,999998
1784867172176406871,999998
1784867172735728950,999998
1784867172751039349,999998
1784867172913835460,999998
1784867173149362684,999998
1784867173458443371,999998
1784867173791535656,999998
1784867174061010296,999998
1784867174265079387,999998
1784867174693342527,999998
1784867175038784776,999998
1784867175426214994,999998
1784867175815035952,999998
1784867176366493910,999998
1784867176778576718,999998
1784867177113883884,999998
1784867177442954739,999998
1784867177618917007,999998
1784867177841884229,999998
1784867178112052055,999998
1784867178298171486,999998
1784867178787561788,999998
1784867178809079979,999998
1784867178990152065,999998
1784867179191763046,999998
1784867180469447745,999998
1784867181001210065,999998
1784867181550536112,999998
1784867183084856643,999998
1784867183091766345,999998
1784867183117975218,999998
1784867183127084887,999998
1784867183139943147,999998
1784867183140945400,999998
1784867183151569860,999998
1784867183221373997,999998
1784867183292247978,999998
1784867183292745863,999998
1784867183293157009,999998
1784867183368239362,999998
1784867183430974113,999998
1784867183431337031,999998
1784867183442537863,999998
1784867183589975755,999998
1784867183604019489,999998
1784867183604812076,999998
1784867183607199725,999998
1784867183607370105,999998
1784867183615442735,999998
1784867183660502343,999998
1784867183803922400,999998
1784867183916768760,999998
1784867183961897394,999998
1784867184095142107,999998
1784867184112474918,999998
1784867184123262478,999998
1784867184141005761,999998
1784867184172861074,999998
1784867184271636634,999998
1784867184849913299,999998
1784867185217353000,999998
1784867185507732520,999998
1784867186308517654,999998
1784867187242556991,999998
1784867189300245158,999998
1784867189314549625,999998
1784867189330879867,999998
1784867189343732866,999998
1784867189359746814,999998
1784867189400657761,999998
1784867189431737423,999998
1784867189445601987,999998
1784867189468805060,999998
1784867189493605525,999998
1784867189556399038,999998
1784867189595145123,999998
1784867189608618273,999998
1784867189630407573,999998
1784867189652353879,999998
1784867189652689144,999998
1784867189657104516,999998
1784867189671197554,999998
1784867189671624642,999998
1784867189682278731,999998
1784867189696428177,999998
1784867189744220277,999998
1784867189788668583,999998
1784867189804569274,999998
1784867189804958825,999998
1784867189884050442,999998
1784867190042468011,999998
1784867190288431863,999998
1784867190377302846,999998
1784867190587723606,999998
1784867191020933031,999998
1784867191025657843,999998
1784867191026271480,999998
1784867191126604932,999998
1784867191367570872,999998
1784867191825292218,999998
1784867191929147971,999998
1784867191975571236,999998
1784867191996051986,999998
1784867192028744969,999998
1784867192039831245,999998
1784867192351583055,999998
1784867192662816859,999998
1784867192812377787,999998
1784867192836267186,999998
1784867193030349037,999998
1784867193396110533,999998
1784867194985681065,999998
1784867195111136752,999998
1784867195327376354,999998
1784867196083664846,999998
1784867196086466636,999998
1784867196291778904,999998
1784867196471750577,999998
1784867196830665975,999998
1784867197668920522,999998
1784867197736735151,999998
1784867198025278457,999998
1784867198420943621,999998
1784867198685811734,999998
1784867199110653729,999998
1784867199149216070,999998
1784867199161280328,999998
1784867199166663764,999998
1784867199180984848,999998
1784867199200166795,999998
1784867199235788705,999998
1784867199270900380,999998
1784867199371260868,999998
1784867199444278608,999998
1784867199511484722,999998
1784867199584745221,999998
1784867199584960000,999998
1784867199883637697,999998
1784867200199854326,999998
1784867200562379020,999998
1784867200639686329,999998
1784867200847568747,999998
1784867201475627559,999998
1784867203166172289,999998
1784867205918637489,999998
1784867206374789512,999998
1784867206523321258,999998
1784867207001013862,999998
1784867207038856059,999998
1784867207158408897,999998
1784867207442909420,999998
1784867207606420744,999998
1784867208953071295,999998
1784867209112705419,999998
1784867209934526373,999998
1784867210721440855,999998
1784867210994850112,999998
1784867212425196965,999998
1784867212984040055,999998
1784867213708969875,999998
1784867213925027458,999998
1784867214612187957,999998
1784867214916024479,999998
1784867215060674269,999998
1784867216489138892,999998
1784867216531036419,999998
1784867216536136775,999998
1784867216541393550,999998
1784867216688762332,999998
1784867216963094240,999998
1784867217036461592,999998
1784867217236407056,999998
1784867217913491972,999998
1784867218189446156,999998
1784867218925063637,999998
1784867219016007302,999998
1784867219023172063,999998
1784867219112078408,999998
1784867219184437587,999998
1784867219421497832,999998
1784867219728212438,999998
1784867220020836807,999998
1784867220320004779,999998
1784867220385080719,999998
1784867220391605880,999998
1784867220421418538,999998
1784867220456701041,999998
1784867220467882858,999998
1784867220470240845,999998
1784867220480032856,999998
1784867220488781206,999998
1784867220553822770,999998
1784867220554469015,999998
1784867220554808597,999998
1784867220573382794,999998
1784867220601558765,999998
1784867220621061695,999998
1784867220650997913,999998
1784867220694261303,999998
1784867220745617148,999998
1784867220824245901,999998
1784867220893249690,999998
1784867221208122428,999998
1784867221538406690,999998
1784867222109688144,999998
1784867223006002658,999998
1784867223760008590,999998
1784867224192574893,999998
1784867225101387421,999998
1784867226010470230,999998
1784867226580269969,999998
1784867226667576310,999998
1784867227146810854,999998
1784867227868456579,999998
1784867228670938103,999998
1784867229278942764,999998
1784867229407531641,999998
1784867229572591551,999998
1784867229581073060,999998
1784867229586628934,999998
1784867229599947622,999998
1784867229605726615,999998
1784867229640766826,999998
1784867229658367109,999998
1784867229670342525,999998
1784867229696684746,999998
1784867229711384516,999998
1784867229732223554,999998
1784867229790765879,999998
1784867229855371354,999998
1784867229894663705,999998
1784867229957199730,999998
1784867230080019538,999998
1784867230149204313,999998
1784867230599207590,999998
1784867230799509834,999998
1784867231148006568,999998
1784867231167133267,999998
1784867231189767934,999998
1784867231214774881,999998
1784867231221918782,999998
1784867231300599824,999998
1784867231532691005,999998
1784867232153770621,999998
1784867232204999147,999998
1784867232232206735,999998
1784867232379295156,999998
1784867232580166652,999998
1784867232908551553,999998
1784867233260608250,999998
1784867233968862244,999998
1784867233978446241,999998
1784867234000516692,999998
1784867234013763545,999998
1784867234020943350,999998
1784867234049845257,999998
1784867234065528204,999998
1784867234078555859,999998
1784867234095415533,999998
1784867234146742219,999998
1784867234154896951,999998
1784867234194670367,999998
1784867234199185452,999998
1784867234213146368,999998
1784867234262948239,999998
1784867234369183160,999998
1784867234499046507,999998
1784867234840277848,999998
1784867234842914594,999998
1784867234845158646,999998
1784867234854857022,999998
1784867234867135103,999998
1784867234871008613,999998
1784867234886583615,999998
1784867234898812560,999998
1784867234969929897,999998
1784867235006601015,999998
1784867235127875133,999998
1784867235246823830,999998
1784867235871212676,999998
1784867237798432929,999998
1784867237891856768,999998
1784867238314755853,999998
1784867238603422321,999998
1784867239572354890,999998
1784867239929816770,999998
1784867240556128962,999998
1784867240925447309,999998
1784867241549268025,999998
1784867241676083564,999998
1784867241696855725,999998
1784867241717964781,999998
1784867241728950579,999998
1784867241745402908,999998
1784867241754312143,999998
1784867241762285468,999998
1784867241770795670,999998
1784867241778262494,999998
1784867241797190101,999998
1784867241804335302,999998
1784867241815085807,999998
1784867241820270138,999998
1784867241839456287,999998
1784867241877783946,999998
1784867241918257896,999998
1784867242072225871,999998
1784867242081326816,999998
1784867242165905109,999998
1784867242575721385,999998
1784867242711109588,999998
1784867242917600623,999998
1784867243351033554,999998
1784867243801718727,999998
1784867243928991566,999998
1784867244118349608,999998
1784867244297646129,999998
1784867244323206876,999998
1784867244382901806,999998
1784867244448656061,999998
1784867244449029946,999998
1784867244449814186,999998
1784867244450304803,999998
1784867244456424030,999998
1784867244456745128,999998
1784867244460463391,999998
1784867244471514607,999998
1784867244481828534,999998
1784867244490405084,999998
1784867244536896769,999998
1784867244593408297,999998
1784867244644181065,999998
1784867244865495062,999998
1784867245035559665,999998
1784867245999287170,999998
1784867247342577691,999998
1784867247403613733,999998
1784867247456723157,999998
1784867247501626187,999998
1784867247506825563,999998
1784867247549028679,999998
1784867247580832554,999998
1784867247580956610,999998
1784867247585400510,999998
1784867247585598664,999998
1784867247607403797,999998
1784867247654261809,999998
1784867247657524462,999998
1784867247752018025,999998
1784867247757834259,999998
1784867247782613897,999998
1784867247893665694,999998
1784867247961146824,999998
1784867247983482100,999998
1784867248020855891,999998
1784867248276485048,999998
1784867248875510154,999998
1784867250914386676,999998
1784867251788672719,999998
1784867251855908281,999998
1784867251903027017,999998
1784867252701540108,999998
1784867253722912943,999998
1784867253771474545,999998
1784867253785182113,999998
1784867253832789376,999998
1784867254721395489,999998
1784867254929541463,999998
1784867256119609115,999998
1784867256200726547,999998
1784867256475577448,999998
1784867256606500271,999998
1784867256647155053,999998
1784867256691544662,999998
1784867256694355879,999998
1784867256788440638,999998
1784867256987421680,999998
1784867256999603362,999998
1784867257014914964,999998
1784867257028349918,999998
1784867257039233497,999998
1784867257049270470,999998
1784867257076615010,999998
1784867257113579248,999998
1784867257563292317,999998
1784867258112366654,999998
1784867258262489705,999998
1784867258435325609,999998
1784867258937689300,999998
1784867261108800738,999998
1784867262374636003,999998
1784867262387057217,999998
1784867262399497896,999998
1784867262403438432,999998
1784867263059616503,999998
1784867264538866734,999998
1784867264639287822,999998
1784867264654919288,999998
1784867265408750285,999998
1784867265479557975,999998
1784867265690014431,999998
1784867267024334111,999998
1784867267033737806,999998
1784867267038328104,999998
1784867267332263742,999998
1784867267347124212,999998
1784867267448678053,999998
1784867267712502421,999998
1784867268126165653,999998
1784867269301315963,999998
1784867269646386998,999998
1784867271278282548,999998
1784867271588132129,999998
1784867271980124219,999998
1784867272923724266,999998
1784867273356862595,999998
1784867273369637400,999998
1784867273376129486,999998
1784867273396323411,999998
1784867274172544455,999998
1784867274222600828,999998
1784867274550981634,999998
1784867274557534400,999998
1784867274642422046,999998
1784867274919619783,999998
1784867275657313203,999998
1784867275713235891,999998
1784867275796428048,999998
1784867276075253600,999998
1784867277550656601,999998
1784867278541858739,999998
1784867279780661331,999998
1784867281756626685,999998
1784867282661738928,999998
1784867284579300198,999998
1784867287754336650,999998
1784867290364894190,999998
1784867290525968321,999998
1784867292879637394,999998
1784867293003034699,999998
1784867293966919733,999998
1784867294442432626,999998
1784867294471811432,999998
1784867294495342858,999998
1784867294616602370,999998
1784867294914298278,999998
1784867294967586093,999998
1784867294973155442,999998
1784867295109349723,999998
1784867295777645797,999998
1784867296090360175,999998
1784867296099075593,999998
1784867296610298916,999998
1784867297656272260,999998
1784867299703265274,999998
1784867301114495188,999998
1784867301123214901,999998
1784867301162426351,999998
1784867303348761751,999998
1784867303676397619,999998
1784867303680427033,999998
1784867303697273524,999998
1784867303697924570,999998
1784867303709009496,999998
1784867303724581122,999998
1784867303745765017,999998
1784867303774546113,999998
1784867303801610133,999998
1784867303803768641,999998
1784867303803912188,999998
1784867303804937824,999998
1784867303819776821,999998
1784867303849731873,999998
1784867303947565604,999998
1784867304000404888,999998
1784867304172924298,999998
1784867304320010231,999998
1784867304515591235,999998
1784867305449951092,999998
1784867306035065393,999998
1784867306080120672,999998
1784867306494780181,999998
1784867306654541327,999998
1784867308506156808,999998
1784867310412337808,999998
1784867310643081714,999998
1784867311477783217,999998
1784867311818937396,999998
1784867311819222481,999998
1784867311819468392,999998
1784867311819782255,999998
1784867311820004532,999998
1784867311992605354,999998
1784867312116993697,999998
1784867312603858855,999998
1784867312977406238,999998
1784867313353297254,999998
1784867313892438443,999998
1784867314222310016,999998
1784867314303320165,999998
1784867314318128395,999998
1784867314327678322,999998
1784867314336603175,999998
1784867314375117361,999998
1784867314414887707,999998
1784867314456299884,999998
1784867314564019698,999998
1784867315068920720,999998
1784867315187685016,999998
1784867316671411593,999998
1784867319466843052,999998
1784867320021225327,999998
1784867321122008568,999998
1784867322368777325,999998
1784867322382547203,999998
1784867322408245638,999998
1784867322426236620,999998
1784867322566399143,999998
1784867322951206921,999998
1784867323559825987,999998
1784867323669800594,999998
1784867323950930464,999998
1784867324597142556,999998
1784867327198097634,999998
1784867327214323346,999998
1784867327353114623,999998
1784867327389399702,999998
1784867327460109138,999998
1784867327495456134,999998
1784867327535448268,999998
1784867327691571007,999998
1784867327746393247,999998
1784867327784503134,999998
1784867327852703695,999998
1784867327892550702,999998
1784867328014782226,999998
1784867328611495664,999998
1784867330336264189,999998
1784867331861694042,999998
1784867331891458275,999998
1784867332038539363,999998
1784867333319189666,999998
1784867333710992753,999998
1784867334387309035,999998
1784867335250789469,999998
1784867336065872397,999998
1784867337573729006,999998
1784867337917065787,999998
1784867339960031367,999998
1784867341051363223,999998
1784867342315285850,999998
1784867343381128635,999998
1784867343381683499,999998
1784867343381963591,999998
1784867343383491798,999998
1784867343386370428,999998
1784867343391828145,999998
1784867343397558538,999998
1784867343420689579,999998
1784867343420816625,999998
1784867343425038916,999998
1784867343491094338,999998
1784867343570367383,999998
1784867343626009205,999998
1784867343780903840,999998
1784867344521475262,999998
1784867344922943756,999998
1784867345613269915,999998
1784867346041786142,999998
1784867346710094617,999998
1784867347668444740,999998
1784867349919849043,999998
1784867352140704549,999998
1784867354158998155,999998
1784867354169880096,999998
1784867354335557364,999998
1784867354524539429,999998
1784867354653554244,999998
1784867355056142631,999998
1784867356441942244,999998
1784867357733467023,999998
1784867360673879739,999998
1784867362528336169,999998
1784867365330218475,999998
1784867365539991890,999998
1784867365550569403,999998
1784867366070347097,999998
1784867366523250585,999998
1784867368140471906,999998
1784867369432447615,999998
1784867369442289244,999998
1784867369442557574,999998
1784867369453598676,999998
1784867369496002961,999998
1784867369604848039,999998
1784867369983964335,999998
1784867370704028727,999998
1784867371973653873,999998
1784867371986987641,999998
1784867371994434153,999998
1784867372101095617,999998
1784867373060334823,999998
1784867373516409375,999998
1784867374677678357,999998
1784867374787851001,999998
1784867374805879976,999998
1784867375782123382,999998
1784867375797272431,999998
1784867375797491602,999998
1784867375815407611,999998
1784867376033630129,999998
1784867376342904795,999998
1784867376963469274,999998
1784867376963649780,999998
1784867376963985552,999998
1784867376964185092,999998
1784867377022445158,999998
1784867377277999998,999998
1784867377744117964,999998
1784867377928106956,999998
1784867378285851866,999998
1784867378554152959,999998
1784867379413310322,999998
1784867380161124028,999998
1784867381117285580,999998
1784867381430461561,999998
1784867381945478496,999998
1784867383126014435,999998
1784867383741383523,999998
1784867386373183609,999998
1784867387761341336,999998
1784867388395165982,999998
1784867388578728793,999998
1784867388619361534,999998
1784867388634568188,999998
1784867388686695811,999998
1784867389182658207,999998
1784867389987943560,999998
1784867390438616332,999998
1784867391934354120,999998
1784867392250904389,999998
1784867392270043382,999998
1784867392270402688,999998
1784867392278346883,999998
1784867392293158500,999998
1784867392301772176,999998
1784867392329728705,999998
1784867392339257304,999998
1784867392383845699,999998
1784867392419800093,999998
1784867392498391450,999998
1784867392549009203,999998
1784867392791880543,999998
1784867393843291417,999998
1784867395218503227,999998
1784867395261163560,999998
1784867395285409071,999998
1784867395302381312,999998
1784867395600204842,999998
1784867395748701143,999998
1784867397991125796,999998
1784867398170389761,999998
1784867398294739408,999998
1784867400060392501,999998
1784867400219458176,999998
1784867400292151883,999998
1784867400319276253,999998
1784867400343493151,999998
1784867400367002367,999998
1784867400418190745,999998
1784867400549788999,999998
1784867400626789703,999998
1784867400966610590,999998
1784867401165271697,999998
1784867401356204332,999998
1784867401608373154,999998
1784867401895939881,999998
1784867402085151078,999998
1784867402128963672,999998
1784867402194912054,999998
1784867403435643945,999998
1784867404002599119,999998
1784867405134212695,999998
1784867405177599112,999998
1784867405217909160,999998
1784867405245505453,999998
1784867405264159049,999998
1784867405272622050,999998
1784867405298935718,999998
1784867405316609723,999998
1784867405368651827,999998
1784867405372750472,999998
1784867405372884780,999997
1784867405373187980,999997
1784867405380326037,999997
1784867405383064473,999997
1784867405389451246,999997
1784867405458510803,999997
1784867405512560549,999997
1784867405526269259,999997
1784867405680305634,999997
1784867405780407948,999997
1784867405911434093,999997
1784867406186670726,999997
1784867406190731366,999997
1784867406190927271,999997
1784867406200522456,999997
1784867406329052085,999997
1784867406480504356,999997
1784867406960628414,999997
1784867406961023849,999997
1784867407137958120,999997
1784867407350499019,999997
1784867407561735456,999997
1784867407600245535,999997
1784867407728641859,999997
1784867407842281273,999997
1784867408132868894,999997
1784867408294989515,999997
1784867408635886654,999997
1784867408981655722,999997
1784867409246248627,999997
1784867409398907329,999997
1784867409419590102,999997
1784867409426478248,999997
1784867409457062138,999997
1784867409457463331,999997
1784867409486496840,999997
1784867409573674119,999997
1784867409603879261,999997
1784867409723801187,999997
1784867409930517857,999997
1784867410174881447,999997
1784867410222293563,999997
1784867410274437467,999997
1784867410891264636,999997
1784867411763884060,999997
1784867412336922499,999997
1784867412341734061,999996
1784867412345649223,999996
1784867412465780532,999996
1784867412600548003,999996
1784867412603338866,999996
1784867412611470417,999996
1784867412624292276,999996
1784867412646406896,999996
1784867412878469478,999996
1784867412909777274,999996
1784867413001388025,999996
1784867413235375114,999996
1784867413938541831,999996
1784867414916313238,999996
1784867415152998288,999996
1784867415179405272,999996
1784867415211271506,999996
1784867415284576861,999996
1784867415701544865,999996
1784867415788569092,999996
1784867415788687353,999996
1784867415789163461,999996
1784867415789303230,999996
1784867415793653677,999996
1784867415793799598,999996
1784867415796979005,999996
1784867415797137794,999996
1784867415797252150,999996
1784867415803921078,999996
1784867415823608861,999996
1784867415923738815,999996
1784867415928859468,999996
1784867415931542547,999996
1784867415937076356,999996
1784867415940224194,999996
1784867415944580098,999996
1784867415944750294,999996
1784867415952017314,999996
1784867415952191475,999996
1784867415956151985,999996
1784867415960937061,999996
1784867415972801386,999996
1784867415993170478,999996
1784867416129020511,999996
1784867416274127666,999996
1784867416457970611,999996
1784867416476055819,999996
1784867416502397846,999996
1784867416621615798,999996
1784867416659524510,999996
1784867416782418862,999996
1784867417030225439,999996
1784867417278208400,999996
1784867417465987130,999996
1784867417542321350,999996
1784867417677880136,999996
1784867417783838709,999996
1784867418413797061,999996
1784867418508123267,999996
1784867418520500625,999996
1784867418524083443,999996
1784867418538406991,999996
1784867418558644449,999996
1784867418596415801,999996
1784867418647062566,999996
1784867418695571805,999996
1784867418767118866,999996
1784867419040181473,999996
1784867419054453075,999996
1784867419084240663,999996
1784867419242472963,999996
1784867419843379792,999996
1784867420911940035,999996
1784867421354585667,999996
1784867421911374983,999996
1784867422722708889,999996
1784867423483682060,999996
1784867424692827755,999996
1784867425712369654,999996
1784867430281375451,999996
1784867432879381310,999996
1784867434514679361,999996
1784867436959420063,999996
1784867436959820525,999996
1784867436964985040,999996
1784867437044092597,999996
1784867438060405326,999996
1784867439929688411,999996
1784867439972279405,999996
1784867440054359557,999996
1784867440110852107,999996
1784867440326977951,999996
1784867440512444563,999996
1784867440721452378,999996
1784867440937482421,999996
1784867441182467969,999996
1784867441571687169,999996
1784867442039906002,999996
1784867443050787870,999996
1784867443737415761,999996
1784867444878435870,999996
1784867444906734467,999996
1784867444975657282,999996
1784867444990413180,999996
1784867444999806916,999996
1784867445129096213,999996
1784867446258435518,999996
1784867446292260556,999996
1784867446323339194,999996
1784867446465012145,999996
1784867447981808864,999996
1784867448329804125,999996
1784867448982774465,999996
1784867449644041569,999996
1784867451228352559,999996
1784867452989129795,999996
1784867453819431979,999996
1784867454561510882,999996
1784867454949671818,999996
1784867455018360099,999996
1784867455097992848,999996
1784867455125743162,999996
1784867455364252166,999996
1784867455807134694,999996
1784867456133081145,999996
1784867458612970140,999996
1784867459893019284,999996
1784867460369829617,999996
1784867460811272336,999996
1784867461953055055,999996
1784867462970936430,999996
1784867463313186785,999996
1784867464349744571,999996
1784867465354592330,999996
1784867465610111303,999996
1784867465834835593,999996
1784867467236652552,999996
1784867468395393623,999996
1784867470119166021,999996
1784867470518565866,999996
1784867471158842355,999996
1784867471874909360,999996
1784867472084343047,999996
1784867472911529899,999996
1784867472943353054,999996
1784867473581073489,999996
1784867474083700276,999996
1784867474529748048,999996
1784867474582218394,999996
1784867474623727529,999996
1784867474638719260,999996
1784867474663652499,999996
1784867474683309907,999996
1784867474708895803,999996
1784867474732247098,999996
1784867474814344995,999996
1784867474950516857,999996
1784867474994672423,999996
1784867475054088781,999996
1784867475457437608,999996
1784867475613521255,999996
1784867475771611714,999996
1784867477042016528,999996
1784867477415928896,999996
1784867479361536807,999996
1784867479822317893,999996
1784867479837655414,999996
1784867480009304636,999996
1784867480012848108,999996
1784867480013032828,999996
1784867480014180706,999996
1784867480017472060,999996
1784867480065331820,999995
1784867480127254038,999995
1784867480129788025,999995
1784867480131337867,999995
1784867480133069280,999995
1784867480164575473,999995
1784867480291460110,999995
1784867480674426417,999995
1784867481247326164,999995
1784867482680845944,999995
1784867482716925721,999995
1784867482742123264,999995
1784867482751170365,999995
1784867482791203215,999995
1784867482869470270,999995
1784867482922322425,999995
1784867483119004863,999995
1784867484048024852,999995
1784867484671937847,999995
1784867484672090165,999995
1784867484722606157,999995
1784867484786514579,999995
1784867484857458315,999995
1784867484904949789,999995
1784867485057028530,999995
1784867485618842997,999995
1784867485661605504,999995
1784867485792430412,999995
1784867485867851427,999995
1784867486274905945,999995
1784867486454677149,999995
1784867486963419848,999995
1784867487939264699,999995
1784867487959375145,999995
1784867487967678270,999995
1784867488001879621,999995
1784867488325734684,999995
1784867490069824355,999995
1784867492245796225,999995
1784867495988689234,999995
1784867499148020592,999995
1784867499313528487,999995
1784867499885545366,999995
1784867499936435179,999995
1784867500008397204,999995
1784867500877572373,999995
1784867502194803079,999995
1784867502876830011,999995
1784867503124580615,999995
1784867503191091119,999995
1784867503191335995,999995
1784867503201998895,999995
1784867503205980835,999995
1784867503212993008,999995
1784867503219535147,999995
1784867503229512590,999995
1784867503236332905,999995
1784867503253530557,999995
1784867503361598266,999995
1784867503443711251,999995
1784867503558507900,999995
1784867503829269675,999995
1784867503982795941,999995
1784867504056602792,999995
1784867504414804293,999995
1784867504798642646,999995
1784867505080240703,999995
1784867505992554904,999995
1784867506000095599,999995
1784867506148227415,999995
1784867506541481273,999995
1784867506566610263,999995
1784867506585302071,999995
1784867506661202228,999995
1784867506959742436,999995
1784867506979886313,999995
1784867507505829209,999995
1784867507766486796,999995
1784867508240446273,999995
1784867509149796315,999995
1784867509485737902,999995
1784867509829429288,999995
1784867509894460849,999995
1784867509958986069,999995
1784867510918912490,999995
1784867512514492758,999995
1784867512913685849,999995
1784867512936547141,999995
1784867512940159335,999995
1784867512950614024,999995
1784867512964865761,999995
1784867512964991260,999995
1784867512977711382,999995
1784867512988279981,999995
1784867512998018057,999995
1784867513007498354,999995
1784867513067569417,999995
1784867513094391042,999995
1784867513265088599,999995
1784867513412746482,999995
1784867513661084823,999995
1784867513967626435,999995
1784867513990431105,999995
1784867514190778923,999995
1784867515118378311,999995
1784867515709480720,999995
1784867516700441840,999995
1784867518343647657,999995
1784867518576676212,999995
1784867518579604214,999995
1784867518579794740,999995
1784867518589354734,999995
1784867518597271730,999995
1784867518627233642,999995
1784867518834229087,999995
1784867518966127741,999995
1784867518973720782,999995
1784867518983540266,999995
1784867518996501837,999995
1784867519030195763,999995
1784867519071804736,999995
1784867519124944434,999995
1784867519141121814,999995
1784867519159422056,999995
1784867519277529150,999995
1784867519328920267,999995
1784867519440832378,999995
1784867519835324427,999995
1784867519979199831,999995
1784867519979335126,999995
1784867519979478444,999995
1784867519979606424,999995
1784867520058442577,999995
1784867520174559067,999995
1784867520774830486,999995
1784867520986468085,999995
1784867521162364956,999995
1784867521216394729,999995
1784867521230386545,999995
1784867521235615496,999995
1784867521311262604,999995
1784867521491013595,999995
1784867521521683558,999995
1784867521533109311,999995
1784867521549339250,999995
1784867521579380051,999995
1784867521683417527,999995
1784867521786232454,999995
1784867521975668162,999995
1784867522197381620,999995
1784867522644823164,999995
1784867522720536060,999995
1784867522743132818,999995
1784867522985247844,999995
1784867523237747294,999995
1784867524455802128,999995
1784867526730134153,999995
1784867529416889460,999995
1784867530794538411,999995
1784867530912785886,999995
1784867531054423381,999995
1784867531143351687,999995
1784867531269227683,999995
1784867531295307005,999995
1784867531368100730,999995
1784867531705909080,999995
1784867531755631527,999995
1784867531773504757,999995
1784867531795062370,999995
1784867531805522859,999995
1784867531831152963,999995
1784867531870476158,999995
1784867531889359296,999995
1784867531921529154,999995
1784867531953360424,999995
1784867532001514550,999995
1784867532032460737,999995
1784867532065580501,999995
1784867532306537199,999995
1784867532659482023,999995
1784867532941005955,999995
1784867533640226298,999995
1784867533655142478,999995
1784867533809015283,999995
1784867534093077369,999995
1784867534702775744,999995
1784867534719728898,999995
1784867534725642108,999995
1784867534735447938,999995
1784867534740484871,999995
1784867534743008794,999995
1784867534747752367,999995
1784867534751287424,999995
1784867534770236987,999995
1784867534804761681,999995
1784867534887799949,999995
1784867534907575550,999995
1784867534915907752,999995
1784867534931380602,999995
1784867534949183783,999995
1784867534981536979,999995
1784867535020172664,999995
1784867535051448350,999995
1784867535174949289,999995
1784867535289820735,999995
1784867535523293676,999995
1784867535861603306,999995
1784867536180590862,999995
1784867536192945658,999995
1784867536215838250,999995
1784867536371919115,999995
1784867536507824388,999995
1784867536575547606,999995
1784867536960021917,999995
1784867538629554642,999995
1784867539466522654,999995
1784867539707892354,999995
1784867541717889776,999995
1784867542243766549,999995
1784867543917922616,999995
1784867543930346518,999995
1784867544656353697,999995
1784867545782541101,999995
1784867545795550186,999995
1784867545833763971,999995
1784867546490423868,999995
1784867547205086749,999995
1784867551141412524,999995
1784867556339783285,999995
1784867558967401215,999995
1784867561052535060,999995
1784867563109675026,999995
1784867563115087127,999995
1784867563115972422,999995
1784867563118904373,999995
1784867563128007887,999995
1784867563131608594,999995
1784867563139041330,999995
1784867563143592839,999995
1784867563147979557,999995
1784867563269087013,999995
1784867563571528753,999995
1784867563752518644,999995
1784867563917884191,999995
1784867565007142110,999995
1784867565347755548,999995
1784867565779707150,999995
1784867566571927884,999995
1784867567883944779,999995
1784867568054555860,999995
1784867568448726010,999995
1784867568555531179,999995
1784867569112773823,999995
1784867569886739978,999995
1784867570048210439,999995
1784867571021978118,999995
1784867571085436961,999995
1784867571217276577,999995
1784867573863198139,999995
1784867575095736063,999995
1784867575372943818,999995
1784867576357493985,999995
1784867578972283631,999995
1784867581089426406,999995
1784867581203467099,999995
1784867582754937955,999995
1784867584419341333,999995
1784867585130418659,999995
1784867585147782286,999995
1784867585153809679,999995
1784867585158075111,999995
1784867585160056502,999995
1784867585161840893,999995
1784867585164423481,999995
1784867585168049018,999995
1784867585281339081,999995
1784867585691737155,999995
1784867586990205424,999995
1784867587371047972,999995
1784867587658688225,999995
1784867588213082536,999995
1784867588218746890,999995
1784867588350126317,999995
1784867588606118571,999995
1784867590347458516,999995
1784867590403960361,999995
1784867590594910305,999995
1784867590618280721,999995
1784867590632689643,999995
1784867590665127445,999995
1784867590680882917,999995
1784867590681383784,999995
1784867590694912284,999995
1784867590695239262,999995
1784867590737784066,999995
1784867590772456639,999995
1784867590786890782,999995
1784867590830813087,999995
1784867590858965640,999995
1784867590871129878,999995
1784867590894544294,999995
1784867590986347839,999995
1784867591208727190,999995
1784867591777982342,999995
1784867592799401368,999995
1784867593042212124,999995
1784867594322933699,999995
1784867595995303912,999995
1784867597127868803,999995
1784867597288077256,999995
1784867597294789579,999995
1784867597427121171,999995
1784867597652411019,999995
1784867597917585829,999995
1784867598562579002,999995
1784867598652530615,999995
1784867598869277746,999995
1784867599730351067,999995
1784867600391456857,999995
1784867600471747133,999995
1784867600512067743,999995
1784867600524365055,999995
1784867600530558723,999995
1784867600562215795,999995
1784867600627967522,999995
1784867600818625288,999995
1784867600981599927,999995
1784867601026339203,999995
1784867601068112252,999995
1784867601122197221,999995
1784867601237645567,999995
1784867602136106400,999995
1784867602487509027,999995
1784867602500054337,999995
1784867602783001669,999995
1784867602824342640,999995
1784867603010942361,999995
1784867603093776776,999995
1784867603284146914,999995
1784867603472671439,999995
1784867603647311330,999995
1784867603905798957,999995
1784867603909103744,999995
1784867603909569281,999995
1784867603913800158,999995
1784867603920868613,999995
1784867603929942386,999995
1784867603935740390,999995
1784867603940739805,999995
1784867604047896042,999995
1784867604098904728,999995
1784867604109657930,999995
1784867604127873709,999995
1784867604254108345,999995
1784867604429841565,999995
1784867604755302983,999995
1784867605055335435,999995
1784867606384818936,999995
1784867606395411872,999995
1784867608892871909,999995
1784867609055487352,999995
1784867610473283155,999995
1784867610480558883,999995
1784867610488328661,999995
1784867610509092794,999995
1784867610622524591,999995
1784867610661542054,999995
1784867610768861735,999995
1784867610813883151,999995
1784867611150270474,999995
1784867611156949794,999995
1784867611218230358,999995
1784867611340912587,999995
1784867611687659671,999995
1784867611952701645,999995
1784867612232214742,999995
1784867612278916029,999995
1784867612938976754,999995
1784867613033108552,999995
1784867613287982606,999995
1784867613882346693,999995
1784867614543576092,999995
1784867615564582434,999995
1784867616051684769,999995
1784867616780830348,999995
1784867617104693295,999995
1784867617904879075,999995
1784867618548013966,999995
1784867618618281114,999995
1784867619060071726,999995
1784867619694442800,999995
1784867620159126166,999995
1784867621030414915,999995
1784867621516478524,999995
1784867621949801136,999995
1784867622420449756,999995
1784867624177516820,999995
1784867625733265119,999995
1784867627019243688,999995
1784867628132802988,999995
1784867628468651411,999995
1784867628526632691,999995
1784867628744400662,999995
1784867628778127236,999995
1784867628838264873,999995
1784867629056332205,999995
1784867629585116183,999995
1784867629769958124,999995
1784867629790584204,999995
1784867629818411661,999995
1784867629853856984,999995
1784867629962500488,999995
1784867630183654002,999995
1784867630213202862,999995
1784867630387706776,999995
1784867630988004425,999995
1784867631066576006,999995
1784867631134466463,999995
1784867632612646713,999995
1784867633475564566,999995
1784867634628819228,999995
1784867635091927603,999995
1784867636587188528,999995
1784867637064221831,999995
1784867637097498367,999995
1784867637208366585,999995
1784867637216549150,999995
1784867637239200418,999995
1784867637439519639,999995
1784867637743210667,999995
1784867637777874689,999995
1784867638190785789,999995
1784867638797932431,999995
1784867639286036860,999995
1784867640188191546,999995
1784867640718269889,999995
1784867640731274806,999995
1784867640741709118,999995
1784867640759277602,999995
1784867640783616996,999995
1784867640830780231,999995
1784867640857358064,999995
1784867640905378863,999995
1784867640921752975,999995
1784867640921911173,999995
1784867640941625445,999995
1784867640956126961,999995
1784867640966378614,999995
1784867640966620455,999995
1784867640983825694,999995
1784867641042443966,999995
1784867641427771396,999995
1784867641673117860,999995
1784867641919388139,999995
1784867642327216518,999995
1784867642342203193,999995
1784867642517922038,999995
1784867642982500372,999995
1784867643048386996,999995
1784867643108940740,999995
1784867643198365095,999995
1784867643735674475,999995
1784867643884970603,999995
1784867643961306659,999995
1784867643998207430,999995
1784867644053790322,999995
1784867644077619645,999995
1784867644381333543,999995
1784867645496117604,999995
1784867646088231150,999995
1784867647262888692,999995
1784867647307549258,999995
1784867647466923119,999995
1784867647938110780,999995
1784867648322191416,999995
1784867648493971953,999995
1784867648500889625,999995
1784867648501006618,999995
1784867648502514222,999995
1784867648502673226,999995
1784867648509328306,999995
1784867648509482216,999995
1784867648511868658,999995
1784867648597654363,999995
1784867648666204683,999995
1784867648684785673,999995
1784867648807716101,999995
1784867648958170354,999995
1784867649277684148,999995
1784867649667402890,999995
1784867650042238576,999995
1784867650234503391,999995
1784867651070998728,999995
1784867651581735164,999995
1784867652921770897,999995
1784867653374662847,999995
1784867654153584683,999995
1784867656111701350,999995
1784867656769637697,999995
1784867656773918967,999994
1784867656774283431,999994
1784867656793832672,999994
1784867656865988928,999994
1784867656867758803,999994
1784867656868007766,999994
1784867656894147521,999994
1784867656925239906,999994
1784867657016109503,999994
1784867657303177915,999994
1784867657668081158,999994
1784867658058305418,999994
1784867658500412304,999994
1784867659250503542,999994
1784867659464541777,999994
1784867659537165550,999994
1784867659540564782,999994
1784867659544353274,999994
1784867659694121695,999994
1784867659914944647,999994
1784867660048728335,999994
1784867660783588793,999994
1784867660847309588,999994
1784867660919857919,999994
1784867661085692348,999994
1784867661577171268,999994
1784867661802763025,999994
1784867661816519361,999994
1784867661831245197,999994
1784867661842007545,999994
1784867661859288808,999994
1784867661879879376,999994
1784867661892478623,999994
1784867661924524928,999994
1784867661968213626,999994
1784867662027691601,999994
1784867662127226775,999994
1784867662282775014,999994
1784867662346755505,999994
1784867662416779363,999994
1784867662422903676,999994
1784867662486394265,999994
1784867662743679742,999994
1784867662804726292,999994
1784867663043942655,999994
1784867664922372272,999994
1784867666030936195,999994
1784867667063518687,999994
1784867667435062323,999994
1784867669163930168,999994
1784867670065011197,999994
1784867670821550564,999994
1784867671888849953,999994
1784867671933842538,999994
1784867672178774308,999994
1784867672457600619,999994
1784867672758262593,999994
1784867672762625123,999994
1784867672891596009,999994
1784867673055715592,999994
1784867673279443730,999994
1784867673400421678,999994
1784867674173945507,999994
1784867675750973987,999994
1784867678267737715,999994
1784867679561542550,999994
1784867679607929261,999994
1784867679741252960,999994
1784867680336490712,999994
1784867680344468660,999994
1784867680380736559,999994
1784867680400791450,999994
1784867680415492663,999994
1784867680464060573,999994
1784867680476829130,999994
1784867680477010594,999994
1784867680477422435,999994
1784867680481490735,999994
1784867680481665150,999994
1784867680496002242,999994
1784867680502383086,999994
1784867680502560755,999994
1784867680508549468,999994
1784867680516444246,999994
1784867680568906672,999994
1784867680648848523,999994
1784867680754487802,999994
1784867680823160628,999994
1784867680961937096,999994
1784867681181599513,999994
1784867681310449481,999994
1784867681361018402,999994
1784867681436882895,999994
1784867681527115803,999994
1784867681674295837,999994
1784867682385133862,999994
1784867683968799220,999994
1784867685692027262,999994
1784867685695393023,999994
1784867685780326955,999994
1784867685850476492,999994
1784867686057215505,999994
1784867686713836732,999994
1784867686727828105,999994
1784867686760258113,999994
1784867686863402195,999994
1784867686968244251,999994
1784867687171913261,999994
1784867689198909565,999994
1784867689943116868,999994
1784867690744492606,999994
1784867691498525272,999994
1784867691571011301,999994
1784867691627411883,999994
1784867691645877876,999994
1784867691689310718,999994
1784867691698892569,999994
1784867691962734636,999994
1784867692969743624,999994
1784867693247194637,999994
1784867694002374766,999994
1784867695126158769,999994
1784867696653202256,999994
1784867697693123122,999994
1784867698957419591,999994
1784867698965274321,999994
1784867698996345266,999994
1784867699089590505,999994
1784867699105932013,999994
1784867699189883382,999994
1784867699407361600,999994
1784867699412929130,999994
1784867699418534690,999994
1784867699426405717,999994
1784867699428885558,999994
1784867699431301844,999994
1784867699440641587,999994
1784867699443438620,999994
1784867699560306839,999994
1784867699639218502,999994
1784867699926651742,999994
1784867700102487616,999994
1784867700470739939,999994
1784867701407742791,999994
1784867701477289766,999994
1784867701477450183,999994
1784867701477594590,999994
1784867701543695896,999994
1784867701680177849,999994
1784867701721418499,999994
1784867701743635853,999994
1784867701761116557,999994
1784867701785013941,999994
1784867701810265680,999994
1784867701827314025,999994
1784867701857115376,999994
1784867701896554092,999994
1784867701921583302,999994
1784867702041027789,999994
1784867702501521662,999994
1784867702589746388,999994
1784867702600805233,999994
1784867702604583456,999994
1784867702655985150,999994
1784867702706541757,999994
1784867702953698542,999994
1784867703106940502,999994
1784867703549180480,999994
1784867703554976070,999994
1784867703563260473,999994
1784867703595907589,999994
1784867703603163798,999994
1784867703620396335,999994
1784867703678737133,999994
1784867703723140289,999994
1784867703946714311,999994
1784867704399018314,999994
1784867704908868202,999994
1784867707001010027,999994
1784867708680546403,999994
1784867709007874028,999994
1784867709076907107,999994
1784867709193639311,999994
1784867709315088027,999994
1784867710170520616,999994
1784867711028968346,999994
1784867711555355866,999994
1784867711690537131,999994
1784867711690651385,999994
1784867711705537467,999994
1784867711749264167,999994
1784867711874469358,999994
1784867712085983904,999994
1784867712785523988,999994
1784867713352566754,999994
1784867713610199914,999994
1784867714363032957,999994
1784867714922801223,999994
1784867716001616108,999994
1784867716613759207,999994
1784867716989556520,999994
1784867717036153059,999994
1784867717105272951,999994
1784867717519522686,999994
1784867717796879079,999994
1784867718751413452,999994
1784867719566337579,999994
1784867720618007709,999994
1784867723421173112,999994
1784867723852022514,999994
1784867724090634369,999994
1784867726266512241,999994
1784867728642189227,999994
1784867729909453857,999994
1784867733574569595,999994
1784867734491865432,999994
1784867735205076082,999994
1784867735882766262,999994
1784867735918143028,999994
1784867735957160947,999994
1784867736055246930,999994
1784867736077468588,999994
1784867736175476611,999994
1784867736265481853,999994
1784867736745439271,999994
1784867737048110781,999994
1784867737852705167,999994
1784867738850258604,999994
1784867740534359970,999994
1784867740534675982,999994
1784867740538333666,999994
1784867740538800343,999994
1784867740656917409,999994
1784867740907315248,999994
1784867741390008789,999994
1784867742615187399,999994
1784867743903893229,999994
1784867744092613141,999994
1784867745527277374,999994
1784867745575136939,999994
1784867745593924642,999994
1784867745610657629,999994
1784867745690461935,999994
1784867745716532217,999994
1784867745813968832,999994
1784867746711628968,999994
1784867747911800150,999994
1784867748633763597,999994
1784867749156901874,999994
1784867749194554658,999994
1784867749204431941,999994
1784867749238347603,999994
1784867749282914901,999994
1784867749314339760,999994
1784867749348266948,999994
1784867749383438694,999994
1784867749513073584,999994
1784867749707308675,999994
1784867750333903921,999994
1784867750449958402,999994
1784867750471532501,999994
1784867751205350780,999994
1784867751687918479,999994
1784867751788058765,999994
1784867752013824976,999994
1784867752296999412,999994
1784867752554629066,999994
1784867752839846610,999994
1784867753041336178,999994
1784867753100669269,999994
1784867753518358020,999994
1784867753961852753,999994
1784867754307014817,999994
1784867754605187758,999994
1784867754757700006,999994
1784867755432699470,999994
1784867755443963010,999994
1784867755470986494,999994
1784867755837063421,999994
1784867756908436965,999994
1784867757219222108,999994
1784867757240695562,999994
1784867757263661587,999994
1784867757286686742,999994
1784867757286879139,999994
1784867757300598956,999994
1784867757300759199,999994
1784867757319533414,999994
1784867757319673642,999994
1784867757329881143,999994
1784867757330040301,999994
1784867757344251982,999994
1784867757344407821,999994
1784867757355632890,999994
1784867757364920943,999994
1784867757365068099,999994
1784867757370725448,999994
1784867757389809868,999994
1784867757390121841,999994
1784867757407225428,999994
1784867757428589444,999994
1784867757478171471,999994
1784867757522207131,999994
1784867757618565187,999994
1784867758055446028,999994
1784867758389209616,999994
1784867758762516499,999994
1784867759312676545,999994
1784867760431547401,999994
1784867760526313792,999994
1784867760564597394,999994
1784867760567199891,999994
1784867760584653150,999994
1784867760801360041,999994
1784867761645295535,999994
1784867762926409786,999994
1784867764314727564,999994
1784867764419279173,999994
1784867764803093093,999994
1784867766073717823,999994
1784867766197597564,999994
1784867766230136768,999994
1784867766235367849,999994
1784867766241627395,999994
1784867766270603621,999994
1784867766281532714,999994
1784867766297529136,999994
1784867766303952075,999994
1784867766324286482,999994
1784867766330232405,999994
1784867766339723543,999994
1784867766355313242,999994
1784867766361685944,999994
1784867766377651557,999994
1784867766439116429,999994
1784867766481292012,999994
1784867766517326309,999994
1784867766566644926,999994
1784867766666880512,999994
1784867766771132039,999994
1784867767273410092,999994
1784867767302173402,999994
1784867767560729808,999994
1784867767567279253,999994
1784867767594541673,999994
1784867767706149475,999994
1784867767771650555,999994
1784867767934842223,999994
1784867768213521940,999994
1784867769046507220,999994
1784867769615027386,999994
1784867769801626253,999994
1784867770030325340,999994
1784867770348877366,999994
1784867770383140925,999994
1784867770444234006,999994
1784867770579413248,999994
1784867771057394330,999994
1784867771675279909,999994
1784867771782592598,999994
1784867771804942235,999994
1784867771857187672,999994
1784867771869912938,999993
1784867771876074216,999993
1784867771876374518,999993
1784867771880754538,999993
1784867771881150849,999993
1784867771890533317,999993
1784867771903443484,999993
1784867771924251179,999993
1784867771973164550,999993
1784867772018524932,999993
1784867772058251397,999993
1784867772202536657,999993
1784867772376848082,999993
1784867772949657071,999993
1784867773654334710,999993
1784867773695123304,999993
1784867773695241025,999993
1784867773696828635,999993
1784867773697028932,999993
1784867773699348873,999993
1784867773699511693,999993
1784867773785134632,999993
1784867773887395042,999993
1784867773991838359,999993
1784867774091776040,999993
1784867774351324820,999993
1784867774471511499,999993
1784867774959765805,999993
1784867775399667334,999993
1784867775687403029,999993
1784867776234120236,999993
1784867776234284050,999993
1784867776235448945,999993
1784867776244528456,999993
1784867776251725211,999993
1784867776256855719,999993
1784867776265792425,999993
1784867776322443049,999993
1784867776540707647,999993
1784867776915678748,999993
1784867776938596110,999993
1784867776944009857,999993
1784867776959174087,999993
1784867776974656905,999993
1784867777102530679,999993
1784867777125501760,999993
1784867777156687795,999993
1784867777188704462,999993
1784867777289706052,999993
1784867777336701014,999993
1784867777411563015,999993
1784867777514558417,999993
1784867777636905103,999993
1784867778479947208,999993
1784867779538741344,999993
1784867780535744359,999993
1784867781056258981,999993
1784867781917223120,999993
1784867782637123438,999993
1784867783997124666,999993
1784867784421163219,999993
1784867784534862736,999993
1784867784557974559,999993
1784867784682585767,999993
1784867784882198155,999993
1784867784898672521,999993
1784867785154640129,999993
1784867785253035336,999993
1784867785277312973,999993
1784867785300766478,999993
1784867785325184005,999993
1784867785335553631,999993
1784867785357950666,999993
1784867785404582827,999993
1784867785502277072,999993
1784867785923061289,999993
1784867786006569992,999993
1784867786082413780,999993
1784867786161613280,999993
1784867786168396809,999993
1784867786266844026,999993
1784867786676718336,999993
1784867786886207360,999993
1784867787511171791,999993
1784867788252954056,999993
1784867788772663467,999993
1784867788994261226,999993
1784867789096920710,999993
1784867789273454047,999993
1784867789555113536,999993
1784867789846991455,999993
1784867790444051618,999993
1784867790801908317,999993
1784867790829065746,999993
1784867790923673040,999993
1784867790956143170,999993
1784867791024177857,999993
1784867791118852220,999993
1784867791180828848,999993
1784867791737263617,999993
1784867792517639903,999993
1784867793604188361,999993
1784867794090891552,999993
1784867794409436987,999993
1784867794917993875,999993
1784867795449771020,999993
1784867797901968316,999993
1784867798857369785,999993
1784867798866895966,999993
1784867799004424033,999993
1784867799007359791,999993
1784867799012513782,999993
1784867799019494797,999993
1784867799027993633,999993
1784867799035560658,999993
1784867799159127722,999993
1784867799549257877,999993
1784867799780620822,999993
1784867800900306298,999993
1784867801214206579,999993
1784867802637602486,999993
1784867804518709684,999993
1784867805312489109,999993
1784867805335475946,999993
1784867805342881223,999993
1784867805350657415,999993
1784867805401727784,999993
1784867805475863860,999993
1784867805512601424,999993
1784867805512903304,999993
1784867805517828471,999993
1784867805521925618,999993
1784867805529480396,999993
1784867805542351263,999993
1784867805566409147,999993
1784867805584407644,999993
1784867805687101012,999993
1784867805687551947,999993
1784867805710162452,999993
1784867805782366271,999993
1784867805819771496,999993
1784867806184601170,999993
1784867806567802699,999993
1784867807621333383,999993
1784867808124687265,999993
1784867808351738368,999993
1784867808666304502,999993
1784867809561244324,999993
1784867811082133178,999993
1784867811185186675,999993
1784867811197371524,999993
1784867811215217917,999993
1784867811246514121,999993
1784867811295423930,999993
1784867811368109338,999993
1784867812034432822,999993
1784867813179205841,999993
1784867813413385682,999993
1784867814887042434,999993
1784867815190703155,999993
1784867816141465319,999993
1784867816344484374,999993
1784867816671414975,999993
1784867818508176245,999993
1784867820156341501,999993
1784867820517856024,999993
1784867820591931018,999993
1784867820604662483,999993
1784867820650080320,999993
1784867820650436254,999993
1784867820714395145,999993
1784867820781396525,999993
1784867821411687099,999993
1784867822305919957,999993
1784867822512107027,999993
1784867823262660646,999993
1784867823309514168,999993
1784867824055326902,999993
1784867824998009495,999993
1784867824998961566,999993
1784867825058618809,999993
1784867825715364464,999993
1784867827483192227,999993
1784867828488254190,999993
1784867830683805488,999993
1784867831571102447,999993
1784867833473212331,999993
1784867834094636176,999993
1784867835713490318,999993
1784867837106333153,999993
1784867838431312739,999993
1784867841243666681,999993
1784867843072528688,999993
1784867847106779454,999993
1784867848715814834,999993
1784867849888158698,999993
1784867849907038939,999993
1784867849934772785,999993
1784867849935099688,999993
1784867849958397520,999993
1784867850008625587,999993
1784867850008763792,999993
1784867850008888684,999993
1784867850008991256,999993
1784867850015717778,999993
1784867850042537974,999993
1784867850057944378,999993
1784867850082428709,999993
1784867850082701531,999993
1784867850097092301,999993
1784867850116391288,999993
1784867850140544312,999993
1784867850184324118,999993
1784867850237693978,999993
1784867850262181394,999993
1784867850264958131,999993
1784867850306239824,999993
1784867850359389950,999993
1784867850766493114,999993
1784867850934294744,999993
1784867851515804719,999993
1784867851618697599,999993
1784867851978586240,999993
1784867852295228538,999993
1784867852422834035,999993
1784867852429808792,999993
1784867852449937904,999993
1784867852474849662,999993
1784867852484305295,999993
1784867852490575125,999993
1784867852499822159,999993
1784867852515325926,999993
1784867852579866175,999993
1784867852609615122,999993
1784867852620236960,999993
1784867852666892868,999993
1784867852691144981,999993
1784867852837481235,999993
1784867853027117068,999993
1784867853373152761,999993
1784867853844127471,999993
1784867854906795596,999993
1784867855556831215,999993
1784867856127100486,999993
1784867856148549591,999993
1784867856164775977,999993
1784867856186004210,999993
1784867856200714519,999993
1784867856269943579,999993
1784867856319735558,999993
1784867856853473948,999993
1784867857602357023,999993
1784867859024425125,999993
1784867860051673398,999993
1784867860906969715,999993
1784867862346706843,999993
1784867862461737670,999993
1784867862798907676,999993
1784867862812851241,999993
1784867862855421534,999993
1784867864585056463,999993
1784867865325176492,999993
1784867866830837944,999993
1784867867136549519,999993
1784867867145443734,999993
1784867867298245008,999993
1784867868008669659,999993
1784867870186623707,999993
1784867871092636406,999993
1784867871098891730,999993
1784867871099115128,999993
1784867871099866128,999993
1784867871102883868,999993
1784867871110349047,999993
1784867871114140842,999993
1784867871258557889,999993
1784867871318924756,999993
1784867871986782910,999993
1784867871991400777,999993
1784867872048221215,999993
1784867872077828701,999993
1784867872204325892,999993
1784867872917705039,999993
1784867873040411495,999993
1784867873433090505,999993
1784867873765125970,999993
1784867873787671684,999993
1784867873978672554,999993
1784867875482111955,999993
1784867875515588855,999993
1784867875558590181,999993
1784867875980325355,999993
1784867877100162471,999993
1784867877807205675,999993
1784867878388392893,999993
1784867878394530804,999993
1784867878407201228,999993
1784867878420069862,999993
1784867878494108592,999993
1784867878502772279,999993
1784867878537461926,999993
1784867878552673122,999993
1784867878575022037,999993
1784867878618801097,999993
1784867878694116612,999993
1784867878856889638,999993
1784867878865957272,999993
1784867878914520962,999993
1784867878932788794,999993
1784867878932926142,999993
1784867878940528912,999993
1784867878945620483,999993
1784867878961411580,999993
1784867878969696988,999993
1784867878984046880,999993
1784867878996397901,999993
1784867879026423641,999993
1784867879062176348,999993
1784867879086938479,999993
1784867879097744675,999993
1784867879116677595,999993
1784867879164147678,999993
1784867879257759815,999993
1784867879374546911,999993
1784867879450317094,999993
1784867879480856646,999993
1784867879495127875,999993
1784867879500708384,999993
1784867879518425342,999993
1784867879547450797,999993
1784867879644685887,999993
1784867879790624187,999993
1784867879894116772,999993
1784867880488028198,999993
1784867880511377231,999993
1784867880525246448,999993
1784867880545415093,999993
1784867880549944182,999993
1784867880578587727,999993
1784867880675468016,999993
1784867880813548268,999993
1784867881055345246,999993
1784867881570288447,999993
1784867882179260968,999993
1784867882629350308,999993
1784867883055605775,999993
1784867883915278165,999993
1784867884264875414,999993
1784867884678809646,999993
1784867885260917336,999993
1784867886969986673,999993
1784867887740927215,999993
1784867888475400585,999993
1784867891661340815,999993
1784867891922780895,999993
1784867891993808862,999993
1784867892108376743,999993
1784867892301865866,999993
1784867892311286822,999993
1784867892315396100,999993
1784867892464953592,999993
1784867892487174666,999993
1784867892518352078,999993
1784867892610706929,999993
1784867892685690993,999993
1784867892881041787,999993
1784867893031397392,999993
1784867893632015489,999993
1784867893953187602,999993
1784867894343203012,999993
1784867895064866239,999993
1784867895687961105,999993
1784867896390069880,999993
1784867896584514942,999993
1784867896590662737,999993
1784867896615321421,999993
1784867896623537033,999993
1784867896674472107,999993
1784867896689550330,999993
1784867896747846500,999993
1784867896938847654,999993
1784867897040158765,999993
1784867897040399536,999993
1784867897042321204,999993
1784867897046439816,999993
1784867897049754810,999993
1784867897057338620,999993
1784867897057932295,999993
1784867897061303100,999993
1784867897065482747,999993
1784867897070348387,999993
1784867897125723994,999993
1784867897196156652,999993
1784867897256432499,999993
1784867897366959720,999993
1784867897520740366,999993
1784867897766089347,999993
1784867897943578221,999993
1784867898148964487,999993
1784867898298857937,999993
1784867898575037855,999993
1784867899422644861,999993
1784867900042204797,999993
1784867900579412971,999993
1784867901064898709,999993
1784867901674950519,999993
1784867901686602140,999993
1784867901696624431,999993
1784867901736597313,999993
1784867901769354724,999993
1784867901847926445,999993
1784867901988455578,999993
1784867902003819335,999993
1784867902137867754,999993
1784867902228498164,999993
1784867902915406496,999993
1784867903455229188,999993
1784867903927472851,999993
1784867904212776790,999993
1784867905050616428,999993
1784867905294608395,999993
1784867905503500986,999993
1784867906286938494,999993
1784867906299818705,999993
1784867906734221370,999993
1784867907301944089,999993
1784867907320345435,999993
1784867907324779755,999993
1784867907373778369,999993
1784867907912474198,999993
1784867908211829124,999993
1784867908777803419,999993
1784867909283839748,999993
1784867909550346230,999993
1784867909623331411,999993
1784867909650693040,999993
1784867909665325017,999993
1784867909857712210,999993
1784867910052164335,999993
1784867910253521028,999993
1784867911018818251,999993
1784867911510822703,999993
1784867911995463492,999993
1784867912515303712,999993
1784867912907511986,999993
1784867914052973257,999993
1784867914215597586,999993
1784867915906784459,999993
1784867916356073830,999993
1784867916962344368,999993
1784867918905492785,999993
1784867919204397237,999993
1784867919509636904,999993
1784867920911290656,999993
1784867921751453777,999993
1784867921999064150,999993
1784867922812623449,999993
1784867923626787564,999993
1784867923670642217,999993
1784867923755258915,999993
1784867923989918696,999993
1784867925781662782,999993
1784867927152100979,999993
1784867928059231994,999993
1784867929895233271,999993
1784867930413698711,999993
1784867931250952888,999993
1784867932596952922,999993
1784867933143279828,999993
1784867933318016529,999993
1784867934159723954,999993
1784867934580347578,999993
1784867935906727178,999993
1784867936205736854,999993
1784867937594538348,999993
1784867938211945175,999993
1784867939185758128,999993
1784867939430996354,999993
1784867939596984947,999993
1784867940005842416,999993
1784867940618655022,999993
1784867941059413778,999993
1784867941386723439,999993
1784867941833200160,999993
1784867942191473982,999993
1784867944587490823,999993
1784867944587724548,999993
1784867944591462449,999993
1784867944591694525,999993
1784867944591895872,999993
1784867944592075846,999993
1784867944592315148,999993
1784867944592516921,999993
1784867944592665598,999993
1784867944592847707,999993
1784867944593036461,999993
1784867944605915411,999993
1784867944606115218,999993
1784867944606215050,999993
1784867944606321363,999993
1784867944606423754,999993
1784867944606509739,999993
1784867944615152822,999993
1784867944904414046,999993
1784867945391122611,999993
1784867945402709080,999993
1784867945410464973,999993
1784867945439556983,999993
1784867945597168553,999993
1784867946103281254,999993
1784867946468871267,999993
1784867946472642351,999993
1784867946477528743,999993
1784867946510398501,999993
1784867946618916304,999993
1784867946959754920,999993
1784867947298901573,999993
1784867947937632691,999993
1784867947975297113,999993
1784867948955332077,999993
1784867949567956497,999993
1784867949855346914,999993
1784867950233543203,999993
1784867950802501854,999993
1784867952032508563,999993
1784867953304956221,999993
1784867954680762199,999993
1784867955097169562,999993
1784867957096216356,999993
1784867957102232801,999993
1784867957282458032,999993
1784867957771597346,999993
1784867958109567491,999993
1784867958156106300,999993
1784867958462564428,999993
1784867958811325639,999993
1784867959946323028,999993
1784867961064360425,999993
1784867962918538095,999993
1784867964118882291,999993
1784867964841016535,999993
1784867965763920056,999993
1784867967145531838,999993
1784867968755242281,999993
1784867969650262623,999993
1784867971231205942,999993
1784867972719943357,999993
1784867973569614040,999993
1784867973627933297,999993
1784867973850430129,999993
1784867974096774406,999993
1784867974622679856,999993
1784867974953928326,999993
1784867975798561988,999993
1784867977001187056,999993
1784867977244283875,999993
1784867977756402235,999993
1784867977957976142,999993
1784867978363627097,999993
1784867979486931369,999993
1784867979487734284,999993
1784867979500523253,999993
1784867979513030435,999993
1784867979523373976,999993
1784867979555012066,999993
1784867979578410730,999993
1784867979599937767,999993
1784867979613768779,999993
1784867979614144974,999993
1784867979620794684,999993
1784867979621103779,999993
1784867979634855977,999993
1784867979635234629,999993
1784867979635446451,999993
1784867979649661963,999993
1784867979649888376,999993
1784867979653132036,999993
1784867979673931737,999993
1784867979680233789,999993
1784867979772999551,999993
1784867979793640815,999993
1784867979874529304,999993
1784867979948419188,999993
1784867980064502950,999993
1784867980266420921,999993
1784867980472850929,999993
1784867980834842526,999993
1784867980891132960,999993
1784867981317333451,999993
1784867981384341513,999993
1784867981858290051,999993
1784867982777567722,999993
1784867983027576711,999993
1784867983038575408,999993
1784867983046570981,999993
1784867983206398471,999993
1784867983877066554,999993
1784867986653263099,999993
1784867987522505377,999993
1784867987934351386,999993
1784867988122358668,999993
1784867988400616286,999993
1784867988802755642,999993
1784867989284310018,999993
1784867989345193862,999993
1784867989794355317,999993
1784867990057392392,999993
1784867990231066635,999993
1784867990691977257,999993
1784867991755526356,999993
1784867992156354027,999993
1784867992290571821,999993
1784867992936393198,999993
1784867993176620398,999993
1784867993794448520,999993
1784867995527861284,999993
1784867996269357743,999993
1784867997054598810,999993
1784867997197482972,999993
1784867998209948047,999993
1784867998763371559,999993
1784867998997360142,999993
1784867999621214379,999993
1784867999907917794,999993
1784868000197600699,999993
1784868000483395050,999993
1784868001259788774,999993
1784868002170766055,999993
1784868002191259004,999993
1784868002237587634,999993
1784868002386425564,999993
1784868002456299382,999993
1784868002928861820,999993
1784868003556120708,999993
1784868003569592916,999993
1784868003584097962,999993
1784868003596985732,999993
1784868003610585879,999993
1784868003622704135,999993
1784868003630544102,999993
1784868003656179700,999993
1784868003701064483,999993
1784868003946334326,999993
1784868004299328054,999993
1784868004547994904,999993
1784868004973917553,999993
1784868005438912293,999993
1784868006601405376,999993
1784868006618180188,999993
1784868007045726512,999993
1784868007078453136,999993
1784868007098766610,999993
1784868007736183012,999993
1784868008057885133,999993
1784868008973598682,999993
1784868009033196818,999993
1784868010840891978,999993
1784868010999297513,999993
1784868011080248990,999993
1784868011476330501,999993
1784868011936297387,999993
1784868011991436185,999993
1784868012094831397,999993
1784868013040751122,999993
1784868014866253765,999993
1784868017072092637,999993
1784868017316205671,999993
1784868017711330010,999993
1784868017846968185,999993
1784868017847319912,999993
1784868017847594670,999993
1784868018047499753,999993
1784868018604558636,999993
1784868018692874883,999993
1784868019112091730,999993
1784868019277956434,999993
1784868020437786441,999993
1784868020636785847,999993
1784868021279281855,999993
1784868022242483172,999993
1784868022612899432,999993
1784868025428429930,999993
1784868025561706478,999993
1784868025926892535,999993
1784868026200333417,999993
1784868027014345831,999993
1784868027763596324,999993
1784868028182962121,999993
1784868028191218123,999993
1784868028327502375,999993
1784868029510200422,999993
1784868030817331507,999993
1784868032373089281,999993
1784868034774364167,999993
1784868036462284542,999993
1784868037208077936,999993
1784868037683881512,999993
1784868037703565699,999993
1784868037735790337,999993
1784868037780831487,999993
1784868037803781574,999993
1784868037804129846,999993
1784868037823531756,999992
1784868037824036096,999992
1784868037836245665,999992
1784868037842433633,999992
1784868037860022411,999992
1784868037889276100,999992
1784868037920860074,999992
1784868037952183233,999992
1784868037972782793,999992
1784868038138541911,999992
1784868039021347306,999992
1784868039612489055,999992
1784868040686227112,999992
1784868041091608327,999992
1784868041663562484,999992
1784868043326684161,999992
1784868044375623088,999992
1784868044392225435,999992
1784868044392568886,999992
1784868044400486390,999992
1784868044400839534,999992
1784868044410263050,999992
1784868044522988787,999992
1784868044583325591,999992
1784868044680677337,999992
1784868044835899127,999992
1784868045056422377,999992
1784868045135522853,999992
1784868045330606434,999992
1784868046463379788,999992
1784868047907493402,999992
1784868048488008643,999992
1784868048488261019,999992
1784868048490664066,999992
1784868048490952810,999992
1784868048497358962,999992
1784868048503026996,999992
1784868048607518759,999992
1784868048694330962,999992
1784868048757586400,999992
1784868048824792679,999992
1784868048863001552,999992
1784868048912195406,999992
1784868049017556114,999992
1784868049350630424,999992
1784868050197962021,999992
1784868050233654401,999992
1784868050506877145,999992
1784868050652305483,999992
1784868050835838753,999992
1784868050842586385,999992
1784868050848883943,999992
1784868051056208185,999992
1784868051174185802,999992
1784868051187522458,999992
1784868051196123038,999992
1784868051215981639,999992
1784868051261751388,999992
1784868051367329349,999992
1784868051450918768,999992
1784868051564414044,999992
1784868052239175350,999992
1784868052257488424,999992
1784868052304071221,999992
1784868052951383155,999992
1784868054188889342,999992
1784868055204653040,999992
1784868055353129572,999992
1784868055365321507,999992
1784868055376157148,999992
1784868055386417948,999992
1784868055520001241,999992
1784868055785079719,999992
1784868056657601680,999992
1784868056828630853,999992
1784868056954669652,999992
1784868056955142169,999992
1784868057117631866,999992
1784868057782183656,999992
1784868057907508507,999992
1784868057956045472,999992
1784868058703832835,999992
1784868058878940344,999992
1784868059196670040,999992
1784868059287807897,999992
1784868059627252714,999992
1784868060125929143,999992
1784868060273585416,999992
1784868060672967009,999992
1784868061110783073,999992
1784868061333402602,999992
1784868061591155458,999992
1784868061897155807,999992
1784868062517483362,999992
1784868062526540965,999992
1784868062531597871,999992
1784868062534013064,999992
1784868062672763404,999992
1784868062679785595,999992
1784868062686149111,999992
1784868062852005141,999992
1784868063088812224,999992
1784868063400866111,999992
1784868063477565340,999992
1784868063477787072,999992
1784868063535990410,999992
1784868063739567039,999992
1784868063797342866,999992
1784868064111160815,999992
1784868064248610735,999992
1784868064303803218,999992
1784868064311630951,999992
1784868064347655120,999992
1784868064378692001,999992
1784868064448780339,999992
1784868064749354229,999992
1784868065059008603,999992
1784868065788984796,999992
1784868067923233158,999992
1784868068889925500,999992
1784868068895622668,999992
1784868068912230881,999992
1784868068929360565,999992
1784868068954908322,999992
1784868069036812787,999992
1784868069057983641,999992
1784868069108629058,999992
1784868069249682008,999992
1784868069638657819,999992
1784868070033010178,999992
1784868070866318836,999992
1784868070903765462,999992
1784868070933326759,999992
1784868071064717673,999992
1784868071909320624,999992
1784868073052540417,999992
1784868073958271068,999992
1784868077308173580,999992
1784868077796561556,999992
1784868077973762219,999992
1784868079994113105,999992
1784868083306549172,999992
1784868087192957969,999992
1784868090281052120,999992
1784868090304190840,999992
1784868090316567025,999992
1784868090337196811,999992
1784868090410609198,999992
1784868090940907319,999992
1784868090987083572,999992
1784868091222491238,999992
1784868091584875402,999992
1784868093360831146,999992
1784868095067036026,999992
1784868095102328170,999992
1784868095476338193,999992
1784868096084297110,999992
1784868096208059515,999992
1784868097029837592,999992
1784868097918050883,999992
1784868098992369100,999992
1784868099366607321,999992
1784868099747412148,999992
1784868099769659606,999992
1784868099800462187,999992
1784868099846791943,999992
1784868100081777593,999992
1784868100940103735,999992
1784868101526804122,999992
1784868102009267232,999992
1784868102150469243,999992
1784868102676057595,999992
1784868103141888260,999992
1784868103912381357,999992
1784868104743942737,999992
1784868104877690596,999992
1784868105716285781,999992
1784868105799275543,999992
1784868105920617327,999992
1784868106017959099,999992
1784868106028622913,999992
1784868106040413002,999992
1784868106051935333,999992
1784868106113117408,999992
1784868106189307868,999992
1784868106228308508,999992
1784868106339354611,999992
1784868106439439454,999992
1784868106668844987,999992
1784868106953177127,999992
1784868107451672557,999992
1784868107477035241,999992
1784868107482173142,999992
1784868107492839282,999992
1784868107499832445,999992
1784868107537101890,999992
1784868107584775360,999992
1784868107629639504,999992
1784868107721016737,999992
1784868107833103970,999992
1784868107998101083,999992
1784868108633609546,999992
1784868108640064384,999992
1784868108646566185,999992
1784868108706950743,999992
1784868108831568192,999992
1784868109487286703,999992
1784868110943337271,999992
1784868111848158053,999992
1784868112066991996,999992
1784868112419718038,999992
1784868112451153512,999992
1784868112653810398,999992
1784868112740188631,999992
1784868114010770159,999992
1784868114834873654,999992
1784868114844683685,999992
1784868114857401065,999992
1784868114857592155,999992
1784868114873965813,999992
1784868114896185630,999992
1784868114896535556,999992
1784868114907116627,999992
1784868114917416323,999992
1784868114932066328,999992
1784868114953178225,999992
1784868114975042547,999992
1784868114988910628,999992
1784868115016032863,999992
1784868115082990416,999992
1784868115175782210,999992
1784868115385722614,999992
1784868115565893633,999992
1784868115597167720,999992
1784868115907816567,999992
1784868116645654381,999992
1784868116716958194,999992
1784868116950742700,999992
1784868117608096651,999992
1784868118062241169,999992
1784868118066709413,999992
1784868118116192186,999992
1784868118662328997,999992
1784868118711976688,999992
1784868119251932821,999992
1784868119757921383,999992
1784868119908382467,999992
1784868119993319101,999992
1784868120700094298,999992
1784868121118394899,999992
1784868121687672380,999992
1784868121844432611,999992
1784868122970608555,999992
1784868122975067955,999992
1784868123107527495,999992
1784868123126908192,999992
1784868123227163476,999992
1784868123804534777,999992
1784868124783247499,999992
1784868125018895115,999992
1784868125845158539,999992
1784868126591919062,999992
1784868126620016966,999992
1784868126640892869,999992
1784868126681455496,999992
1784868126809885323,999992
1784868126953921481,999992
1784868127127090433,999992
1784868127799064452,999992
1784868128322882858,999992
1784868128568151999,999992
1784868128621344869,999992
1784868128656643694,999992
1784868129009598494,999992
1784868129950271462,999992
1784868131083207729,999992
1784868132042356943,999992
1784868132905706843,999992
1784868132988362577,999992
1784868133903976136,999992
1784868135917616482,999992
1784868136575681210,999992
1784868136590276012,999992
1784868136607931999,999992
1784868136624621749,999992
1784868136649533760,999992
1784868136686227413,999992
1784868136959503720,999992
1784868137046015299,999992
1784868137394507206,999992
1784868138249277563,999992
1784868139528033395,999992
1784868139534540998,999992
1784868140308582279,999992
1784868140373483216,999992
1784868140379762864,999992
1784868140383587434,999992
1784868140392885529,999992
1784868140426332996,999992
1784868140461341728,999992
1784868140466892657,999992
1784868140522392088,999992
1784868140577898234,999992
1784868140660010545,999992
1784868140875758205,999992
1784868140896055214,999992
1784868140914353306,999992
1784868140970212284,999992
1784868141011815747,999992
1784868141056433907,999992
1784868141153943854,999992
1784868141932088564,999992
1784868142334439284,999992
1784868142655917621,999992
1784868142732782586,999992
1784868142865757062,999992
1784868142998647814,999992
1784868143195115793,999992
1784868144009766083,999992
1784868144882488855,999992
1784868146264785016,999992
1784868147434572528,999992
1784868149021378547,999992
1784868149061010609,999992
1784868149121692436,999992
1784868149489536664,999992
1784868150007097403,999992
1784868153260986887,999992
1784868155535480399,999992
1784868156193040037,999992
1784868156198292402,999992
1784868156205765626,999992
1784868156352358907,999992
1784868156948610531,999992
1784868158917511556,999992
1784868160675115067,999992
1784868161175454330,999992
1784868161196402528,999992
1784868161370728654,999992
1784868161918464992,999992
1784868162276974660,999992
1784868162869940331,999992
1784868162906340105,999992
1784868164959834501,999992
1784868167947483159,999992
1784868167981281479,999992
1784868168462732572,999992
1784868170634361790,999992
1784868172205852712,999992
1784868175140202144,999992
1784868177264371872,999992
1784868178780907745,999992
1784868179233073579,999992
1784868180244339446,999992
1784868181415855957,999992
1784868181698392348,999992
1784868181983569593,999992
1784868182004238298,999992
1784868182014538820,999992
1784868182038552506,999992
1784868182053268511,999992
1784868182082886068,999992
1784868182127335386,999992
1784868182182825686,999992
1784868182367881684,999992
1784868182635309326,999992
1784868182973087477,999992
1784868184104759752,999992
1784868184790597227,999992
1784868184845102570,999992
1784868184982182107,999992
1784868185641663685,999992
1784868186819084027,999992
1784868187389438393,999992
1784868187413740500,999992
1784868187565653569,999992
1784868187945324189,999992
1784868188029438406,999992
1784868189963318216,999992
1784868190860223348,999992
1784868192933552886,999992
1784868193029200507,999992
1784868193672029867,999992
1784868194707365219,999992
1784868196474354320,999992
1784868196707599687,999992
1784868196715910439,999992
1784868196801848790,999992
1784868196950350175,999992
1784868196978351619,999992
1784868198652693206,999992
1784868198680830901,999992
1784868198696759785,999992
1784868198707998922,999992
1784868198742339683,999992
1784868198859660238,999992
1784868198952469860,999992
1784868199479990101,999992
1784868200587534576,999992
1784868201402117920,999992
1784868202159583762,999992
1784868203686329498,999992
1784868204106143085,999992
1784868204787888211,999992
1784868205638298938,999992
1784868205690348552,999992
1784868205713484021,999992
1784868205952512381,999992
1784868206202117006,999992
1784868206528414169,999992
1784868207758706666,999992
1784868209288398405,999992
1784868209301506909,999992
1784868209301713820,999992
1784868209301947466,999992
1784868209302469103,999992
1784868209440867645,999992
1784868209517922083,999992
1784868209618592571,999992
1784868209909919191,999992
1784868210047928441,999992
1784868210048113069,999992
1784868210048319747,999992
1784868210054624305,999992
1784868210054852772,999992
1784868210076359702,999992
1784868210121588578,999992
1784868210254603243,999992
1784868210316564627,999992
1784868210341889225,999992
1784868210370935993,999992
1784868210449985475,999992
1784868210503056049,999992
1784868210593659076,999992
1784868210936205342,999992
1784868211085213354,999992
1784868211683354614,999992
1784868212094460661,999992
1784868212264968890,999992
1784868212450316614,999992
1784868212534260793,999992
1784868212539314440,999992
1784868212541051528,999992
1784868212542803819,999992
1784868212549067655,999992
1784868212553300545,999992
1784868212559778133,999992
1784868212562861015,999992
1784868212620474806,999992
1784868212759944029,999992
1784868212905284629,999992
1784868213062281489,999992
1784868213146842536,999992
1784868213169156022,999992
1784868213182956641,999992
1784868213237027717,999992
1784868213273584853,999992
1784868213307190126,999992
1784868213482265010,999992
1784868213557759067,999992
1784868213735981002,999992
1784868213952011212,999992
1784868213976967075,999992
1784868214125842465,999992
1784868214177593797,999992
1784868215569630671,999992
1784868215857132021,999992
1784868216205873184,999992
1784868216375289514,999992
1784868217945420462,999992
1784868218600418314,999992
1784868218617363543,999992
1784868218628497330,999992
1784868218637153354,999992
1784868218646015083,999992
1784868218653486955,999992
1784868218666814560,999992
1784868218706962965,999992
1784868218778620401,999992
1784868218937362810,999992
1784868219128668551,999992
1784868219138334923,999992
1784868219153246137,999992
1784868219189328987,999992
1784868219234333590,999992
1784868219245942473,999992
1784868219267793826,999992
1784868219309031085,999992
1784868219366462276,999992
1784868219613353135,999992
1784868220209023579,999992
1784868220218911185,999992
1784868220226716950,999992
1784868220390011585,999992
1784868220591449816,999992
1784868221193545988,999992
1784868221432694350,999992
1784868221437637501,999992
1784868221442205731,999992
1784868221552300947,999992
1784868221932666804,999992
1784868222305900835,999992
1784868223436356375,999992
1784868224416494766,999992
1784868224472319933,999992
1784868224569845472,999992
1784868224950795281,999992
1784868225056194238,999992
1784868225198638999,999992
1784868225200549591,999992
1784868225206696300,999992
1784868225302970973,999992
1784868225430098200,999992
1784868225514361538,999992
1784868225772566971,999992
1784868226171246372,999992
1784868226251068777,999992
1784868226953723181,999992
1784868227238640592,999992
1784868227431021970,999992
1784868227701337234,999992
1784868227991005425,999992
1784868228024434365,999992
1784868228035702941,999992
1784868228047470266,999992
1784868228047635599,999992
1784868228067105951,999992
1784868228092850479,999992
1784868228115623840,999992
1784868228178724679,999992
1784868228204422997,999992
1784868228391247241,999992
1784868228646399711,999992
1784868229182408969,999992
1784868229357059739,999992
1784868230176605559,999992
1784868230225305845,999992
1784868230574236095,999992
1784868231884898877,999992
1784868232411239892,999992
1784868232427159339,999992
1784868232667263828,999992
1784868232690209542,999992
1784868233055302831,999992
1784868233934011766,999992
1784868234755116007,999992
1784868235838765552,999992
1784868236035742160,999992
1784868236490701566,999992
1784868237509986995,999992
1784868238126999402,999992
1784868238394599335,999992
1784868239262777261,999992
1784868239710520084,999992
1784868240629340663,999992
1784868241166899896,999992
1784868242046533646,999992
1784868242108705316,999992
1784868242149772559,999992
1784868242167065068,999992
1784868242180284797,999992
1784868242203402568,999992
1784868242257831432,999992
1784868242642785570,999992
1784868242921252165,999992
1784868245097866418,999992
1784868245955280200,999992
1784868245961230953,999992
1784868246489980708,999992
1784868247265243453,999992
1784868248158118352,999992
1784868249313163928,999992
1784868251107591588,999992
1784868252735984991,999992
1784868252905753485,999992
1784868252916314377,999992
1784868252991267742,999992
1784868253053624935,999992
1784868253249157185,999992
1784868253879090764,999992
1784868254547429592,999992
1784868255341106786,999992
1784868257618397448,999992
1784868258748644122,999992
1784868260022939456,999992
1784868261899323895,999992
1784868265310167162,999992
1784868266311583882,999992
1784868267737819262,999992
1784868269103317646,999992
1784868270509503344,999992
1784868271610867368,999992
1784868274307102135,999992
1784868276039010416,999992
1784868276954255130,999992
1784868277004287898,999992
1784868277499188599,999992
1784868277506546212,999992
1784868277523065076,999992
1784868277563005671,999992
1784868277601862159,999992
1784868277713272067,999992
1784868278128695201,999992
1784868278241927609,999992
1784868279100731149,999992
1784868280375586710,999992
1784868280586414104,999992
1784868280728876201,999992
1784868280865196504,999992
1784868280985248470,999992
1784868281119716298,999992
1784868281637274407,999992
1784868281979926089,999992
1784868282423677062,999992
1784868282646185250,999992
1784868283159056556,999992
1784868283716564412,999992
1784868283891111663,999992
1784868284054887517,999992
1784868284238647795,999992
1784868284700810521,999992
1784868284974787849,999992
1784868285364027983,999992
1784868285886309313,999992
1784868286540350740,999992
1784868287102581053,999992
1784868287604647427,999992
1784868288051717032,999992
1784868288673876123,999992
1784868289178409427,999992
1784868289524994490,999992
1784868289711331937,999992
1784868290020302421,999992
1784868290109692508,999992
1784868290524211395,999992
1784868290949512248,999992
1784868291418860921,999992
1784868292090399618,999992
1784868292107332982,999992
1784868292114005879,999992
1784868292120480022,999992
1784868292124663875,999992
1784868292126514797,999992
1784868292135882209,999992
1784868292141043146,999992
1784868292152851802,999992
1784868292258667636,999992
1784868292303361958,999992
1784868292530147955,999992
1784868292668264998,999992
1784868292738210959,999992
1784868292748070638,999992
1784868292851426526,999992
1784868292913267462,999992
1784868292966647599,999992
1784868293071559044,999992
1784868293160356708,999992
1784868293250446949,999992
1784868293580472064,999992
1784868293902757406,999992
1784868294113592303,999992
1784868294297807635,999992
1784868294693263959,999992
1784868294941840608,999992
1784868295188228260,999992
1784868295326100137,999992
1784868295502443184,999992
1784868295535497325,999992
1784868295646737876,999992
1784868295760741191,999992
1784868296019236453,999992
1784868296256397713,999992
1784868296265952169,999992
1784868296448063311,999992
1784868296722585399,999992
1784868297016350685,999992
1784868297266308755,999992
1784868297615211168,999992
1784868297777161983,999992
1784868297896739369,999992
1784868297938896349,999992
1784868298173249474,999992
1784868298350338028,999992
1784868298697050464,999992
1784868298737565675,999992
1784868299049372673,999992
1784868299217836448,999992
1784868299605581824,999992
1784868299619588511,999992
1784868299627399335,999992
1784868299640215158,999992
1784868299655893330,999992
1784868299671622931,999992
1784868299690701642,999992
1784868299698245390,999992
1784868299707799698,999992
1784868299737112970,999992
1784868299762114137,999992
1784868299869723103,999992
1784868300052036484,999992
1784868300311810483,999992
1784868300988686151,999992
1784868301235945292,999992
1784868301736705404,999992
1784868301906782388,999992
1784868301939448524,999992
1784868302786172125,999992
1784868303098949995,999992
1784868303669629218,999992
1784868304354272322,999992
1784868306092715757,999992
1784868306557822078,999992
1784868306953263048,999992
1784868307715458311,999992
1784868308397885527,999992
1784868308489266255,999992
1784868308489917929,999992
1784868308502623114,999992
1784868308619316854,999992
1784868308785745795,999992
1784868308955777478,999992
1784868309511020853,999992
1784868309981941099,999992
1784868310971932027,999992
1784868311902772609,999992
1784868312897484195,999992
1784868314050738042,999992
1784868314401262386,999992
1784868314798878373,999992
1784868314799145484,999992
1784868314799470624,999992
1784868314804466873,999992
1784868314804628769,999992
1784868314838667558,999992
1784868314946996192,999992
1784868315043940781,999992
1784868315276831687,999992
1784868315483484919,999992
1784868315504044881,999992
1784868315534617099,999992
1784868315647173799,999992
1784868315660193108,999992
1784868315713392361,999992
1784868315800363140,999992
1784868315860151742,999992
1784868315958322673,999992
1784868316236733490,999992
1784868316429323486,999992
1784868317094445920,999992
1784868317210396640,999992
1784868318402422292,999992
1784868318909786687,999992
1784868319967299068,999992
1784868322022776334,999992
1784868322214378403,999992
1784868322557993801,999992
1784868322972230111,999992
1784868323059717723,999992
1784868323268921963,999992
1784868324041458606,999992
1784868325103613794,999992
1784868326775152988,999992
1784868327951030281,999992
1784868327981770947,999992
1784868328036076889,999992
1784868328385787245,999992
1784868328887711921,999992
1784868329029900168,999992
1784868330026811009,999992
1784868330055717973,999992
1784868330065762657,999992
1784868330180924973,999992
1784868330662732098,999992
1784868330670380498,999992
1784868330686526361,999992
1784868330703988968,999992
1784868330722662382,999992
1784868330751021875,999992
1784868330771473445,999992
1784868330813216175,999992
1784868330835467229,999992
1784868330879656677,999992
1784868330923310014,999992
1784868331039699717,999992
1784868331067503329,999992
1784868331138331090,999992
1784868331248737675,999992
1784868331402538408,999992
1784868331547691832,999992
1784868331722730260,999992
1784868331798361172,999992
1784868333218474984,999992
1784868333457244746,999992
1784868333584275845,999992
1784868334032355073,999992
1784868335150716089,999992
1784868335310013667,999992
1784868335405417332,999992
1784868335410716105,999992
1784868335447146362,999992
1784868335688510610,999992
1784868336248351267,999992
1784868337147832449,999992
1784868338355616888,999992
1784868339428414673,999992
1784868339967259228,999992
1784868340502830073,999992
1784868340757371558,999992
1784868340772846610,999992
1784868340779001430,999992
1784868340824728517,999992
1784868340954463701,999992
1784868341061809155,999992
1784868341902263083,999992
1784868343774323523,999992
1784868343909423960,999992
1784868343927355774,999992
1784868344188199660,999992
1784868345089680485,999992
1784868345095164278,999992
1784868345309400527,999992
1784868345591527116,999992
1784868346949067924,999992
1784868348818439464,999992
1784868349486856183,999992
1784868350330557422,999992
1784868350975061969,999992
1784868352863452748,999992
1784868353621224955,999992
1784868355171247082,999992
1784868356800439409,999992
1784868357566939638,999992
1784868358682869468,999992
1784868358744697798,999992
1784868358905381142,999992
1784868358993728695,999992
1784868359060668395,999992
1784868359877457281,999992
1784868359965193112,999992
1784868360114270956,999992
1784868360330862957,999992
1784868360715020655,999992
1784868360913284513,999992
1784868362563859202,999992
1784868362667667959,999992
1784868362679886976,999992
1784868362874999251,999992
1784868363959250043,999992
1784868364643660845,999992
1784868365866456994,999992
1784868368378525088,999992
1784868368393101098,999992
1784868368445338464,999992
1784868368470464953,999992
1784868368497894063,999992
1784868368551536320,999992
1784868368566764478,999992
1784868368590490840,999992
1784868368688867546,999992
1784868368763159994,999992
1784868368845343041,999992
1784868368856228235,999992
1784868368856387504,999991
1784868368856512975,999991
1784868368871382575,999991
1784868368871551035,999991
1784868368872531007,999991
1784868368872650212,999991
1784868368875882452,999991
1784868368993105637,999991
1784868369014293500,999991
1784868369056507153,999991
1784868369072650053,999991
1784868369080004877,999991
1784868369086753577,999991
1784868369092427778,999991
1784868369115165883,999991
1784868369156811299,999991
1784868369227915921,999991
1784868369250415608,999991
1784868369373908672,999991
1784868369419505768,999991
1784868369523672924,999991
1784868369659736628,999991
1784868369902639001,999991
1784868370129673736,999991
1784868370196759594,999991
1784868370229199537,999991
1784868370318000244,999991
1784868370381909721,999991
1784868370611722661,999991
1784868370741728617,999991
1784868370918667129,999991
1784868370960844339,999991
1784868371755689963,999991
1784868372045813397,999991
1784868373254996051,999991
1784868373398583119,999991
1784868373421004068,999991
1784868373570975082,999991
1784868373575304527,999991
1784868373718324133,999991
1784868374605199859,999991
1784868375002830422,999991
1784868376610927127,999991
1784868378084605257,999991
1784868378396176315,999991
1784868378418784225,999991
1784868378475974987,999991
1784868378588733171,999991
1784868378786647634,999991
1784868378800186353,999991
1784868378807168082,999991
1784868378807415090,999991
1784868378822951008,999991
1784868378843746812,999991
1784868378857125964,999991
1784868378899207654,999991
1784868378950636120,999991
1784868379013444386,999991
1784868379126398962,999991
1784868379307143812,999991
1784868379465772910,999991
1784868380053778886,999991
1784868380907777346,999991
1784868381224549049,999991
1784868381841378243,999991
1784868382255088834,999991
1784868383606913945,999991
1784868384898961281,999991
1784868385044831970,999991
1784868385099051025,999991
1784868385400329260,999991
1784868385413716256,999991
1784868385429443305,999991
1784868385486017710,999991
1784868385556577442,999991
1784868385620315944,999991
1784868385679718060,999991
1784868385834756413,999991
1784868386266744778,999991
1784868386463863143,999991
1784868386707922396,999991
1784868387028182366,999991
1784868387878163816,999991
1784868389702090401,999991
1784868389768048394,999991
1784868389818442804,999991
1784868389863282349,999991
1784868389863533714,999991
1784868389895531698,999991
1784868389895820922,999991
1784868389933151561,999991
1784868389972207398,999991
1784868389972523391,999991
1784868390002267326,999991
1784868390075921259,999991
1784868390078494446,999991
1784868390078662288,999991
1784868390116579062,999991
1784868390223436903,999991
1784868390318468060,999991
1784868390481744046,999991
1784868390822436962,999991
1784868390888450598,999991
1784868391009537527,999991
1784868391013786392,999991
1784868391032556235,999991
1784868391627277999,999991
1784868392201103933,999991
1784868392492154730,999991
1784868393002873649,999991
1784868393846475576,999991
1784868393982327562,999991
1784868394555648831,999991
1784868395673347332,999991
1784868395905252536,999991
1784868396621232819,999991
1784868397051006709,999991
1784868397569777918,999991
1784868397764046797,999991
1784868397786465656,999991
1784868397814720221,999991
1784868397826686693,999991
1784868397885370343,999991
1784868397917313780,999991
1784868397960623677,999991
1784868398067898744,999991
1784868398101438144,999991
1784868398186808548,999991
1784868398336412035,999991
1784868398958338152,999991
1784868399745432697,999991
1784868400103859540,999991
1784868400115198138,999991
1784868400955477750,999991
1784868401347275570,999991
1784868401931109446,999991
1784868402002644874,999991
1784868402132891651,999991
1784868402993312176,999991
1784868403021738672,999991
1784868403089159652,999991
1784868403154294518,999991
1784868403897998456,999991
1784868404247809174,999991
1784868404566773055,999991
1784868404907607399,999991
1784868405294740821,999991
1784868406020084084,999991
1784868407901544775,999991
1784868408086989241,999991
1784868408312774083,999991
1784868408942536331,999991
1784868410327360462,999991
1784868410512171410,999991
1784868410544785914,999991
1784868411025952675,999991
1784868411484121378,999991
1784868412234527157,999991
1784868412505877824,999991
1784868412584579507,999991
1784868414928366213,999991
1784868417900485330,999991
1784868418345600220,999991
1784868419346717196,999991
1784868419436863284,999991
1784868419502131179,999991
1784868420131899038,999991
1784868420144480031,999991
1784868420256268486,999991
1784868420851041148,999991
1784868420952523339,999991
1784868420957045210,999991
1784868420957228627,999991
1784868420962444409,999991
1784868420968819188,999991
1784868420975154336,999991
1784868420981126001,999991
1784868420985119080,999991
1784868420990350738,999991
1784868421101088640,999991
1784868421117597502,999991
1784868421152337016,999991
1784868421285009430,999991
1784868421470709627,999991
1784868421504740260,999991
1784868421570889180,999991
1784868421738288205,999991
1784868421745435579,999991
1784868421754897806,999991
1784868421756690913,999991
1784868421762732382,999991
1784868421830095764,999991
1784868421902458638,999991
1784868421911406931,999991
1784868422019727152,999991
1784868422094815336,999991
1784868422376296374,999991
1784868422385899790,999991
1784868422413139219,999991
1784868422425324778,999991
1784868422444819141,999991
1784868422598796435,999991
1784868423053321953,999991
1784868423064930925,999991
1784868423191428846,999991
1784868423530679949,999991
1784868423551939551,999991
1784868423586702869,999991
1784868423657590076,999991
1784868423697813927,999991
1784868423926881173,999991
1784868424035785652,999991
1784868424038261483,999991
1784868424138799672,999991
1784868424229344625,999991
1784868424235141249,999991
1784868424403615713,999991
1784868424519639408,999991
1784868424704163555,999991
1784868424810285320,999991
1784868424953405130,999991
1784868425102298404,999991
1784868425159132921,999991
1784868425310304249,999991
1784868426329752935,999991
1784868427022831216,999991
1784868427033189157,999991
1784868427232532297,999991
1784868427310279287,999991
1784868427404820257,999991
1784868427644411977,999991
1784868428245336528,999991
1784868428726144228,999991
1784868428906496976,999991
1784868429207190517,999991
1784868429248738858,999991
1784868429264510784,999991
1784868429291910544,999991
1784868429321388067,999991
1784868429399653495,999991
1784868429437491528,999991
1784868429444247339,999991
1784868429451465267,999991
1784868429503233464,999991
1784868429509709695,999991
1784868429516675304,999991
1784868429577686903,999991
1784868429646232968,999991
1784868429668368409,999991
1784868429773789000,999991
1784868429900243215,999991
1784868429954091181,999991
1784868430315895785,999991
1784868430427305750,999991
1784868431419126371,999991
1784868431899106307,999991
1784868432322662408,999991
1784868433267819405,999991
1784868433553193238,999991
1784868434906737495,999991
1784868435694269584,999991
1784868435992951010,999991
1784868436525464482,999991
1784868437189026829,999991
1784868437352838508,999991
1784868437810144297,999991
1784868437972937678,999991
1784868438977661095,999991
1784868439916795620,999991
1784868440064546697,999991
1784868440082630556,999991
1784868440094159277,999991
1784868440100228151,999991
1784868440120074230,999991
1784868440122732497,999991
1784868440152360877,999991
1784868440192286332,999991
1784868440225499202,999991
1784868440562335560,999991
1784868440624948063,999991
1784868441128798655,999991
1784868441564826217,999991
1784868442151745900,999991
1784868443734916367,999991
1784868443766330185,999991
1784868443807617912,999991
1784868444055856165,999991
1784868444334437787,999991
1784868445270724012,999991
1784868446805940388,999991
1784868447896838127,999991
1784868447913356494,999991
1784868448028572983,999991
1784868448108400077,999991
1784868448114802609,999991
1784868448200894334,999991
1784868448274833521,999991
1784868448903111406,999991
1784868449655156267,999991
1784868449904165884,999991
1784868450936131296,999991
1784868452369003844,999991
1784868452513548097,999991
1784868453375263506,999991
1784868454699266484,999991
1784868456490565723,999991
1784868456517097094,999991
1784868456522624299,999991
1784868456538413889,999991
1784868456577931216,999991
1784868456660235578,999991
1784868456723475101,999991
1784868456946703752,999991
1784868457662511487,999991
1784868457662676149,999991
1784868457664950692,999991
1784868457665558357,999991
1784868457682888201,999991
1784868457714097306,999991
1784868457842609567,999991
1784868458180618319,999991
1784868459525047053,999991
1784868460306353812,999991
1784868461236420508,999991
1784868462507393123,999991
1784868463338831792,999991
1784868463486532056,999991
1784868463804505539,999991
1784868464611566077,999991
1784868465142736728,999991
1784868465145291144,999991
1784868465149063466,999991
1784868465157890214,999991
1784868465195527590,999991
1784868465251932717,999991
1784868465337461862,999991
1784868465599488436,999991
1784868465607679510,999991
1784868465622807641,999991
1784868465676603336,999991
1784868465920486507,999991
1784868466385019496,999991
1784868466409574580,999991
1784868466478422644,999991
1784868466500691683,999991
1784868466525069031,999991
1784868466554714201,999991
1784868466593776671,999991
1784868466615781196,999991
1784868466629921812,999991
1784868466650469318,999991
1784868466708229565,999991
1784868466764775926,999991
1784868467054861367,999991
1784868467209492315,999991
1784868467695921068,999991
1784868468484866602,999991
1784868468908405161,999991
1784868469104740620,999991
1784868469499224895,999991
1784868470443104685,999991
1784868471295663180,999991
1784868472877581163,999991
1784868473324984644,999991
1784868473706472767,999991
1784868473910334351,999991
1784868474079182785,999991
1784868475048409722,999991
1784868475545336492,999991
1784868475545509939,999991
1784868475551332737,999991
1784868475551458207,999991
1784868475553475445,999991
1784868475556894251,999991
1784868475565543883,999991
1784868475567858303,999991
1784868475571506087,999991
1784868475574509195,999991
1784868475578155777,999991
1784868475699061615,999991
1784868475710804563,999991
1784868475726730716,999991
1784868475875176065,999991
1784868475910345832,999991
1784868475923322971,999991
1784868475928380730,999991
1784868475988532776,999991
1784868476019929677,999991
1784868476061033988,999991
1784868476168348287,999991
1784868476210224852,999991
1784868476237408115,999991
1784868476383369268,999991
1784868476407714353,999991
1784868476649298174,999991
1784868476951271183,999991
1784868477131005760,999991
1784868477150505445,999991
1784868477868622517,999991
1784868478304234857,999991
1784868478406589617,999991
1784868478497010274,999991
1784868478761936479,999991
1784868478985691848,999991
1784868478987130039,999991
1784868478992847066,999991
1784868479041792233,999991
1784868479124644145,999991
1784868479352190187,999991
1784868479817494671,999991
1784868480220395508,999991
1784868481287664118,999991
1784868481748532618,999991
1784868481813062200,999991
1784868481823163821,999991
1784868481828149645,999991
1784868481869213852,999991
1784868481948190121,999991
1784868482154340411,999991
1784868482159113629,999991
1784868482165365986,999991
1784868482266033505,999991
1784868482816474710,999991
1784868484013550609,999991
1784868484133184450,999991
1784868484348845354,999991
1784868484353319957,999991
1784868484580498696,999991
1784868484771536663,999991
1784868485734534804,999991
1784868485864637603,999991
1784868486056648456,999991
1784868486262388873,999991
1784868486411026685,999991
1784868486510630822,999991
1784868486521881900,999991
1784868486537942983,999991
1784868486657132780,999991
1784868487116663454,999991
1784868487553321059,999991
1784868488913657417,999991
1784868489703302639,999991
1784868489821408274,999991
1784868490253712983,999991
1784868490689045766,999991
1784868490880406495,999991
1784868490979620251,999991
1784868491417821517,999991
1784868491786424963,999991
1784868492279150065,999991
1784868493306344943,999991
1784868494123067575,999991
1784868494289018387,999991
1784868494603184522,999991
1784868495512063293,999991
1784868495552612735,999991
1784868495773632478,999991
1784868497258200418,999991
1784868497443090753,999991
1784868498995371748,999991
1784868499033384260,999991
1784868499557193612,999991
1784868499570015957,999991
1784868499790507793,999991
1784868500682251083,999991
1784868501558782176,999991
1784868502207835995,999991
1784868503330923552,999991
1784868503768695452,999991
1784868505742568745,999991
1784868506650626138,999991
1784868507148475374,999991
1784868507345376309,999991
1784868508502371970,999991
1784868509620931700,999991
1784868510948025111,999991
1784868511303439391,999991
1784868511365764444,999991
1784868511465851166,999991
1784868512153054831,999991
1784868512783428933,999991
1784868512922457821,999991
1784868513039457036,999991
1784868513236351088,999991
1784868514296787271,999991
1784868514608951830,999991
1784868514718956292,999991
1784868514845952047,999991
1784868515137877012,999991
1784868515150438027,999991
1784868515152349258,999991
1784868515165927620,999991
1784868515187904533,999991
1784868515215186119,999991
1784868515241605459,999991
1784868515283995666,999991
1784868515304356788,999991
1784868515429973740,999991
1784868515605464548,999991
1784868515922398155,999991
1784868517084435610,999991
1784868517757221565,999991
1784868518011785530,999991
1784868518024130205,999991
1784868518204164805,999991
1784868519042914455,999991
1784868519875375748,999991
1784868519965772224,999991
1784868521152802638,999991
1784868523659581439,999991
1784868524899924740,999991
1784868525931123196,999991
1784868526046880114,999991
1784868526055851193,999991
1784868526079849150,999991
1784868526080090064,999991
1784868526099770357,999991
1784868526131121699,999991
1784868526222349555,999991
1784868526282482124,999991
1784868526321471793,999991
1784868526443524611,999991
1784868526695106997,999991
1784868527054668068,999991
1784868527635703124,999991
1784868528197252749,999991
1784868528368573241,999991
1784868528591193250,999991
1784868529557202811,999991
1784868530927356968,999991
1784868532345585432,999991
1784868534537048057,999991
1784868536057703890,999991
1784868536294008629,999991
1784868536483256977,999991
1784868536656251235,999991
1784868537899613820,999991
1784868538898726760,999991
1784868539202815765,999991
1784868540467481726,999991
1784868540982860513,999991
1784868541635750068,999991
1784868541962014072,999991
1784868542197448461,999991
1784868543053144155,999991
1784868544110621119,999991
1784868546968443930,999991
1784868548042910921,999991
1784868548346638591,999991
1784868549052263105,999991
1784868549839244126,999991
1784868550622179856,999991
1784868551649925564,999991
1784868554487446190,999991
1784868554509927734,999991
1784868554524752666,999991
1784868554585084710,999991
1784868554601167221,999991
1784868554622896728,999991
1784868554646874173,999991
1784868554688776614,999991
1784868554714286208,999991
1784868554828074118,999991
1784868554844723744,999991
1784868554930828864,999991
1784868555026749120,999991
1784868555105563731,999991
1784868555176902712,999991
1784868555228822149,999991
1784868555302188193,999991
1784868555741133924,999991
1784868555936684705,999991
1784868556202816609,999991
1784868556234221637,999991
1784868556253336510,999991
1784868556381874642,999991
1784868556568290457,999991
1784868556750500726,999991
1784868556950856237,999991
1784868557928023711,999991
1784868558242261000,999991
1784868558394540773,999991
1784868559662929217,999991
1784868560453353144,999991
1784868560557662526,999991
1784868561048584815,999991
1784868561634276945,999991
1784868562349110832,999991
1784868563736701686,999991
1784868565496343599,999991
1784868566948215296,999991
1784868568252467137,999991
1784868568648676861,999991
1784868569767005415,999991
1784868569986071080,999991
1784868570547000772,999991
1784868571425203529,999991
1784868571497877221,999991
1784868571515732730,999991
1784868571527057687,999991
1784868571535688981,999991
1784868571555646297,999991
1784868571694472176,999991
1784868572131929016,999991
1784868572361033971,999991
1784868574136485941,999991
1784868574902804545,999991
1784868576223653419,999991
1784868576385781875,999991
1784868576635311070,999991
1784868577354734759,999991
1784868578186936445,999991
1784868581016109656,999991
1784868582585689625,999991
1784868582605444352,999991
1784868582611213888,999991
1784868582629993362,999991
1784868582641721620,999991
1784868582660206610,999991
1784868582667093079,999991
1784868582689540424,999991
1784868582723751875,999991
1784868582731196532,999991
1784868582736772880,999991
1784868582744450886,999991
1784868582751003109,999991
1784868582763970093,999991
1784868582788922942,999991
1784868582804316205,999991
1784868582821938590,999991
1784868582874348648,999991
1784868583053419130,999991
1784868583618656495,999991
1784868583855454481,999991
1784868584251271968,999991
1784868584265147812,999991
1784868584284981525,999991
1784868584378816669,999991
1784868584527778344,999991
1784868585538905581,999991
1784868587271368390,999991
1784868587399176276,999991
1784868587407751763,999991
1784868587447193505,999991
1784868587545377048,999991
1784868588041377044,999991
1784868588631098402,999991
1784868588796665907,999991
1784868590814378333,999991
1784868590819894931,999991
1784868591085789673,999991
1784868592611345766,999991
1784868593943387231,999991
1784868595032345947,999991
1784868595394535750,999991
1784868596491853977,999991
1784868596944913315,999991
1784868598731852883,999991
1784868598734457617,999991
1784868598763275130,999991
1784868598789958561,999991
1784868598803114050,999991
1784868598822409161,999991
1784868598833623255,999991
1784868598862511838,999991
1784868598878438084,999991
1784868598887911256,999991
1784868598986484272,999991
1784868599019778719,999991
1784868599217862684,999991
1784868599398713047,999991
1784868599880249080,999991
1784868600132301376,999991
1784868601597410862,999991
1784868601863103102,999991
1784868602050561962,999991
1784868602344543998,999991
1784868602907262053,999991
1784868603088448591,999991
1784868603454487313,999991
1784868604043860435,999991
1784868604202084480,999991
1784868604597484878,999991
1784868604864888169,999991
1784868605566630968,999991
1784868605610353850,999991
1784868605644348632,999991
1784868605709557954,999991
1784868605957883223,999991
1784868606112649818,999991
1784868606135846704,999991
1784868606153356113,999991
1784868606172236335,999991
1784868606220903256,999991
1784868606310280098,999991
1784868606353388956,999991
1784868606407937493,999991
1784868606570800436,999991
1784868607290732405,999991
1784868607837226896,999991
1784868608228308063,999991
1784868608779954088,999991
1784868608904109239,999991
1784868609106862442,999991
1784868609235392354,999991
1784868609399679930,999991
1784868609851632241,999991
1784868610100434938,999991
1784868611255614399,999991
1784868612776573981,999991
1784868613050816246,999991
1784868613714872186,999991
1784868614424621630,999991
1784868614581568826,999991
1784868615987899342,999991
1784868618098441007,999991
1784868619221181411,999991
1784868619246868623,999991
1784868619263767268,999991
1784868619287436861,999991
1784868619299817459,999991
1784868619313461961,999991
1784868619317329669,999991
1784868619337896842,999991
1784868619381655992,999991
1784868619426642289,999991
1784868619450324212,999991
1784868619484567350,999991
1784868619553827339,999991
1784868619618953951,999991
1784868619777605118,999991
1784868620268301015,999991
1784868620462243980,999991
1784868621507259509,999991
1784868622025745914,999991
1784868622039194024,999991
1784868622046405878,999991
1784868622095497658,999991
1784868622230282429,999991
1784868622994326416,999991
1784868623761263939,999991
1784868624034726472,999991
1784868624343800223,999991
1784868624361655782,999991
1784868624489888834,999991
1784868624799213077,999991
1784868626043150125,999991
1784868626797275623,999991
1784868627247697189,999991
1784868627897048742,999991
1784868629746498229,999991
1784868631405761379,999991
1784868632784912688,999991
1784868634183325808,999991
1784868636607829058,999991
1784868636948883145,999991
1784868637507984905,999991
1784868639911746403,999991
1784868640563085913,999991
1784868640579073788,999991
1784868640586178779,999991
1784868640604105859,999991
1784868640619991198,999991
1784868640658970203,999991
1784868640783815309,999991
1784868640933139789,999991
1784868641003878098,999991
1784868641380583078,999991
1784868642610457975,999991
1784868643881571841,999991
1784868644813216061,999991
1784868646946461957,999991
1784868646946679195,999991
1784868646946936562,999991
1784868646947144081,999991
1784868646947324558,999991
1784868646971913696,999991
1784868646989837891,999991
1784868647002998798,999991
1784868647025918234,999991
1784868647037836717,999991
1784868647058590707,999991
1784868647058858674,999991
1784868647083680513,999991
1784868647108723560,999991
1784868647125406034,999991
1784868647135550047,999991
1784868647194986668,999991
1784868647233273240,999991
1784868647346126003,999991
1784868647470983348,999991
1784868647546594071,999991
1784868647652989319,999991
1784868647846160212,999991
1784868647981748287,999991
1784868648773109152,999991
1784868648850680975,999991
1784868649043087494,999991
1784868649334905509,999991
1784868649934238332,999991
1784868650298370851,999991
1784868650903990125,999991
1784868652261582094,999991
1784868653352637377,999991
1784868653897095384,999991
1784868654443981413,999991
1784868655627758309,999991
1784868655897460759,999991
1784868655909424862,999991
1784868655982255072,999991
1784868656086128089,999991
1784868656803105342,999991
1784868658089945099,999991
1784868659043833233,999991
1784868660039595087,999991
1784868660569568755,999991
1784868661050417253,999991
1784868661405699039,999991
1784868661947541649,999991
1784868662377952881,999991
1784868663435112106,999991
1784868663881423399,999991
1784868664242823822,999991
1784868665040128985,999991
1784868666672333508,999991
1784868668468221298,999991
1784868669616077003,999991
1784868670050321087,999991
1784868670233772531,999991
1784868670376823820,999991
1784868670579321271,999991
1784868671242299982,999991
1784868672197181411,999991
1784868673556190990,999991
1784868674050280160,999991
1784868674500677926,999991
1784868676046740181,999991
1784868676583839312,999991
1784868676588209553,999990
1784868676588435655,999990
1784868676590261444,999990
1784868676593965807,999990
1784868676600596472,999990
1784868676711038327,999990
1784868676946543881,999990
1784868677177680131,999990
1784868678039167831,999990
1784868678598490759,999990
1784868679220947084,999990
1784868682473545213,999990
1784868682623752916,999990
1784868682623974245,999990
1784868682624217431,999990
1784868682704893974,999990
1784868682723723924,999990
1784868682842223124,999990
1784868683030154636,999990
1784868683136309381,999990
1784868683505359947,999990
1784868683986096055,999990
1784868684458017237,999990
1784868684598823014,999990
1784868684610385862,999990
1784868684661076310,999990
1784868685094098344,999990
1784868685592338130,999990
1784868685692358035,999990
1784868685797412867,999990
1784868686039880257,999990
1784868687238393771,999990
1784868687350410765,999989
1784868687408580097,999989
1784868687455920036,999989
1784868687468388648,999989
1784868687478308964,999989
1784868687510601870,999989
1784868687526595629,999989
1784868687668228152,999989
1784868688050576244,999989
1784868688588021971,999989
1784868688640060822,999989
1784868689047249588,999989
1784868689619281092,999989
1784868690918342831,999989
1784868691137313633,999989
1784868691333185715,999989
1784868691598892382,999989
1784868692877381734,999989
1784868692935041514,999989
1784868692984327693,999989
1784868693092070975,999989
1784868693261994265,999989
1784868693993325491,999989
1784868694132117750,999989
1784868694259614595,999989
1784868694695674568,999989
1784868695191749559,999989
1784868696184930107,999989
1784868696631845284,999989
1784868698306206055,999990
1784868698317868500,999990
1784868698330157027,999990
1784868698335581569,999990
1784868698374118192,999990
1784868699049124992,999990
1784868700799612807,999990
1784868702009199418,999990
1784868703386301060,999989
1784868704132400340,999989
1784868704410867272,999989
1784868704551204825,999989
1784868704555603540,999989
1784868704559616810,999989
1784868704566334023,999989
1784868704571260540,999989
1784868704575378278,999989
1784868704585657133,999989
1784868704596417431,999989
1784868704603082553,999989
1784868704613656056,999989
1784868704624190876,999989
1784868704740679521,999989
1784868705005866877,999989
1784868705270709415,999989
1784868705454855789,999989
1784868705924867333,999989
1784868706495081047,999989
1784868706792682752,999989
1784868706946555451,999989
1784868706946851313,999989
1784868707015781932,999989
1784868707244454255,999989
1784868707438754657,999989
1784868707546443423,999989
1784868707679740658,999989
1784868707957993778,999989
1784868708302544318,999989
1784868708308064147,999989
1784868708609734779,999989
1784868709252260724,999989
1784868709266940329,999989
1784868709272560911,999989
1784868709280324666,999989
1784868709321164359,999989
1784868709378743787,999989
1784868709437138089,999989
1784868709504737950,999989
1784868710048093610,999989
1784868710897756508,999989
1784868711077251773,999989
1784868711612335951,999989
1784868711830652252,999989
1784868711954467719,999989
1784868712335547793,999989
1784868712895533200,999989
1784868713087787910,999989
1784868713284558466,999989
1784868713292419971,999989
1784868713297982432,999989
1784868713339799617,999989
1784868713509746148,999989
1784868713913848077,999989
1784868714629358742,999989
1784868714941861155,999989
1784868715332084351,999989
1784868715953630603,999989
1784868716137336438,999989
1784868716388439331,999989
1784868716595750821,999989
1784868716987077406,999989
1784868717622498673,999989
1784868718037781522,999989
1784868718606628575,999989
1784868718943661485,999989
1784868718984771174,999989
1784868719009091129,999989
1784868719037669657,999989
1784868719133631484,999989
1784868719309166552,999989
1784868719932458303,999989
1784868719940837985,999989
1784868719991409815,999989
1784868720022215060,999989
1784868720066411064,999989
1784868720252817713,999989
1784868720479451882,999989
1784868721050748536,999989
1784868721828739628,999989
1784868721893956233,999989
1784868722003073280,999989
1784868722717469874,999989
1784868723634156513,999989
1784868723916544171,999989
1784868723924497648,999989
1784868723990008416,999989
1784868724128399547,999989
1784868724363655938,999989
1784868724384080060,999989
1784868724466593436,999989
1784868725233296723,999989
1784868726184307099,999989
1784868726947454300,999989
1784868727151160996,999989
1784868727900338376,999989
1784868728568715250,999989
1784868728729015144,999989
1784868728794226288,999989
1784868728818985845,999989
1784868728839833216,999989
1784868728855868617,999989
1784868728864558606,999989
1784868728883669634,999989
1784868728891896638,999989
1784868728910781522,999989
1784868728937397268,999989
1784868729005009483,999989
1784868729099863029,999989
1784868729137951181,999989
1784868729246431896,999989
1784868729951481257,999989
1784868730205860777,999989
1784868730533905974,999989
1784868732577524262,999989
1784868733621107309,999989
1784868733636563353,999989
1784868733649772861,999989
1784868733684917723,999989
1784868733716044410,999989
1784868733778950975,999989
1784868734023901433,999989
1784868734143436043,999989
1784868734460012211,999989
1784868734487795127,999989
1784868735199287536,999989
1784868735925404304,999989
1784868737611563416,999989
1784868737895372386,999989
1784868738749799698,999989
1784868739851803014,999989
1784868739923012556,999989
1784868739930098151,999989
1784868739957389845,999989
1784868740157878644,999989
1784868740915164561,999989
1784868743552077767,999989
1784868744097370543,999989
1784868744999175922,999989
1784868746577313537,999989
1784868747263337324,999989
1784868748422246122,999989
1784868748457630166,999989
1784868748838713253,999989
1784868749440012134,999989
1784868750969032465,999989
1784868752248689837,999989
1784868752260185878,999989
1784868752281485102,999989
1784868752284228606,999989
1784868752288250465,999989
1784868752289993035,999989
1784868752293138034,999989
1784868752398576636,999989
1784868752552053116,999989
1784868752960843294,999989
1784868752974395485,999989
1784868753238268404,999989
1784868753259251903,999989
1784868753266851364,999989
1784868753312269096,999989
1784868753391480940,999989
1784868753532756150,999989
1784868753907531026,999989
1784868754052218495,999989
1784868754251787521,999989
1784868754853555910,999989
1784868755418843629,999989
1784868755746263520,999989
1784868756211708751,999989
1784868756429262086,999989
1784868756750568962,999989
1784868757040340574,999989
1784868757191579021,999989
1784868757253818082,999989
1784868757319127749,999989
1784868757319518487,999989
1784868757319771151,999989
1784868757333706212,999989
1784868757804491339,999989
1784868757989469175,999989
1784868759012744360,999989
1784868759628297882,999989
1784868759831566323,999989
1784868760312593636,999989
1784868761393090567,999989
1784868762062421265,999989
1784868762430567670,999989
1784868762582210527,999989
1784868763419274052,999989
1784868763659501150,999989
1784868763757011903,999989
1784868763813901891,999989
1784868763884727871,999989
1784868764285422258,999989
1784868764695041661,999989
1784868764973254680,999989
1784868765948925697,999989
1784868766383747573,999989
1784868766401864449,999989
1784868766405984556,999989
1784868766411131913,999989
1784868766417111370,999989
1784868766457723130,999989
1784868766554357606,999989
1784868766697980536,999989
1784868766974338238,999989
1784868767043923430,999989
1784868768486864032,999989
1784868768999945044,999989
1784868770978990430,999989
1784868771635299179,999989
1784868771649425410,999989
1784868771687686868,999989
1784868771706114491,999989
1784868771735146930,999989
1784868771805554995,999989
1784868771852282644,999989
1784868772051855932,999989
1784868772341439484,999989
1784868773529734758,999989
1784868775846929385,999989
1784868777386662402,999989
1784868778593886271,999989
1784868780047929741,999989
1784868780555928631,999989
1784868781152240985,999989
1784868781168947947,999989
1784868781170341025,999989
1784868781176712880,999989
1784868781189751030,999989
1784868781251286601,999989
1784868781289818410,999989
1784868781323989328,999989
1784868781510561211,999989
1784868781554914124,999989
1784868782188159285,999989
1784868783271067869,999989
1784868783818457183,999989
1784868783962486413,999989
1784868783970415127,999989
1784868783979031397,999989
1784868784008181265,999989
1784868784008385895,999989
1784868784013283116,999989
1784868784025164261,999989
1784868784370506985,999989
1784868785345412106,999989
1784868785634633005,999989
1784868786945608785,999989
1784868790630856279,999989
1784868790631149172,999989
1784868790640901761,999989
1784868790836194592,999989
1784868791008185834,999989
1784868791138482188,999989
1784868791658307820,999989
1784868791984331015,999989
1784868792600449328,999989
1784868792648916659,999989
1784868792788657213,999989
1784868793580578153,999989
1784868793639200634,999989
1784868793790140360,999989
1784868794810781927,999989
1784868795688572284,999989
1784868796701919146,999989
1784868798712409704,999989
1784868800289481763,999989
1784868800373179709,999989
1784868800379602906,999989
1784868800384365011,999989
1784868800511860098,999989
1784868801506605231,999989
1784868801940374975,999989
1784868802112621290,999989
1784868803007947769,999989
1784868804285679438,999989
1784868804573638026,999989
1784868805777869425,999989
1784868805825740638,999989
1784868805826199068,999989
1784868805832697894,999989
1784868805843892169,999989
1784868805848103350,999989
1784868805858910039,999989
1784868805876037569,999989
1784868805887646001,999989
1784868805896961364,999989
1784868805914105996,999989
1784868805960697647,999989
1784868805979213776,999989
1784868806008985506,999989
1784868806224926909,999989
1784868806402382025,999989
1784868807007558361,999989
1784868807686897036,999989
1784868809581350707,999989
1784868810184148680,999989
1784868810212279619,999989
1784868810248626004,999989
1784868811045195942,999989
1784868811270594997,999989
1784868811270980698,999989
1784868811333586323,999989
1784868811467432217,999989
1784868811695940632,999989
1784868812785598626,999989
1784868814034957575,999989
1784868814048074011,999989
1784868814058705645,999989
1784868814058971901,999989
1784868814070370229,999989
1784868814081483152,999989
1784868814105979603,999989
1784868814132420412,999989
1784868814147832526,999989
1784868814160608323,999989
1784868814186879318,999989
1784868814210112468,999989
1784868814232509970,999989
1784868814279459435,999989
1784868814321141627,999989
1784868814541837246,999989
1784868815114977524,999989
1784868815399080218,999989
1784868816494682200,999989
1784868816787170022,999989
1784868816946697459,999989
1784868818479951710,999989
1784868819273957315,999989
1784868820922758721,999989
1784868822576516922,999989
1784868822678675564,999989
1784868823575485091,999989
1784868823737644791,999989
1784868824308069838,999989
1784868825057134582,999989
1784868825708317380,999989
1784868826733617320,999989
1784868827048967961,999989
1784868828016520793,999989
1784868831613853582,999989
1784868833338727449,999989
1784868833903460157,999989
1784868835031862824,999989
1784868835131192451,999989
1784868835184002692,999989
1784868837998667663,999989
1784868838338972877,999989
1784868839146880616,999989
1784868839159731232,999989
1784868839172336874,999989
1784868839185125350,999989
1784868839203258372,999989
1784868839246780726,999989
1784868839295106937,999989
1784868839308034334,999989
1784868839320806111,999989
1784868839339259311,999989
1784868839352795028,999989
1784868839363208253,999989
1784868839381101550,999989
1784868839473340438,999989
1784868839586806590,999989
1784868839723090573,999989
1784868839753114949,999989
1784868839886974088,999989
1784868840194155240,999989
1784868840409627573,999989
1784868841407804309,999989
1784868841508343915,999989
1784868841515971982,999989
1784868841542418819,999989
1784868841621492464,999989
1784868841735062693,999989
1784868841975345399,999989
1784868842128601857,999989
1784868842322145303,999989
1784868842474520257,999989
1784868842662785280,999989
1784868842742718763,999989
1784868842762434987,999989
1784868842923989979,999989
1784868844071338463,999989
1784868845750902573,999989
1784868847254329605,999989
1784868849783631857,999989
1784868849795855063,999989
1784868849955428487,999989
1784868850533922080,999989
1784868850735237313,999989
1784868850851511329,999989
1784868851843687262,999989
1784868853024238038,999989
1784868854513890229,999989
1784868854841859986,999989
1784868854879295967,999989
1784868855041262059,999989
1784868855917033112,999989
1784868855993269403,999989
1784868856467223099,999989
1784868856815627187,999989
1784868858647659787,999989
1784868858765972130,999989
1784868858791629048,999989
1784868858942797493,999989
1784868859054739324,999989
1784868859170200132,999989
1784868859276331150,999989
1784868859420597065,999989
1784868859565597393,999989
1784868859568318856,999989
1784868859572675605,999989
1784868859579708630,999989
1784868859651417664,999989
1784868859713174212,999989
1784868859887945481,999989
1784868860395782602,999989
1784868860405905882,999989
1784868860633910696,999989
1784868860650387241,999989
1784868860661243919,999989
1784868860789555793,999989
1784868862047658614,999989
1784868863863772492,999989
1784868863884101245,999989
1784868863919443534,999989
1784868864068281425,999989
1784868864774428204,999989
1784868865110912373,999989
1784868866124940601,999989
1784868866138925894,999989
1784868866150198064,999989
1784868866164005506,999989
1784868866172668734,999989
1784868866249292210,999989
1784868866267775757,999989
1784868866326244571,999989
1784868866522973006,999989
1784868866725601904,999989
1784868866733319821,999989
1784868866738220314,999989
1784868866744051784,999989
1784868866748431996,999989
1784868866785343514,999989
1784868867439363589,999989
1784868867744680493,999989
1784868867968085966,999989
1784868868319072919,999989
1784868868654459747,999989
1784868869398829433,999989
1784868869410811856,999989
1784868869415090920,999989
1784868869537329287,999989
1784868870028892314,999989
1784868871105595903,999989
1784868871662074274,999989
1784868871783960667,999989
1784868872552517906,999989
1784868873029050643,999989
1784868873560092594,999989
1784868874499077346,999989
1784868874714846359,999989
1784868874820693485,999989
1784868875256141338,999989
1784868875280982212,999989
1784868875291256198,999989
1784868875475120240,999989
1784868876047943472,999989
1784868876959934028,999989
1784868877119305382,999989
1784868877702018606,999989
1784868878716566220,999989
1784868880446717955,999989
1784868883745472660,999989
1784868886102683384,999989
1784868888655606647,999989
1784868889566143049,999989
1784868890659055500,999989
1784868891368571649,999989
1784868891535948510,999989
1784868891561764305,999989
1784868891847579122,999989
1784868892240198056,999989
1784868892694448494,999989
1784868893367512110,999989
1784868893739347874,999989
1784868895384180346,999989
1784868895704226899,999989
1784868896988924659,999989
1784868898731814844,999989
1784868898740146371,999989
1784868898749549082,999989
1784868898763658799,999989
1784868898781150817,999989
1784868898868792357,999989
1784868898915179411,999989
1784868899388920500,999989
1784868899405865972,999989
1784868899422380011,999989
1784868899469689594,999989
1784868899508726852,999989
1784868899526146677,999989
1784868899539923434,999989
1784868899580102867,999989
1784868899716092434,999989
1784868899759761000,999989
1784868899864276404,999989
1784868899988992124,999989
1784868900815449737,999989
1784868901598923506,999989
1784868902629268986,999989
1784868903524373856,999989
1784868904615866669,999989
1784868904949506427,999989
1784868904979737367,999989
1784868905339759249,999989
1784868906077375211,999989
1784868906459272256,999989
1784868907360334908,999989
1784868908565690464,999989
1784868910411054369,999989
1784868910796451804,999989
1784868911147712138,999989
1784868912070378165,999989
1784868913098897817,999989
1784868914366841741,999989
1784868915265462816,999989
1784868915586339636,999989
1784868916167047159,999989
1784868917542001067,999989
1784868919074115455,999989
1784868919495166997,999989
1784868919517388461,999989
1784868919562364220,999989
1784868919697786047,999989
1784868920051128183,999989
1784868921110006092,999989
1784868921694670133,999989
1784868922893208603,999989
1784868923819902228,999989
1784868924144046347,999989
1784868925045023899,999989
1784868925479601959,999989
1784868927060155795,999989
1784868929154628557,999989
1784868930044365484,999989
1784868930135576602,999989
1784868930197727639,999989
1784868930333424740,999989
1784868930500212363,999989
1784868930576863967,999989
1784868931845657580,999989
1784868935769765817,999989
1784868938821025808,999989
1784868939276378244,999989
1784868939430440831,999989
1784868939489183999,999989
1784868939592247005,999989
1784868940705128797,999989
1784868942906913498,999989
1784868943817216406,999989
1784868944394552152,999989
1784868945448802286,999989
1784868945474148430,999989
1784868946483955897,999989
1784868948348982329,999989
1784868951222202666,999989
1784868955376671575,999989
1784868957746945047,999989
1784868958635016300,999989
1784868958952050886,999989
1784868959122612459,999989
1784868959511416359,999989
1784868959945221298,999989
1784868960787042785,999989
1784868963010207541,999989
1784868964262945988,999989
1784868964388148515,999988
1784868964388148515,999988
1784868964388607996,999986
1784868964388823246,999986
1784868964393397727,999986
1784868964393560556,999986
1784868964393649733,999986
1784868964393792341,999986
1784868964395037923,999986
1784868964395245472,999986
1784868964397235782,999986
1784868964404084149,999986
1784868964404354467,999986
1784868964405597826,999986
1784868964413077100,999986
1784868964414327895,999986
1784868964416940030,999986
1784868964418607243,999986
1784868964433586734,999986
1784868964509498718,999986
1784868964513686588,999986
1784868964521959663,999986
1784868964527298274,999986
1784868964532726852,999986
1784868964574969738,999986
1784868964619372256,999986
1784868964732424150,999986
1784868964873629302,999986
1784868964995718425,999986
1784868965328785173,999986
1784868965614750862,999986
1784868965956208103,999986
1784868966249628332,999986
1784868967068440562,999986
1784868967132156277,999986
1784868967877510839,999986
1784868968310932972,999986
1784868968561809307,999986
1784868972966893708,999986
1784868973747161008,999986
1784868974205549599,999986
1784868979859335823,999986
1784868979870564526,999986
1784868979914740934,999986
1784868980621816720,999986
1784868983760288262,999986
1784868984721271472,999986
1784868984750007708,999986
1784868984782654941,999986
1784868984851291412,999986
1784868985058650297,999986
1784868986195230053,999986
1784868986437753617,999986
1784868987263397986,999986
1784868988407028366,999986
1784868989723884548,999986
1784868989968644743,999986
1784868991963462305,999986
1784868992580917489,999986
1784868992737831676,999986
1784868992952630070,999986
1784868995250557426,999986
1784868996345794120,999986
1784868996443584844,999986
1784868996455089413,999986
1784868996513019963,999986
1784868996643454948,999986
1784868998372584882,999986
1784868998627507657,999986
1784869000179796482,999986
1784869001583448732,999986
1784869003118506563,999986
1784869003665894294,999986
1784869004587111716,999986
1784869006012861806,999986
1784869008193866726,999986
1784869008850804125,999986
1784869009798336822,999986
1784869017654911772,999986
1784869017674134761,999986
1784869018260276751,999986
1784869018483519617,999986
1784869018523702485,999986
1784869018583372488,999986
1784869018595932234,999986
1784869018606004081,999986
1784869018628995798,999986
1784869018696806382,999986
1784869018890736254,999986
1784869018919916937,999986
1784869019081128577,999986
1784869019953689161,999986
1784869020123691359,999986
1784869020123847534,999986
1784869020127506603,999986
1784869020136196763,999986
1784869020141726654,999986
1784869020255160182,999986
1784869020531779136,999986
1784869020706688414,999986
1784869020928581342,999986
1784869022455715196,999986
1784869022463711358,999986
1784869022470724787,999986
1784869022480953848,999986
1784869022490687028,999986
1784869022502239404,999986
1784869022525239321,999986
1784869022577219978,999986
1784869022605518377,999986
1784869022655677512,999986
1784869022675473404,999986
1784869022773604983,999986
1784869022806905505,999986
1784869022916748627,999986
1784869023086120569,999986
1784869023350431525,999986
1784869023893108763,999986
1784869024852164830,999986
1784869025637020374,999986
1784869026046370994,999986
1784869027046274241,999986
1784869027428910845,999986
1784869027464036191,999986
1784869027488620115,999986
1784869027500112702,999986
1784869027524902945,999986
1784869027537488443,999986
1784869027554642902,999986
1784869027554801443,999986
1784869027562102120,999986
1784869027563806047,999986
1784869027567541463,999986
1784869027574512664,999986
1784869027578648290,999986
1784869027585640042,999986
1784869027592748041,999986
1784869027605940226,999986
1784869027621776780,999986
1784869027621936866,999986
1784869027637807055,999986
1784869027666860191,999986
1784869027700419698,999986
1784869027755018324,999986
1784869027806288023,999986
1784869027865811988,999986
1784869028066300095,999986
1784869028221379424,999986
1784869028507178847,999986
1784869028558405387,999986
1784869028628177911,999986
1784869028628874189,999986
1784869028631517414,999986
1784869028765713507,999986
1784869028786511270,999986
1784869028877259187,999986
1784869029018751380,999986
1784869029461626588,999986
1784869029825147200,999986
1784869030377103919,999986
1784869030756624953,999986
1784869031039861118,999986
1784869031045322508,999986
1784869031083085022,999986
1784869031086834864,999986
1784869031147966637,999986
1784869031180160666,999986
1784869031213580305,999986
1784869031230756031,999986
1784869031388845799,999986
1784869032046470456,999986
1784869032941964050,999986
1784869033636346251,999986
1784869033815056510,999986
1784869033964059915,999986
1784869034076145257,999986
1784869034632177570,999986
1784869035353996100,999986
1784869036203497685,999986
1784869036990605241,999986
1784869037001950996,999986
1784869037037895640,999986
1784869037142541346,999986
1784869037524434951,999986
1784869037907538525,999986
1784869038388597660,999986
1784869038650806161,999986
1784869041253675593,999986
1784869041909170775,999986
1784869042190129815,999986
1784869042212975751,999986
1784869042236730974,999986
1784869042255865445,999986
1784869042284949960,999986
1784869042322283128,999986
1784869042358730762,999986
1784869042502466509,999986
1784869042711039638,999986
1784869042743767823,999986
1784869042779631373,999986
1784869042788721786,999986
1784869042809099949,999986
1784869042814734191,999986
1784869042817600087,999986
1784869042885662522,999986
1784869042941675018,999986
1784869042989350173,999986
1784869043008934035,999986
1784869043026286940,999986
1784869043026445135,999986
1784869043028485866,999986
1784869043050376571,999986
1784869043050717364,999986
1784869043098338020,999986
1784869043110478946,999986
1784869043110628099,999986
1784869043116801816,999986
1784869043133086895,999986
1784869043141505329,999986
1784869043220237619,999986
1784869043266441233,999986
1784869043416894130,999986
1784869043603598482,999986
1784869043695743850,999986
1784869043907431732,999986
1784869044058957965,999986
1784869044098634391,999986
1784869044171786957,999986
1784869044333215521,999986
1784869044612794218,999986
1784869045122882882,999986
1784869045123373641,999986
1784869045172819672,999986
1784869045191434109,999986
1784869045205584877,999986
1784869045254592298,999986
1784869045394448696,999986
1784869045714397136,999986
1784869045774911113,999986
1784869045793387797,999986
1784869045843202651,999986
1784869045865470977,999986
1784869045884361673,999986
1784869045893978579,999986
1784869045903163146,999986
1784869045926798845,999986
1784869045968784204,999986
1784869046041529404,999986
1784869046208961565,999986
1784869047047994448,999986
1784869047245175811,999986
1784869048053441050,999986
1784869048111744776,999986
1784869049167167909,999986
1784869050507531564,999986
1784869050555022540,999986
1784869050586849066,999986
1784869050691203982,999986
1784869050998539856,999986
1784869051404425367,999986
1784869051731284707,999986
1784869051765233435,999986
1784869051883199600,999986
1784869052170435191,999986
1784869052626876326,999986
1784869052701728154,999986
1784869053088184244,999986
1784869054035467193,999986
1784869054461469903,999986
1784869054473943807,999986
1784869054484237634,999986
1784869054508811408,999986
1784869054941624547,999986
1784869055234655650,999986
1784869055568362280,999986
1784869055593081244,999986
1784869055886501420,999986
1784869055896623133,999986
1784869055910727750,999986
1784869056037293225,999986
1784869056964064832,999986
1784869057086697358,999986
1784869057799656150,999986
1784869058557711566,999986
1784869059271348612,999986
1784869059641558883,999986
1784869060036760336,999986
1784869060038241759,999986
1784869060039615244,999986
1784869060099134328,999986
1784869060203832837,999986
1784869060982675305,999986
1784869061363235641,999986
1784869061404094010,999986
1784869061649748997,999986
1784869062398305783,999986
1784869063298731936,999986
1784869063377145272,999986
1784869063642434156,999986
1784869063819099677,999986
1784869064118872647,999986
1784869065012256736,999986
1784869065167984538,999986
1784869065937120237,999986
1784869065964071568,999986
1784869066771285866,999986
1784869067268544691,999986
1784869067299001324,999986
1784869067308783240,999986
1784869067308958548,999986
1784869067312476907,999986
1784869067316520661,999986
1784869067327087170,999986
1784869067368155570,999986
1784869067448991406,999986
1784869067582668398,999986
1784869067714325272,999986
1784869067902306367,999986
1784869068329207829,999986
1784869068452064341,999986
1784869068458286496,999986
1784869068492982682,999986
1784869068692512313,999986
1784869069052170413,999986
1784869069296871939,999986
1784869070349746960,999986
1784869070526758679,999986
1784869071394506340,999986
1784869071402373926,999986
1784869071425140134,999986
1784869071456336229,999986
1784869071468081571,999986
1784869071518505596,999986
1784869071545730115,999986
1784869071603205499,999986
1784869071618529853,999986
1784869071627167674,999986
1784869071687936342,999986
1784869071789259017,999986
1784869072090817347,999986
1784869072769302078,999986
1784869073151652058,999986
1784869073319113859,999986
1784869073596085839,999986
1784869073599070329,999986
1784869073874480519,999986
1784869073891070304,999986
1784869073911683042,999986
1784869073923815982,999986
1784869073934320407,999986
1784869073979162636,999986
1784869074100832923,999986
1784869074158562943,999986
1784869075024934843,999986
1784869075755614161,999986
1784869075760556535,999986
1784869075762163251,999986
1784869075765596908,999986
1784869075769104080,999986
1784869075770171134,999986
1784869075844588758,999986
1784869076044241181,999986
1784869076759866160,999986
1784869076785518464,999986
1784869077096664494,999986
1784869077945368474,999986
1784869079432365392,999986
1784869080017819228,999986
1784869080067323985,999986
1784869080100579295,999986
1784869080112739603,999986
1784869080126982994,999986
1784869080181199987,999986
1784869080222408183,999986
1784869080403766225,999986
1784869080419473371,999986
1784869080423910769,999986
1784869080457593171,999986
1784869080658665375,999986
1784869081045401686,999986
1784869082019310750,999986
1784869082033901502,999986
1784869082149892530,999986
1784869082542659064,999986
1784869082634974666,999986
1784869082635287040,999986
1784869082635616572,999986
1784869082643484850,999985
1784869082738615630,999985
1784869082857455420,999986
1784869083050271087,999986
1784869083054761374,999986
1784869083060294398,999986
1784869083165896747,999986
1784869083196571430,999986
1784869083250852498,999986
1784869083578275870,999986
1784869083976687483,999986
1784869084787994096,999986
1784869084949177921,999986
1784869085095298443,999986
1784869085127946283,999986
1784869085638247733,999986
1784869085771162291,999986
1784869085817146791,999986
1784869085859529216,999986
1784869085874162316,999986
1784869086314465033,999986
1784869086553218490,999986
1784869086565613966,999986
1784869086572720854,999986
1784869086719490744,999986
1784869087103486311,999986
1784869087451105233,999986
1784869087850519564,999985
1784869087991785506,999985
1784869088206470871,999985
1784869088302995267,999985
1784869088587251971,999985
1784869089865354650,999985
1784869089870448448,999985
1784869090094505294,999985
1784869090867899407,999985
1784869091744562702,999985
1784869091789917737,999985
1784869091791644788,999985
1784869092205735495,999985
1784869092259443677,999985
1784869092344162899,999985
1784869092356240874,999985
1784869092406752819,999985
1784869092425544965,999985
1784869092454843960,999985
1784869092469231613,999985
1784869092469402151,999985
1784869092470393214,999985
1784869092485749278,999985
1784869092485966825,999985
1784869092505397603,999985
1784869092505708008,999985
1784869092519876015,999985
1784869092532061843,999985
1784869092545577272,999985
1784869092564783743,999985
1784869092588523188,999985
1784869092605794558,999985
1784869092615929511,999985
1784869092672703098,999985
1784869092700293608,999985
1784869092706299338,999985
1784869092717997564,999985
1784869092733475067,999985
1784869092744413538,999985
1784869092797062676,999985
1784869092824236342,999985
1784869092843050318,999985
1784869093112050450,999985
1784869093350255256,999985
1784869093474433231,999985
1784869093664531151,999985
1784869093949585200,999985
1784869094109086643,999985
1784869095108999066,999985
1784869095229068291,999985
1784869095509485419,999985
1784869096116002565,999985
1784869097073537338,999985
1784869097894446074,999985
1784869098893853820,999985
1784869099712498333,999985
1784869100101969951,999985
1784869100350290066,999985
1784869100607457948,999985
1784869101384355097,999985
1784869101602209445,999985
1784869101617053950,999985
1784869101628633521,999985
1784869101682664406,999985
1784869102616299476,999985
1784869102799086975,999985
1784869102855606836,999985
1784869103417905485,999985
1784869104586650991,999985
1784869105842316512,999985
1784869106023646426,999985
1784869107216480030,999985
1784869107220045923,999985
1784869107221330735,999985
1784869107224149927,999985
1784869107230190427,999985
1784869107236922629,999985
1784869107349627956,999985
1784869107627087539,999985
1784869108807009511,999985
1784869110062933847,999985
1784869111002267228,999985
1784869111272324399,999985
1784869111287882490,999985
1784869111326763858,999985
1784869111847664150,999985
1784869112634640590,999985
1784869112890437690,999985
1784869113381924566,999985
1784869114197043951,999985
1784869114335654638,999985
1784869115175165567,999985
1784869116940321814,999985
1784869117545803141,999985
1784869118313031776,999985
1784869118915307230,999985
1784869119617976201,999985
1784869120217008786,999985
1784869121371253561,999985
1784869122999908781,999985
1784869123013452837,999985
1784869123022351999,999985
1784869123031059246,999985
1784869123037911784,999985
1784869123048938907,999985
1784869123080405244,999985
1784869123115603667,999985
1784869123159346726,999985
1784869123263181487,999985
1784869123281337377,999985
1784869123739565085,999985
1784869123755511976,999985
1784869123761490650,999985
1784869123781151120,999985
1784869123845019069,999985
1784869123902454721,999985
1784869123912424558,999985
1784869123914815064,999985
1784869123920145049,999985
1784869123924823218,999985
1784869123964301104,999985
1784869124112896620,999985
1784869124347407158,999985
1784869124532117174,999985
1784869124884353268,999985
1784869125765313318,999985
1784869126079727551,999985
1784869126175772927,999985
1784869126408027151,999985
1784869126474099453,999985
1784869127105256860,999985
1784869128755747940,999985
1784869130402986872,999985
1784869132106615272,999985
1784869134224533540,999985
1784869135342860105,999985
1784869136944069280,999985
1784869138731774074,999985
1784869140363252725,999985
1784869141980285532,999985
1784869143932140730,999985
1784869144452986477,999985
1784869144853152388,999985
1784869145274753235,999985
1784869145286649167,999985
1784869145295503481,999985
1784869145319239411,999985
1784869145355909089,999985
1784869145457833447,999985
1784869145623453876,999985
1784869145631071946,999985
1784869145646299808,999985
1784869145780637100,999985
1784869146113566215,999985
1784869146940541179,999985
1784869147622193793,999985
1784869149404474526,999985
1784869149480419646,999985
1784869150116324544,999985
1784869150437295225,999985
1784869151817349905,999985
1784869152085934043,999985
1784869152112501596,999985
1784869152133038253,999985
1784869152210779782,999985
1784869152545827496,999985
1784869153152923251,999985
1784869153465114210,999985
1784869153613571417,999985
1784869154034468764,999985
1784869154257710615,999985
1784869154479395566,999985
1784869154479852011,999985
1784869154682602404,999985
1784869156117525559,999985
1784869157309828495,999985
1784869158013907398,999985
1784869159870706293,999985
1784869162713095919,999985
1784869163489944829,999985
1784869163496629811,999985
1784869163530459184,999985
1784869163549432512,999985
1784869163667017307,999985
1784869164182249063,999985
1784869164742639680,999985
1784869164787650869,999985
1784869166173398487,999985
1784869168450850478,999985
1784869169982265153,999985
1784869170044594606,999985
1784869170045135795,999985
1784869170045925360,999985
1784869170046482635,999985
1784869170050233496,999985
1784869170051726294,999985
1784869170056097470,999985
1784869170058527405,999985
1784869170063961928,999985
1784869170068480044,999985
1784869170074453251,999985
1784869170188088038,999985
1784869170229371467,999985
1784869170341188145,999985
1784869170648518464,999985
1784869170852256997,999985
1784869170855248359,999985
1784869170919289264,999985
1784869171060685697,999985
1784869171594510711,999985
1784869171994928663,999985
1784869172199009429,999985
1784869172941560373,999985
1784869173972860730,999985
1784869174205802503,999985
1784869174491728916,999985
1784869175091062108,999985
1784869175102975509,999985
1784869175112739795,999985
1784869175117941777,999985
1784869175132012663,999985
1784869175174088268,999985
1784869175250954487,999985
1784869175635111412,999985
1784869175713344999,999985
1784869175950182620,999985
1784869176777428441,999985
1784869177014306783,999985
1784869177192309008,999985
1784869177414456619,999985
1784869178078388883,999985
1784869178852366533,999985
1784869179447475765,999985
1784869179758123206,999985
1784869179761123579,999985
1784869179778800291,999985
1784869179837856510,999985
1784869179861809761,999985
1784869180036274149,999985
1784869180134374701,999985
1784869180730376761,999985
1784869181167869045,999985
1784869181347860857,999985
1784869181993517089,999985
1784869182581805481,999985
1784869182784990125,999985
1784869184076909542,999985
1784869185995719717,999985
1784869186242467644,999985
1784869187278078114,999985
1784869189343249699,999985
1784869189434291756,999985
1784869189535682398,999985
1784869190043435158,999985
1784869190393360469,999985
1784869190943543760,999985
1784869191978120502,999985
1784869192546835672,999985
1784869192571614651,999985
1784869192600162817,999985
1784869192768190218,999985
1784869193043525944,999985
1784869193538225571,999985
1784869194257336674,999985
1784869194594900350,999985
1784869194596470750,999985
1784869194600697148,999985
1784869194695864013,999985
1784869194747141481,999985
1784869194824603343,999985
1784869194913121727,999985
1784869195052385798,999985
1784869195247369521,999985
1784869196175693498,999985
1784869196317138035,999985
1784869196939556110,999985
1784869197090266379,999985
1784869198139491834,999985
1784869198154309039,999985
1784869198165148101,999985
1784869198180867138,999985
1784869198194397164,999985
1784869198210245805,999985
1784869198223890131,999985
1784869198265077286,999985
1784869198298489724,999985
1784869198336317324,999985
1784869198365140650,999985
1784869198374695364,999985
1784869198402011047,999985
1784869198427118160,999985
1784869198460009406,999985
1784869198466411005,999985
1784869198484706455,999985
1784869198520946434,999985
1784869198547623013,999985
1784869198562167642,999985
1784869198565440981,999985
1784869198569622210,999985
1784869198578580081,999985
1784869198598542828,999985
1784869198620560904,999985
1784869198628187463,999985
1784869198628682234,999985
1784869198652112911,999985
1784869198652297300,999985
1784869198667658800,999985
1784869198680618626,999985
1784869198693925118,999985
1784869198722348078,999985
1784869198765764780,999985
1784869198860875541,999985
1784869198941964791,999985
1784869198997713177,999985
1784869199006208451,999985
1784869199158407846,999985
1784869199167825607,999985
1784869199178762558,999985
1784869199210454574,999985
1784869199374517605,999985
1784869199926429302,999985
1784869200041574365,999985
1784869200091415563,999985
1784869200117197419,999985
1784869200153152966,999985
1784869200166375899,999985
1784869200179087218,999985
1784869200200969297,999985
1784869200244441981,999985
1784869200379188855,999985
1784869200647278717,999985
1784869200860722883,999985
1784869201110872650,999985
1784869201721308768,999985
1784869201932397619,999985
1784869202696700398,999985
1784869202739543436,999985
1784869202835693966,999985
1784869202963425295,999985
1784869203209695442,999985
1784869204082799743,999985
1784869204956265001,999985
1784869206385678937,999985
1784869207952988081,999985
1784869209210779986,999985
1784869209326925964,999985
1784869209342321628,999985
1784869209350527339,999985
1784869209376813418,999985
1784869209391567434,999985
1784869209409144578,999985
1784869209433134792,999985
1784869209440305263,999985
1784869209455585421,999985
1784869209472027722,999985
1784869209490541418,999985
1784869209511611819,999985
1784869209534804803,999985
1784869209553473503,999985
1784869209561521096,999985
1784869209587759233,999985
1784869209609089328,999985
1784869209624214260,999985
1784869209640537663,999985
1784869209662227346,999985
1784869209736739745,999985
1784869209899500203,999985
1784869210035367230,999985
1784869210381955862,999985
1784869210616014828,999985
1784869210872338463,999985
1784869211297370997,999985
1784869211394723482,999985
1784869211674894325,999985
1784869212244502878,999985
1784869212649596670,999985
1784869213195969741,999985
1784869214626855583,999985
1784869215580177526,999985
1784869215986317346,999985
1784869216075178132,999985
1784869216561623130,999985
1784869217787861285,999985
1784869217900236541,999985
1784869218026616055,999985
1784869218470254047,999985
1784869218582292951,999985
1784869218890892977,999985
1784869219628747098,999985
1784869219668868511,999985
1784869219816619650,999985
1784869219864642853,999985
1784869219929646612,999985
1784869220738712513,999985
1784869223121367101,999985
1784869223346917000,999985
1784869224044369649,999985
1784869226247554773,999985
1784869227907440436,999985
1784869228419820099,999985
1784869229407357492,999985
1784869230509090512,999985
1784869230607435505,999985
1784869230706860560,999985
1784869231242704533,999985
1784869231603792287,999985
1784869232749786199,999985
1784869235759694715,999985
1784869237039896049,999985
1784869237070462816,999985
1784869237124053750,999985
1784869237124390886,999985
1784869237124762856,999985
1784869237129785628,999985
1784869237143563547,999985
1784869237143712115,999985
1784869237148612930,999985
1784869237148785827,999985
1784869237190901694,999985
1784869237191497112,999985
1784869237244502397,999985
1784869237258157589,999985
1784869237339640138,999985
1784869237500580179,999985
1784869238902971698,999985
1784869241415886412,999985
1784869245106490261,999985
1784869247154995619,999985
1784869248687104230,999985
1784869250457642504,999985
1784869251077167075,999985
1784869251166314149,999985
1784869254116781865,999985
1784869254335539574,999985
1784869254845921619,999985
1784869255342438005,999985
1784869255537168121,999985
1784869256603770251,999985
1784869256607747694,999985
1784869256608087660,999985
1784869256608852661,999985
1784869256784183606,999985
1784869256940734459,999985
1784869257058394775,999985
1784869257377351528,999985
1784869257897379337,999985
1784869257957301878,999985
1784869257957547008,999985
1784869257959155374,999985
1784869258027389270,999985
1784869258043149072,999985
1784869258211944119,999985
1784869258694535583,999985
1784869259503431030,999985
1784869259509351174,999985
1784869259622672211,999985
1784869259962545029,999985
1784869261248315003,999985
1784869262391603107,999985
1784869262605218541,999985
1784869262813796309,999985
1784869262829349189,999985
1784869263119621675,999985
1784869263340284991,999985
1784869264018898453,999985
1784869264163845682,999985
1784869264755069837,999985
1784869264782140464,999985
1784869265224902316,999985
1784869266672040891,999985
1784869267885988578,999985
1784869268912983363,999985
1784869270763530662,999985
1784869273164987204,999985
1784869273916043008,999985
1784869274452924929,999985
1784869275405615856,999985
1784869275429388431,999985
1784869275511415120,999985
1784869275687892339,999985
1784869275890449360,999985
1784869276127499426,999985
1784869277078662201,999985
1784869277218543326,999985
1784869277836951016,999985
1784869278076198416,999985
1784869278089503514,999985
1784869278096901336,999985
1784869278098693858,999985
1784869278101992603,999985
1784869278123737773,999985
1784869278239570008,999985
1784869278692223482,999985
1784869278711933656,999985
1784869278901875585,999985
1784869279409213991,999985
1784869279630189499,999985
1784869280534509525,999985
1784869280605850000,999985
1784869280743202006,999985
1784869281013498228,999985
1784869281686528372,999985
1784869281843185789,999985
1784869282142838618,999985
1784869282260363562,999985
1784869282518171102,999985
1784869283316811572,999985
1784869283776848174,999985
1784869284900331778,999985
1784869285196621854,999985
1784869285224428285,999985
1784869285254756511,999985
1784869285445428260,999985
1784869285708554685,999985
1784869286149612821,999985
1784869287434521388,999985
1784869287683944573,999985
1784869288664586005,999985
1784869289693605797,999985
1784869290490930009,999985
1784869290737756098,999985
1784869292379754557,999985
1784869293147844095,999985
1784869293209727381,999985
1784869293276433390,999985
1784869293840935691,999985
1784869294680965158,999985
1784869295825932621,999985
1784869295832665179,999985
1784869296137219452,999985
1784869296232292459,999985
1784869296315388433,999985
1784869296322176859,999985
1784869296327764210,999985
1784869296328529938,999984
1784869296332575894,999985
1784869296349354397,999985
1784869296381743204,999984
1784869296467501724,999984
1784869296571650869,999984
1784869296782491632,999984
1784869296937745348,999984
1784869297073579895,999984
1784869297296934931,999984
1784869297497625935,999984
1784869297788970809,999984
1784869297803969614,999984
1784869297812763980,999984
1784869297869199955,999984
1784869297936590522,999984
1784869298056071380,999984
1784869298186234445,999984
1784869298291755918,999984
1784869298453353804,999984
1784869298577309531,999984
1784869298801002940,999984
1784869299964742525,999984
1784869301486617809,999984
1784869301902363167,999984
1784869303160788919,999984
1784869304194644467,999984
1784869304364256130,999984
1784869305339122103,999984
1784869305353978385,999984
1784869305409585215,999984
1784869305842875930,999984
1784869305930575130,999984
1784869307722831651,999984
1784869308846506830,999984
1784869308893821006,999984
1784869309127637105,999984
1784869309599011113,999984
1784869310035339092,999984
1784869310159485103,999984
1784869311054610651,999984
1784869314008980333,999984
1784869314200162164,999984
1784869314200297010,999984
1784869314212567740,999984
1784869314261801026,999984
1784869314288150008,999984
1784869314408149624,999984
1784869314498817964,999984
1784869314575895608,999984
1784869314936511919,999984
1784869314952870282,999984
1784869314963092836,999984
1784869314972309916,999984
1784869314981288862,999984
1784869315099498530,999984
1784869315222625485,999984
1784869315720507413,999984
1784869315744888795,999984
1784869315751424628,999984
1784869315796942411,999984
1784869316210484098,999984
1784869316557836126,999984
1784869316574750755,999984
1784869317250702966,999984
1784869317796067277,999984
1784869317796335131,999984
1784869317797527436,999984
1784869317800794106,999984
1784869317815047343,999984
1784869317941790966,999984
1784869318034737677,999984
1784869318287666481,999984
1784869318884721120,999984
1784869319808695335,999984
1784869320014133354,999984
1784869320691594438,999984
1784869321172691341,999984
1784869321232805905,999984
1784869321259174526,999984
1784869321370806268,999984
1784869322178357655,999984
1784869322233596249,999984
1784869322274384933,999984
1784869322274547122,999984
1784869322274751849,999984
1784869322274929854,999984
1784869322282650885,999984
1784869322282960171,999984
1784869322285804313,999984
1784869322303946029,999984
1784869322337151643,999984
1784869322353977183,999984
1784869322363412515,999984
1784869322368083237,999984
1784869322381742109,999984
1784869322399979003,999984
1784869322400177735,999984
1784869322415249468,999984
1784869322425605351,999984
1784869322460668757,999984
1784869322510859633,999984
1784869322600040861,999984
1784869322892281738,999984
1784869323152471787,999984
1784869323601294804,999984
1784869323851988432,999984
1784869324157417331,999984
1784869324477123039,999984
1784869324524178415,999984
1784869324562249066,999984
1784869324679734201,999984
1784869325023786682,999984
1784869325418326842,999984
1784869325575442797,999984
1784869325592158368,999984
1784869325596355058,999984
1784869325692655263,999984
1784869325852289559,999984
1784869325865845354,999984
1784869325901448745,999984
1784869325924929741,999984
1784869326041837020,999984
1784869326094738709,999984
1784869326340751359,999984
1784869326657425029,999984
1784869326687307182,999984
1784869326761839187,999984
1784869326805029656,999984
1784869326939116466,999984
1784869326956641557,999984
1784869327000578867,999984
1784869327038726341,999984
1784869327173582378,999984
1784869327261754151,999984
1784869327707094013,999984
1784869327762121595,999984
1784869327956283733,999984
1784869328118004233,999984
1784869328137871127,999984
1784869328168555620,999984
1784869328352058864,999984
1784869328446459945,999984
1784869328536399827,999984
1784869328786583689,999984
1784869328842604355,999984
1784869329160249325,999984
1784869330049686414,999984
1784869330243096757,999984
1784869330417777157,999984
1784869330515853746,999984
1784869330612407864,999984
1784869330673730435,999984
1784869330758862873,999984
1784869330772532621,999984
1784869330842550799,999984
1784869331206218765,999984
1784869332202337135,999984
1784869333680742498,999984
1784869333697553722,999984
1784869333803932414,999984
1784869333974406468,999984
1784869335582956270,999984
1784869337606769044,999984
1784869338496191006,999984
1784869339298937690,999984
1784869339474331690,999984
1784869339486583275,999984
1784869339502887821,999984
1784869339583542680,999984
1784869339723523601,999984
1784869339730221407,999984
1784869339745457560,999984
1784869339816899920,999984
1784869339873861241,999984
1784869340027710461,999984
1784869340556312343,999984
1784869340981194637,999984
1784869341068212931,999984
1784869341092564456,999984
1784869341100426448,999984
1784869341111925555,999984
1784869341218164064,999984
1784869341240448027,999984
1784869341307426852,999984
1784869341358605392,999984
1784869341372672157,999984
1784869341432807028,999984
1784869341521773671,999984
1784869341610870550,999984
1784869342379195609,999984
1784869343417764209,999984
1784869344168879392,999984
1784869345295588242,999984
1784869345636369737,999984
1784869346259323232,999984
1784869346380358249,999984
1784869346702332757,999984
1784869346937354052,999984
1784869347039654562,999984
1784869347174191439,999984
1784869347651818474,999984
1784869348247253659,999984
1784869348986014949,999984
1784869350032657368,999984
1784869350928543884,999984
1784869351422230476,999984
1784869351771769008,999984
1784869352339639958,999984
1784869352626388395,999984
1784869352675360070,999984
1784869352803826775,999984
1784869352974334349,999984
1784869353692649064,999984
1784869355012458209,999984
1784869357762519938,999984
1784869357793261925,999984
1784869357811509697,999984
1784869358701572930,999984
1784869358755224735,999984
1784869358791546552,999984
1784869359291270244,999984
1784869359927142023,999984
1784869360957770636,999984
1784869360972894131,999984
1784869361004159309,999984
1784869361051981452,999984
1784869361073467697,999984
1784869361122802677,999984
1784869361149919979,999984
1784869361246116559,999984
1784869361285920993,999984
1784869361326249417,999984
1784869361358384493,999984
1784869361409926349,999984
1784869361447731602,999984
1784869361807227824,999984
1784869362368012437,999984
1784869362851854633,999984
1784869362866905815,999984
1784869363897848822,999984
1784869365103545395,999984
1784869366349206720,999984
1784869366365011957,999984
1784869366932620028,999984
1784869367478644571,999984
1784869367504303514,999984
1784869367524858099,999984
1784869367545525429,999984
1784869367564200115,999984
1784869367564586555,999984
1784869367573009156,999984
1784869367581479455,999984
1784869367610804319,999984
1784869367712090259,999984
1784869367769115508,999984
1784869367874837767,999984
1784869368039592791,999984
1784869368122525372,999984
1784869368262202557,999984
1784869368402410955,999984
1784869368826453259,999984
1784869368843642701,999984
1784869368905412051,999984
1784869369324795894,999984
1784869369492169241,999984
1784869369940556754,999984
1784869370438811028,999984
1784869370470621199,999984
1784869371055263314,999984
1784869371260316350,999984
1784869371260532582,999984
1784869371273888835,999984
1784869371292272427,999984
1784869371327288583,999984
1784869371484654055,999984
1784869371504033402,999984
1784869371508941584,999984
1784869371511626178,999984
1784869371515853823,999984
1784869371634927330,999984
1784869371989592430,999984
1784869372009672452,999984
1784869372024552246,999984
1784869372095265199,999984
1784869372164161636,999984
1784869372295881725,999984
1784869372598488411,999984
1784869373175999782,999984
1784869373247525108,999984
1784869373556820693,999984
1784869373583536230,999984
1784869373591351129,999984
1784869374033080170,999984
1784869374070823349,999984
1784869374342200264,999984
1784869374990637828,999984
1784869374998469517,999984
1784869375021636355,999984
1784869375039394878,999984
1784869375039877719,999984
1784869375066944200,999984
1784869375133403174,999984
1784869375162654527,999984
1784869375275695762,999984
1784869375394921712,999984
1784869375636831110,999984
1784869376071731624,999984
1784869376346428925,999984
1784869376935247648,999984
1784869378429155579,999984
1784869379056355727,999984
1784869379260920406,999984
1784869379281279540,999984
1784869379322920155,999984
1784869379387859183,999984
1784869379469284542,999984
1784869379641508677,999984
1784869379641737934,999984
1784869379649224745,999984
1784869379868854679,999984
1784869380301918601,999984
1784869380948831786,999984
1784869381771585765,999984
1784869381833204719,999984
1784869382033572758,999984
1784869382372339961,999984
1784869382931322570,999984
1784869383247833620,999984
1784869383557336465,999984
1784869384124698671,999984
1784869385592828080,999984
1784869387759131486,999984
1784869389347188641,999984
1784869390242741074,999984
1784869392290450830,999984
1784869393362428690,999984
1784869393542342619,999984
1784869393560342775,999984
1784869393664514230,999984
1784869393943018959,999984
1784869394760116742,999984
1784869397169486878,999984
1784869397173739751,999984
1784869397189791774,999984
1784869397198714699,999984
1784869397209114481,999984
1784869397229486566,999984
1784869397252241022,999984
1784869397275081295,999984
1784869397293921169,999984
1784869397329058698,999984
1784869397411158385,999984
1784869397540394083,999984
1784869397550606672,999984
1784869397578957421,999984
1784869397596241621,999984
1784869397624247300,999984
1784869397685811622,999984
1784869397765198409,999984
1784869397772527208,999984
1784869397777817240,999984
1784869397779664493,999984
1784869397791811128,999984
1784869397896561306,999984
1784869397925244419,999984
1784869397939742931,999984
1784869397947460665,999984
1784869397962548301,999984
1784869397976682689,999984
1784869397976924448,999984
1784869397988989005,999984
1784869398037587684,999984
1784869398069258541,999984
1784869398147719910,999984
1784869398188894356,999984
1784869398222877120,999984
1784869398259845151,999984
1784869398325778563,999984
1784869398768660149,999984
1784869399062558360,999984
1784869399092379265,999984
1784869399099003587,999984
1784869399115785219,999984
1784869399140036617,999984
1784869399320233510,999984
1784869399642366254,999984
1784869400386993099,999984
1784869400578681250,999984
1784869401017230372,999984
1784869401071262515,999984
1784869402891727147,999984
1784869404731378103,999984
1784869407044063278,999984
1784869408028531817,999984
1784869409892901226,999984
1784869410470517224,999984
1784869410486568269,999984
1784869410495500098,999984
1784869410495884214,999984
1784869410520793073,999984
1784869410541263728,999984
1784869410568697526,999984
1784869410641457650,999984
1784869410995586202,999984
1784869411149239848,999984
1784869411298625671,999984
1784869411652149441,999984
1784869412424465802,999984
1784869412441873345,999984
1784869412449392282,999984
1784869412461012116,999984
1784869412477361930,999984
1784869412484326151,999984
1784869412525737558,999984
1784869412571217843,999984
1784869412624620073,999984
1784869413036843075,999984
1784869413140421205,999984
1784869413167062950,999984
1784869413251579299,999984
1784869413673236047,999984
1784869413694481846,999984
1784869413878804672,999984
1784869414451655813,999984
1784869417121629738,999984
1784869418007229084,999984
1784869418192166030,999984
1784869418293126787,999984
1784869418819226813,999984
1784869419714427806,999984
1784869419728986851,999984
1784869419793862165,999984
1784869419863963684,999984
1784869420089089391,999984
1784869420438141312,999984
1784869420512645812,999984
1784869421121959804,999984
1784869421152245913,999984
1784869421195408865,999984
1784869421199443848,999984
1784869421199622213,999984
1784869421207548230,999984
1784869421207778207,999984
1784869421220233534,999984
1784869421324382690,999984
1784869421394282765,999984
1784869421491696354,999984
1784869421642298680,999984
1784869422043323455,999984
1784869423441720377,999984
1784869423494874006,999984
1784869423525497582,999984
1784869423616658271,999984
1784869423888348463,999984
1784869424092270320,999984
1784869424736347192,999984
1784869425111252059,999984
1784869425926817290,999984
1784869425931766629,999984
1784869425934122119,999984
1784869425941656655,999984
1784869425942533179,999984
1784869425945491025,999984
1784869425952799660,999984
1784869426072150403,999984
1784869426171743201,999984
1784869426520019090,999984
1784869426638176494,999984
1784869426949174148,999984
1784869426996041690,999984
1784869427296459247,999984
1784869427556661432,999984
1784869427712228068,999984
1784869428041663846,999984
1784869428079718185,999984
1784869428160694852,999984
1784869428263103970,999984
1784869428362922926,999984
1784869429060686583,999984
1784869429253264990,999984
1784869430098295227,999984
1784869430315537665,999984
1784869430450749353,999984
1784869431860205021,999984
1784869431975580877,999984
1784869432219921872,999984
1784869432889044545,999984
1784869434051295348,999984
1784869434073165471,999984
1784869435656752297,999984
1784869435782574648,999984
1784869435834816163,999984
1784869435973864300,999984
1784869436231760113,999984
1784869436354729370,999984
1784869436446477371,999984
1784869436776729525,999984
1784869436800837056,999984
1784869436808725507,999984
1784869436934933021,999984
1784869436936161022,999984
1784869436936522978,999984
1784869436936854215,999984
1784869436937153194,999984
1784869436937376454,999984
1784869436989656540,999984
1784869437027911488,999984
1784869437158576796,999984
1784869437887636068,999984
1784869438651732468,999984
1784869439050799239,999984
1784869439870265714,999984
1784869440036668056,999984
1784869440511850117,999984
1784869440751381337,999984
1784869440758626777,999984
1784869440778921145,999984
1784869440788597195,999984
1784869440851144127,999984
1784869440851588547,999984
1784869440860223688,999984
1784869440926512824,999984
1784869440975397144,999984
1784869441055743405,999984
1784869441165047470,999984
1784869441816099108,999984
1784869442193108726,999984
1784869442234302360,999984
1784869442369880352,999984
1784869442678213369,999984
1784869442886360862,999984
1784869443901498123,999984
1784869444044408753,999984
1784869444530435953,999984
1784869445210414538,999984
1784869445663508725,999984
1784869446795753227,999984
1784869447327518541,999984
1784869448272966079,999984
1784869448815319749,999984
1784869449324558263,999984
1784869450260167937,999984
1784869450337575357,999984
1784869450839588452,999984
1784869450901203999,999984
1784869450913343380,999984
1784869450920722792,999984
1784869450991651372,999984
1784869451060420555,999984
1784869451265654325,999984
1784869453339876672,999984
1784869453932477204,999984
1784869457959338155,999984
1784869459461149710,999984
1784869459602533265,999984
1784869459995973393,999984
1784869460040430179,999984
1784869460055813770,999984
1784869460086183842,999984
1784869460112949475,999984
1784869460193156280,999984
1784869460230747261,999984
1784869460269058596,999984
1784869460312244163,999984
1784869460312854271,999984
1784869460343493412,999984
1784869460364917902,999984
1784869460375326000,999984
1784869460375667858,999984
1784869460386158765,999984
1784869460386755213,999984
1784869460395602219,999984
1784869460402707694,999984
1784869460418841298,999984
1784869460450295565,999984
1784869460475710731,999984
1784869460497779592,999984
1784869460516259441,999983
1784869460524708065,999984
1784869460579482827,999984
1784869460617536294,999984
1784869460671433634,999984
1784869460711956311,999984
1784869460898331570,999984
1784869461061837945,999984
1784869461296894530,999984
1784869461473117098,999983
1784869461666106966,999983
1784869461916867663,999983
1784869461996292289,999983
1784869462108099061,999983
1784869462936082109,999983
1784869466784583680,999983
1784869466936596966,999983
1784869467388004042,999983
1784869467560878333,999983
1784869467629918092,999983
1784869467713428506,999983
1784869467930362941,999983
1784869468336958172,999983
1784869469013564766,999983
1784869470036131125,999983
1784869470262361783,999983
1784869470563265008,999983
1784869470665093163,999983
1784869471225451194,999983
1784869473471260794,999983
1784869473831122156,999983
1784869474573556665,999983
1784869475550748497,999983
1784869476777251751,999983
1784869477009171499,999983
1784869477026115931,999983
1784869477040149075,999983
1784869477148318598,999983
1784869477166859945,999983
1784869477889505702,999983
1784869478322309692,999983
1784869478577340063,999983
1784869479256082677,999983
1784869479311606606,999983
1784869479333031561,999983
1784869479493271974,999983
1784869480134254953,999983
1784869480142247006,999983
1784869480159201722,999983
1784869480351243281,999983
1784869480509856272,999983
1784869480599128587,999983
1784869480940625727,999983
1784869481186166659,999983
1784869481207802697,999983
1784869481223382877,999983
1784869481240986123,999983
1784869481271392677,999983
1784869481306614616,999983
1784869481349127330,999983
1784869481371326834,999983
1784869481386800407,999983
1784869481410516574,999983
1784869481444302825,999983
1784869481455463054,999983
1784869481556518424,999983
1784869481582683092,999983
1784869481607398620,999983
1784869481622390919,999983
1784869481716488291,999983
1784869481789203762,999983
1784869481846566607,999983
1784869481941302284,999983
1784869482022111347,999983
1784869482231313131,999983
1784869483594901940,999983
1784869486457095085,999983
1784869487036695018,999983
1784869489233937366,999983
1784869489991558243,999983
1784869490255033375,999983
1784869490875698256,999983
1784869491603347433,999983
1784869492604674355,999983
1784869493061309552,999983
1784869495077078211,999983
1784869497938596038,999983
1784869498574836998,999983
1784869498618213910,999983
1784869498946333408,999983
1784869499299153955,999983
1784869499835568370,999983
1784869500168731631,999983
1784869500923954489,999983
1784869502260384246,999983
1784869503232597881,999983
1784869503262586443,999983
1784869503308902818,999983
1784869503309252331,999983
1784869503318419146,999983
1784869503318576118,999983
1784869503321369354,999983
1784869503321539398,999983
1784869503324898426,999983
1784869503339028152,999983
1784869503344686355,999983
1784869503344900952,999983
1784869503348789222,999983
1784869503360202520,999983
1784869503362274288,999983
1784869503455026044,999983
1784869503467842633,999983
1784869503505532595,999983
1784869503551011931,999983
1784869503634498878,999983
1784869503663091056,999983
1784869503729259082,999983
1784869504011463038,999983
1784869504318806185,999983
1784869504962884324,999983
1784869506937269255,999983
1784869507009692593,999983
1784869507538541700,999983
1784869508243314444,999983
1784869508760843239,999983
1784869510491728856,999983
1784869510905836224,999983
1784869510938997775,999983
1784869511019525654,999983
1784869511265905349,999983
1784869511532470208,999983
1784869512478377518,999983
1784869513178423243,999983
1784869513329193554,999983
1784869513708606868,999983
1784869513796948895,999983
1784869513811787972,999983
1784869513858203697,999983
1784869514010435768,999983
1784869514330956674,999983
1784869514352121182,999983
1784869514364991763,999983
1784869514386247523,999983
1784869514486696347,999983
1784869514544499981,999983
1784869514665462804,999983
1784869514786368403,999983
1784869515065817597,999983
1784869515129323576,999983
1784869515164778441,999983
1784869515761731206,999983
1784869516934406610,999983
1784869517160651522,999983
1784869517190707981,999983
1784869517232343124,999983
1784869517312263834,999983
1784869517378289001,999983
1784869517761647702,999983
1784869518261208964,999983
1784869518763748353,999983
1784869518962521149,999983
1784869519404721595,999983
1784869519804266879,999983
1784869519835191778,999983
1784869520037900573,999983
1784869520411520548,999983
1784869521937945760,999983
1784869523941419327,999983
1784869524262265377,999983
1784869524327710408,999983
1784869524451223331,999983
1784869524579881778,999983
1784869524872624803,999983
1784869526036932607,999983
1784869528436166395,999983
1784869528567193956,999983
1784869529149517257,999983
1784869531222365115,999983
1784869532981832597,999983
1784869536372676900,999983
1784869539420967689,999983
1784869542653756387,999983
1784869544022801249,999983
1784869544041410955,999983
1784869544049652818,999983
1784869544066950006,999983
1784869544211044511,999983
1784869544892690805,999983
1784869546105837376,999983
1784869546120375352,999983
1784869546145240933,999983
1784869546187777853,999983
1784869546203750105,999983
1784869546267454140,999983
1784869546352899883,999983
1784869546524528712,999983
1784869546647149390,999983
1784869546935922326,999983
1784869547182202289,999983
1784869547186827012,999983
1784869547253950757,999983
1784869547371983273,999983
1784869547543282590,999983
1784869547602176407,999983
1784869547967619158,999983
1784869547996631299,999983
1784869548655142112,999983
1784869553451257332,999983
1784869554502637104,999983
1784869554611158050,999983
1784869554667529256,999983
1784869554753051840,999983
1784869554841490478,999983
1784869554862467210,999983
1784869554862835473,999983
1784869554863114919,999983
1784869554899225960,999983
1784869554927601126,999983
1784869554944224426,999983
1784869554957091477,999983
1784869554978780193,999983
1784869554993643739,999983
1784869555006176735,999983
1784869555050739655,999983
1784869555085302759,999983
1784869555152085545,999983
1784869555170305987,999983
1784869555209915670,999983
1784869555235334394,999983
1784869555251482480,999983
1784869555265769227,999983
1784869555277919775,999983
1784869555296697776,999983
1784869555313559964,999983
1784869555318939852,999983
1784869555319401294,999983
1784869555324199665,999983
1784869555324466864,999983
1784869555326846244,999983
1784869555356768280,999983
1784869555356900462,999983
1784869555402932864,999983
1784869555458726390,999983
1784869555473297573,999983
1784869555482522539,999983
1784869555566573862,999983
1784869555690227707,999983
1784869555745897214,999983
1784869555816484458,999983
1784869555867820650,999983
1784869556001696141,999983
1784869556147136610,999983
1784869556234437213,999983
1784869556295959381,999983
1784869556566307034,999983
1784869557486263573,999983
1784869558841960202,999983
1784869559222737758,999983
1784869559626804522,999983
1784869559638321206,999983
1784869559652828956,999983
1784869559701966663,999983
1784869559706576483,999983
1784869559708949406,999983
1784869559709147358,999983
1784869559711261659,999983
1784869559713200995,999983
1784869559753848240,999983
1784869559847275367,999983
1784869559869472311,999983
1784869559964151755,999983
1784869560100012893,999983
1784869560146208817,999983
1784869560182015272,999983
1784869560201761561,999983
1784869560483138052,999983
1784869561134517310,999983
1784869561372322574,999983
1784869561521884565,999983
1784869561745177516,999983
1784869562731624826,999983
1784869562739397348,999983
1784869562893301769,999983
1784869563001596718,999983
1784869563015337341,999983
1784869563022620061,999983
1784869563031792269,999983
1784869563044849180,999983
1784869563066812226,999983
1784869563092438725,999983
1784869563110408970,999983
1784869563126606250,999983
1784869563143011992,999983
1784869563194763774,999983
1784869563230268219,999983
1784869563230700967,999983
1784869563255669877,999983
1784869563256118044,999983
1784869563270576175,999983
1784869563270792655,999983
1784869563291195257,999983
1784869563291495523,999983
1784869563299028184,999983
1784869563299439634,999983
1784869563304811843,999983
1784869563310877018,999983
1784869563311170838,999983
1784869563312962678,999983
1784869563374952387,999983
1784869563375290627,999983
1784869563420102464,999983
1784869563420366106,999983
1784869563471883953,999983
1784869563503668316,999983
1784869563503905917,999983
1784869563517003267,999983
1784869563522607566,999983
1784869563536465863,999983
1784869563536749959,999983
1784869563544788738,999983
1784869563545108942,999983
1784869563556743800,999983
1784869563557058774,999983
1784869563613934979,999983
1784869563635166902,999983
1784869563647461863,999983
1784869563653137091,999983
1784869563669525955,999983
1784869563773585251,999983
1784869563817357742,999983
1784869563907544214,999983
1784869564037724382,999983
1784869564407928368,999983
1784869564579157770,999983
1784869564886627812,999983
1784869565051915630,999983
1784869565408834770,999983
1784869565887004729,999983
1784869567362620583,999983
1784869567421976062,999983
1784869567443341244,999983
1784869567470599884,999983
1784869567537166841,999983
1784869567759934379,999983
1784869567785490332,999983
1784869567842714095,999983
1784869567897415980,999983
1784869567943461756,999983
1784869568088892984,999983
1784869568423338409,999983
1784869569044241718,999983
1784869569049973176,999983
1784869569050222354,999983
1784869569055057759,999983
1784869569055206919,999983
1784869569060395594,999983
1784869569062777782,999983
1784869569067744996,999983
1784869569077027623,999983
1784869569085804919,999983
1784869569092748854,999983
1784869569109010393,999983
1784869569190782922,999983
1784869569245947170,999983
1784869569331690390,999983
1784869569482727075,999982
1784869569626651729,999982
1784869569653485397,999982
1784869569670622758,999982
1784869569693031756,999982
1784869569755336138,999982
1784869569885901646,999982
1784869569919276342,999982
1784869570528802254,999982
1784869570751303932,999982
1784869570773687059,999982
1784869570785669175,999982
1784869570829274070,999982
1784869570901155839,999982
1784869571479815838,999982
1784869571828523586,999982
1784869571862457958,999982
1784869572644824299,999982
1784869573871428176,999982
1784869574387804634,999982
1784869574541507228,999982
1784869574768287704,999982
1784869574995465573,999982
1784869575271905502,999982
1784869575278402097,999982
1784869575290169666,999982
1784869575350510688,999982
1784869575734831684,999982
1784869576651896932,999982
1784869576667940407,999982
1784869576699065129,999982
1784869576721375482,999982
1784869576765034459,999982
1784869576799280430,999982
1784869576936667427,999982
1784869576936910164,999982
1784869576937109625,999982
1784869576938152932,999982
1784869576938463761,999982
1784869576971161142,999982
1784869576992777197,999982
1784869577044349634,999982
1784869577529399743,999982
1784869577575302310,999982
1784869577627482607,999982
1784869577671771351,999982
1784869577697559662,999982
1784869577744182344,999982
1784869577847947292,999982
1784869577917358013,999982
1784869577979958982,999982
1784869578041139351,999982
1784869578130609939,999982
1784869578291232873,999982
1784869578688625316,999982
1784869579015247536,999982
1784869579310276253,999982
1784869579541571746,999982
1784869579575800198,999982
1784869579611945246,999982
1784869579644732414,999982
1784869579673627100,999982
1784869579682116786,999982
1784869579693516602,999982
1784869579752756026,999982
1784869579794327671,999982
1784869579880107542,999982
1784869579899545673,999982
1784869580032023338,999982
1784869580051913871,999982
1784869580061109994,999982
1784869580069010787,999982
1784869580086152680,999982
1784869580217567162,999982
1784869580239005650,999982
1784869580260445913,999982
1784869580373496589,999982
1784869580689948842,999982
1784869580699479243,999982
1784869580708077228,999982
1784869580746312810,999982
1784869580808835085,999982
1784869580814599620,999982
1784869580829189772,999982
1784869580921874032,999982
1784869581007373113,999982
1784869581084034008,999982
1784869581664732271,999982
1784869581983691466,999982
1784869582131814016,999982
1784869582223089149,999982
1784869582285700968,999982
1784869582314239451,999982
1784869582362188351,999982
1784869582385710636,999982
1784869582514626426,999982
1784869582616584386,999982
1784869582747900016,999982
1784869583114727956,999982
1784869583415126935,999982
1784869583440746843,999982
1784869583561293353,999982
1784869583729546687,999982
1784869583986918380,999982
1784869584374385298,999982
1784869584557941230,999982
1784869584629285391,999982
1784869584694102340,999982
1784869584694541390,999982
1784869584707252156,999982
1784869584911038191,999982
1784869585086605689,999982
1784869585707303006,999982
1784869585861272239,999982
1784869586199760347,999982
1784869586313529725,999982
1784869586581609458,999982
1784869587040870388,999982
1784869587559425346,999982
1784869588860563869,999982
1784869588936808364,999982
1784869588976781090,999982
1784869589275293599,999982
1784869589293123245,999982
1784869589308344282,999982
1784869589366768795,999982
1784869589457235287,999982
1784869589841109328,999982
1784869590789705367,999982
1784869590937866157,999982
1784869591128227112,999982
1784869591771135495,999982
1784869591776480407,999982
1784869591779526582,999982
1784869591923369936,999982
1784869592041612662,999982
1784869592154975262,999982
1784869592198002539,999982
1784869592296234896,999982
1784869592342538997,999982
1784869592578481322,999982
1784869592760683520,999982
1784869592819489862,999982
1784869592987924992,999982
1784869593281760081,999982
1784869594007726457,999982
1784869594156722419,999982
1784869594803251897,999982
1784869595803409049,999982
1784869595938366135,999982
1784869596933728178,999982
1784869597137664731,999982
1784869597938707305,999982
1784869598112142283,999982
1784869598122528351,999982
1784869598134492391,999982
1784869598166457569,999982
1784869598693143109,999982
1784869599510213766,999982
1784869600527286656,999982
1784869601688526267,999982
1784869602315474208,999982
1784869603957148504,999982
1784869605661329825,999982
1784869607983526831,999982
1784869608490515498,999982
1784869608508481544,999982
1784869608516371183,999982
1784869608568051854,999982
1784869608896929970,999982
1784869609100858555,999982
1784869609752742447,999982
1784869611383238446,999982
1784869613033621876,999982
1784869613888580269,999982
1784869614540259438,999982
1784869614994931129,999982
1784869615025546478,999982
1784869615132181583,999982
1784869615160764991,999982
1784869615492141202,999982
1784869615826361723,999982
1784869615845744512,999982
1784869615859947150,999982
1784869615866810618,999982
1784869616210733334,999982
1784869617758744307,999982
1784869618263092561,999982
1784869618479794549,999982
1784869618909851624,999982
1784869619233189804,999982
1784869619968333626,999982
1784869620514217232,999982
1784869620612283270,999982
1784869620625707035,999982
1784869620659887499,999982
1784869620682993294,999982
1784869620730722490,999982
1784869620785002798,999982
1784869620848760016,999982
1784869620863633913,999982
1784869620897411486,999982
1784869620924699953,999982
1784869620937114277,999982
1784869620949076390,999982
1784869620971414355,999982
1784869621004355224,999982
1784869621125882203,999982
1784869621369084141,999982
1784869621630849930,999982
1784869621945533333,999982
1784869622013830423,999982
1784869622100925203,999982
1784869622105336992,999982
1784869622105803633,999982
1784869622214442779,999982
1784869622385876391,999982
1784869622893794259,999982
1784869623076010084,999982
1784869624286651802,999982
1784869624688794228,999982
1784869624688929380,999982
1784869624982155581,999982
1784869625041462249,999982
1784869625041721381,999982
1784869625041994214,999982
1784869625043242272,999982
1784869625088666761,999982
1784869625155845794,999982
1784869625382182446,999982
1784869625382675300,999982
1784869625384348620,999982
1784869625482414071,999982
1784869625593292021,999982
1784869625721925704,999982
1784869626213683092,999982
1784869626750765852,999982
1784869626967681933,999982
1784869627231659498,999982
1784869627408712692,999982
1784869628546278136,999982
1784869629002529181,999982
1784869629138481177,999982
1784869629670954558,999982
1784869630378556837,999982
1784869630903664834,999982
1784869632859206390,999982
1784869633169855127,999982
1784869633181453982,999982
1784869633195236100,999982
1784869633469010636,999982
1784869633624911212,999982
1784869633941244019,999982
1784869634614453282,999982
1784869635005823993,999982
1784869636555192181,999982
1784869637042476118,999982
1784869637384215539,999982
1784869637417409641,999982
1784869637444091764,999982
1784869637493411610,999982
1784869637568636772,999982
1784869637748008848,999982
1784869637802406099,999982
1784869637892970264,999982
1784869638027762975,999982
1784869638126483052,999982
1784869638284214499,999982
1784869638402905849,999982
1784869638417116191,999982
1784869638433744525,999982
1784869638443616149,999982
1784869638465592626,999982
1784869638488352259,999982
1784869638525585728,999982
1784869638584465746,999982
1784869638753524298,999982
1784869638907466164,999982
1784869638950001609,999982
1784869638956590629,999982
1784869638967223869,999982
1784869638989228850,999982
1784869639049703049,999982
1784869639162571487,999982
1784869639357027302,999982
1784869639704516834,999982
1784869639946641218,999982
1784869639955718548,999982
1784869640079581456,999982
1784869640139518533,999982
1784869640250683011,999982
1784869640882784543,999982
1784869641852629986,999982
1784869642763767363,999982
1784869642770176498,999982
1784869642774214014,999982
1784869642778541452,999982
1784869642786552389,999982
1784869642791104697,999982
1784869642798977178,999982
1784869642910482135,999982
1784869643080077182,999982
1784869643138567941,999982
1784869643144368843,999982
1784869643223826692,999982
1784869643248938876,999982
1784869643260461347,999982
1784869643269428491,999982
1784869643291891980,999982
1784869643410855504,999982
1784869643837245865,999982
1784869644101766813,999982
1784869644400269045,999982
1784869644686546386,999982
1784869644960633353,999982
1784869646512279202,999982
1784869647167389810,999982
1784869647225169634,999982
1784869647252475925,999982
1784869647328006943,999982
1784869647370964039,999982
1784869647440196190,999982
1784869647474689858,999982
1784869647517503781,999982
1784869647571240733,999982
1784869647646319681,999982
1784869647811601820,999982
1784869647837403407,999982
1784869647837761871,999982
1784869647841886647,999982
1784869647850253605,999982
1784869648013980814,999982
1784869648047504045,999982
1784869648203335872,999982
1784869648331363146,999982
1784869648735021568,999982
1784869649238679222,999982
1784869649299715958,999982
1784869649459298174,999982
1784869649502081175,999982
1784869649672743238,999982
1784869649809706113,999982
1784869650000019366,999982
1784869650125487026,999982
1784869650258843310,999982
1784869650287948821,999982
1784869650466672302,999982
1784869650818652367,999982
1784869651284774469,999982
1784869651316271099,999982
1784869651333926392,999982
1784869651480670017,999982
1784869651847798013,999982
1784869652815888305,999982
1784869652976080864,999982
1784869653138977791,999982
1784869653331894026,999982
1784869653465967038,999982
1784869653651370616,999982
1784869653885517509,999982
1784869654060509683,999982
1784869654071354427,999982
1784869654086366999,999982
1784869654093177571,999982
1784869654122308127,999982
1784869654149346192,999982
1784869654228386561,999982
1784869654320491230,999982
1784869654379336712,999982
1784869654391114051,999982
1784869654405206554,999982
1784869654426005413,999982
1784869654426271986,999982
1784869654436414129,999982
1784869654436522004,999982
1784869654444685531,999982
1784869654456952810,999982
1784869654457134582,999982
1784869654462353656,999982
1784869654462506271,999982
1784869654467333443,999982
1784869654467479179,999982
1784869654468614098,999981
1784869654491057660,999981
1784869654498615849,999981
1784869654510713336,999981
1784869654515013233,999981
1784869654536642904,999981
1784869654558612339,999981
1784869654597293037,999981
1784869654641476056,999981
1784869654723499092,999981
1784869654754881942,999981
1784869654876278624,999981
1784869654901239378,999981
1784869655662351053,999981
1784869655994545606,999981
1784869656094574629,999981
1784869656283837407,999981
1784869656579394859,999981
1784869656754830315,999981
1784869656933556012,999981
1784869656933811076,999981
1784869657231801915,999981
1784869657438882726,999981
1784869657454096753,999981
1784869657465415245,999981
1784869657479257536,999981
1784869657545896738,999981
1784869657569956737,999981
1784869657846812398,999981
1784869657933361186,999981
1784869658137087099,999981
1784869658534986396,999981
1784869659072864002,999981
1784869659158102138,999981
1784869660289963206,999981
1784869661192749137,999981
1784869661237504175,999981
1784869661573586834,999981
1784869661595784128,999981
1784869661643574244,999981
1784869661891017125,999981
1784869662146723826,999981
1784869662536350308,999981
1784869663134337951,999981
1784869663147587239,999981
1784869663150455399,999981
1784869663201496190,999981
1784869663321088492,999981
1784869663438829989,999981
1784869663938663684,999981
1784869664073657394,999981
1784869664108722814,999981
1784869664125022263,999981
1784869664244894163,999981
1784869665539712771,999981
1784869665578668019,999981
1784869666937910835,999981
1784869668222232781,999981
1784869668702219251,999981
1784869668881884853,999981
1784869668889003187,999981
1784869668889188167,999981
1784869668892085420,999981
1784869668895694925,999981
1784869668899229236,999981
1784869668901286610,999981
1784869668904325047,999981
1784869668908597926,999981
1784869668916629151,999981
1784869668924218249,999981
1784869668929162415,999981
1784869668943207114,999981
1784869669025319417,999981
1784869669052472310,999981
1784869669057046258,999981
1784869669137309857,999981
1784869669198809127,999981
1784869669221447943,999981
1784869669315606057,999981
1784869669389471264,999981
1784869669438869242,999981
1784869669445690452,999981
1784869669455674893,999981
1784869669468753346,999981
1784869669478698778,999981
1784869669491174737,999981
1784869669491501552,999981
1784869669516910236,999981
1784869669517398171,999981
1784869669534356844,999981
1784869669552630884,999981
1784869669569688863,999981
1784869669608962908,999981
1784869669637112930,999981
1784869669717070997,999981
1784869669765614333,999981
1784869670039344097,999981
1784869670402246061,999981
1784869670663177547,999981
1784869670793745229,999981
1784869670824918782,999981
1784869670828760745,999981
1784869670853791237,999981
1784869670894267119,999981
1784869671149659280,999981
1784869671158688941,999981
1784869671164746345,999981
1784869671243864844,999981
1784869671254146708,999981
1784869671260234753,999981
1784869671318176999,999981
1784869671375862211,999981
1784869671477229716,999981
1784869671500367327,999981
1784869671528996747,999981
1784869671572315010,999981
1784869671679244233,999981
1784869671744550488,999981
1784869671821490373,999981
1784869671836732690,999981
1784869671871876734,999981
1784869671913445953,999981
1784869671924729710,999981
1784869671949606201,999981
1784869671959629581,999981
1784869671975289321,999981
1784869671975456897,999981
1784869671995603445,999981
1784869672047436090,999981
1784869672101569670,999981
1784869672121365217,999981
1784869672263093705,999981
1784869672783080151,999981
1784869672878981859,999981
1784869672954526378,999981
1784869673138960561,999981
1784869673497167944,999981
1784869673507152930,999981
1784869673865628462,999981
1784869674026365008,999981
1784869674134661483,999981
1784869674236658552,999981
1784869674374712474,999981
1784869674452693540,999981
1784869674523389402,999981
1784869674549309910,999981
1784869674563571704,999981
1784869674596463712,999981
1784869674798452134,999981
1784869674996947108,999981
1784869676222733357,999981
1784869676547936204,999981
1784869676940179298,999981
1784869676940589209,999981
1784869676941006272,999981
1784869676941556754,999981
1784869676941956957,999981
1784869676942596204,999981
1784869676942794217,999981
1784869676961619804,999981
1784869677023677587,999981
1784869677086829725,999981
1784869677220988273,999981
1784869677389714010,999981
1784869677583811464,999981
1784869678115513167,999981
1784869678514421850,999981
1784869678536607908,999981
1784869680024468150,999981
1784869682779529208,999981
1784869685868179344,999981
1784869685888752497,999981
1784869685923384244,999981
1784869686144457663,999981
1784869686685005770,999981
1784869686716712148,999981
1784869686739778178,999981
1784869686740261568,999981
1784869686746777279,999981
1784869686766468794,999981
1784869686775377816,999981
1784869686790762887,999981
1784869686805873396,999981
1784869686939175750,999981
1784869686966214445,999981
1784869686966636306,999981
1784869686966963819,999981
1784869686967268774,999981
1784869686968061370,999981
1784869686979252922,999981
1784869687061718268,999981
1784869687178116742,999981
1784869687231723538,999981
1784869687495258329,999981
1784869687508766237,999981
1784869687523821561,999981
1784869687537027745,999981
1784869687545799765,999981
1784869687556038520,999981
1784869687685791643,999981
1784869688060023580,999981
1784869688157279306,999981
1784869688182438281,999981
1784869688301083134,999981
1784869688385754379,999981
1784869688402498806,999981
1784869688587391611,999981
1784869688603390769,999981
1784869688762876220,999981
1784869688882907188,999981
1784869688892127061,999981
1784869688980351827,999981
1784869689193418126,999981
1784869689302116849,999981
1784869689423870377,999981
1784869689574434612,999981
1784869690859390964,999981
1784869691035778380,999981
1784869691882691540,999981
1784869692693531998,999981
1784869693591788766,999981
1784869694104626432,999981
1784869694386759632,999981
1784869694400370352,999981
1784869694417604920,999981
1784869694434507315,999981
1784869694460184076,999981
1784869694489169365,999981
1784869694511264865,999981
1784869694546969889,999981
1784869694621678909,999981
1784869694665691770,999981
1784869694705076027,999981
1784869694712879957,999981
1784869694742146464,999981
1784869694773459026,999981
1784869694842859031,999981
1784869694982480406,999981
1784869695790988416,999981
1784869697158991587,999981
1784869698723044991,999981
1784869698773679353,999981
1784869698838927977,999981
1784869698883816466,999981
1784869699416735031,999981
1784869700344846099,999981
1784869701425147195,999981
1784869703091865100,999981
1784869703832723629,999981
1784869703901172776,999981
1784869704502180769,999981
1784869705020004797,999981
1784869705942014641,999981
1784869708685951225,999981
1784869708703711709,999981
1784869708710670422,999981
1784869708738864309,999981
1784869708800275996,999981
1784869708856010003,999981
1784869709106935252,999981
1784869709145061898,999981
1784869709229604504,999981
1784869709599674478,999981
1784869709770712218,999981
1784869710086275846,999981
1784869710331762136,999981
1784869710763238811,999981
1784869711034121713,999981
1784869711141471066,999981
1784869711893353618,999981
1784869712584283619,999981
1784869712873718407,999981
1784869712878543727,999981
1784869712881457733,999981
1784869712886257324,999981
1784869712887592207,999981
1784869712891641438,999981
1784869712897684716,999981
1784869712901006846,999981
1784869712906925923,999981
1784869712992395854,999981
1784869713066300612,999981
1784869713195868366,999981
1784869713383865993,999981
1784869713733245733,999981
1784869713832682454,999981
1784869713999390736,999981
1784869714094535297,999981
1784869714662939072,999981
1784869714881094287,999981
1784869714895147917,999981
1784869716932591866,999981
1784869716932831830,999981
1784869716933070297,999981
1784869716933269811,999981
1784869716933536019,999981
1784869716969498628,999981
1784869717042428743,999981
1784869717091712560,999981
1784869717232774707,999981
1784869717358154914,999981
1784869717374113286,999981
1784869717414107425,999981
1784869717414464574,999981
1784869717425334470,999981
1784869717455033233,999981
1784869717477441536,999981
1784869717502178814,999981
1784869717532904715,999981
1784869717695214080,999981
1784869717835536323,999981
1784869718028085853,999981
1784869718493147319,999981
1784869718894295507,999981
1784869719513096871,999981
1784869721200116130,999981
1784869721882934170,999981
1784869723030291958,999981
1784869723251655496,999981
1784869723285115270,999981
1784869723323433165,999981
1784869723371109762,999981
1784869723423169745,999981
1784869723480336567,999981
1784869723538830882,999981
1784869723544049571,999981
1784869723575710154,999981
1784869723595593963,999981
1784869723656159253,999981
1784869723656326994,999981
1784869723662540384,999981
1784869723693488656,999981
1784869723705369596,999981
1784869723705552736,999981
1784869723711015931,999981
1784869723719792617,999981
1784869723734756749,999981
1784869723752788353,999981
1784869723839247820,999981
1784869724112017469,999981
1784869725118925571,999981
1784869726113208688,999981
1784869726440013465,999981
1784869726932555914,999981
1784869726932925839,999981
1784869726981628613,999981
1784869727343080351,999981
1784869727361026027,999981
1784869728044161207,999981
1784869729157977345,999981
1784869729520135479,999981
1784869729744579990,999981
1784869730134971905,999981
1784869730224156945,999981
1784869730370783016,999981
1784869730695835397,999981
1784869730743121545,999981
1784869730882594583,999981
1784869731038816922,999981
1784869731314473666,999981
1784869731434944930,999981
1784869731580525459,999981
1784869731682975866,999981
1784869732063119610,999981
1784869732381674372,999981
1784869732395454107,999981
1784869732456612277,999981
1784869732485510055,999981
1784869732503676996,999981
1784869732536585556,999981
1784869732550779065,999981
1784869732611092053,999981
1784869732649224818,999981
1784869732749833158,999981
1784869732842764509,999981
1784869733425409747,999981
1784869733698507549,999981
1784869734005125401,999981
1784869734178310854,999981
1784869734356464341,999981
1784869734637533330,999981
1784869734793123222,999981
1784869735257319174,999981
1784869735660911438,999981
1784869736203554563,999981
1784869736663833499,999981
1784869738572453317,999981
1784869739107760362,999981
1784869741299270174,999981
1784869743799939865,999981
1784869744015646630,999981
1784869744030683821,999981
1784869744120001559,999981
1784869744226194912,999981
1784869744394727604,999981
1784869744636336748,999981
1784869745110136040,999981
1784869745248177189,999981
1784869745497234608,999981
1784869745955043843,999981
1784869746082335085,999981
1784869746169723195,999981
1784869746421051454,999981
1784869746936751921,999981
1784869746936885579,999981
1784869747214937869,999981
1784869748721573264,999981
1784869749096490559,999981
1784869750427076520,999981
1784869751482239261,999981
1784869753351755175,999981
1784869754056212523,999981
1784869754095465197,999981
1784869754104509663,999981
1784869754121524186,999981
1784869754136250328,999981
1784869754162818772,999981
1784869754172411315,999981
1784869754199390771,999981
1784869754246565886,999981
1784869754582447481,999981
1784869754683231451,999981
1784869755141330338,999981
1784869755599533445,999981
1784869755768568510,999981
1784869756103507820,999981
1784869756113391899,999981
1784869756125414862,999980
1784869756132322815,999980
1784869756139767035,999981
1784869756152869017,999980
1784869756250929277,999980
1784869756394283762,999980
1784869756494915508,999980
1784869756777490476,999980
1784869756934004820,999980
1784869756946975415,999980
1784869757021535337,999980
1784869757162640275,999980
1784869757392411105,999981
1784869757401957206,999980
1784869757426745793,999980
1784869757432107642,999980
1784869757462321688,999980
1784869757469872948,999980
1784869757475970469,999980
1784869757482919293,999980
1784869757490826917,999980
1784869757505928622,999980
1784869757550443247,999980
1784869757605498353,999980
1784869757704861114,999980
1784869757788556361,999980
1784869758127796406,999980
1784869758294346213,999980
1784869758504047319,999980
1784869759037184588,999980
1784869759272579304,999980
1784869759622361177,999980
1784869760043039643,999980
1784869760504198821,999980
1784869760556774612,999980
1784869761804382239,999980
1784869761867900275,999980
1784869761899230791,999980
1784869762004190243,999980
1784869762203075419,999980
1784869763102164900,999980
1784869763711413791,999980
1784869763796582641,999980
1784869763853472253,999980
1784869764399048495,999980
1784869764886448261,999980
1784869765430294505,999980
1784869765441889066,999980
1784869765911437946,999980
1784869766933781202,999980
1784869767312386498,999980
1784869768796501341,999980
1784869768969498271,999980
1784869769515793325,999980
1784869770954736460,999980
1784869771216234046,999980
1784869772187336946,999980
1784869772804189380,999980
1784869772818302005,999980
1784869772821181552,999980
1784869772828827102,999980
1784869772840292378,999980
1784869772866333259,999980
1784869772906679498,999980
1784869772974737340,999980
1784869773398340950,999980
1784869773836134783,999980
1784869774155893469,999980
1784869774890886955,999980
1784869775611836256,999980
1784869775636028969,999980
1784869775794308158,999980
1784869775827992206,999980
1784869775868215670,999980
1784869775896836819,999980
1784869775946387117,999980
1784869775976844590,999980
1784869776115448333,999980
1784869776377343679,999980
1784869776676351804,999980
1784869776689929413,999980
1784869776725679004,999980
1784869777007424663,999980
1784869777177514311,999980
1784869777690679191,999980
1784869779150362047,999980
1784869781124436043,999980
1784869782718366135,999980
1784869783326993615,999980
1784869784697483436,999980
1784869784951737790,999980
1784869784963821757,999980
1784869784983840640,999980
1784869785132324399,999980
1784869785343499608,999980
1784869786038954976,999980
1784869786201006871,999980
1784869787040038881,999980
1784869787767515883,999980
1784869789312920161,999980
1784869790165319627,999980
1784869790716522207,999980
1784869791942699409,999980
1784869791993412562,999980
1784869792012829523,999980
1784869792053875095,999980
1784869792064458395,999980
1784869792217949875,999980
1784869792621466897,999980
1784869793461045183,999980
1784869794047890752,999980
1784869795020106339,999980
1784869795882969554,999980
1784869796664359768,999980
1784869797157738936,999980
1784869797246953985,999980
1784869797881659268,999980
1784869798085652127,999980
1784869798593995895,999980
1784869798620427537,999980
1784869798654668717,999980
1784869798670117754,999980
1784869798835621333,999980
1784869799051144622,999980
1784869799129827601,999980
1784869799924732691,999980
1784869800034239071,999980
1784869800301542245,999980
1784869800512791304,999980
1784869801615275020,999980
1784869801955117904,999980
1784869802035441337,999980
1784869802103846951,999980
1784869802207148053,999980
1784869803107756232,999980
1784869804013211643,999980
1784869804998315852,999980
1784869805444234723,999980
1784869805730942335,999980
1784869805742973118,999980
1784869805802404871,999980
1784869806177992495,999980
1784869807804773026,999980
1784869808078134550,999980
1784869808887480776,999980
1784869809292908834,999980
1784869809520087912,999980
1784869809982508957,999980
1784869810704167312,999980
1784869810890404251,999980
1784869812822232897,999980
1784869814884446420,999980
1784869815885125006,999980
1784869817028448110,999980
1784869817340495340,999980
1784869818033244634,999980
1784869818716919855,999980
1784869820107582419,999980
1784869820138434599,999980
1784869821365225386,999980
1784869822046259339,999980
1784869822394758388,999980
1784869823803960459,999980
1784869823813709787,999980
1784869823850787533,999980
1784869823850956711,999980
1784869823974204428,999980
1784869824002023738,999980
1784869824448840624,999980
1784869825181835603,999980
1784869827256779422,999980
1784869828245303712,999980
1784869828286608742,999980
1784869829451446602,999980
1784869829833252537,999980
1784869831893370949,999980
1784869833576369751,999980
1784869833774884377,999980
1784869834094519513,999980
1784869837615849608,999980
1784869840851692745,999980
1784869844571930296,999980
1784869845300208518,999980
1784869845405975115,999980
1784869845433502936,999980
1784869845616864849,999980
1784869845697340049,999980
1784869845834781740,999980
1784869845871560838,999980
1784869845998605928,999980
1784869846161831856,999980
1784869846595192874,999980
1784869847401406897,999980
1784869847402143638,999980
1784869847426559594,999980
1784869847546605329,999980
1784869847634898275,999980
1784869847870268070,999980
1784869848450923089,999980
1784869849304761207,999980
1784869850699200404,999980
1784869850731867716,999980
1784869850754988366,999980
1784869850891904690,999980
1784869851188778877,999980
1784869852302306193,999980
1784869853331950959,999980
1784869853577421632,999980
1784869853583993972,999980
1784869853603576420,999980
1784869853632545931,999980
1784869853651994776,999980
1784869853753397573,999980
1784869853928377365,999980
1784869854042488466,999980
1784869854064935162,999980
1784869854162686673,999980
1784869854202530972,999980
1784869854256609527,999980
1784869854400993791,999980
1784869854530379571,999980
1784869855468630340,999980
1784869856088332798,999980
1784869856570224689,999980
1784869857082481634,999980
1784869857894999587,999980
1784869857909011558,999980
1784869857984521491,999980
1784869858058986771,999980
1784869858059206853,999980
1784869858060227428,999980
1784869858060466162,999980
1784869858060721368,999980
1784869858067144560,999980
1784869858069342083,999980
1784869858071776748,999980
1784869858074871498,999980
1784869858086771884,999980
1784869858096448686,999980
1784869858098616243,999980
1784869858107191464,999980
1784869858136745581,999980
1784869858153839839,999980
1784869858174309832,999980
1784869858209687491,999980
1784869858244468534,999980
1784869858270962003,999980
1784869858298014426,999980
1784869858386296150,999980
1784869858726438858,999980
1784869858785680716,999980
1784869858797560278,999980
1784869858815888251,999980
1784869858837575570,999980
1784869858853557047,999980
1784869858887287131,999980
1784869858896149488,999980
1784869858923568610,999980
1784869858954650752,999980
1784869859221000019,999980
1784869859297742193,999980
1784869859480280112,999980
1784869859538918348,999980
1784869859607199619,999980
1784869859631699593,999980
1784869859681420520,999980
1784869859790490347,999980
1784869859958430916,999980
1784869860316292215,999980
1784869860569666252,999980
1784869860790134508,999980
1784869861552296218,999980
1784869861652582392,999980
1784869861746661255,999980
1784869861990107201,999980
1784869862610790839,999980
1784869862662280626,999980
1784869862890415581,999980
1784869864846420336,999980
1784869865035771482,999980
1784869865576442744,999980
1784869865663445030,999980
1784869865865693362,999980
1784869865908258677,999980
1784869866045710200,999980
1784869866764392252,999980
1784869866988355524,999980
1784869867011890047,999980
1784869867017216248,999980
1784869867017549505,999980
1784869867149024219,999980
1784869867213313930,999980
1784869867459420096,999980
1784869867882864967,999980
1784869868998760672,999980
1784869870135562487,999980
1784869870467132113,999980
1784869870997165118,999980
1784869871118190089,999980
1784869871337928263,999980
1784869871628286997,999980
1784869871650696787,999980
1784869871740578248,999980
1784869871928721376,999980
1784869872678687346,999980
1784869873165902644,999980
1784869874031611706,999980
1784869874129261126,999980
1784869874158126887,999980
1784869874306072729,999980
1784869874583004952,999980
1784869875925200359,999980
1784869876317389700,999980
1784869876425372404,999980
1784869876630255944,999980
1784869876927711852,999980
1784869877361519187,999980
1784869879149152238,999980
1784869879172340018,999980
1784869879337909142,999980
1784869879995349968,999980
1784869881831271719,999980
1784869882797183689,999980
1784869885118252339,999980
1784869886284260000,999980
1784869887183291183,999980
1784869887504314753,999980
1784869887524551164,999980
1784869887530653594,999980
1784869887606647337,999980
1784869887768611234,999980
1784869888036640078,999980
1784869888747881024,999980
1784869890640271428,999980
1784869891094871684,999980
1784869892027831505,999980
1784869893331900542,999980
1784869893745863129,999980
1784869895022725490,999980
1784869895881989360,999980
1784869896392661548,999980
1784869898972555186,999980
1784869901509271641,999980
1784869903416930469,999980
1784869903996021685,999980
1784869905442496532,999980
1784869908033277178,999980
1784869908760509655,999980
1784869908843505051,999980
1784869909734225360,999980
1784869909770574033,999980
1784869909780311325,999980
1784869909792004513,999980
1784869909837357382,999980
1784869909856393013,999980
1784869909907323302,999980
1784869909985072318,999980
1784869910140116767,999980
1784869910262549996,999980
1784869910790373097,999980
1784869912249462538,999980
1784869912993516862,999980
1784869913471774385,999980
1784869913495499716,999980
1784869913495824750,999980
1784869913500467782,999980
1784869913519968676,999980
1784869913584632281,999980
1784869913653282859,999980
1784869913724225709,999980
1784869913815116265,999980
1784869914405125915,999980
1784869915835460477,999980
1784869917379723665,999980
1784869917549479979,999980
1784869917578450663,999980
1784869917631591316,999980
1784869917649263571,999980
1784869917676400620,999980
1784869917704297728,999980
1784869917806417192,999980
1784869917837890355,999980
1784869918230236755,999980
1784869918236508450,999980
1784869918252553629,999980
1784869918342728390,999980
1784869918356016741,999980
1784869919009883899,999980
1784869919255135438,999980
1784869919728116643,999980
1784869919792393670,999980
1784869919799737664,999980
1784869919809931501,999980
1784869919833839942,999980
1784869919868218295,999980
1784869919911393623,999980
1784869919920773923,999980
1784869919933070471,999980
1784869919947363904,999980
1784869919955245983,999980
1784869919971686797,999980
1784869919989085606,999980
1784869920137334747,999980
1784869920355756319,999980
1784869920959275622,999980
1784869921161189182,999980
1784869921692981721,999980
1784869921698900010,999980
1784869921710661923,999980
1784869921727991973,999980
1784869921840037591,999980
1784869922035382790,999980
1784869922324409515,999980
1784869924072876036,999980
1784869925214323058,999980
1784869926116323464,999980
1784869926574714320,999980
1784869927031990093,999980
1784869929128344567,999980
1784869929779667901,999980
1784869930305171154,999980
1784869930946105843,999980
1784869932172204363,999980
1784869932355331499,999980
1784869933578242528,999980
1784869933578697707,999980
1784869933586641300,999980
1784869933592095826,999980
1784869933612551502,999980
1784869933642543282,999980
1784869933709830277,999980
1784869933760936517,999980
1784869933943505437,999980
1784869933988319800,999980
1784869934348092458,999980
1784869934585872312,999980
1784869935268916505,999980
1784869936011554498,999980
1784869936187229254,999980
1784869936511444421,999980
1784869937622002532,999980
1784869937627085044,999980
1784869937627411014,999980
1784869937633745939,999980
1784869937640323045,999980
1784869937641917861,999980
1784869937650658514,999980
1784869937672349346,999980
1784869937723076340,999980
1784869937792715573,999980
1784869937934733095,999980
1784869938140511331,999980
1784869938357652580,999980
1784869938664601207,999980
1784869938925487949,999980
1784869939402901714,999980
1784869940257030263,999980
1784869941493751317,999980
1784869942336144427,999980
1784869943030485958,999980
1784869943170486106,999980
1784869943831232522,999980
1784869944191711806,999980
1784869945878117890,999980
1784869946409968918,999980
1784869946994426468,999980
1784869947434929238,999980
1784869947923174892,999980
1784869948085657333,999980
1784869948454783671,999980
1784869948505274547,999980
1784869948535631112,999980
1784869948573677774,999980
1784869948761262872,999980
1784869949328082250,999980
1784869950021388576,999980
1784869950251122845,999980
1784869950728129724,999980
1784869951073814876,999980
1784869951989519757,999980
1784869953089918477,999980
1784869953308455801,999980
1784869953332599721,999980
1784869953360761469,999980
1784869953826750750,999980
1784869954086264638,999980
1784869955272890112,999980
1784869957865883631,999980
1784869960491401186,999980
1784869962131457750,999980
1784869962485257424,999980
1784869963131063662,999980
1784869966121877918,999980
1784869967429099474,999980
1784869968837129844,999980
1784869969131421833,999980
1784869969152189221,999980
1784869969167853047,999980
1784869969197306264,999980
1784869969377672653,999980
1784869972325349784,999980
1784869973633335411,999980
1784869976240204240,999980
1784869976343976374,999980
1784869977035577863,999980
1784869978128116577,999980
1784869978388057836,999980
1784869978391824438,999980
1784869978406672922,999980
1784869978412230486,999980
1784869978417109657,999980
1784869978423466448,999980
1784869978436966397,999980
1784869978445334431,999980
1784869978454880307,999980
1784869978534216102,999980
1784869978629412506,999980
1784869978778412987,999980
1784869978907473164,999980
1784869979085204762,999980
1784869979199961720,999980
1784869979453407251,999980
1784869979473690951,999980
1784869979579227313,999980
1784869979678994676,999980
1784869979871821107,999980
1784869979977459464,999980
1784869980029543600,999980
1784869980359897823,999980
1784869981207727660,999980
1784869981332067893,999980
1784869981717723870,999980
1784869981762643578,999980
1784869981920626059,999980
1784869982175586805,999980
1784869983222611388,999980
1784869983449855744,999980
1784869983459302792,999980
1784869984893110902,999980
1784869986025579106,999980
1784869986053629935,999980
1784869986080484671,999980
1784869986426523465,999980
1784869986737709453,999980
1784869986773603447,999980
1784869986928250345,999980
1784869987243502424,999980
1784869988008658162,999980
1784869989473567021,999980
1784869990237493483,999980
1784869990681201411,999980
1784869991499418749,999980
1784869991933643506,999980
1784869992960803069,999980
1784869993962517327,999980
1784869994102732463,999980
1784869994125824596,999980
1784869994146298852,999980
1784869994170193708,999980
1784869994211026463,999980
1784869994280690027,999980
1784869994459698631,999980
1784869994544428647,999980
1784869994585085684,999980
1784869994601283540,999980
1784869994782973619,999980
1784869994859913965,999980
1784869995077153805,999980
1784869995680656414,999980
1784869996462131771,999980
1784869997041452941,999980
1784869997340939237,999980
1784869999295214644,999980
1784870000858887405,999980
1784870001134412568,999980
1784870001547252003,999980
1784870001892854921,999980
1784870003554320182,999980
1784870004236420279,999980
1784870005854190106,999980
1784870006185723363,999980
1784870006383333667,999980
1784870006391690241,999980
1784870006391809601,999980
1784870006398358494,999980
1784870006533781355,999980
1784870006537427149,999980
1784870006539154375,999980
1784870006545596568,999980
1784870006549127934,999980
1784870006550975745,999980
1784870006558545282,999980
1784870006596454515,999980
1784870006685997113,999980
1784870006772727898,999980
1784870006931454287,999980
1784870006932672782,999980
1784870006942085451,999980
1784870007043688663,999980
1784870007120734595,999980
1784870007261685395,999980
1784870007397634897,999980
1784870007725963176,999980
1784870008125803053,999980
1784870008821087321,999980
1784870009579518345,999980
1784870010966950575,999980
1784870012055254773,999980
1784870013886497044,999980
1784870014489545962,999980
1784870014513779807,999980
1784870014549681447,999980
1784870014623595619,999980
1784870015026399933,999980
1784870015650715482,999980
1784870016075868111,999980
1784870017683608835,999980
1784870019465490481,999980
1784870019980664148,999980
1784870020117721654,999980
1784870020427970440,999980
1784870021121022383,999980
1784870021671070952,999980
1784870021825726870,999980
1784870021869764963,999980
1784870021883595126,999980
1784870021883729789,999980
1784870021909269271,999980
1784870021936603208,999980
1784870022090097345,999980
1784870022918551109,999980
1784870022990415819,999980
1784870023129285012,999980
1784870023255146208,999980
1784870023428816007,999980
1784870023921063716,999980
1784870024181170186,999980
1784870026205374060,999980
1784870026418958819,999980
1784870026765543114,999980
1784870027608849105,999980
1784870028077276827,999980
1784870028746890321,999980
1784870029309376864,999980
1784870029319455911,999980
1784870029330000114,999980
1784870029332878335,999980
1784870029338607133,999980
1784870029344762990,999980
1784870029364939065,999980
1784870029478328336,999980
1784870029638797625,999980
1784870029800148464,999980
1784870029959590060,999980
1784870030123897423,999980
1784870030334100743,999980
1784870030664646790,999980
1784870030961013267,999980
1784870032177354656,999980
1784870032824110456,999980
1784870033833743324,999980
1784870035759553531,999980
1784870035997284858,999980
1784870037572049169,999980
1784870039320711820,999980
1784870040153735288,999980
1784870041472115908,999980
1784870042051764627,999980
1784870042084372346,999980
1784870042094375814,999980
1784870042200015374,999980
1784870042289709990,999980
1784870042600425226,999980
1784870043688088527,999980
1784870043723794593,999980
1784870044162760111,999980
1784870046052822480,999980
1784870047604641679,999980
1784870048832801360,999980
1784870050216079881,999980
1784870051893892113,999980
1784870052146335112,999980
1784870052157140873,999980
1784870052579201078,999980
1784870052786367609,999980
1784870053639628004,999980
1784870054186547487,999980
1784870055889531072,999980
1784870057336258664,999980
1784870058256999203,999980
1784870060796093274,999980
1784870062251860354,999980
1784870062702326590,999980
1784870064113097970,999980
1784870066034436519,999980
1784870067141731223,999980
1784870067187840666,999980
1784870067202529679,999980
1784870067213824774,999980
1784870067229346926,999980
1784870067249377557,999980
1784870067261466999,999980
1784870067273551061,999980
1784870067298267207,999980
1784870067301786549,999980
1784870067313193982,999980
1784870067331467700,999980
1784870067349214270,999980
1784870067359818084,999980
1784870067368924942,999980
1784870067390867263,999980
1784870067412553190,999980
1784870067452233102,999980
1784870067499340236,999980
1784870067612979810,999980
1784870068136861121,999980
1784870069683478348,999980
1784870069894800716,999980
1784870071590495786,999980
1784870071744491564,999980
1784870071745268530,999979
1784870071751384439,999979
1784870071766962565,999980
1784870071779485637,999980
1784870071870675297,999979
1784870072029464432,999979
1784870072070493390,999979
1784870072114598226,999979
1784870072156097116,999979
1784870072240035968,999979
1784870072424237219,999979
1784870072546676317,999979
1784870072895259053,999979
1784870072960034126,999979
1784870073250924191,999979
1784870073633296801,999979
1784870073829295047,999979
1784870073835470613,999979
1784870073883472011,999979
1784870074439945937,999979
1784870074759724681,999979
1784870075994223721,999979
1784870076158814229,999979
1784870076175604955,999979
1784870076196742274,999979
1784870076301208640,999979
1784870076352241293,999979
1784870077355087351,999979
1784870078475632569,999979
1784870079472205774,999979
1784870079633023443,999979
1784870079645975077,999979
1784870079813433982,999979
1784870080078757863,999979
1784870080577739821,999979
1784870082301311887,999979
1784870082406789375,999979
1784870082884338709,999979
1784870083032432854,999979
1784870083071143760,999979
1784870083078630217,999979
1784870083098107152,999979
1784870083400575937,999979
1784870083656911234,999979
1784870083741866562,999979
1784870083881119369,999979
1784870084162874174,999979
1784870084338557179,999979
1784870084882640092,999979
1784870085138954424,999979
1784870085932295680,999979
1784870085943369114,999979
1784870086050548542,999979
1784870086112233566,999979
1784870086206875894,999979
1784870086352806753,999979
1784870086747270603,999979
1784870086784172970,999979
1784870087282280988,999979
1784870087975765430,999979
1784870088495646628,999979
1784870088905764761,999979
1784870089677938002,999979
1784870090321747869,999979
1784870091070823688,999979
1784870091332042871,999979
1784870091506674613,999979
1784870091652272512,999979
1784870093184454161,999979
1784870093978691129,999979
1784870094494567861,999979
1784870094508584773,999979
1784870094643639165,999979
1784870094701784471,999979
1784870094858406109,999979
1784870095021062722,999979
1784870096929878121,999979
1784870098830954427,999979
1784870099996282512,999979
1784870100146447925,999979
1784870100214152830,999979
1784870100366011243,999979
1784870100574619627,999979
1784870100810983630,999979
1784870101456508544,999979
1784870101567822786,999979
1784870101654347223,999979
1784870102484476045,999979
1784870103122307376,999979
1784870105157858767,999979
1784870105458178668,999979
1784870105537442008,999979
1784870105615419528,999979
1784870106340089135,999979
1784870107935358611,999979
1784870110218317425,999979
1784870110230628788,999979
1784870110286184104,999979
1784870111032975058,999979
1784870111115562721,999979
1784870111180860811,999979
1784870111283941412,999979
1784870111631544575,999979
1784870111837136804,999979
1784870111840986834,999979
1784870111841259987,999979
1784870111857581514,999979
1784870111864723569,999979
1784870111867077164,999979
1784870111875292503,999979
1784870111883088974,999979
1784870111933071180,999979
1784870111998456889,999979
1784870112026071626,999979
1784870112043011057,999979
1784870112161688139,999979
1784870112255500471,999979
1784870112374248405,999979
1784870112456539794,999979
1784870112612712136,999979
1784870112705069031,999979
1784870112771382957,999979
1784870112892037115,999979
1784870113076144309,999979
1784870113198825657,999979
1784870113571073590,999979
1784870113807153954,999979
1784870114003603256,999979
1784870114014681200,999979
1784870114047866574,999979
1784870114062403877,999979
1784870114099415619,999979
1784870114141092958,999979
1784870114207158648,999979
1784870114314866518,999979
1784870114881463824,999979
1784870115507082788,999979
1784870115942790861,999979
1784870115975051929,999979
1784870116049414007,999979
1784870116086704289,999979
1784870116097636245,999979
1784870116137142244,999979
1784870116162842123,999979
1784870116170757514,999979
1784870116270720736,999979
1784870116361587271,999979
1784870116412372209,999979
1784870116564434575,999979
1784870116673102197,999979
1784870117034991842,999979
1784870117436429393,999979
1784870119799936034,999979
1784870119800118493,999979
1784870120005039016,999979
1784870120623819785,999979
1784870120688419279,999979
1784870120847056628,999979
1784870120867439161,999979
1784870120925348625,999979
1784870121085775051,999979
1784870121086062278,999979
1784870121086266887,999979
1784870121089767861,999979
1784870121089932493,999979
1784870121090168636,999979
1784870121090305905,999979
1784870121090717116,999979
1784870121234565479,999979
1784870121235003209,999979
1784870121261791740,999979
1784870121453112615,999979
1784870121716062667,999979
1784870121717523295,999979
1784870121739447694,999979
1784870121793636426,999979
1784870121930318321,999979
1784870122287618352,999979
1784870123537886969,999979
1784870123579601536,999979
1784870123758168213,999979
1784870127462461463,999979
1784870128356934741,999979
1784870128637944674,999979
1784870128644759510,999979
1784870128653644780,999979
1784870128668859683,999979
1784870128701700147,999979
1784870128808755812,999979
1784870128881220912,999979
1784870130293713383,999979
1784870130308438197,999979
1784870132331203791,999979
1784870133038741480,999979
1784870133082695614,999979
1784870133266169955,999979
1784870133373321262,999979
1784870133382856784,999979
1784870133399729361,999979
1784870133407291308,999979
1784870133435367305,999979
1784870133550326482,999979
1784870133817896997,999979
1784870133836140123,999979
1784870134078984958,999979
1784870135173179018,999979
1784870136930505581,999979
1784870137038297508,999979
1784870140125197291,999979
1784870142055408948,999979
1784870142106512107,999979
1784870142677544509,999979
1784870144293056963,999979
1784870144374635046,999979
1784870144879874967,999979
1784870145380496393,999979
1784870145393530753,999979
1784870145402247687,999979
1784870145407725761,999979
1784870145554750799,999979
1784870146468842683,999979
1784870148115295028,999979
1784870148126109543,999979
1784870148170028791,999979
1784870148269260836,999979
1784870149206506014,999979
1784870149471717855,999979
1784870153043031525,999979
1784870153058842345,999979
1784870153065920947,999979
1784870153074108108,999979
1784870153079636793,999979
1784870153102142977,999979
1784870153129814882,999979
1784870153215695642,999979
1784870153282355624,999979
1784870153423757045,999979
1784870153551736057,999979
1784870153616487449,999979
1784870153952327791,999979
1784870154438012769,999979
1784870154734560218,999979
1784870154957006274,999979
1784870155120343607,999979
1784870155599985913,999979
1784870156928553773,999979
1784870157447636780,999979
1784870158957841230,999979
1784870160020245018,999979
1784870160499633736,999979
1784870160523668163,999979
1784870160564235091,999979
1784870160579166141,999979
1784870160655867235,999979
1784870160688609512,999979
1784870160730951518,999979
1784870160903754675,999979
1784870161437410058,999979
1784870162613531133,999979
1784870162630019441,999979
1784870162641930973,999979
1784870162642222225,999979
1784870162654234090,999979
1784870162726611481,999979
1784870162797650752,999979
1784870162863933130,999979
1784870162914174226,999979
1784870162999946504,999979
1784870163000117248,999979
1784870163016254279,999979
1784870163037112474,999979
1784870163090078040,999979
1784870163185150854,999979
1784870163290203118,999979
1784870163438601329,999979
1784870164106986068,999979
1784870164801862403,999979
1784870166277342327,999979
1784870167470397947,999979
1784870169566414134,999979
1784870171556145732,999979
1784870173304538337,999979
1784870176257310603,999979
1784870176353219119,999979
1784870179036512674,999979
1784870179990762802,999979
1784870180060734330,999979
1784870180293299947,999979
1784870181271319206,999979
1784870181576633247,999979
1784870184123826174,999979
1784870184153014555,999979
1784870184167594673,999979
1784870184193072889,999979
1784870184222628147,999979
1784870184260834479,999979
1784870184574964196,999979
1784870184725150933,999979
1784870185891732740,999979
1784870186338463953,999979
1784870186431079404,999979
1784870187127154115,999979
1784870187161308747,999979
1784870187795502438,999979
1784870188038941869,999979
1784870188073108745,999979
1784870188110810580,999979
1784870188239459932,999979
1784870190085645129,999979
1784870190211092622,999979
1784870191913869919,999979
1784870193819389501,999979
1784870195062197173,999979
1784870195486261941,999979
1784870195557739761,999979
1784870196140667271,999979
1784870196928658501,999979
1784870198181280854,999979
1784870199204922483,999979
1784870201003842273,999979
1784870202409588917,999979
1784870202689587226,999979
1784870203030538720,999979
1784870205412311490,999979
1784870207099407930,999979
1784870208889714092,999979
1784870213757869284,999979
1784870215205531941,999979
1784870216000634826,999979
1784870218864190522,999979
1784870221217608395,999979
1784870221259999093,999979
1784870221377584441,999979
1784870221393529436,999979
1784870221437258404,999979
1784870221532321699,999979
1784870221532458574,999979
1784870221532933999,999979
1784870221537901393,999979
1784870221567760908,999979
1784870221694337022,999979
1784870221922966975,999979
1784870222455573603,999979
1784870222882359385,999979
1784870223748140454,999979
1784870223764731873,999979
1784870224385841732,999979
1784870224451981483,999979
1784870224452245215,999979
1784870224457180192,999979
1784870224457405009,999979
1784870224459912376,999979
1784870224506940461,999979
1784870224610859042,999979
1784870224739866162,999979
1784870224888808771,999979
1784870224994766436,999979
1784870225253531726,999979
1784870225353830655,999979
1784870225567185323,999979
1784870225755740637,999979
1784870225951629692,999979
1784870226036299918,999979
1784870226089205240,999979
1784870226287638589,999979
1784870226534579632,999979
1784870227717317265,999979
1784870228733038783,999979
1784870228891602437,999979
1784870229565205614,999979
1784870231677239858,999979
1784870234668421717,999979
1784870236140724216,999979
1784870236148370224,999979
1784870236156651001,999979
1784870236171192371,999979
1784870236171474773,999979
1784870236310218282,999979
1784870236335725789,999979
1784870236428203321,999979
1784870236506883794,999979
1784870236512831673,999979
1784870236656705908,999979
1784870236928941704,999979
1784870237153642857,999979
1784870237395062713,999979
1784870237535379383,999979
1784870237817233229,999979
1784870238000143072,999979
1784870238258218609,999979
1784870238590376710,999979
1784870238731622752,999979
1784870238900514808,999979
1784870239130675955,999979
1784870239410416934,999979
1784870239862498087,999979
1784870240767123009,999979
1784870241542973171,999979
1784870242335608907,999979
1784870243527385280,999979
1784870243536894918,999979
1784870243575981478,999979
1784870243576180837,999979
1784870243596363606,999979
1784870243637671361,999979
1784870243702594893,999979
1784870243863638115,999979
1784870244083908367,999979
1784870246470466420,999979
1784870249478841701,999979
1784870249598505368,999979
1784870249660861062,999979
1784870249860021368,999979
1784870251704291056,999979
1784870253430008631,999979
1784870253599306096,999979
1784870254932461498,999979
1784870256667189495,999979
1784870256673082607,999979
1784870256925347857,999979
1784870257040040453,999979
1784870257198366982,999979
1784870258389371441,999979
1784870258400578129,999979
1784870258579589814,999979
1784870259232867352,999979
1784870259886111835,999979
1784870259889560504,999979
1784870259895398169,999979
1784870259904504928,999979
1784870260046961507,999979
1784870260322399985,999979
1784870260638722481,999979
1784870260905920765,999979
1784870260925057153,999979
1784870261301619231,999979
1784870261970228067,999979
1784870261977904327,999979
1784870262430227405,999979
1784870263300866003,999979
1784870263870484610,999979
1784870263888097808,999979
1784870263900280710,999979
1784870263911504341,999979
1784870263922498095,999979
1784870263927528529,999979
1784870264049115958,999979
1784870264179431392,999979
1784870264635305029,999979
1784870264876753641,999979
1784870265085513977,999979
1784870265109808706,999979
1784870265114144701,999979
1784870265322771593,999979
1784870265525384207,999979
1784870265865647813,999979
1784870266044531449,999979
1784870266145636441,999979
1784870266291404342,999979
1784870266350284010,999979
1784870266468708309,999979
1784870266751365785,999979
1784870266998745263,999979
1784870267578478826,999979
1784870267909276519,999979
1784870267921628922,999979
1784870268035744549,999979
1784870268053940759,999979
1784870268101783217,999979
1784870268199614966,999979
1784870268237425375,999979
1784870268410170975,999979
1784870268694128776,999979
1784870268722423691,999979
1784870268746956524,999979
1784870268774832381,999979
1784870268829967007,999979
1784870268856957597,999979
1784870268871296992,999979
1784870268886705878,999979
1784870268920689054,999979
1784870268955226010,999979
1784870268955693419,999979
1784870268965621405,999979
1784870268999974343,999979
1784870269068707310,999979
1784870269159062045,999979
1784870269273957301,999979
1784870269529121740,999979
1784870270328675046,999979
1784870271325880127,999979
1784870271634549758,999979
1784870271873043850,999979
1784870271882010700,999979
1784870271911520575,999979
1784870271921734511,999979
1784870271959911102,999979
1784870272021670271,999979
1784870272104845197,999979
1784870272225900062,999979
1784870272263036083,999979
1784870272266357270,999979
1784870272266665478,999979
1784870272267205347,999979
1784870272270601701,999979
1784870272413552097,999979
1784870272533505880,999979
1784870272563679830,999979
1784870272636736373,999979
1784870272970702864,999979
1784870272984761167,999979
1784870272985279280,999979
1784870273030789256,999979
1784870273191371924,999979
1784870273291010818,999979
1784870273427662532,999979
1784870273747209377,999979
1784870273758651984,999979
1784870273768952523,999979
1784870273882937151,999979
1784870273891330614,999979
1784870273928069081,999979
1784870274008080865,999979
1784870274100976480,999979
1784870274461273166,999979
1784870274503771389,999979
1784870274633876962,999979
1784870274731448907,999979
1784870274781229649,999979
1784870274803476098,999979
1784870274843719703,999979
1784870274928214747,999979
1784870274942646019,999979
1784870275082419149,999979
1784870275138441044,999979
1784870275163112469,999979
1784870275202158984,999979
1784870275349656454,999979
1784870275843630347,999979
1784870275847970206,999979
1784870276195494535,999979
1784870276402263954,999979
1784870276637703102,999979
1784870276696514705,999979
1784870276745845205,999979
1784870276925311383,999979
1784870276943191640,999979
1784870277276472812,999979
1784870277461827575,999979
1784870277728350395,999979
1784870277793182391,999979
1784870277878702585,999979
1784870277910824706,999979
1784870278036548744,999979
1784870278107114768,999979
1784870278121601396,999979
1784870278196583971,999979
1784870278331798652,999979
1784870278654632540,999979
1784870279117368756,999979
1784870279212975334,999979
1784870279290564107,999979
1784870279315393979,999979
1784870279645718648,999979
1784870279973839396,999979
1784870280984514649,999979
1784870280988276811,999979
1784870281005169414,999979
1784870281014742880,999979
1784870281032473641,999979
1784870281082316874,999979
1784870281117023255,999979
1784870281156944009,999979
1784870281239494446,999979
1784870281330808671,999979
1784870281490669530,999979
1784870281563438694,999979
1784870281675498638,999979
1784870282313879931,999979
1784870282322700950,999979
1784870282351265252,999979
1784870282586834725,999979
1784870282875018367,999979
1784870283323621043,999979
1784870283834313239,999979
1784870284179339196,999979
1784870284623732349,999979
1784870284979242786,999979
1784870284995064290,999979
1784870285120177999,999979
1784870285364672634,999979
1784870285875672412,999979
1784870287618076488,999979
1784870287627708533,999979
1784870287641456832,999979
1784870287943899550,999979
1784870288459369956,999979
1784870289308274342,999979
1784870290188118257,999979
1784870290253479690,999979
1784870290309387377,999979
1784870290334498768,999979
1784870290368235060,999979
1784870290398991679,999979
1784870290427069961,999979
1784870290445009959,999979
1784870290712815970,999979
1784870290825706722,999979
1784870290852518961,999979
1784870290870179702,999979
1784870291613140718,999979
1784870291935970484,999979
1784870292028771767,999979
1784870292728633760,999979
1784870293733161854,999979
1784870293805023195,999979
1784870293815921598,999979
1784870293826017548,999979
1784870293848018190,999979
1784870293862570447,999979
1784870293876325145,999979
1784870293889145410,999979
1784870293936178447,999979
1784870294004179062,999979
1784870294146872887,999979
1784870294206891582,999979
1784870294242360138,999979
1784870294275210296,999979
1784870294299254353,999979
1784870294329365175,999979
1784870294348658100,999979
1784870294427956509,999979
1784870294506558581,999979
1784870294860055455,999979
1784870295736593469,999979
1784870297661398011,999979
1784870298291943901,999979
1784870298407742614,999979
1784870298475065139,999979
1784870298532888654,999979
1784870298574652735,999979
1784870298635296372,999979
1784870298667658725,999979
1784870298688989401,999979
1784870298738589834,999979
1784870298829815236,999979
1784870298851106000,999979
1784870299009914554,999979
1784870299195380027,999979
1784870299857498276,999979
1784870299930224871,999979
1784870300192404812,999979
1784870300556519496,999979
1784870300929707520,999979
1784870301151585355,999979
1784870301474088279,999979
1784870301751601582,999979
1784870302198090671,999979
1784870302350691071,999979
1784870302551044017,999979
1784870302625054188,999979
1784870302922223700,999979
1784870303118459544,999979
1784870303491555824,999979
1784870303851389770,999979
1784870303977571991,999979
1784870304187737802,999979
1784870304596271204,999979
1784870305490934913,999979
1784870305749591137,999979
1784870306004189809,999979
1784870306926955081,999979
1784870307856394233,999979
1784870308059802983,999979
1784870308477673722,999979
1784870308899895302,999979
1784870309227275358,999979
1784870309854415607,999979
1784870310517833749,999979
1784870311378311726,999979
1784870311564930611,999979
1784870311902263869,999979
1784870311922640223,999979
1784870312029680751,999979
1784870312206282054,999979
1784870312277753355,999979
1784870312353542760,999979
1784870312414925614,999979
1784870313391017364,999979
1784870313904526011,999979
1784870315073997194,999979
1784870315609803039,999979
1784870315883199366,999979
1784870317061020234,999979
1784870318038799501,999979
1784870321805103572,999979
1784870322277425778,999979
1784870322339774688,999979
1784870322382520396,999979
1784870322382665283,999979
1784870322494686745,999979
1784870322545283373,999979
1784870322561056473,999979
1784870322621097015,999979
1784870322972008169,999979
1784870323142196050,999979
1784870323422615353,999979
1784870323504512121,999979
1784870323504512121,999979
1784870323504766244,999977
1784870323504951501,999977
1784870323513767523,999977
1784870323517272376,999977
1784870323521441447,999977
1784870323525037284,999977
1784870323529791374,999977
1784870323661580817,999977
1784870323684897468,999977
1784870323719449937,999977
1784870323906668665,999977
1784870324041919560,999977
1784870324145719015,999977
1784870324882665155,999977
1784870326521542107,999977
1784870328078291771,999977
1784870329610558156,999977
1784870331894252787,999977
1784870331930216026,999977
1784870332039222983,999977
1784870332325467303,999977
1784870332792804266,999977
1784870333445512159,999977
1784870333786737430,999977
1784870334987596330,999977
1784870336925152577,999977
1784870337850488908,999977
1784870338452076270,999977
1784870339050881025,999977
1784870340991806975,999977
1784870344390799319,999977
1784870345784717873,999977
1784870346252465559,999977
1784870347986265990,999977
1784870348534474691,999977
1784870353051315157,999977
1784870353327205041,999977
1784870353743647944,999977
1784870355010753870,999977
1784870355763830510,999977
1784870355824202598,999977
1784870355872435031,999977
1784870355948701220,999977
1784870356256087977,999977
1784870356351977380,999977
1784870356678930158,999977
1784870357763372740,999977
1784870359783723421,999977
1784870362353883856,999977
1784870363475204073,999977
1784870364622964455,999977
1784870365999065680,999977
1784870366137053464,999977
1784870367441331255,999977
1784870367471861743,999977
1784870367520828813,999977
1784870367538579431,999977
1784870367538753882,999977
1784870367547553061,999977
1784870367672798674,999977
1784870367728427723,999977
1784870367835882674,999977
1784870367915138135,999977
1784870367958792838,999977
1784870367979332303,999977
1784870368023375171,999977
1784870368067458105,999977
1784870368073640715,999977
1784870368234819245,999977
1784870368673971556,999977
1784870368885016698,999977
1784870369211982156,999977
1784870369575883879,999977
1784870369924930377,999977
1784870370085999915,999977
1784870370184724717,999977
1784870370264633652,999977
1784870370620213012,999977
1784870370826664986,999977
1784870370963631091,999977
1784870371168607740,999977
1784870371235728730,999977
1784870371333525634,999977
1784870371620139181,999977
1784870371982760418,999977
1784870372052133450,999977
1784870372549812454,999977
1784870372734832833,999977
1784870372952703514,999977
1784870373060405960,999977
1784870373252804356,999977
1784870374211699635,999977
1784870376303548628,999977
1784870377416002597,999977
1784870377549714751,999977
1784870377626317305,999977
1784870377634559879,999977
1784870377977615954,999977
1784870378024362306,999977
1784870378051398268,999977
1784870378302014036,999977
1784870378888767477,999977
1784870379049323701,999977
1784870379101011935,999977
1784870379115655291,999977
1784870379216618310,999977
1784870380029400584,999977
1784870381717976605,999977
1784870385161499946,999977
1784870387650319790,999977
1784870389926585688,999977
1784870390507654245,999977
1784870390996888114,999977
1784870391550232440,999977
1784870391870078868,999977
1784870392549793139,999977
1784870392988762579,999977
1784870393219937403,999977
1784870393276120819,999977
1784870394204504140,999977
1784870396554779346,999977
1784870397073623126,999977
1784870397774170277,999977
1784870398234185719,999977
1784870398285327865,999977
1784870398293569726,999977
1784870398374316047,999977
1784870398722383650,999977
1784870398760166272,999977
1784870398910694536,999977
1784870399282863663,999977
1784870399607729461,999977
1784870400025491991,999977
1784870400474583936,999977
1784870401106787491,999977
1784870401263205787,999977
1784870401279037682,999977
1784870401521768199,999977
1784870401600191935,999977
1784870402122725101,999977
1784870402631492675,999977
1784870403367793534,999977
1784870404386647304,999977
1784870404875593125,999977
1784870405417569020,999977
1784870405797742440,999977
1784870406076693511,999977
1784870406113696342,999977
1784870406250140998,999977
1784870406608630855,999977
1784870406799319915,999977
1784870406926417082,999977
1784870407141762126,999977
1784870407769664748,999977
1784870407899701659,999977
1784870408969996450,999977
1784870408985024810,999977
1784870409038568573,999977
1784870409080490641,999977
1784870409101470493,999977
1784870409131867760,999977
1784870409154795095,999977
1784870409240399476,999977
1784870409419152476,999977
1784870409793238314,999977
1784870409881506089,999977
1784870410595243669,999977
1784870411193972740,999977
1784870412102804400,999977
1784870412457357286,999977
1784870413876133268,999977
1784870414199329068,999977
1784870414310555708,999977
1784870414322438467,999977
1784870414413894483,999977
1784870414448254225,999977
1784870414466704146,999977
1784870414478349562,999977
1784870414488712246,999977
1784870414515200610,999977
1784870414543976409,999977
1784870414582913770,999977
1784870414608199999,999977
1784870414647662917,999977
1784870414771810655,999977
1784870414785136571,999977
1784870414832030200,999977
1784870414954178408,999977
1784870415072644511,999977
1784870415227878221,999977
1784870415343218911,999977
1784870415534929292,999977
1784870415805646639,999977
1784870417105850894,999977
1784870417875864635,999977
1784870418112712567,999977
1784870419185767562,999977
1784870419635806850,999977
1784870419988516296,999977
1784870421429472742,999977
1784870421947684298,999977
1784870422889868741,999977
1784870424093006880,999977
1784870424340833637,999977
1784870424857402378,999977
1784870425798043618,999977
1784870426014542216,999977
1784870426228718440,999977
1784870427215058330,999977
1784870427215642350,999977
1784870427216013479,999977
1784870427223523598,999977
1784870427227152641,999977
1784870427341576971,999977
1784870427491811199,999977
1784870427926656047,999977
1784870428605209947,999977
1784870429850318768,999977
1784870431481053481,999977
1784870432526797481,999977
1784870434380614340,999977
1784870434774523619,999977
1784870434776506052,999977
1784870435433934006,999977
1784870437069080267,999977
1784870441061358019,999977
1784870442006739648,999977
1784870442020440241,999977
1784870442246128636,999977
1784870442928091576,999977
1784870443179078218,999977
1784870443241359490,999977
1784870443249254573,999977
1784870444306158674,999977
1784870444708762130,999977
1784870444827766701,999977
1784870444839595412,999977
1784870444850729105,999977
1784870444936861513,999977
1784870445201653496,999977
1784870445451489831,999977
1784870445849893681,999977
1784870445933472121,999977
1784870446063661723,999977
1784870446759697398,999977
1784870446923900817,999977
1784870447250522964,999977
1784870449642230757,999977
1784870450955186677,999977
1784870450969979495,999977
1784870450999768061,999977
1784870451011270066,999977
1784870451045860334,999977
1784870451256294141,999977
1784870451363781918,999977
1784870451447310563,999977
1784870451480107312,999977
1784870451602715010,999977
1784870451814662494,999977
1784870452175935952,999977
1784870452408481014,999977
1784870453174635425,999977
1784870453280214748,999977
1784870454485873472,999977
1784870455029576407,999977
1784870455038949174,999977
1784870457115944992,999977
1784870459738179964,999977
1784870460437963225,999977
1784870461758468613,999977
1784870461826604646,999977
1784870461827130487,999977
1784870461848343744,999977
1784870461848543248,999977
1784870461862789057,999977
1784870461862929185,999977
1784870461896067468,999977
1784870462027037252,999977
1784870462086375282,999977
1784870462156798309,999977
1784870462791628510,999977
1784870464025373971,999977
1784870466088603716,999977
1784870466210418391,999977
1784870466234281286,999977
1784870466234510364,999977
1784870466249712206,999977
1784870466318496949,999977
1784870466453527110,999977
1784870466527934562,999977
1784870466619373738,999977
1784870467031453275,999977
1784870467204665203,999977
1784870467376564614,999977
1784870467752052143,999977
1784870468433597762,999977
1784870468808466439,999977
1784870468818715804,999977
1784870468818974823,999977
1784870468842541604,999977
1784870468879680236,999977
1784870468931045908,999977
1784870468971651729,999977
1784870469010944803,999977
1784870469039849412,999977
1784870469040144130,999977
1784870469056921693,999977
1784870469070822253,999977
1784870469081691447,999977
1784870469176740694,999977
1784870469285344548,999977
1784870469428344664,999977
1784870469558940060,999977
1784870469790361603,999977
1784870469949741801,999977
1784870470173786071,999977
1784870470341906524,999977
1784870470401343543,999977
1784870470651399419,999977
1784870470710476436,999977
1784870471104620672,999977
1784870471183728258,999977
1784870471254668735,999977
1784870471288660152,999977
1784870471497979627,999977
1784870471531095073,999977
1784870471883668073,999977
1784870472031968141,999977
1784870472421880192,999977
1784870472483947781,999977
1784870472944242999,999977
1784870473987528702,999977
1784870474869462232,999977
1784870475348623466,999977
1784870475726371876,999977
1784870476031336293,999977
1784870476263482221,999977
1784870476923760270,999977
1784870477148641316,999977
1784870477483170339,999977
1784870477884259300,999977
1784870478148991992,999977
1784870478482440374,999977
1784870478877456331,999977
1784870478981335274,999977
1784870479248974740,999977
1784870479618163697,999977
1784870480121537220,999977
1784870480373674016,999977
1784870480748660282,999977
1784870481031585829,999977
1784870481848650770,999977
1784870481962103927,999977
1784870482149738721,999977
1784870483197931948,999977
1784870484314528473,999977
1784870484449079573,999977
1784870484651279616,999977
1784870485910190090,999977
1784870486098594583,999977
1784870486294099615,999977
1784870486922947504,999977
1784870486925821211,999977
1784870487295937833,999977
1784870487354435571,999977
1784870487427589021,999977
1784870487461092552,999977
1784870487551628120,999977
1784870488452850860,999977
1784870489519191970,999977
1784870490890223881,999977
1784870491397333051,999977
1784870492347851083,999977
1784870492756904637,999977
1784870492802309923,999977
1784870492935171872,999977
1784870493967215149,999977
1784870494030942924,999977
1784870494173141123,999977
1784870494376892033,999977
1784870495531407368,999977
1784870496258481413,999977
1784870498554284724,999977
1784870499077603733,999977
1784870499156861694,999977
1784870499248952828,999977
1784870501666263682,999977
1784870502697156215,999977
1784870503047761536,999977
1784870503486175810,999977
1784870504065718138,999977
1784870504449092643,999977
1784870505949085678,999977
1784870507247774429,999977
1784870508122487072,999977
1784870508664364729,999977
1784870509853826562,999977
1784870510581208540,999977
1784870512348566318,999977
1784870512788573557,999977
1784870513577463077,999977
1784870513617724424,999977
1784870513718568139,999977
1784870513755289886,999977
1784870513772532390,999977
1784870513784528428,999977
1784870513801341972,999977
1784870513807321762,999977
1784870513836892245,999977
1784870513855397958,999977
1784870513885571646,999977
1784870513909047474,999977
1784870513933726138,999977
1784870513963063671,999977
1784870514093730984,999977
1784870514139078379,999977
1784870514228115488,999977
1784870514325780249,999977
1784870514375704011,999977
1784870514399260714,999977
1784870514575705619,999977
1784870514632810771,999977
1784870514670462399,999977
1784870514687243384,999977
1784870514687443902,999977
1784870514687630504,999977
1784870514712471565,999977
1784870514718413307,999977
1784870514941618405,999977
1784870515850649547,999977
1784870516221710244,999977
1784870516447470362,999977
1784870517412855536,999977
1784870518159874374,999977
1784870518842545288,999977
1784870519754695139,999977
1784870521671999231,999977
1784870521684924952,999977
1784870521698716925,999977
1784870521704703884,999977
1784870521737870529,999977
1784870521773182831,999977
1784870521922753172,999977
1784870522028636812,999977
1784870522242651310,999977
1784870522290888287,999977
1784870522938767408,999977
1784870523744198754,999977
1784870525746238279,999977
1784870525763306632,999977
1784870525940644126,999977
1784870526487710749,999977
1784870526602397179,999977
1784870527062480349,999977
1784870527572621838,999977
1784870527946330042,999977
1784870528572535281,999977
1784870529069319233,999977
1784870530264236027,999977
1784870530729124411,999977
1784870530905492681,999977
1784870531569262340,999977
1784870534319245956,999977
1784870535461062104,999977
1784870535674384781,999977
1784870536487271756,999977
1784870537047243191,999977
1784870537063562979,999977
1784870537590006894,999977
1784870537676871944,999977
1784870537677046014,999977
1784870537677285699,999977
1784870537716515658,999977
1784870537735024201,999977
1784870537768278068,999977
1784870537790519093,999977
1784870537809853767,999977
1784870537861864701,999977
1784870537998788697,999977
1784870538059798682,999977
1784870538609437678,999977
1784870538963796773,999977
1784870540079473870,999977
1784870540339996263,999977
1784870541874357529,999977
1784870543777124812,999977
1784870543870654383,999977
1784870544297760396,999977
1784870547140843464,999977
1784870548330014552,999977
1784870548721280603,999977
1784870549688953324,999977
1784870549755537809,999977
1784870550068421447,999977
1784870550094965515,999977
1784870550184388536,999977
1784870550772099664,999977
1784870551133578838,999977
1784870551271003843,999977
1784870553067714413,999977
1784870554377593625,999977
1784870554834461135,999977
1784870557228088584,999977
1784870557471441415,999977
1784870559071776540,999977
1784870560042069341,999977
1784870560116979820,999977
1784870560128704576,999977
1784870560144575293,999977
1784870560161224768,999977
1784870560174622428,999977
1784870560192903974,999977
1784870560228510864,999977
1784870560347158683,999977
1784870560383865532,999977
1784870560420052026,999977
1784870560499601588,999977
1784870560641618231,999977
1784870560759074359,999977
1784870560804031950,999977
1784870560834713183,999977
1784870561008552128,999977
1784870561368346760,999977
1784870561379527350,999977
1784870561386392874,999977
1784870561394779565,999977
1784870561418094126,999977
1784870561531559337,999977
1784870561695567969,999977
1784870561961157664,999977
1784870561988901619,999977
1784870562473054045,999977
1784870562999625769,999977
1784870563447433849,999977
1784870563641101861,999977
1784870563924967016,999977
1784870564248995530,999977
1784870564727940794,999977
1784870565014352236,999977
1784870566059445277,999977
1784870566340585664,999977
1784870567641748620,999977
1784870569979450833,999977
1784870572747509960,999977
1784870575002775144,999977
1784870575020080848,999977
1784870575026996145,999977
1784870575060208186,999977
1784870575083902278,999977
1784870575099316447,999977
1784870575152756291,999977
1784870575417897847,999977
1784870575660850792,999977
1784870575951705546,999977
1784870576543641407,999977
1784870578331890334,999977
1784870579886758310,999977
1784870580239602740,999977
1784870581209547418,999977
1784870581587957328,999977
1784870583391388564,999977
1784870583437450304,999977
1784870583695520243,999977
1784870584004987233,999977
1784870584945132707,999977
1784870585457676251,999977
1784870588757172513,999977
1784870588831027081,999977
1784870588834822453,999977
1784870588839194973,999977
1784870588840511243,999977
1784870588855922175,999977
1784870588860613337,999977
1784870588860802023,999976
1784870588861995381,999976
1784870588870489512,999976
1784870588988656793,999976
1784870589019524664,999976
1784870589057852669,999976
1784870589147707392,999976
1784870589256288533,999976
1784870589606936998,999976
1784870589879261995,999976
1784870590171945533,999976
1784870590868957188,999976
1784870591700421823,999976
1784870591773277052,999976
1784870593718509115,999976
1784870594509583176,999976
1784870594907751772,999976
1784870595422214305,999976
1784870595828146180,999976
1784870596349757571,999976
1784870596612590109,999976
1784870598047591769,999976
1784870598356485036,999976
1784870598379542761,999976
1784870598384614711,999976
1784870598390379585,999976
1784870598401322864,999976
1784870598572398153,999976
1784870598942686816,999976
1784870599153577647,999976
1784870599172372202,999976
1784870599312090703,999976
1784870599424653680,999976
1784870599438829658,999976
1784870599450646839,999976
1784870599516388702,999976
1784870599581338920,999976
1784870599692301944,999976
1784870599784991664,999976
1784870600884074271,999976
1784870601893916126,999976
1784870602358257629,999976
1784870602948078056,999976
1784870604112182133,999976
1784870604263291478,999976
1784870604274416485,999976
1784870604286000387,999976
1784870604327519457,999976
1784870604941635146,999976
1784870606353911962,999976
1784870606498856999,999976
1784870608395011639,999976
1784870608424059117,999976
1784870608527074831,999976
1784870608665382482,999976
1784870608796874938,999976
1784870609058717695,999976
1784870609698890150,999976
1784870609772249498,999976
1784870610077264781,999976
1784870610112779197,999976
1784870610314232706,999976
1784870610983051431,999976
1784870612437803995,999976
1784870614222693118,999976
1784870615814748693,999976
1784870615824839408,999976
1784870615856318286,999976
1784870616074578574,999976
1784870616752326701,999976
1784870617058613489,999976
1784870617384026510,999976
1784870617395244695,999976
1784870617399426723,999976
1784870617445721321,999976
1784870617705545759,999976
1784870617846570389,999976
1784870618545303847,999976
1784870619370834316,999976
1784870620353490413,999976
1784870622240472085,999976
1784870622516247187,999976
1784870623824635543,999976
1784870624286240219,999976
1784870626922367482,999976
1784870628269434337,999976
1784870628293031637,999976
1784870628428489415,999976
1784870630244255562,999976
1784870632967748639,999976
1784870635592584898,999976
1784870636006827881,999976
1784870636014612170,999976
1784870636051448707,999976
1784870636207607008,999976
1784870637957335748,999976
1784870639027229336,999976
1784870639628151349,999976
1784870639926366038,999976
1784870640860981576,999976
1784870641019336156,999976
1784870643717155191,999976
1784870644970356846,999976
1784870646526563156,999976
1784870648737856512,999976
1784870650865844806,999976
1784870651510470607,999976
1784870652258356190,999976
1784870653368572825,999976
1784870653425633930,999976
1784870653430273748,999976
1784870653439401887,999976
1784870653479417839,999976
1784870653547394352,999976
1784870653633993626,999976
1784870653767359540,999976
1784870653804480872,999976
1784870653945699949,999976
1784870654061448613,999976
1784870654183988930,999976
1784870654306407885,999976
1784870654657077722,999976
1784870654889292730,999976
1784870655039277344,999976
1784870655243365425,999976
1784870655777920299,999976
1784870656147176514,999976
1784870656346696812,999976
1784870657308275774,999976
1784870658207989649,999976
1784870659120287006,999976
1784870659130981697,999976
1784870659147168156,999976
1784870659157399873,999976
1784870659164676508,999976
1784870659184512854,999976
1784870659285224921,999976
1784870659330548732,999976
1784870659459513671,999976
1784870660227843966,999976
1784870663417207272,999976
1784870664978009689,999976
1784870667729338207,999976
1784870667836398295,999976
1784870668678748778,999976
1784870669919061972,999976
1784870671275678938,999976
1784870675719912383,999976
1784870675815637761,999976
1784870676165432332,999976
1784870676478131592,999976
1784870676782775232,999976
1784870677554809136,999976
1784870677938503299,999976
1784870679735869541,999976
1784870681281789129,999976
1784870681307817331,999976
1784870681331911517,999976
1784870681861144861,999976
1784870686581703460,999976
1784870686728914333,999976
1784870691205946486,999976
1784870691757473602,999976
1784870691807090647,999976
1784870693229304693,999976
1784870698906164296,999976
1784870699236800701,999976
1784870699247667060,999976
1784870699263971986,999976
1784870699276336948,999976
1784870699287682758,999976
1784870699299348892,999976
1784870699313106504,999976
1784870699331910810,999976
1784870699341685506,999976
1784870699373359477,999976
1784870699385070339,999976
1784870699403907507,999976
1784870699431765340,999976
1784870699443697173,999976
1784870699451235951,999976
1784870699476287932,999976
1784870699502335781,999976
1784870699520555445,999976
1784870699533960670,999976
1784870699546959398,999976
1784870699547400215,999976
1784870699557983333,999976
1784870699573414975,999976
1784870699573644447,999976
1784870699585534732,999976
1784870699621586324,999976
1784870699638821591,999976
1784870699736377023,999976
1784870699769080341,999976
1784870699920294497,999976
1784870700044924558,999976
1784870700140341441,999976
1784870700387353257,999976
1784870700982346816,999976
1784870701123438855,999976
1784870701335464062,999976
1784870701356257147,999976
1784870701366668693,999976
1784870701382752977,999976
1784870701406830341,999976
1784870701419199005,999976
1784870701439968428,999976
1784870701460292278,999976
1784870701483827497,999976
1784870701493024905,999976
1784870701520940924,999976
1784870701630129576,999976
1784870702031300322,999976
1784870702246427897,999976
1784870702531415838,999976
1784870703066584307,999976
1784870703431026249,999976
1784870703646125329,999976
1784870703764316188,999976
1784870703815004460,999976
1784870703977170914,999976
1784870704250136223,999976
1784870704969879374,999976
1784870705247699972,999976
1784870706214120580,999976
1784870706980478302,999976
1784870707145670106,999976
1784870707320230026,999976
1784870707417437084,999976
1784870707502344779,999976
1784870707646710179,999976
1784870707875399618,999976
1784870708096392476,999976
1784870708416945831,999976
1784870708653273842,999976
1784870709190622588,999976
1784870709203701987,999976
1784870709209158939,999976
1784870709227028435,999976
1784870709241095260,999976
1784870709260545754,999976
1784870709273183356,999976
1784870709405453636,999976
1784870709559211414,999976
1784870709578989185,999976
1784870709707969911,999976
1784870709708435481,999976
1784870709708875261,999976
1784870709709270462,999976
1784870709727000957,999976
1784870709783608637,999976
1784870709968067450,999976
1784870709973025674,999976
1784870709973188742,999976
1784870710004688415,999976
1784870710049807137,999976
1784870710111498785,999976
1784870710306565779,999976
1784870710440094283,999976
1784870710446845741,999976
1784870710469532054,999976
1784870710521407839,999976
1784870710646797856,999976
1784870710694001065,999976
1784870710704382180,999976
1784870710849266711,999976
1784870710849448736,999976
1784870710900792497,999976
1784870711029012604,999976
1784870711292744486,999976
1784870711499961162,999976
1784870711555605149,999976
1784870711644757300,999976
1784870711867289843,999976
1784870711914528502,999976
1784870712183998228,999976
1784870712365652082,999976
1784870712441979930,999976
1784870712556432783,999976
1784870712849927150,999976
1784870712969707019,999976
1784870712978699001,999976
1784870712984667458,999976
1784870713098514103,999976
1784870713434455737,999976
1784870713579813273,999976
1784870714075444264,999976
1784870714540449640,999976
1784870714779974757,999976
1784870715002258902,999976
1784870715094298614,999976
1784870715278663196,999976
1784870715436079174,999976
1784870715676059495,999976
1784870716231325220,999976
1784870717277067149,999976
1784870717304756941,999976
1784870717319283635,999976
1784870717330289774,999976
1784870717341425656,999976
1784870717405788654,999976
1784870717476302451,999976
1784870717481488923,999976
1784870717547153915,999976
1784870717551664682,999976
1784870717623596487,999976
1784870717623757055,999976
1784870717785477346,999976
1784870717875189142,999976
1784870718348485930,999976
1784870718357261678,999976
1784870718449670621,999976
1784870718488568442,999976
1784870718616142306,999976
1784870719026954584,999976
1784870719696212810,999976
1784870720641270653,999976
1784870721353136509,999976
1784870722009327823,999976
1784870723183112219,999976
1784870723190783129,999976
1784870723389356312,999976
1784870723875007645,999976
1784870723884811713,999976
1784870723972611504,999976
1784870724202831861,999976
1784870724574882701,999976
1784870724768109532,999976
1784870724846098445,999976
1784870724877783826,999976
1784870724914931921,999976
1784870724985345646,999976
1784870725010447844,999976
1784870725364116006,999976
1784870725932710048,999976
1784870727110692321,999976
1784870727459405402,999976
1784870727898708671,999976
1784870728162811401,999976
1784870728551734670,999976
1784870728589890768,999976
1784870730375633605,999976
1784870731827836734,999976
1784870734271320837,999976
1784870734590173523,999976
1784870735284464515,999976
1784870735759552249,999976
1784870736920672091,999976
1784870737872128392,999976
1784870738632072429,999976
1784870740874130274,999976
1784870742872841904,999976
1784870743800168782,999976
1784870744870768304,999976
1784870745181495367,999976
1784870746078264476,999976
1784870746325364714,999976
1784870748930233500,999976
1784870749872138046,999976
1784870750362608604,999976
1784870750876274807,999976
1784870750894245033,999976
1784870750983035346,999976
1784870751875014505,999976
1784870752824615852,999976
1784870753883671162,999976
1784870753888994494,999976
1784870754276643483,999976
1784870755797440826,999976
1784870756922003721,999976
1784870758018221328,999976
1784870758577572515,999976
1784870760871210567,999976
1784870761159169282,999976
1784870762038883723,999976
1784870763442762720,999976
1784870764874532012,999976
1784870764887070917,999976
1784870764902876722,999976
1784870764919299353,999976
1784870764919585962,999976
1784870764949465704,999976
1784870764967895894,999976
1784870764997761590,999976
1784870765470003869,999976
1784870765694738663,999976
1784870765713900498,999976
1784870765839049675,999976
1784870766565998177,999976
1784870767067857493,999976
1784870767361234218,999976
1784870767415837572,999976
1784870767616211342,999976
1784870767940093926,999976
1784870768045291238,999976
1784870768170536594,999976
1784870768219119731,999976
1784870768309064111,999976
1784870768335950416,999976
1784870768371943313,999976
1784870768423646258,999976
1784870768592311230,999976
1784870768630601312,999976
1784870768788995721,999976
1784870768873304963,999976
1784870769111076589,999976
1784870769621702573,999976
1784870770022844566,999976
1784870770973243204,999976
1784870771670463219,999976
1784870771804672935,999976
1784870771850499271,999976
1784870771901219426,999976
1784870771983250094,999976
1784870772427293695,999976
1784870773508024023,999976
1784870774303895258,999976
1784870775441125565,999976
1784870775763171281,999976
1784870775870850661,999976
1784870776117021841,999976
1784870776264378072,999976
1784870777073339879,999976
1784870777208129042,999976
1784870777693595891,999976
1784870777918678448,999976
1784870777935679055,999976
1784870777951180413,999976
1784870778041194532,999976
1784870778191313383,999976
1784870778386794772,999976
1784870780274311017,999976
1784870781778960006,999976
1784870783570403303,999976
1784870784246967395,999976
1784870788820158175,999976
1784870790757037070,999976
1784870792065049299,999976
1784870794871380318,999976
1784870795321160688,999976
1784870797872401444,999976
1784870798320328617,999976
1784870798523519512,999976
1784870800870583368,999976
1784870801219752697,999976
1784870802719739594,999976
1784870807662539050,999976
1784870807825307571,999976
1784870810247870175,999976
1784870812341210881,999976
1784870812983643497,999976
1784870813046662021,999976
1784870813061475255,999976
1784870813111205469,999976
1784870813248963555,999976
1784870813563797871,999976
1784870814015318719,999976
1784870814536841099,999976
1784870815015960620,999976
1784870815515100634,999976
1784870815533643140,999976
1784870815539300785,999976
1784870815572218354,999976
1784870815670202393,999976
1784870815974949894,999976
1784870816588760838,999976
1784870816673951568,999976
1784870818541861828,999976
1784870819680332711,999976
1784870819738262817,999976
1784870820045204488,999976
1784870820179614718,999976
1784870820206558803,999976
1784870820253552449,999976
1784870820355179334,999976
1784870820418592073,999976
1784870820603143174,999976
1784870821007079341,999976
1784870821476003892,999976
1784870821710795238,999976
1784870821806986509,999976
1784870822127401077,999976
1784870823954264360,999976
1784870824359617919,999976
1784870826554843049,999976
1784870826596603733,999976
1784870826610533302,999976
1784870826642857121,999976
1784870826710796431,999976
1784870826920149039,999976
1784870827175550045,999976
1784870827624621473,999976
1784870827796574724,999976
1784870828124983148,999976
1784870828277492247,999976
1784870828366490409,999976
1784870828867604054,999976
1784870829331148862,999976
1784870830410759300,999976
1784870830965733307,999976
1784870831411335358,999976
1784870833613128578,999976
1784870833631403987,999976
1784870833677895336,999976
1784870834379878556,999976
1784870836920718284,999976
1784870839929293651,999976
1784870840445082986,999976
1784870840522886365,999976
1784870841292348093,999976
1784870842935237788,999976
1784870843366271928,999976
1784870843397749572,999976
1784870843408678316,999976
1784870844173076297,999976
1784870846737924697,999976
1784870847188082077,999976
1784870848662439771,999976
1784870849346374102,999976
1784870853982852104,999976
1784870860109656846,999976
1784870861506725557,999976
1784870861538880532,999976
1784870861562252976,999976
1784870861790463101,999976
1784870862115788094,999976
1784870864202565458,999976
1784870864558744686,999976
1784870865065356014,999976
1784870865358656957,999976
1784870867918256695,999976
1784870872456055591,999976
1784870874660816026,999976
1784870880529182377,999976
1784870883454205231,999976
1784870884019469809,999976
1784870885350186143,999976
1784870886197876532,999976
1784870886263395010,999976
1784870886348555477,999976
1784870886355939219,999976
1784870886365236636,999976
1784870886921502061,999976
1784870886921719765,999976
1784870887008743290,999976
1784870888743968156,999976
1784870890491434339,999976
1784870890496010653,999976
1784870891742257298,999976
1784870894326723374,999976
1784870894434801814,999976
1784870894460667729,999976
1784870894477813585,999976
1784870894794258343,999976
1784870895204330572,999976
1784870895557949414,999976
1784870896916618545,999976
1784870897508122767,999976
1784870898714953680,999976
1784870898816321756,999976
1784870898829926589,999976
1784870898894219312,999976
1784870899054269113,999976
1784870901242466898,999976
1784870901509086734,999976
1784870902148885426,999976
1784870902208847627,999976
1784870906528739331,999976
1784870907379067312,999976
1784870907380695729,999976
1784870907380910488,999975
1784870907383072378,999975
1784870907478711206,999975
1784870907658916079,999975
1784870908091668613,999975
1784870908393852400,999975
1784870908404277102,999975
1784870908445050229,999975
1784870908603408553,999975
1784870908946614000,999975
1784870908994539670,999975
1784870909053576938,999975
1784870909183149135,999975
1784870909647377902,999975
1784870910163945269,999975
1784870910814145277,999975
1784870911101114828,999975
1784870913141922059,999975
1784870914852550202,999975
1784870916091379407,999975
1784870916242127827,999975
1784870917834355144,999975
1784870918052628853,999975
1784870919586241747,999975
1784870921279115793,999975
1784870925332034577,999975
1784870927739397260,999975
1784870931422342921,999975
1784870934875020085,999975
1784870939137267380,999975
1784870946918557363,999975
1784870952481998264,999975
1784870954976179872,999975
1784870962565338436,999975
1784870966008898015,999975
1784870966419604198,999975
1784870966429175934,999975
1784870966443682538,999975
1784870966476237617,999975
1784870966502289739,999975
1784870966582930477,999975
1784870967247137803,999975
1784870967472418334,999975
1784870970184544564,999975
1784870974899190577,999975
1784870976454570742,999975
1784870977820365698,999975
1784870978424815849,999975
1784870981326512312,999975
1784870983987412997,999975
1784870984083994997,999975
1784870984096900847,999975
1784870984100332944,999975
1784870984106402263,999975
1784870984107720233,999975
1784870984123008231,999975
1784870984134375324,999975
1784870984274211368,999975
1784870984550234377,999975
1784870984759630180,999975
1784870986509923633,999975
1784870988584756154,999975
1784870992585418663,999975
1784870992601504171,999975
1784870993076680226,999975
1784870993442726144,999975
1784870994070891582,999975
1784870994090362000,999975
1784870994240109374,999975
1784870995070457803,999975
1784870995319827831,999975
1784870996061882872,999975
1784870996108637817,999975
1784870997450688161,999975
1784870999913331079,999975
1784871000388311313,999975
1784871000503096264,999975
1784871001286054094,999975
1784871001653241765,999975
1784871002218621270,999975
1784871003577507163,999975
1784871003904305980,999975
1784871004971574145,999975
1784871005743220209,999975
1784871006042251534,999975
1784871007167982882,999975
1784871008658854945,999975
1784871009533415625,999975
1784871010355439284,999975
1784871010869101664,999975
1784871011182170090,999975
1784871011631050511,999975
1784871011649771409,999975
1784871011706509499,999975
1784871011706747022,999975
1784871011706942845,999975
1784871011707135087,999975
1784871011707373709,999975
1784871011727748001,999975
1784871011809177440,999975
1784871011877147797,999975
1784871012004112901,999975
1784871012125928388,999975
1784871012336644286,999975
1784871012557364486,999975
1784871012701439928,999975
1784871013039333246,999975
1784871013669111948,999975
1784871016348227499,999975
1784871016522941192,999975
1784871016545119008,999975
1784871017255868448,999975
1784871020119530787,999975
1784871021576721106,999975
1784871023480028389,999975
1784871023916111183,999975
1784871025687085105,999975
1784871026263640158,999975
1784871027697528927,999975
1784871028094173568,999975
1784871029379268774,999975
1784871029945793404,999975
1784871030070567495,999975
1784871031228221167,999975
1784871031455166747,999975
1784871034749248560,999975
1784871035360301326,999975
1784871036606651287,999975
1784871037229564660,999975
1784871038051097651,999975
1784871038122333185,999975
1784871038146962401,999975
1784871038402123293,999975
1784871038865947188,999975
1784871039317484075,999975
1784871039551756197,999975
1784871040051048894,999975
1784871041581425793,999975
1784871041981846472,999975
1784871046173300892,999975
1784871049430007876,999975
1784871052335376715,999975
1784871055004020119,999975
1784871058085533756,999975
1784871059663900715,999975
1784871060117379839,999975
1784871061805230333,999975
1784871062153831845,999975
1784871062251787810,999975
1784871066171500886,999975
1784871067878515676,999975
1784871069009096109,999975
1784871072100625159,999975
1784871073261681342,999975
1784871075292530187,999975
1784871077141727938,999975
1784871081310766068,999975
1784871084116719293,999975
1784871085058994554,999975
1784871086038756581,999975
1784871087625855762,999975
1784871089217739413,999975
1784871092056886621,999975
1784871100232541031,999975
1784871107993817231,999975
1784871109673522755,999975
1784871109875327917,999975
1784871109890627163,999975
1784871109913471917,999975
1784871109955040709,999975
1784871110239008316,999975
1784871110920547962,999975
1784871111085493431,999975
1784871112867882228,999975
1784871114312840229,999975
1784871119379314031,999975
1784871121545424071,999975
1784871122686474676,999975
1784871124743073789,999975
1784871124778353239,999975
1784871125071884086,999975
1784871126975249546,999975
1784871127994934504,999975
1784871128963579563,999975
1784871129580174592,999975
1784871129606869113,999975
1784871130074535248,999975
1784871131426448788,999975
1784871131612863526,999975
1784871133800240765,999975
1784871134554408887,999975
1784871136423093056,999975
1784871139664245630,999975
1784871142959115826,999975
1784871145014362562,999975
1784871145873384059,999975
1784871147436273343,999975
1784871147471296301,999975
1784871147912964786,999975
1784871149710503535,999975
1784871150058334025,999975
1784871150875652291,999975
1784871152658842259,999975
1784871153205641983,999975
1784871156191662085,999975
1784871156296348947,999975
1784871157877767859,999975
1784871158325223969,999975
1784871158886478001,999975
1784871162292714298,999975
1784871163396922307,999975
1784871164401384603,999975
1784871168486507405,999975
1784871169878817261,999975
1784871170343201465,999975
1784871171534579881,999975
1784871172140713487,999975
1784871173169036801,999975
1784871173936776642,999975
1784871173967809675,999975
1784871174090117978,999975
1784871174508232534,999975
1784871175089180825,999975
1784871177049449899,999975
1784871177100518478,999975
1784871177104552391,999975
1784871177180362780,999975
1784871177404185730,999975
1784871178433786719,999975
1784871179889498173,999975
1784871181078509128,999975
1784871182466366826,999975
1784871185061248813,999975
1784871185198509506,999975
1784871187167799152,999975
1784871190066257527,999975
1784871191948819731,999975
1784871193570810466,999975
1784871194600614074,999975
1784871194898654661,999975
1784871195234909856,999975
1784871195385525183,999975
1784871195676966783,999975
1784871195690579445,999975
1784871195690766374,999974
1784871195696831040,999974
1784871195698653286,999974
1784871195698793282,999974
1784871195698924613,999974
1784871195708622853,999974
1784871195756027777,999974
1784871195830398713,999974
1784871195906951908,999974
1784871196064408100,999974
1784871196252287667,999974
1784871196290901634,999974
1784871196557002325,999974
1784871196928315918,999974
1784871196928637158,999974
1784871196928917976,999974
1784871196929168241,999974
1784871196929441624,999974
1784871196929878541,999974
1784871196984496455,999974
1784871197039412547,999974
1784871197372451265,999974
1784871198039880041,999974
1784871198281308186,999974
1784871198849252858,999974
1784871199022224997,999974
1784871199260569344,999974
1784871199864201330,999974
1784871200016507414,999974
1784871200340558172,999974
1784871200888285482,999974
1784871202019603541,999974
1784871203006322520,999974
1784871203239640323,999974
1784871203352318467,999974
1784871203918749511,999974
1784871205413387072,999974
1784871206047447475,999974
1784871207067703559,999974
1784871208822110729,999974
1784871208823923404,999974
1784871208869030571,999974
1784871208974806086,999974
1784871209331776006,999974
1784871209914420789,999974
1784871211081895801,999974
1784871214267099818,999974
1784871215280730452,999974
1784871216641815373,999974
1784871216641815373,999974
1784871216647633036,999974
1784871216651963454,999974
1784871216914451689,999974
1784871216915005643,999974
1784871216958448079,999974
1784871217159390699,999974
1784871218094478843,999974
1784871219611179773,999974
1784871219611359868,999974
1784871219611536329,999974
1784871219632054329,999974
1784871219890189116,999974
1784871220868287094,999974
1784871221169386474,999974
1784871221473672125,999974
1784871222206825971,999974
1784871225200189295,999974
1784871226019723786,999974
1784871226322881594,999974
1784871227484217126,999974
1784871227519305453,999974
1784871227545697414,999974
1784871227591403202,999974
1784871227866913882,999974
1784871228140469662,999974
1784871228152266272,999974
1784871228170518996,999974
1784871228176539512,999974
1784871228232903480,999974
1784871228300773192,999974
1784871228335101942,999974
1784871228365812812,999974
1784871228396502956,999974
1784871228530782483,999974
1784871228578887596,999974
1784871228674462614,999974
1784871228731632293,999974
1784871229110506575,999974
1784871229453141467,999974
1784871229471955109,999974
1784871229564237400,999974
1784871229597903632,999974
1784871229663472286,999974
1784871229905660249,999974
1784871233012750877,999974
1784871233539396999,999974
1784871234138681023,999974
1784871234739628711,999974
1784871234824856788,999974
1784871235167404243,999974
1784871235840140988,999974
1784871236234971508,999974
1784871237220388241,999974
1784871237251361295,999974
1784871239182225017,999974
1784871241065711961,999974
1784871241400973645,999974
1784871241437023037,999974
1784871241455571219,999974
1784871241469011371,999974
1784871241546375195,999974
1784871241573446627,999974
1784871241581436817,999974
1784871241613521128,999974
1784871241632508545,999974
1784871241685353501,999974
1784871241764749407,999974
1784871241832895823,999974
1784871241852127863,999974
1784871241868456216,999974
1784871242069694077,999974
1784871242116603056,999974
1784871242700233239,999974
1784871244627082085,999974
1784871245234935075,999974
1784871246489019781,999974
1784871247518514383,999974
1784871247598686564,999974
1784871247907837375,999974
1784871247908013321,999974
1784871248161437002,999974
1784871249720337307,999974
1784871250945040059,999974
1784871252074315149,999974
1784871255375851006,999974
1784871256641366790,999974
1784871258412459225,999974
1784871258643775973,999974
1784871259135804135,999974
1784871259317920151,999974
1784871259531173894,999974
1784871260060216418,999974
1784871262045099382,999974
1784871262280088763,999974
1784871263139412562,999974
1784871264440412302,999974
1784871265386740304,999974
1784871265414813560,999974
1784871265486071851,999974
1784871265612913224,999974
1784871265820054777,999974
1784871267090391272,999974
1784871267112378745,999974
1784871267127348787,999974
1784871267257158479,999974
1784871267488418095,999974
1784871269044517960,999974
1784871269908028473,999974
1784871270006282382,999974
1784871270018660072,999974
1784871270026984406,999974
1784871270041939133,999974
1784871270056839452,999974
1784871270079051832,999974
1784871270153194641,999974
1784871270265039004,999974
1784871270314654843,999974
1784871270325522933,999974
1784871270330928539,999974
1784871270335517618,999974
1784871270458365880,999974
1784871270982839377,999974
1784871271749739481,999974
1784871271756490502,999974
1784871271763813005,999974
1784871271769379523,999974
1784871271777762861,999974
1784871271788170088,999974
1784871271806672777,999974
1784871271844360297,999974
1784871271913241555,999974
1784871271963803808,999974
1784871272084896468,999974
1784871272123100430,999974
1784871272216151691,999974
1784871272815087370,999974
1784871274101439996,999974
1784871274348916039,999974
1784871274397213942,999974
1784871275772218789,999974
1784871276116574460,999974
1784871276151154912,999974
1784871276300249800,999974
1784871276739386931,999974
1784871277014583396,999974
1784871277238139318,999974
1784871277465718736,999974
1784871277872232434,999974
1784871279302765506,999974
1784871280015957620,999974
1784871280857102153,999974
1784871280865270310,999974
1784871280878407303,999974
1784871280878604980,999974
1784871280894939954,999974
1784871280901127240,999974
1784871280927881026,999974
1784871280948449248,999974
1784871280948631601,999974
1784871280956165258,999974
1784871280994890061,999974
1784871281010794009,999974
1784871281030369119,999974
1784871281045618881,999974
1784871281157042868,999974
1784871281516472159,999974
1784871282128326082,999974
1784871282698434841,999974
1784871284234164910,999974
1784871284308491426,999974
1784871284327404219,999974
1784871284480862683,999974
1784871284664204626,999974
1784871285081346295,999974
1784871285140687515,999974
1784871286064427928,999974
1784871286142249438,999974
1784871286152615241,999974
1784871286190317656,999974
1784871286213400148,999974
1784871286225858044,999974
1784871286232157216,999974
1784871286272910438,999974
1784871286325320366,999974
1784871286440392591,999974
1784871286912553402,999974
1784871287129263509,999974
1784871287726618876,999974
1784871287819281925,999974
1784871287858697695,999974
1784871287974878173,999974
1784871289126488804,999974
1784871290418268298,999974
1784871290812528226,999974
1784871291288333362,999974
1784871291887115216,999974
1784871292890207532,999974
1784871293133386706,999974
1784871294938521110,999974
1784871297998779828,999974
1784871299369157206,999974
1784871300058189419,999974
1784871300183691010,999974
1784871300200043787,999974
1784871300219273361,999974
1784871300237836715,999974
1784871300248440329,999974
1784871300286988345,999974
1784871300340275655,999974
1784871300376549613,999974
1784871300483071456,999974
1784871300566634294,999974
1784871300638991091,999974
1784871300725806988,999974
1784871301131719754,999974
1784871301902452163,999974
1784871302943183754,999974
1784871304329212316,999974
1784871304776410554,999974
1784871305886124093,999974
1784871305943657945,999974
1784871305944234143,999974
1784871305946180209,999974
1784871305953349985,999974
1784871305963823920,999974
1784871306025108697,999974
1784871306335563025,999974
1784871307049645770,999974
1784871307385768485,999974
1784871309060919775,999974
1784871309077242626,999974
1784871309091467753,999974
1784871309096010055,999974
1784871309105719864,999974
1784871309145957923,999974
1784871309666413872,999974
1784871310416937980,999974
1784871310779052204,999974
1784871311181884396,999974
1784871311318443123,999974
1784871311350777345,999974
1784871311524468874,999974
1784871312959656705,999974
1784871313232329625,999974
1784871313368433787,999974
1784871313865433474,999974
1784871314241906462,999974
1784871315010296047,999974
1784871315058921700,999974
1784871315203323597,999974
1784871315307985095,999974
1784871315739596521,999974
1784871316107687323,999974
1784871317267630893,999974
1784871317434402365,999974
1784871317536105885,999974
1784871317564276898,999974
1784871317587388647,999974
1784871318036035464,999974
1784871318867878872,999974
1784871319367306051,999974
1784871319848960265,999974
1784871319858628723,999974
1784871319865799465,999974
1784871319911512439,999974
1784871319953563711,999974
1784871320474385550,999974
1784871321074506146,999974
1784871321087265917,999974
1784871321122376788,999974
1784871321138726762,999974
1784871321139015393,999974
1784871321150429936,999974
1784871321287234220,999974
1784871321567155915,999974
1784871322121853856,999974
1784871322601611699,999974
1784871323332085637,999974
1784871323466499955,999974
1784871323997830281,999974
1784871324254387012,999974
1784871324414988562,999974
1784871325136037343,999974
1784871325271970526,999974
1784871325969291833,999974
1784871326863673190,999974
1784871329343127922,999974
1784871329903076662,999974
1784871331044530443,999974
1784871332864386166,999974
1784871334076970701,999974
1784871335219785707,999974
1784871335864658950,999974
1784871337615573300,999974
1784871337619826004,999974
1784871337681737650,999974
1784871337863988785,999974
1784871338520737019,999974
1784871339112286326,999974
1784871341296417359,999974
1784871341733599791,999974
1784871341826870624,999974
1784871343401646044,999974
1784871344193706854,999974
1784871345008426000,999974
1784871345169086116,999974
1784871348768861884,999974
1784871350176628244,999974
1784871351399959584,999974
1784871351418720908,999974
1784871351607517337,999974
1784871352686376270,999974
1784871354246250748,999974
1784871355587041927,999974
1784871356783653036,999974
1784871357834819730,999974
1784871360494933822,999974
1784871360796571842,999974
1784871362860720602,999974
1784871363584105528,999974
1784871364671377121,999974
1784871365867859466,999974
1784871366620266483,999974
1784871367046146714,999974
1784871367301269397,999974
1784871367968089421,999974
1784871369861258971,999974
1784871370843843112,999974
1784871371310704251,999974
1784871372083715545,999974
1784871373016224373,999974
1784871375700092385,999974
1784871377587061581,999974
1784871378874481685,999974
1784871380406043974,999974
1784871381237207651,999974
1784871382091084755,999974
1784871383257967232,999974
1784871385350839754,999974
1784871386213642995,999974
1784871388872580900,999974
1784871389860754105,999974
1784871390398262574,999974
1784871392280372084,999974
1784871393377791881,999974
1784871395015045344,999974
1784871395356730194,999974
1784871396763887952,999974
1784871396913774527,999974
1784871396913902021,999974
1784871396914143957,999974
1784871396914278188,999974
1784871397016179526,999974
1784871397056977388,999974
1784871397191289309,999974
1784871398154798832,999974
1784871399870413101,999974
1784871400917114476,999974
1784871400931154443,999974
1784871400953046832,999974
1784871400971973874,999974
1784871401069727275,999974
1784871401350480744,999974
1784871401375155215,999974
1784871401687046717,999974
1784871402417967121,999974
1784871404785319122,999974
1784871407410827778,999974
1784871409009995368,999974
1784871409010363330,999974
1784871411863376741,999974
1784871413277424917,999974
1784871414009130931,999974
1784871415099921905,999974
1784871416344491151,999974
1784871416408362620,999974
1784871416418609008,999974
1784871416703508622,999974
1784871417319322409,999974
1784871418006654236,999974
1784871419006481145,999974
1784871422667621405,999974
1784871424075295919,999974
1784871424605826519,999974
1784871426987974022,999974
1784871429738481532,999974
1784871429978149632,999974
1784871431389952099,999974
1784871431412746088,999974
1784871431421288943,999974
1784871431589931611,999974
1784871431875677050,999974
1784871432509695885,999974
1784871433162420065,999974
1784871433223773626,999974
1784871433895518601,999974
1784871435200755334,999974
1784871435406659725,999974
1784871435406849317,999974
1784871435416394235,999974
1784871435548171767,999974
1784871435977753744,999974
1784871436707052639,999974
1784871436733079344,999974
1784871436764911160,999974
1784871436783220406,999974
1784871436914576870,999974
1784871436915030325,999974
1784871436918852158,999974
1784871436919065647,999974
1784871437090087222,999974
1784871437149531589,999974
1784871437207083054,999974
1784871437449861138,999974
1784871437689028809,999974
1784871439573644794,999974
1784871442249557599,999974
1784871445422285964,999974
1784871445569745649,999974
1784871445733435771,999974
1784871446003478482,999974
1784871446412008747,999974
1784871446444711707,999974
1784871446561020552,999974
1784871446569119676,999974
1784871446634434011,999974
1784871447400352427,999974
1784871447443919706,999974
1784871447908131385,999974
1784871448305246850,999974
1784871448358010664,999974
1784871448677392074,999974
1784871449925515988,999974
1784871450814151945,999974
1784871450827579703,999973
1784871450920732144,999973
1784871451064863465,999973
1784871451464485229,999973
1784871452554676372,999973
1784871453121567233,999973
1784871453427271635,999973
1784871453896656877,999973
1784871454819825112,999973
1784871456034230033,999973
1784871456076610549,999973
1784871456091820815,999973
1784871456105034914,999973
1784871456136591031,999973
1784871456226762214,999973
1784871456476295423,999973
1784871456528568193,999973
1784871456735833905,999973
1784871457513944852,999973
1784871460064618195,999973
1784871461338675526,999973
1784871461395623944,999973
1784871462136064723,999973
1784871465863071181,999973
1784871468983962245,999973
1784871469069157843,999973
1784871469113723954,999973
1784871469266308678,999973
1784871469580170523,999973
1784871469715208733,999973
1784871470866434219,999973
1784871473448892931,999973
1784871476445817775,999973
1784871479115632449,999973
1784871481481683315,999973
1784871483083842431,999973
1784871483175745518,999973
1784871483209103602,999973
1784871483278839069,999973
1784871483546601631,999973
1784871484516775468,999973
1784871485341419298,999973
1784871485770277147,999973
1784871487425819323,999973
1784871488979668311,999973
1784871490298298676,999973
1784871491124534107,999973
1784871491146818660,999973
1784871491156413057,999973
1784871491168476774,999973
1784871491177260606,999973
1784871491213002254,999973
1784871491296667484,999973
1784871491446959402,999973
1784871491454768341,999973
1784871491460038102,999973
1784871491619996167,999973
1784871491749515031,999973
1784871491940036024,999973
1784871492352778234,999973
1784871492584752025,999973
1784871492817238350,999973
1784871492830361205,999973
1784871492851916694,999973
1784871492872353584,999973
1784871492883204581,999973
1784871492904498372,999973
1784871492914695839,999973
1784871492935463382,999973
1784871492959552199,999973
1784871492975324407,999973
1784871493010253297,999973
1784871493022357749,999973
1784871493026418808,999973
1784871493066886188,999973
1784871493196073728,999973
1784871493481538326,999973
1784871493966401994,999973
1784871496125459691,999973
1784871496257639413,999973
1784871496351593172,999973
1784871496603545315,999973
1784871497072747553,999973
1784871498309348273,999973
1784871498338814630,999973
1784871498360360149,999973
1784871498861820539,999973
1784871499377218060,999973
1784871499540250119,999973
1784871499625762952,999973
1784871499888508350,999973
1784871500867652678,999973
1784871501865830874,999973
1784871503627015720,999973
1784871503833048554,999973
1784871503932242331,999973
1784871504320486671,999973
1784871505861760705,999973
1784871507996558612,999973
1784871509252017746,999973
1784871509270474277,999973
1784871509273939759,999973
1784871509274182379,999973
1784871509275793234,999973
1784871509280913447,999973
1784871509283106161,999973
1784871509293052277,999973
1784871509300126378,999973
1784871509315116139,999973
1784871509326354568,999973
1784871509337858089,999973
1784871509423413449,999973
1784871509470396119,999973
1784871509489593170,999973
1784871509845875682,999973
1784871510669683372,999973
1784871510723887014,999973
1784871511397456555,999973
1784871512781353585,999973
1784871513160089814,999973
1784871514132500302,999973
1784871514511514157,999973
1784871515615204015,999973
1784871515889548722,999973
1784871517154151253,999973
1784871517640837294,999973
1784871518696819123,999973
1784871518873268010,999973
1784871519063946054,999973
1784871519073625277,999973
1784871519077423290,999973
1784871519155495381,999973
1784871519226753942,999973
1784871520786228696,999973
1784871521241005143,999973
1784871521384863695,999973
1784871523022767199,999973
1784871523028541032,999973
1784871523042712350,999973
1784871523056301040,999973
1784871523070909357,999973
1784871523090401103,999973
1784871523177020327,999973
1784871523224229951,999973
1784871523353437423,999973
1784871524132647251,999973
1784871525666921567,999973
1784871525820731549,999973
1784871526091428049,999973
1784871526267431064,999973
1784871526394300071,999973
1784871526418528333,999973
1784871526547417796,999973
1784871526574987406,999973
1784871526715141237,999973
1784871526736276915,999973
1784871526914243863,999973
1784871526998598639,999973
1784871527138382094,999973
1784871527182884934,999973
1784871527294731945,999973
1784871527339519615,999973
1784871527594422504,999973
1784871527750864879,999973
1784871528376285972,999973
1784871528537538873,999973
1784871529016753496,999973
1784871529553530068,999973
1784871530687003982,999973
1784871530694252712,999973
1784871530729211251,999973
1784871530829557362,999973
1784871530859161013,999973
1784871531130184663,999973
1784871532044099317,999973
1784871532045987408,999973
1784871532047938200,999973
1784871532056283775,999973
1784871532064925301,999973
1784871532065179002,999973
1784871532077779760,999973
1784871532191619339,999973
1784871532206898564,999973
1784871532409245564,999973
1784871532525410973,999973
1784871532551921767,999973
1784871532571962145,999973
1784871532572150936,999973
1784871532574993500,999973
1784871532575164677,999973
1784871532591684186,999973
1784871532591847404,999973
1784871532602722018,999973
1784871532667279409,999973
1784871532710075742,999973
1784871532732645786,999973
1784871532743214302,999973
1784871532841560332,999973
1784871533019837283,999973
1784871533135512303,999973
1784871533173218374,999973
1784871533460624791,999973
1784871533891863157,999973
1784871534424149402,999973
1784871534628702743,999973
1784871534849280890,999973
1784871535131598410,999973
1784871535293646019,999973
1784871535551998890,999973
1784871535558865008,999973
1784871535595978177,999973
1784871535731657775,999973
1784871535748473159,999973
1784871535765277586,999973
1784871535791893195,999973
1784871536041244802,999973
1784871536349327345,999973
1784871537822511555,999973
1784871537875339470,999973
1784871537891586156,999973
1784871538873660542,999973
1784871539157350451,999973
1784871539173717072,999973
1784871539321119592,999973
1784871539530233184,999973
1784871539840363260,999973
1784871540092225223,999973
1784871540356450455,999973
1784871540358229124,999973
1784871540363577590,999973
1784871540829448467,999973
1784871541043015624,999973
1784871541076144904,999973
1784871541140439003,999973
1784871542046308971,999973
1784871542054849046,999973
1784871542071650521,999973
1784871542320088676,999973
1784871542327635086,999973
1784871542335682485,999973
1784871542340510664,999973
1784871542349868345,999973
1784871542472009968,999973
1784871542520004962,999973
1784871542914674963,999973
1784871542925006902,999973
1784871542957800415,999973
1784871543048315567,999973
1784871543142131895,999973
1784871543485322918,999973
1784871544253521751,999973
1784871544799531351,999973
1784871544815833822,999973
1784871544820360966,999973
1784871544841616337,999973
1784871544859282021,999973
1784871544941888047,999973
1784871545134380178,999973
1784871546695018725,999973
1784871547213049720,999973
1784871547232251138,999973
1784871547244660654,999973
1784871547392003089,999973
1784871547854731049,999973
1784871548017538381,999973
1784871548362635136,999973
1784871548538548805,999973
1784871548577920507,999973
1784871548581794224,999973
1784871548630810644,999973
1784871548846463459,999973
1784871549024974550,999973
1784871549799691139,999973
1784871550058415160,999973
1784871551491219919,999973
1784871551857377186,999973
1784871552021049974,999973
1784871552873142609,999973
1784871554735399772,999973
1784871554829628312,999973
1784871555542732877,999973
1784871556136413267,999973
1784871556170227168,999973
1784871556191791756,999973
1784871556211347696,999973
1784871556240505014,999973
1784871556460532017,999973
1784871556555458681,999973
1784871556561956286,999973
1784871557019289359,999973
1784871557861358133,999973
1784871559006655149,999973
1784871559293615801,999973
1784871559953141951,999973
1784871561486923321,999973
1784871561499847585,999973
1784871561519372602,999973
1784871561530131196,999973
1784871561558281324,999973
1784871561651519925,999973
1784871561782955272,999973
1784871561981864196,999973
1784871562010533573,999973
1784871562665460860,999973
1784871563184621590,999973
1784871563606981400,999973
1784871564048442668,999973
1784871564930941524,999973
1784871566634927547,999973
1784871567051341671,999973
1784871568128978969,999973
1784871569546956385,999973
1784871569906093340,999973
1784871574405702736,999973
1784871576909204263,999973
1784871577736151759,999973
1784871579338355568,999973
1784871582968378247,999973
1784871583338501434,999973
1784871584540363155,999973
1784871586180505361,999973
1784871592231662793,999973
1784871592236585589,999973
1784871592241225059,999973
1784871592245794829,999973
1784871592251977284,999973
1784871592460723936,999973
1784871592667813591,999973
1784871592891639318,999973
1784871593269049982,999973
1784871593279242253,999973
1784871593279443452,999973
1784871593292847065,999973
1784871593301027989,999973
1784871593343872683,999973
1784871593421991378,999973
1784871593731973826,999973
1784871593999104093,999973
1784871595168492661,999973
1784871596026737748,999973
1784871597558761927,999973
1784871597579298568,999973
1784871597904507427,999973
1784871599314827021,999973
1784871599868796669,999973
1784871599881443232,999973
1784871599895341663,999973
1784871599914148553,999973
1784871600026242051,999973
1784871600235067397,999973
1784871600492497677,999973
1784871601073698874,999973
1784871602128869245,999973
1784871602910432816,999973
1784871603179293005,999973
1784871603956435135,999973
1784871604900987566,999973
1784871605352763216,999973
1784871606341455830,999973
1784871606780639823,999973
1784871607410489366,999973
1784871607509829290,999973
1784871607521606127,999973
1784871607539047153,999973
1784871607730430394,999973
1784871608288321480,999973
1784871608507289503,999973
1784871611558732130,999973
1784871611575289794,999973
1784871612112775508,999973
1784871612507250307,999973
1784871612824907168,999973
1784871614100350534,999973
1784871614773910569,999973
1784871615301433427,999973
1784871615775726837,999973
1784871616520014071,999973
1784871617564558543,999973
1784871617912853732,999973
1784871617990387419,999973
1784871620124192603,999973
1784871620269662678,999973
1784871620755017091,999973
1784871621396186403,999973
1784871621447409457,999973
1784871621786584286,999973
1784871621850841261,999973
1784871621871504056,999973
1784871621894347157,999973
1784871621929160181,999973
1784871622007362980,999973
1784871623909227478,999973
1784871626582879133,999973
1784871627132349623,999973
1784871627734258885,999973
1784871629141506211,999973
1784871629288492845,999973
1784871629818919359,999973
1784871631473410718,999973
1784871632203657108,999973
1784871632992438159,999973
1784871634497859036,999973
1784871634707938622,999973
1784871634837058740,999973
1784871635033353775,999973
1784871635130419852,999973
1784871636291330728,999973
1784871637252058461,999973
1784871637716307150,999973
1784871639352820575,999973
1784871639855348696,999973
1784871641035166671,999973
1784871642708343943,999973
1784871643508814375,999973
1784871644608855678,999973
1784871646308605786,999973
1784871647571538923,999973
1784871647781634933,999973
1784871648141035848,999973
1784871648452171398,999973
1784871648466714524,999973
1784871648513415227,999973
1784871648620226022,999973
1784871649157245676,999973
1784871649305213644,999973
1784871650836436873,999973
1784871653467776028,999973
1784871653559832033,999973
1784871655524955511,999973
1784871655542158942,999973
1784871655868290627,999973
1784871655874366563,999973
1784871655887110117,999973
1784871655895388469,999973
1784871656151157683,999973
1784871656162568252,999973
1784871656177011289,999973
1784871656238303424,999973
1784871656306573229,999973
1784871656382499183,999973
1784871657158591515,999973
1784871657997131291,999973
1784871658334828318,999973
1784871659187305198,999973
1784871659480107007,999973
1784871659942838243,999973
1784871660707554019,999973
1784871660814723825,999973
1784871661288848632,999973
1784871661543706302,999973
1784871662021095822,999973
1784871662117038401,999973
1784871662562743201,999973
1784871663384353749,999973
1784871664269404950,999973
1784871664279493060,999973
1784871664860333788,999973
1784871665727869645,999973
1784871667217119773,999973
1784871667860239270,999973
1784871668373350139,999973
1784871669273003949,999973
1784871669461559396,999973
1784871670411333272,999973
1784871671058575406,999973
1784871672884357422,999973
1784871673102490248,999973
1784871673832536777,999973
1784871675124599032,999973
1784871676159223867,999973
1784871677808249494,999973
1784871679516443542,999973
1784871680039478228,999973
1784871680057131489,999973
1784871680077148777,999973
1784871680135051488,999973
1784871681325240026,999973
1784871681950845914,999973
1784871682177391687,999973
1784871683733986593,999973
1784871687270395295,999973
1784871687483463330,999973
1784871687735515842,999973
1784871689067851348,999973
1784871690175142245,999973
1784871690547285940,999973
1784871692604002943,999973
1784871693802233778,999973
1784871695409379648,999973
1784871698218520473,999973
1784871698706164652,999973
1784871700842503011,999973
1784871700928977759,999973
1784871701083591293,999973
1784871701444975742,999973
1784871705844710328,999973
1784871708667412635,999973
1784871711579876158,999973
1784871714422434919,999973
1784871714445017084,999973
1784871715475905892,999973
1784871716589070632,999973
1784871718338751127,999973
1784871718354591835,999973
1784871718967452622,999973
1784871718975539516,999973
1784871719004645264,999973
1784871719015595638,999973
1784871719268518138,999973
1784871719486275758,999973
1784871719982117276,999973
1784871722069280132,999973
1784871723130895405,999973
1784871723210845766,999973
1784871724309908214,999973
1784871724899745721,999973
1784871724904488583,999973
1784871724920673254,999973
1784871724924581385,999973
1784871724939764311,999973
1784871724993741574,999973
1784871725084705453,999973
1784871725961220408,999973
1784871727069620155,999973
1784871730675421547,999973
1784871732349291967,999973
1784871733820456414,999973
1784871734331406481,999973
1784871734769359010,999973
1784871735332720247,999973
1784871735370717519,999973
1784871735377057662,999973
1784871735410400229,999973
1784871735468328663,999973
1784871735515336124,999973
1784871735986670039,999973
1784871736334371453,999973
1784871738456956905,999973
1784871740850855889,999973
1784871743194312784,999973
1784871743571372758,999973
1784871743624540682,999973
1784871743686017257,999973
1784871743743372330,999973
1784871743850339227,999973
1784871743920955189,999973
1784871743996934424,999973
1784871744545636496,999973
1784871745167147386,999973
1784871745194013071,999973
1784871745863835441,999973
1784871746970413740,999973
1784871747085506291,999973
1784871747419489139,999973
1784871750051173609,999973
1784871750398588456,999973
1784871750459997333,999973
1784871750581161965,999973
1784871750620572802,999973
1784871750642727302,999973
1784871750746673474,999973
1784871751029271053,999973
1784871751083041547,999973
1784871751104668180,999973
1784871751105150886,999973
1784871751129599389,999973
1784871751288303141,999973
1784871751453315794,999973
1784871751487694837,999973
1784871751517847654,999973
1784871751533363432,999973
1784871751632890048,999973
1784871751774782436,999973
1784871751948210051,999973
1784871751969876357,999973
1784871751981005949,999973
1784871751998270840,999973
1784871752974767190,999973
1784871753023207719,999973
1784871753050098880,999973
1784871753079893181,999973
1784871753150667334,999973
1784871753611481913,999973
1784871754450573802,999973
1784871754713158972,999973
1784871754865607414,999973
1784871755012989341,999973
1784871755166789787,999973
1784871755474132455,999973
1784871755776385326,999973
1784871755935895314,999973
1784871756928536680,999973
1784871756947615681,999973
1784871756965442305,999973
1784871756981245246,999973
1784871757005055291,999973
1784871757038791392,999973
1784871757606572816,999973
1784871758290763115,999973
1784871758360807793,999973
1784871758459513428,999973
1784871759013635973,999973
1784871759026690272,999973
1784871759846443141,999973
1784871760606225380,999973
1784871760867262384,999973
1784871761296551554,999973
1784871761460608987,999973
1784871762684916631,999973
1784871765772229685,999973
1784871766907912411,999973
1784871767129761447,999973
1784871768483116231,999973
1784871770124456686,999973
1784871770144511683,999973
1784871770168142089,999973
1784871770284697508,999973
1784871770337771290,999973
1784871771088200419,999973
1784871772491977081,999973
1784871772525175506,999973
1784871772665740098,999973
1784871772817846195,999973
1784871775087329894,999973
1784871775863262970,999973
1784871776674539839,999973
1784871777281275185,999973
1784871777296649102,999973
1784871777462739536,999973
1784871778090295223,999973
1784871779029086875,999973
1784871780314945507,999973
1784871780337051071,999973
1784871780535483609,999973
1784871780730603678,999973
1784871781004329753,999973
1784871781227330075,999973
1784871781834428739,999973
1784871782105569961,999973
1784871782219014452,999973
1784871782733306931,999973
1784871783333463825,999973
1784871784698884354,999973
1784871784784897109,999973
1784871784974400251,999973
1784871785274484752,999973
1784871785579833748,999973
1784871785913656112,999973
1784871786672518713,999973
1784871786690962649,999973
1784871787210060588,999973
1784871788475576043,999973
1784871789484875699,999973
1784871789649140500,999973
1784871791000713854,999973
1784871791333274895,999973
1784871791562865117,999973
1784871791631359793,999973
1784871791734771532,999973
1784871791927012605,999973
1784871791940942044,999973
1784871792731179795,999973
1784871792947060197,999973
1784871793197977801,999973
1784871793247196250,999973
1784871793463409293,999973
1784871793696945804,999973
1784871793851699267,999973
1784871794091107756,999973
1784871794214553940,999973
1784871794319909433,999973
1784871794633573925,999973
1784871794959458526,999973
1784871795127563030,999973
1784871795551841896,999973
1784871795592013231,999973
1784871795967310147,999973
1784871796103338160,999973
1784871796103650246,999973
1784871796104738214,999973
1784871796154502949,999973
1784871796344903824,999973
1784871797126820644,999973
1784871797340120409,999973
1784871798331095226,999973
1784871798569911362,999973
1784871798630344518,999973
1784871798722536386,999973
1784871798816532259,999973
1784871799228435690,999973
1784871799423597819,999973
1784871799625236489,999972
1784871800511386104,999972
1784871801575759329,999972
1784871804346503037,999972
1784871806575645583,999972
1784871806596768709,999972
1784871806613030508,999972
1784871806621667592,999972
1784871806641971154,999972
1784871806666343125,999972
1784871806738154127,999972
1784871806766916932,999972
1784871806930782475,999972
1784871806947903563,999972
1784871807241343307,999972
1784871807676755161,999972
1784871807946479125,999972
1784871807952452032,999972
1784871807961601308,999972
1784871808016616917,999972
1784871808117150469,999972
1784871808542866672,999972
1784871808920338584,999972
1784871809087648030,999972
1784871809850833622,999972
1784871809972449695,999972
1784871810097987848,999972
1784871810098357124,999972
1784871810734503381,999972
1784871811999626087,999972
1784871812767482672,999972
1784871813494713762,999972
1784871813966564628,999972
1784871815263995237,999972
1784871815346213397,999972
1784871815933651754,999972
1784871816903936418,999972
1784871818233494300,999972
1784871820617772709,999972
1784871823720437545,999972
1784871823991822376,999972
1784871824037471857,999972
1784871824041153699,999972
1784871824112680172,999972
1784871824798805760,999972
1784871826337992086,999972
1784871826361063528,999972
1784871828559982896,999972
1784871829898502306,999972
1784871830293062764,999972
1784871830732063434,999972
1784871831141161626,999972
1784871831144093195,999972
1784871831146925928,999972
1784871831153909954,999972
1784871831161413759,999972
1784871831161662767,999972
1784871831165135790,999972
1784871831176721694,999972
1784871831188941427,999972
1784871831299647606,999972
1784871831336023355,999972
1784871831557035611,999972
1784871831657842992,999972
1784871831865891227,999972
1784871832200803187,999972
1784871832438455931,999972
1784871832772529771,999972
1784871833362842389,999972
1784871834064623680,999972
1784871834072717825,999972
1784871834111025393,999972
1784871834143989494,999972
1784871834230232562,999972
1784871834472115079,999972
1784871835322567399,999972
1784871836710405908,999972
1784871837858272432,999972
1784871838003067268,999972
1784871838010018278,999972
1784871838018949408,999972
1784871838027944522,999972
1784871838312272412,999972
1784871838354482882,999972
1784871838460656095,999972
1784871838470868160,999972
1784871838685235453,999972
1784871838782827078,999972
1784871839042771873,999972
1784871839206636127,999972
1784871839584947965,999972
1784871840344550771,999972
1784871840467837606,999972
1784871840971286854,999972
1784871841342081731,999972
1784871841738448821,999972
1784871842605323036,999972
1784871842915440172,999972
1784871842967409823,999972
1784871843224080207,999972
1784871844530837709,999972
1784871844537671335,999972
1784871845648811852,999972
1784871846320484653,999972
1784871846911448401,999972
1784871847054680002,999972
1784871848706216187,999972
1784871848790354018,999972
1784871848861189269,999972
1784871848867855323,999972
1784871849053706757,999972
1784871849116978742,999972
1784871849145142074,999972
1784871849165468542,999972
1784871849210205550,999972
1784871849231644965,999972
1784871849257823710,999972
1784871849338848243,999972
1784871849518854262,999972
1784871849700532931,999972
1784871849731424863,999972
1784871850200129253,999972
1784871850941891177,999972
1784871850984884693,999972
1784871851222465287,999972
1784871851278717677,999972
1784871851380308816,999972
1784871851402527654,999972
1784871851407356876,999972
1784871851409970783,999972
1784871851500337739,999972
1784871851556801047,999972
1784871851651847343,999972
1784871851831643815,999972
1784871852309196254,999972
1784871852794095596,999972
1784871854177476231,999972
1784871856244007939,999972
1784871858360161908,999972
1784871858774703491,999972
1784871858804491415,999972
1784871858862529958,999972
1784871858918543427,999972
1784871859163345001,999972
1784871859757724073,999972
1784871859778666622,999972
1784871859803828434,999972
1784871859982684690,999972
1784871860592094303,999972
1784871860906413866,999972
1784871861395243575,999972
1784871863388307802,999972
1784871865649923489,999972
1784871867168354468,999972
1784871867183510410,999972
1784871867260732487,999972
1784871867616284897,999972
1784871868059825293,999972
1784871868341697782,999972
1784871868908512867,999972
1784871869119460142,999972
1784871869367767905,999972
1784871871316549953,999972
1784871872018715954,999972
1784871875909529875,999972
1784871878713512285,999972
1784871880025308438,999972
1784871882081388041,999972
1784871882329100458,999972
1784871882579156356,999972
1784871883964398510,999972
1784871884165560993,999972
1784871885225770898,999972
1784871886224406378,999972
1784871886249246601,999972
1784871886324991960,999972
1784871886340786383,999972
1784871886928940394,999972
1784871886929090841,999972
1784871886929224708,999972
1784871886929333188,999972
1784871886929402745,999972
1784871886929402745,999972
1784871886929402745,999972
1784871886932353033,999972
1784871886932464986,999972
1784871886932753658,999972
1784871886981690398,999972
1784871887030357097,999972
1784871887067894738,999972
1784871887109940335,999972
1784871887292850212,999972
1784871887542725813,999972
1784871887746590305,999972
1784871887876539664,999972
1784871888194887455,999972
1784871888378919309,999972
1784871888634892951,999972
1784871888772883602,999972
1784871888785935903,999972
1784871889151711622,999972
1784871889830641176,999972
1784871889873839275,999972
1784871890478016610,999972
1784871890980540226,999972
1784871892531029137,999972
1784871892543289940,999972
1784871892543468115,999972
1784871892543738863,999972
1784871892552216299,999972
1784871892552475074,999972
1784871892558302054,999972
1784871892567846251,999971
1784871892576121640,999971
1784871892615681949,999971
1784871892639922898,999971
1784871892698655537,999971
1784871892780575045,999971
1784871892813279396,999971
1784871892827395279,999971
1784871892871676805,999971
1784871892949322188,999971
1784871892962650549,999971
1784871893269899147,999971
1784871893521659801,999971
1784871893670094902,999971
1784871893754684907,999971
1784871893831454937,999971
1784871894589272763,999971
1784871895537255448,999971
1784871895540264710,999971
1784871895540697096,999971
1784871895545190449,999971
1784871895545613308,999971
1784871895548929186,999971
1784871895683671901,999971
1784871895698130551,999971
1784871895715079531,999971
1784871895768988619,999971
1784871895878988860,999971
1784871895984726527,999971
1784871896126351716,999971
1784871896279014564,999971
1784871896361428317,999971
1784871896531622763,999971
1784871896710783993,999971
1784871897519673972,999971
1784871898052603981,999971
1784871898461601313,999971
1784871898497638566,999971
1784871898503988226,999971
1784871898515157610,999971
1784871898525690338,999971
1784871898533034969,999971
1784871898561574630,999971
1784871898598654975,999971
1784871898671950518,999971
1784871898755939307,999971
1784871898801950020,999971
1784871898840630138,999971
1784871898904361286,999971
1784871899028169783,999971
1784871899103224126,999971
1784871899251489610,999971
1784871899286857514,999971
1784871899328395316,999971
1784871899723628799,999971
1784871900096657291,999971
1784871900110913268,999971
1784871900591888245,999971
1784871901316874368,999971
1784871901531780645,999971
1784871901859396995,999971
1784871902003704762,999971
1784871902163125708,999971
1784871902371785269,999971
1784871904722906986,999971
1784871907537559538,999971
1784871907647431692,999971
1784871907860281231,999971
1784871908230676737,999971
1784871909017004203,999971
1784871909461322120,999971
1784871909634929801,999971
1784871909874897900,999971
1784871910229755735,999971
1784871911470189810,999971
1784871911743227153,999971
1784871911774537086,999971
1784871911785971556,999971
1784871911817165976,999971
1784871911896635579,999971
1784871912003359833,999971
1784871912356531996,999971
1784871912933992534,999971
1784871913196775705,999971
1784871913731375791,999971
1784871915070513924,999971
1784871915777405872,999971
1784871916316022706,999971
1784871917582914983,999971
1784871917597232957,999971
1784871917622640377,999971
1784871917627328725,999971
1784871917652423227,999971
1784871917756947930,999971
1784871917854616805,999971
1784871918090636191,999971
1784871918644329471,999971
1784871918651836208,999971
1784871918802809042,999971
1784871918811705698,999971
1784871918886223681,999971
1784871919020887031,999971
1784871919922943086,999971
1784871920079817194,999971
1784871920098653169,999971
1784871920156098955,999971
1784871920160542924,999971
1784871920178534358,999971
1784871920284645099,999971
1784871920337154272,999971
1784871920431674324,999971
1784871920489040656,999971
1784871920568594048,999971
1784871920644937709,999971
1784871920791292790,999971
1784871920945151394,999971
1784871921028482337,999971
1784871921138509807,999971
1784871921251690856,999971
1784871921479113610,999971
1784871921635335941,999971
1784871921896494180,999971
1784871922087368974,999971
1784871923440174214,999971
1784871925014918040,999971
1784871925818797742,999971
1784871932813027538,999971
1784871935509563523,999971
1784871936009479623,999971
1784871936505290226,999971
1784871936905477218,999971
1784871936905888542,999971
1784871936943058474,999971
1784871936993454645,999971
1784871937020588830,999971
1784871937026943165,999971
1784871937042950835,999971
1784871937113597986,999971
1784871937355519333,999971
1784871937596878932,999971
1784871938204230989,999971
1784871938531893236,999971
1784871941211343408,999971
1784871941597124596,999971
1784871943064532081,999971
1784871945221975092,999971
1784871946146211343,999971
1784871946663589423,999971
1784871946942161154,999971
1784871947192850124,999971
1784871947227475212,999971
1784871947603081671,999971
1784871951264218999,999971
1784871951943046682,999971
1784871952358755516,999971
1784871953825526032,999971
1784871955338739904,999971
1784871956910296959,999971
1784871958597523393,999971
1784871963953369219,999971
1784871964291620572,999971
1784871965476521777,999971
1784871969054305532,999971
1784871971756355235,999971
1784871974971506587,999971
1784871975093621166,999971
1784871975110445081,999971
1784871975180144683,999971
1784871976033224329,999971
1784871977785789524,999971
1784871982360069292,999971
1784871984159766288,999971
1784871986083837094,999971
1784871988223234084,999971
1784871991474526561,999971
1784871991766557466,999971
1784871991889850762,999971
1784871991908316978,999971
1784871991924701035,999971
1784871991937885149,999971
1784871991950775520,999971
1784871991969517390,999971
1784871992038363991,999971
1784871992085090230,999971
1784871992160735930,999971
1784871992443439264,999971
1784871993215574919,999971
1784871994939118737,999971
1784871995399022503,999971
1784871996378441576,999971
1784871997136119496,999971
1784871997417735297,999971
1784871998159482543,999971
1784871998989776974,999971
1784871999541049380,999971
1784872001334409580,999971
1784872002085206964,999971
1784872003694323687,999971
1784872004783679567,999971
1784872005692896292,999971
1784872007489272307,999971
1784872007929748670,999971
1784872008629923636,999971
1784872009732608202,999971
1784872011196137511,999971
1784872015645748245,999971
1784872017046495265,999971
1784872017561516565,999971
1784872019384515511,999971
1784872021043285943,999971
1784872021054250763,999971
1784872021069796930,999971
1784872021374145564,999971
1784872021973504034,999971
1784872021985667193,999971
1784872022541151926,999971
1784872023856138591,999971
1784872023866609839,999971
1784872023872641997,999971
1784872024280238152,999971
1784872024759513549,999971
1784872024777266008,999971
1784872024784251073,999971
1784872024808107891,999971
1784872024834539876,999971
1784872024877966681,999971
1784872024929628490,999971
1784872025147749162,999971
1784872025474164243,999971
1784872026288521954,999971
1784872026545364717,999971
1784872027527700111,999971
1784872028981489781,999971
1784872030004387090,999971
1784872031278274036,999971
1784872033483386482,999971
1784872033650015169,999971
1784872033727497262,999971
1784872033745966407,999971
1784872033789706009,999971
1784872033867781433,999971
1784872033892234039,999971
1784872034196808567,999971
1784872034866213067,999971
1784872035590619123,999971
1784872035820056201,999971
1784872036059751613,999971
1784872036205056985,999971
1784872037111715946,999971
1784872039455239142,999971
1784872042235577218,999971
1784872042795036892,999971
1784872042802790869,999971
1784872043872230480,999971
1784872044284994046,999971
1784872044293825992,999971
1784872044349886981,999971
1784872044574889662,999971
1784872045104249193,999971
1784872045114211573,999971
1784872045118249760,999971
1784872045120861852,999971
1784872045127968395,999971
1784872045150643377,999971
1784872045187162139,999971
1784872045344911981,999971
1784872045634420918,999971
1784872046227688300,999971
1784872047011171766,999971
1784872047283284291,999971
1784872048201059315,999971
1784872048220367236,999971
1784872048297602189,999971
1784872048445812712,999971
1784872048450402611,999971
1784872048514540794,999971
1784872048725216982,999971
1784872050224823487,999971
1784872051200819851,999971
1784872052117630040,999971
1784872052915855747,999971
1784872055913250791,999971
1784872059987713034,999971
1784872060197813923,999971
1784872060545012561,999971
1784872060612435667,999971
1784872060621507564,999971
1784872060675071203,999971
1784872061506500975,999971
1784872062288825892,999971
1784872064004894525,999971
1784872064016514411,999971
1784872064063784340,999971
1784872064206498599,999971
1784872064830015200,999971
1784872065779610057,999971
1784872065816558929,999971
1784872066372865711,999971
1784872067123370791,999971
1784872068397705284,999971
1784872070350044996,999971
1784872071606517356,999971
1784872071620941234,999971
1784872071653965120,999971
1784872071713614794,999971
1784872072070524925,999971
1784872072074235648,999971
1784872072074509708,999971
1784872072079008634,999971
1784872072167258813,999971
1784872072364623023,999971
1784872072783621966,999971
1784872072879680949,999971
1784872073013582672,999971
1784872073863494126,999971
1784872075288904715,999971
1784872076273494151,999971
1784872076413978847,999971
1784872078892494501,999971
1784872080814726361,999971
1784872080900545068,999971
1784872081990597500,999971
1784872082209082500,999971
1784872082438850607,999971
1784872084924108569,999971
1784872085535536160,999971
1784872086992202579,999971
1784872087904681022,999971
1784872088417385621,999971
1784872088418176810,999971
1784872088418676171,999971
1784872088419123677,999971
1784872088419481735,999971
1784872088445674215,999971
1784872088463408583,999971
1784872088476363803,999971
1784872088481235961,999971
1784872088481802103,999971
1784872088494775237,999971
1784872088495284065,999971
1784872088503526864,999971
1784872088523345427,999971
1784872088541304796,999971
1784872088593865848,999971
1784872088657913268,999971
1784872088660689081,999971
1784872088661071749,999971
1784872088662798263,999971
1784872088667204147,999971
1784872088669567761,999971
1784872088676053198,999971
1784872088690705403,999971
1784872088799383964,999971
1784872088846945763,999971
1784872088906017812,999971
1784872089056754396,999971
1784872089194918761,999971
1784872089603298640,999971
1784872089764568825,999971
1784872090723906424,999971
1784872091488010987,999971
1784872092196551031,999971
1784872092206988383,999971
1784872092225716309,999971
1784872092335101751,999971
1784872092433565158,999971
1784872092771039613,999971
1784872092852335425,999971
1784872092947461834,999971
1784872093489973771,999971
1784872093782976718,999971
1784872094515180978,999971
1784872094582714889,999971
1784872095838261174,999971
1784872096329996088,999971
1784872096607102088,999971
1784872096635067061,999971
1784872096711308640,999971
1784872097018502384,999971
1784872097261223241,999971
1784872097939066359,999971
1784872098756613002,999971
1784872100396833119,999971
1784872102035264405,999971
1784872105754945689,999971
1784872109205086780,999971
1784872115144040414,999971
1784872115213014087,999971
1784872115264239870,999971
1784872115353539935,999971
1784872115392426380,999971
1784872115544075628,999971
1784872115558580088,999971
1784872115629203824,999971
1784872115907607914,999971
1784872116069382943,999971
1784872116904204690,999971
1784872117303872344,999971
1784872117343562135,999971
1784872117907038321,999971
1784872118017166339,999971
1784872118030666313,999971
1784872118052762323,999971
1784872118073770738,999971
1784872118101122280,999971
1784872118257034328,999971
1784872119359545543,999971
1784872119484566856,999971
1784872119992428653,999971
1784872122725475437,999971
1784872123968969053,999971
1784872124016597779,999971
1784872124094981288,999971
1784872124337371700,999971
1784872124767875070,999971
1784872125309009498,999971
1784872125499621252,999971
1784872125659463362,999971
1784872125969582583,999971
1784872126368557793,999971
1784872127310366795,999971
1784872127738643155,999971
1784872132447001772,999971
1784872132927877737,999971
1784872133425921774,999971
1784872134298308072,999971
1784872134309811536,999971
1784872134317123699,999971
1784872134326453559,999971
1784872134336318218,999971
1784872134343084378,999971
1784872134351660037,999971
1784872134363356091,999971
1784872134407233228,999971
1784872134464389800,999971
1784872134474840947,999971
1784872134485067825,999971
1784872134505328264,999971
1784872134553893666,999971
1784872134904499642,999971
1784872135213649149,999971
1784872135264301730,999971
1784872136583863752,999971
1784872136745009785,999971
1784872136977529137,999971
1784872136977930432,999971
1784872136978602325,999971
1784872136979644055,999971
1784872137588145980,999971
1784872137768027093,999971
1784872137779112320,999971
1784872137845183750,999971
1784872137846387400,999971
1784872137926294039,999971
1784872137934673632,999971
1784872137941703946,999971
1784872138060688646,999971
1784872138075075822,999971
1784872138403684460,999971
1784872138812174065,999971
1784872139017532801,999971
1784872139084056603,999971
1784872139222652915,999971
1784872139631221463,999971
1784872140083712689,999971
1784872142166465922,999971
1784872142860744187,999971
1784872144003296352,999971
1784872144448265234,999971
1784872145159801603,999971
1784872145508911188,999971
1784872145787434109,999971
1784872147160025133,999971
1784872149100853497,999971
1784872149164163254,999971
1784872149404075479,999971
1784872150034753773,999971
1784872150342741601,999971
1784872150349231398,999971
1784872150367739822,999971
1784872150380723298,999971
1784872150422425553,999971
1784872150737706763,999971
1784872150972111721,999971
1784872151064194510,999971
1784872151082012140,999971
1784872151226748909,999971
1784872151322851260,999971
1784872151361299344,999971
1784872151594387917,999971
1784872151791139258,999971
1784872152008043391,999971
1784872152185792130,999971
1784872152257776401,999971
1784872152563306233,999971
1784872153046152153,999971
1784872154965964777,999971
1784872157540790043,999971
1784872158960175902,999971
1784872159405732465,999971
1784872159867181206,999971
1784872160954716934,999971
1784872162441989821,999971
1784872162880496284,999971
1784872164466886913,999971
1784872166140499418,999971
1784872166742981409,999971
1784872166743391601,999971
1784872166796523023,999971
1784872166853707505,999971
1784872167261276824,999971
1784872168793490285,999971
1784872169656491605,999971
1784872170224388641,999971
1784872171193639546,999971
1784872171890630604,999971
1784872173561245755,999971
1784872174272543502,999971
1784872174284923425,999971
1784872175139861550,999971
1784872176051244364,999971
1784872177186931582,999971
1784872178829062618,999971
1784872179239106451,999971
1784872179239518904,999971
1784872179240029062,999970
1784872179240537913,999970
1784872179241040898,999970
1784872179241421197,999970
1784872179242945183,999970
1784872179243455328,999970
1784872179284107725,999970
1784872179401441722,999970
1784872179671710381,999970
1784872179962422796,999970
1784872180828788655,999970
1784872181080832462,999970
1784872181081331879,999970
1784872181293818971,999970
1784872181568043257,999970
1784872182406328161,999970
1784872182585214111,999970
1784872183128511725,999970
1784872183145394846,999970
1784872183233819289,999970
1784872183239537744,999970
1784872183370969271,999970
1784872183747513284,999970
1784872184666671601,999970
1784872185176105780,999970
1784872185527503419,999970
1784872185927573679,999970
1784872186560244366,999970
1784872187121420831,999970
1784872187121885048,999970
1784872187204402922,999970
1784872187262823126,999970
1784872187837512291,999970
1784872188657327685,999970
1784872189018169474,999970
1784872189138567942,999970
1784872189236640178,999970
1784872189328197638,999970
1784872189388831243,999970
1784872189588675451,999970
1784872189853432891,999970
1784872190446408910,999970
1784872191728791338,999970
1784872191883373869,999970
1784872192027488264,999970
1784872192230836842,999970
1784872193041738664,999970
1784872193585393936,999970
1784872193994340910,999970
1784872194383743352,999970
1784872195017452258,999970
1784872196146498537,999970
1784872197175525547,999970
1784872198319108576,999970
1784872199000586174,999970
1784872199146526540,999970
1784872199549046908,999970
1784872200871149243,999970
1784872202148422542,999970
1784872202328072573,999970
1784872203153044615,999970
1784872203235654622,999970
1784872203245687710,999970
1784872203295439594,999970
1784872203295729718,999970
1784872203344142869,999970
1784872203434313622,999970
1784872203457429195,999970
1784872203501522897,999970
1784872203526525118,999970
1784872203556183410,999970
1784872203581096475,999970
1784872203608595703,999970
1784872203693115852,999970
1784872203936025862,999970
1784872203936341656,999970
1784872203937684240,999970
1784872204199728800,999970
1784872204357276925,999970
1784872204416446473,999970
1784872204443523384,999970
1784872204562218062,999970
1784872204855795414,999970
1784872205757027432,999970
1784872207080776466,999970
1784872207298541220,999970
1784872207305595114,999970
1784872207328599359,999970
1784872207416435840,999970
1784872207461760201,999970
1784872207703035135,999970
1784872208294662450,999970
1784872208830577579,999970
1784872211082929187,999970
1784872211377448869,999970
1784872212105228310,999970
1784872212590536392,999970
1784872212607857120,999970
1784872212623309013,999970
1784872212953764814,999970
1784872214074564295,999970
1784872214313807613,999970
1784872214551649233,999970
1784872215693676182,999970
1784872215741110413,999970
1784872215888333311,999970
1784872216392096503,999970
1784872216920757895,999970
1784872217276032795,999970
1784872217539481196,999970
1784872218027490944,999970
1784872219543040395,999970
1784872219750788351,999970
1784872220194250728,999970
1784872221854236100,999970
1784872222860737934,999970
1784872224727917226,999970
1784872226239062601,999970
1784872226872714777,999970
1784872227467621897,999970
1784872227468361724,999970
1784872227851752436,999970
1784872230332620876,999970
1784872231767594864,999970
1784872232554338402,999970
1784872234225495271,999970
1784872234254009026,999970
1784872234300571606,999970
1784872234325720484,999970
1784872234371419593,999970
1784872234487758444,999970
1784872234499995214,999970
1784872234544880094,999970
1784872234568563730,999970
1784872234636339395,999970
1784872234837618551,999970
1784872236900080053,999970
1784872237934435450,999970
1784872237996616821,999970
1784872238060935600,999970
1784872238116023748,999970
1784872238215578662,999970
1784872238707568903,999970
1784872239139549498,999970
1784872239334895838,999970
1784872239338160967,999969
1784872239338754122,999969
1784872239343987027,999969
1784872239480400007,999969
1784872239625204844,999969
1784872240254533367,999969
1784872240528713090,999969
1784872240930625757,999969
1784872241530592725,999969
1784872242619663424,999969
1784872243136555148,999969
1784872243283084937,999969
1784872244444272055,999969
1784872246387258098,999969
1784872246605343588,999969
1784872246986632037,999969
1784872247006360696,999969
1784872247018342703,999969
1784872247115548797,999969
1784872247389014854,999969
1784872248668791344,999969
1784872249860508879,999969
1784872251669829085,999969
1784872252658578055,999969
1784872253168931802,999969
1784872253608969997,999969
1784872255779709260,999969
1784872256162577047,999969
1784872256650530745,999969
1784872256943063614,999969
1784872258800349787,999969
1784872259721781327,999969
1784872260156343262,999969
1784872260546855207,999969
1784872263102999450,999969
1784872263308970223,999969
1784872263374915666,999969
1784872263380031305,999969
1784872263381125361,999969
1784872263382888774,999969
1784872263450710750,999969
1784872263529991759,999969
1784872263842768364,999969
1784872264115741644,999969
1784872264866500431,999969
1784872266339609970,999969
1784872266357917810,999969
1784872266367554108,999969
1784872266495951960,999969
1784872266991918939,999969
1784872267132042740,999969
1784872268326872476,999969
1784872268523457392,999969
1784872269808856740,999969
1784872270954862999,999969
1784872273143485698,999969
1784872273200553444,999969
1784872273209877992,999969
1784872273219911248,999969
1784872273237574487,999969
1784872273247410556,999969
1784872273283968046,999969
1784872273299427260,999969
1784872273362795612,999969
1784872273427386496,999969
1784872273548952673,999969
1784872273856349959,999969
1784872274398701101,999969
1784872274659816993,999969
1784872274785256893,999969
1784872274904059884,999969
1784872275854415612,999969
1784872275873826781,999969
1784872275892823371,999969
1784872275924950246,999969
1784872275936614194,999969
1784872275965731540,999969
1784872276041961485,999969
1784872276127095718,999969
1784872276426484562,999969
1784872277028144715,999969
1784872278928406259,999969
1784872278993455040,999969
1784872279609990842,999969
1784872282149676187,999969
1784872282150704411,999969
1784872282151568315,999969
1784872282151993019,999969
1784872282168123492,999969
1784872282168840303,999969
1784872282171991806,999969
1784872282193168146,999969
1784872282227067017,999969
1784872282250643820,999969
1784872282269305236,999969
1784872282300822228,999969
1784872282310627355,999969
1784872282311229212,999969
1784872282324371354,999969
1784872282328799298,999969
1784872282384196988,999969
1784872282465370832,999969
1784872282474012208,999969
1784872282474896661,999969
1784872282587243250,999969
1784872282639482489,999969
1784872282677890125,999969
1784872282854960496,999969
1784872282889790598,999969
1784872283170408058,999969
1784872283271754405,999969
1784872283271983342,999969
1784872283277351558,999969
1784872283277878352,999969
1784872283279218311,999969
1784872283289899329,999969
1784872283305665460,999969
1784872283322486859,999969
1784872283363628534,999969
1784872283380465301,999969
1784872283457041820,999969
1784872283549639189,999969
1784872283735273413,999969
1784872283874657201,999969
1784872284184472636,999969
1784872284388760104,999969
1784872284615641585,999969
1784872284718961963,999969
1784872284853741761,999969
1784872285736387358,999969
1784872285736661919,999969
1784872285823396763,999969
1784872285867391279,999969
1784872285882371064,999969
1784872285895688980,999969
1784872285908419574,999969
1784872285936630178,999969
1784872286041597363,999969
1784872286234263575,999969
1784872286662508509,999969
1784872286909502136,999969
1784872287574991765,999969
1784872287633826638,999969
1784872288203872572,999969
1784872288655330281,999969
1784872288718786135,999969
1784872288758470584,999969
1784872288775692572,999969
1784872288783623692,999969
1784872288823337617,999969
1784872289004163741,999969
1784872289274948531,999969
1784872289553627594,999969
1784872289828064775,999969
1784872290275239434,999969
1784872291263426466,999969
1784872291386761592,999969
1784872291433748542,999969
1784872291795071278,999969
1784872292428392182,999969
1784872293035943890,999969
1784872294815592155,999969
1784872295066602419,999969
1784872296080322557,999969
1784872297208981882,999969
1784872298334485561,999969
1784872298335127510,999969
1784872299350863491,999969
1784872299351257665,999969
1784872299414656443,999969
1784872299966867744,999969
1784872299967163131,999969
1784872299967442737,999969
1784872299991417040,999969
1784872300416441934,999969
1784872300868679004,999969
1784872300869052942,999969
1784872301953063152,999969
1784872303754163077,999969
1784872303967220238,999969
1784872303967839509,999969
1784872304013737064,999969
1784872304163661372,999969
1784872304249884189,999969
1784872305084133948,999969
1784872305700316226,999969
1784872305757606313,999969
1784872306148947220,999969
1784872306926974756,999969
1784872307663000747,999969
1784872308673461922,999969
1784872308674435286,999969
1784872308763916466,999969
1784872309794830153,999969
1784872310744288305,999969
1784872311229215141,999969
1784872311279298640,999969
1784872311901243978,999969
1784872312201474279,999969
1784872312969231198,999969
1784872314108903280,999969
1784872315144814308,999969
1784872315732312211,999969
1784872316350437701,999969
1784872317988824218,999969
1784872317989370055,999969
1784872317989908381,999969
1784872319967795210,999969
1784872321130996146,999969
1784872323031556001,999969
1784872324236368991,999969
1784872324285587333,999969
1784872324346004441,999969
1784872324628134126,999969
1784872325260277844,999969
1784872326488011712,999969
1784872328666885112,999969
1784872328704998304,999969
1784872328760720069,999969
1784872328893668939,999969
1784872329353728093,999969
1784872329354681510,999969
1784872329403992506,999969
1784872329478311675,999969
1784872329525990866,999969
1784872329845320149,999969
1784872330037422473,999969
1784872330289984870,999969
1784872331038135205,999969
1784872333365783684,999969
1784872334786010023,999969
1784872335089566986,999969
1784872335665369964,999969
1784872337756895904,999969
1784872338493832827,999969
1784872338525919312,999969
1784872338737986311,999969
1784872338980277368,999969
1784872339185415505,999969
1784872339598194089,999969
1784872339670611658,999969
1784872339678898089,999969
1784872339685365420,999969
1784872339689646309,999969
1784872339690048430,999969
1784872339698635297,999969
1784872339715836479,999969
1784872339716364485,999969
1784872339725676051,999969
1784872339843360280,999969
1784872340004171038,999969
1784872340928209507,999969
1784872342666837565,999969
1784872345158950417,999969
1784872346045339766,999969
1784872346118376855,999969
1784872348915216505,999969
1784872350145164118,999969
1784872350858924292,999969
1784872352191633304,999969
1784872355674670295,999969
1784872358844793784,999969
1784872358972360088,999969
1784872359442766532,999969
1784872359668323640,999969
1784872361097946694,999969
1784872361490517788,999969
1784872362601626962,999969
1784872362841105630,999969
1784872362962276973,999969
1784872363096324081,999969
1784872366415903054,999969
1784872371136951397,999969
1784872371137665851,999969
1784872371138218111,999969
1784872371138657554,999969
1784872371143094769,999969
1784872371297113755,999969
1784872371433721340,999969
1784872372669293667,999969
1784872377909088619,999969
1784872377912923784,999969
1784872377923181145,999969
1784872377948938268,999969
1784872378917645929,999969
1784872379739809803,999969
1784872381273312870,999969
1784872383926464445,999969
1784872383944935992,999969
1784872383945562566,999969
1784872383948469704,999969
1784872383952597585,999969
1784872383958258209,999969
1784872384086392620,999969
1784872384178748332,999969
1784872384240012993,999969
1784872384251689163,999969
1784872384273789259,999969
1784872384304542952,999969
1784872384734579074,999969
1784872385861845809,999969
1784872388749079700,999969
1784872389734870452,999969
1784872391240318647,999969
1784872392432445030,999969
1784872392444072487,999969
1784872392453968004,999969
1784872392468140143,999969
1784872392473901555,999969
1784872392479978512,999969
1784872392495472004,999969
1784872392501721099,999969
1784872392518205776,999969
1784872392592478954,999969
1784872392599864213,999969
1784872392609897933,999969
1784872392737705758,999969
1784872392814695519,999969
1784872393114873444,999969
1784872393496342679,999969
1784872393924340364,999969
1784872394639669285,999969
1784872395047388966,999969
1784872395693479390,999969
1784872395838621471,999969
1784872396836977251,999969
1784872398885500030,999969
1784872399191746041,999969
1784872402230730797,999969
1784872403914318109,999969
1784872405539586326,999969
1784872407674669826,999969
1784872407987124303,999969
1784872411994705295,999969
1784872414654456119,999969
1784872418022850254,999969
1784872418034001347,999969
1784872418041211235,999969
1784872418053543662,999969
1784872418130430925,999969
1784872418956600164,999969
1784872419264323329,999969
1784872420600625275,999969
1784872421724867082,999969
1784872423247053313,999969
1784872431014860687,999969
1784872431052768986,999969
1784872431139826733,999969
1784872431201048249,999969
1784872431208179064,999969
1784872431213638717,999969
1784872431284714434,999969
1784872431285239979,999969
1784872431505147015,999969
1784872431975325421,999969
1784872433803650121,999969
1784872434629834769,999969
1784872435379910389,999969
1784872435701522789,999969
1784872435720407292,999969
1784872436061922352,999969
1784872438998016344,999969
1784872439218865827,999969
1784872441110448915,999969
1784872442715103479,999969
1784872442915888720,999969
1784872444030312568,999969
1784872444879551880,999969
1784872445026814656,999969
1784872445033223648,999969
1784872445051286522,999969
1784872445064259182,999969
1784872445100568273,999969
1784872445153043288,999969
1784872445191782052,999969
1784872445208341052,999969
1784872445222354893,999969
1784872445273523294,999969
1784872445330781830,999969
1784872445353725230,999969
1784872445470863002,999969
1784872445503856196,999969
1784872445641251999,999969
1784872445724817614,999969
1784872445783835781,999969
1784872445829440467,999969
1784872446123623094,999969
1784872447526453231,999969
1784872448275447684,999969
1784872448706744736,999969
1784872449263870350,999969
1784872449291900050,999969
1784872449340154135,999969
1784872449372830720,999969
1784872449600120382,999969
1784872449820617845,999969
1784872449833749551,999969
1784872449878560700,999969
1784872449891196191,999969
1784872449924115897,999969
1784872449972416550,999969
1784872450013258420,999969
1784872450084417579,999969
1784872450403431050,999969
1784872450403789888,999969
1784872450413408144,999969
1784872450461874269,999969
1784872450518628245,999969
1784872450650008306,999969
1784872451112768417,999969
1784872451577004453,999969
1784872451603314256,999969
1784872451624969995,999969
1784872451666778297,999969
1784872451762888909,999969
1784872451866950852,999969
1784872452063334810,999969
1784872452093310135,999969
1784872452099100410,999969
1784872452116245708,999969
1784872452133135291,999969
1784872452175281049,999969
1784872452184857279,999969
1784872452195695249,999969
1784872452198802926,999969
1784872452204115435,999969
1784872452207454804,999969
1784872452215774790,999969
1784872452224135044,999969
1784872452324948878,999969
1784872452351517213,999969
1784872452400439294,999969
1784872452503305122,999969
1784872452644899147,999969
1784872452777000493,999969
1784872452833753731,999969
1784872452966987877,999969
1784872453071413791,999969
1784872453326685707,999969
1784872454487290350,999969
1784872455102142403,999969
1784872455184358479,999969
1784872455633809941,999969
1784872456053686520,999969
1784872456637201592,999969
1784872458768170495,999969
1784872461349343098,999969
1784872461349774805,999969
1784872461350268587,999969
1784872462020355775,999969
1784872462042221576,999969
1784872462056836373,999969
1784872462057819634,999969
1784872462062974024,999969
1784872462100140506,999969
1784872462129475618,999969
1784872462205718685,999969
1784872462205962532,999969
1784872462262895987,999969
1784872462480425306,999969
1784872462985264348,999969
1784872463700968739,999969
1784872463786295951,999969
1784872464856968538,999969
1784872466024554788,999969
1784872466607923042,999969
1784872467962211181,999969
1784872467977437900,999969
1784872468326311136,999969
1784872470542731988,999969
1784872470545154653,999969
1784872470583539808,999969
1784872470615253760,999969
1784872470627309158,999969
1784872470646586351,999969
1784872470663780565,999969
1784872470693175121,999969
1784872470694137103,999969
1784872470715366720,999969
1784872470753412544,999969
1784872470794802167,999969
1784872471002699856,999969
1784872472823730860,999969
1784872473796514992,999969
1784872474969771073,999969
1784872475119627670,999969
1784872475358196146,999969
1784872475386034244,999969
1784872475863824723,999969
1784872476075567265,999969
1784872476111617051,999969
1784872476919311302,999969
1784872476919829775,999969
1784872476923070797,999969
1784872476978002657,999969
1784872477037045837,999969
1784872477064152712,999969
1784872477095316590,999969
1784872477139784377,999969
1784872477186782565,999969
1784872477235333642,999969
1784872477267474463,999969
1784872477393652745,999969
1784872477846355467,999969
1784872477894516756,999969
1784872478654609569,999969
1784872478661303377,999969
1784872478689732685,999969
1784872478697159854,999969
1784872478703928444,999969
1784872478706464209,999969
1784872478712450297,999969
1784872478722643087,999969
1784872478850932000,999969
1784872479172432407,999969
1784872479590680316,999969
1784872480174909187,999969
1784872480715000132,999969
1784872481936559067,999969
1784872482236739290,999969
1784872483123915874,999969
1784872483346427242,999969
1784872483461105210,999969
1784872483979232503,999969
1784872486312749598,999969
1784872486651716993,999969
1784872486676274730,999969
1784872486698729992,999969
1784872486708226277,999969
1784872486732634441,999969
1784872486905193085,999969
1784872486978420266,999969
1784872487497959410,999969
1784872487589152655,999969
1784872487604194287,999969
1784872487620051034,999969
1784872487655000911,999969
1784872488177581175,999969
1784872488905460832,999969
1784872488918221448,999969
1784872488930374516,999969
1784872488968917622,999969
1784872489340285915,999969
1784872490837645964,999969
1784872491458709943,999969
1784872493014999168,999969
1784872493289655404,999969
1784872493912436931,999969
1784872494478376677,999969
1784872494631376460,999969
1784872494637540866,999969
1784872494637966041,999969
1784872494638696399,999969
1784872494652842800,999969
1784872494687957024,999969
1784872494729284303,999969
1784872494743205736,999969
1784872494761195373,999969
1784872494765138488,999969
1784872494837924287,999969
1784872494868092976,999969
1784872494928811928,999969
1784872494963254695,999969
1784872495022775982,999969
1784872495294490791,999969
1784872496014156410,999969
1784872497019560206,999969
1784872497394384302,999969
1784872497394953064,999969
1784872497452456459,999969
1784872497559361131,999969
1784872498111123645,999969
1784872498294302108,999969
1784872498296348495,999969
1784872498421266168,999969
1784872498581261523,999969
1784872498870840510,999969
1784872499351691903,999969
1784872499885906215,999969
1784872500117097161,999969
1784872500151129350,999969
1784872500429045707,999969
1784872500622322681,999969
1784872500827916212,999969
1784872501028322187,999969
1784872501131218429,999969
1784872501384150736,999969
1784872501390150103,999969
1784872501405425806,999969
1784872501428770149,999969
1784872501448337021,999969
1784872501453190211,999969
1784872501469510566,999969
1784872501495104064,999969
1784872501533275047,999969
1784872501553463851,999969
1784872501626317886,999969
1784872501657025768,999969
1784872501761187931,999969
1784872501769481411,999969
1784872501804976014,999969
1784872501869804447,999969
1784872501962189086,999969
1784872502128389628,999969
1784872502675776618,999969
1784872502924091134,999969
1784872503087744784,999969
1784872503470435330,999969
1784872503949430690,999969
1784872504442293527,999969
1784872504451412416,999969
1784872504492060355,999969
1784872504613181937,999969
1784872504613788410,999969
1784872504714681960,999969
1784872504847834453,999969
1784872504859834996,999969
1784872504884871025,999969
1784872504959822312,999969
1784872504996599688,999969
1784872505071038375,999969
1784872505112862714,999969
1784872505145254882,999969
1784872505295931986,999969
1784872505352793609,999969
1784872505371599252,999969
1784872505430429352,999969
1784872505539926961,999969
1784872505634225863,999969
1784872505636300833,999969
1784872505637195952,999969
1784872505664313645,999969
1784872505705487613,999969
1784872505881765368,999969
1784872506013284924,999969
1784872506113335367,999969
1784872506384774756,999969
1784872506408020211,999969
1784872507328393084,999969
1784872507339066386,999969
1784872507348639053,999969
1784872507381572164,999969
1784872507419816357,999969
1784872507438738416,999969
1784872507569505891,999969
1784872507941019688,999969
1784872509105454917,999969
1784872510096662511,999969
1784872510518012597,999969
1784872510681076710,999969
1784872511626640645,999969
1784872512446350665,999969
1784872512652400478,999969
1784872514085207533,999969
1784872514373940941,999969
1784872514388485134,999969
1784872514453461879,999969
1784872514531986093,999969
1784872515256153265,999969
1784872516385143118,999969
1784872517054844516,999969
1784872517104437186,999969
1784872517283849269,999969
1784872517784761075,999969
1784872518024293969,999969
1784872518120627301,999969
1784872518283141096,999969
1784872518589077672,999969
1784872518889476811,999969
1784872518965379273,999969
1784872519213029015,999969
1784872520063305113,999969
1784872520557919202,999969
1784872520785673222,999969
1784872521594499535,999969
1784872522254255743,999969
1784872523657963024,999969
1784872524478517810,999969
1784872525635134038,999969
1784872526507663202,999969
1784872528012135019,999969
1784872528012748656,999969
1784872528013234271,999969
1784872528114584415,999969
1784872528456771948,999969
1784872528930183780,999969
1784872530037348764,999969
1784872530925667021,999969
1784872530939910626,999969
1784872531140128498,999969
1784872532126676731,999969
1784872532777242677,999969
1784872533334787403,999969
1784872533414000387,999969
1784872534155391548,999969
1784872534188739719,999969
1784872534504101050,999969
1784872534946578763,999969
1784872535017245902,999969
1784872536053100167,999969
1784872536165957896,999969
1784872536919415359,999969
1784872537635686821,999969
1784872537999563093,999969
1784872538328622806,999969
1784872539893297735,999969
1784872540299030909,999969
1784872541219558340,999969
1784872541734721421,999969
1784872541735266877,999969
1784872543370292965,999969
1784872545003795710,999969
1784872546741555328,999969
1784872547852544753,999969
1784872548387347340,999969
1784872548757801594,999969
1784872549108048348,999969
1784872549703895369,999969
1784872552531967704,999969
1784872552536998414,999969
1784872552537268855,999968
1784872552538767496,999968
1784872552541210881,999968
1784872552680824756,999968
1784872552829611434,999968
1784872553148570215,999969
1784872553819315492,999968
1784872556169944542,999968
1784872558118562248,999968
1784872558135473604,999968
1784872558152355527,999968
1784872558325621949,999968
1784872558935444818,999968
1784872559133327373,999968
1784872559387291987,999968
1784872560259602976,999968
1784872560932029150,999968
1784872563684036898,999968
1784872565797058127,999968
1784872566919945444,999968
1784872567601932220,999968
1784872569464563658,999968
1784872569656377963,999968
1784872569891953764,999968
1784872570064455325,999968
1784872570815939958,999968
1784872570816406649,999968
1784872570817530458,999968
1784872570893288208,999968
1784872571092754353,999968
1784872571937932523,999968
1784872574399750194,999968
1784872575838713425,999968
1784872576855068744,999968
1784872578496719159,999968
1784872579286936006,999968
1784872580132560291,999968
1784872580745913044,999968
1784872581996097986,999968
1784872584697893587,999968
1784872585045156038,999968
1784872587412825471,999968
1784872588776162571,999968
1784872589000022082,999968
1784872591298186802,999968
1784872591910385302,999968
1784872591918226003,999968
1784872591921953384,999968
1784872591924780985,999968
1784872591934230513,999968
1784872591942915857,999968
1784872591956360221,999968
1784872592040028378,999968
1784872592111926377,999968
1784872592487231425,999968
1784872592833822649,999968
1784872595085917005,999968
1784872595086826681,999968
1784872595087299586,999968
1784872595087780295,999968
1784872595088520832,999968
1784872595117522054,999968
1784872595123738509,999968
1784872595189374183,999968
1784872595193002068,999968
1784872595259940822,999968
1784872595287949253,999968
1784872595328893482,999968
1784872595329404448,999968
1784872595329771231,999968
1784872595698405406,999968
1784872596085369971,999968
1784872596823318841,999968
1784872596823880353,999968
1784872596824348256,999968
1784872597107302288,999968
1784872597745108222,999968
1784872597745673776,999968
1784872597746428841,999968
1784872597773707757,999968
1784872597931776291,999968
1784872597938529363,999968
1784872597959543380,999968
1784872598086894614,999968
1784872598255848500,999968
1784872598318511283,999968
1784872599021735688,999968
1784872600547718798,999968
1784872600561041023,999968
1784872600575837299,999968
1784872600617862447,999968
1784872600658130741,999968
1784872600669708796,999968
1784872600669945037,999968
1784872600672776793,999968
1784872600673211453,999968
1784872600673657613,999968
1784872600679133596,999968
1784872600680140487,999968
1784872600690845882,999968
1784872600758647934,999968
1784872600824722414,999968
1784872600843412865,999968
1784872600882233866,999968
1784872600985462604,999968
1784872601102954055,999968
1784872601114477083,999968
1784872601123692339,999967
1784872601250464126,999967
1784872601285791405,999967
1784872601437608612,999967
1784872601583558879,999967
1784872601843511869,999968
1784872601967879939,999968
1784872602186528543,999968
1784872602453839535,999968
1784872602626518426,999968
1784872603689566964,999968
1784872603696101133,999967
1784872603974621150,999968
1784872604410985308,999967
1784872604916817609,999967
1784872605731189573,999967
1784872605892325123,999967
1784872606423830881,999967
1784872606535904823,999967
1784872606574582328,999967
1784872606665478108,999967
1784872607371960416,999968
1784872607512459541,999968
1784872608087177736,999968
1784872609216923740,999968
1784872609621990490,999968
1784872609741812220,999968
1784872610035533050,999968
1784872610050410720,999968
1784872610080084451,999968
1784872610341012935,999968
1784872610543673395,999968
1784872611164219582,999968
1784872611773810407,999968
1784872611995009808,999968
1784872612134622223,999968
1784872612388582302,999968
1784872613415563756,999968
1784872613416062596,999967
1784872613416443665,999967
1784872613778560321,999968
1784872614769902625,999968
1784872614835483700,999968
1784872615152770062,999968
1784872615632402497,999968
1784872615937761559,999968
1784872616382588028,999968
1784872617210455197,999968
1784872617815014774,999968
1784872620309967085,999968
1784872620485575143,999968
1784872620633811952,999968
1784872622218577939,999968
1784872623856390311,999967
1784872624269383925,999968
1784872628162259310,999968
1784872629108665123,999968
1784872629830856671,999968
1784872632254645166,999968
1784872633452641743,999968
1784872633994554670,999968
1784872634817158624,999968
1784872635638981853,999968
1784872637066864463,999968
1784872638825678491,999968
1784872638896025874,999968
1784872639292203494,999968
1784872640452664168,999968
1784872641844189797,999968
1784872641872155763,999968
1784872641892443584,999968
1784872641909899451,999968
1784872641932818586,999968
1784872642430336452,999968
1784872642904648695,999968
1784872643395732264,999968
1784872643520196603,999968
1784872644473163122,999968
1784872645119063083,999968
1784872645153545025,999968
1784872645975601926,999968
1784872647345415790,999968
1784872649252887010,999968
1784872649253359209,999968
1784872650377833370,999968
1784872650788511070,999968
1784872651615526160,999968
1784872651702746914,999968
1784872652103814718,999968
1784872654269299343,999968
1784872654270455146,999968
1784872654403855337,999968
1784872655265889291,999968
1784872655909474827,999968
1784872657444932467,999968
1784872658841802844,999968
1784872660085262624,999968
1784872661437007650,999968
1784872662064305874,999968
1784872663692029067,999968
1784872664818271415,999968
1784872664835272246,999968
1784872665638146972,999968
1784872667481688153,999968
1784872669940315463,999968
1784872671677665502,999968
1784872672804015175,999968
1784872679050524726,999968
1784872691440278943,999968
1784872692157352153,999968
1784872693432520960,999968
1784872694206639788,999968
1784872694800460947,999968
1784872697072489061,999968
1784872698609888544,999968
1784872700698181371,999968
1784872701343047724,999968
1784872705633603392,999968
1784872709974720375,999968
1784872711651707316,999968
1784872714254472765,999968
1784872715296546433,999968
1784872715909589774,999968
1784872718265060457,999968
1784872718991605769,999968
1784872720896883156,999968
1784872723737637101,999968
1784872727842685520,999968
1784872728205159513,999968
1784872731196675122,999968
1784872731696800169,999968
1784872732817614903,999968
1784872733516645121,999968
1784872735558491236,999968
1784872738655699689,999968
1784872738689494426,999968
1784872740772095244,999968
1784872743215807098,999968
1784872744083394980,999968
1784872744083864723,999968
1784872744097634826,999968
1784872744107818714,999968
1784872744112306914,999968
1784872744134972311,999968
1784872744137851230,999968
1784872744167215652,999968
1784872744212971582,999968
1784872744271026205,999968
1784872747360274968,999968
1784872752951690905,999968
1784872753810448184,999968
1784872754325010184,999968
1784872755038012196,999968
1784872755677077504,999968
1784872756062392654,999968
1784872758930181039,999968
1784872761078954860,999968
1784872763948733730,999968
1784872767494803459,999968
1784872769500549248,999968
1784872772344723564,999968
1784872781355372077,999968
1784872781864441439,999967
1784872781865019115,999967
1784872781882582738,999967
1784872781897984723,999967
1784872782022945892,999967
1784872782328816349,999967
1784872782355834473,999967
1784872782848135761,999967
1784872783197636467,999967
1784872783425126341,999967
1784872783560524420,999967
1784872783779058895,999967
1784872783859399484,999967
1784872784996262432,999967
1784872785264567484,999967
1784872785366917148,999967
1784872785435924051,999967
1784872785724052825,999967
1784872786896475317,999967
1784872787806696220,999967
1784872789221932883,999967
1784872790161520792,999967
1784872790778214060,999967
1784872790778708199,999967
1784872790779222561,999967
1784872790780659078,999967
1784872790784067432,999967
1784872790812677069,999967
1784872790878730999,999967
1784872790917567057,999967
1784872790936183851,999967
1784872790958844745,999967
1784872790985523134,999967
1784872791013178611,999967
1784872791048969528,999967
1784872791061101766,999967
1784872791073447606,999967
1784872791078306777,999967
1784872791100339351,999967
1784872791146586705,999967
1784872791185630746,999967
1784872791231644744,999967
1784872791299575638,999967
1784872791351879432,999967
1784872791558575844,999967
1784872791722446899,999967
1784872791868949618,999967
1784872791869594946,999967
1784872791881491533,999967
1784872791881889183,999967
1784872791883009177,999967
1784872791883437174,999967
1784872791967222702,999967
1784872792082378609,999967
1784872792260728896,999967
1784872792277671925,999967
1784872792317179767,999967
1784872792391849709,999967
1784872792481463614,999967
1784872792765875627,999967
1784872792850012422,999967
1784872792883213108,999967
1784872792894012571,999967
1784872793212322662,999967
1784872793467109857,999967
1784872793745606923,999967
1784872793888510960,999967
1784872794770892598,999967
1784872795490940234,999967
1784872795622231932,999967
1784872796925543364,999967
1784872796994466190,999967
1784872798148742159,999967
1784872798868695727,999967
1784872800074209435,999967
1784872800176413331,999967
1784872800187137716,999967
1784872800232487075,999967
1784872800269627175,999967
1784872800323870027,999967
1784872800757606307,999967
1784872800875587329,999967
1784872801220249846,999967
1784872801601208066,999967
1784872801627402605,999967
1784872801659911219,999967
1784872801716152427,999967
1784872801805816680,999967
1784872802088017762,999967
1784872802177165577,999967
1784872802195129401,999967
1784872802206174919,999967
1784872802212198168,999967
1784872802219321867,999967
1784872802232564628,999967
1784872802258829911,999967
1784872802303002276,999967
1784872802365987908,999967
1784872802527853283,999967
1784872802634589699,999967
1784872802658883453,999967
1784872802693656026,999967
1784872802785071815,999967
1784872803176226786,999967
1784872803308972992,999967
1784872804190818245,999967
1784872804316758079,999967
1784872804327714406,999967
1784872804328176497,999967
1784872804459088926,999967
1784872804546515852,999967
1784872804561061309,999967
1784872804579267520,999967
1784872804605488054,999967
1784872804700547511,999967
1784872804808952399,999967
1784872804851427456,999967
1784872804959143222,999967
1784872805034007195,999967
1784872805229114721,999967
1784872805403051201,999967
1784872805501474295,999967
1784872805793713875,999967
1784872806062737713,999967
1784872806083528956,999967
1784872806101610642,999967
1784872806317011524,999967
1784872806379638880,999967
1784872806750899276,999967
1784872806957208396,999967
1784872807263387430,999967
1784872807263703636,999967
1784872807315905337,999967
1784872807353556042,999967
1784872807590257464,999967
1784872808145332459,999967
1784872808644202758,999967
1784872808901371375,999967
1784872808905552516,999967
1784872808956185023,999967
1784872809213703064,999967
1784872810092025693,999967
1784872810235006680,999967
1784872810390588696,999967
1784872810502526833,999967
1784872810511396152,999967
1784872810790811974,999967
1784872811068296901,999967
1784872811169623417,999967
1784872811250813586,999967
1784872811870829292,999967
1784872812586778425,999967
1784872812638926306,999967
1784872812675192786,999967
1784872812721618053,999967
1784872812766915257,999967
1784872812894720439,999967
1784872812974152364,999967
1784872813516078892,999967
1784872814311593453,999967
1784872814541927245,999967
1784872816486228480,999967
1784872817047953597,999967
1784872817296493225,999967
1784872817449409310,999967
1784872819499324858,999967
1784872819514965517,999967
1784872820062309710,999967
1784872820678131719,999967
1784872821803510824,999967
1784872822826707790,999967
1784872823665648768,999967
1784872823972678590,999967
1784872824912711956,999967
1784872827131519569,999967
1784872827132058281,999967
1784872827132754132,999967
1784872827540984598,999967
1784872827541795181,999967
1784872827585881058,999967
1784872827653412718,999967
1784872827720966811,999967
1784872827722654195,999967
1784872827730949971,999967
1784872827783357024,999967
1784872827855740547,999967
1784872828255389488,999967
1784872828256354173,999967
1784872828256874516,999967
1784872828349402349,999967
1784872828573939723,999967
1784872830404947943,999967
1784872831636527868,999967
1784872833478381483,999967
1784872836039911136,999967
1784872836441531937,999967
1784872838085503422,999967
1784872841388772010,999967
1784872841492219218,999967
1784872841492465082,999967
1784872841801045771,999967
1784872841801456523,999967
1784872841801828989,999967
1784872841802364666,999967
1784872841802717844,999967
1784872841803137275,999967
1784872841803555255,999967
1784872841804709186,999967
1784872841805094229,999967
1784872841805440250,999967
1784872841805826738,999967
1784872841847242419,999967
1784872841847662075,999967
1784872841848058835,999967
1784872841919026910,999967
1784872841919449623,999967
1784872842114662827,999967
1784872842114937780,999967
1784872842115169008,999967
1784872842185485061,999967
1784872842185767071,999967
1784872842186180133,999967
1784872842186516331,999967
1784872842186965287,999967
1784872842187299963,999967
1784872842187641526,999967
1784872842187881111,999967
1784872842188137426,999967
1784872842188409137,999967
1784872842188737768,999967
1784872842188985362,999967
1784872842189353571,999967
1784872842189712297,999967
1784872842190074901,999967
1784872842190380729,999967
1784872842190614149,999967
1784872842190899005,999967
1784872842191227454,999967
1784872842191474682,999967
1784872842191769640,999967
1784872842192040266,999967
1784872842192311501,999967
1784872842192638631,999967
1784872842192984677,999967
1784872842193557365,999967
1784872842194663909,999967
1784872842195228783,999967
1784872842195845315,999967
1784872842196426203,999967
1784872842197117000,999967
1784872842197841689,999967
1784872842198525467,999967
1784872842199300591,999967
1784872842199861457,999967
1784872842200039225,999967
1784872842244406775,999967
1784872842244956769,999967
1784872842245371560,999967
1784872842246262477,999967
1784872842246588798,999967
1784872842246972785,999967
1784872842247234696,999967
1784872842247812394,999967
1784872842261002254,999967
1784872842261505515,999967
1784872842262295477,999967
1784872842262575401,999967
1784872842262926238,999967
1784872842263218833,999967
1784872842263491059,999967
1784872842263717425,999967
1784872842263930595,999967
1784872842264179464,999967
1784872842264451479,999967
1784872842264731197,999967
1784872842265035840,999967
1784872842265317392,999967
1784872842265547304,999967
1784872842265868352,999967
1784872842266266709,999967
1784872842266491456,999967
1784872842266744872,999967
1784872842266998706,999967
1784872842267220975,999967
1784872842267489026,999967
1784872842267844725,999967
1784872842268159607,999967
1784872842268515757,999967
1784872842268816480,999967
1784872842269143585,999967
1784872842316783734,999967
1784872842317247265,999967
1784872842317672332,999967
1784872842318181390,999967
1784872842318496031,999967
1784872842319033131,999967
1784872842319388158,999967
1784872842319593423,999967
1784872842320036564,999967
1784872842320251461,999967
1784872842320466671,999967
1784872842320635489,999967
1784872842320831489,999967
1784872842321007689,999967
1784872842321378092,999967
1784872842321573974,999967
1784872842321897462,999967
1784872842322253624,999967
1784872842322672774,999967
1784872842323037967,999967
1784872842323377130,999966
1784872842323773872,999966
1784872842324080153,999966
1784872842324391771,999966
1784872842324691789,999966
1784872842324937762,999966
1784872842325295447,999966
1784872842325583417,999966
1784872842325977015,999966
1784872842326263669,999966
1784872842326434968,999966
1784872842326650158,999966
1784872842326859859,999966
1784872842327067857,999966
1784872842365077890,999966
1784872842365382219,999966
1784872842365661927,999966
1784872842366011331,999966
1784872842366626767,999966
1784872842366958115,999966
1784872842367177299,999966
1784872842367378090,999966
1784872842367544227,999966
1784872842367781031,999966
1784872842375588513,999966
1784872842375876691,999966
1784872842376188297,999966
1784872842376389160,999966
1784872842376575195,999966
1784872842376851075,999966
1784872842377248919,999966
1784872842377627869,999966
1784872842378438755,999966
1784872842378773884,999966
1784872842379015948,999966
1784872842379227218,999966
1784872842379472611,999966
1784872842379678629,999966
1784872842379965477,999966
1784872842380132501,999966
1784872842380952089,999966
1784872842382258188,999966
1784872842382810457,999966
1784872842383109874,999966
1784872842383353196,999966
1784872842383559259,999966
1784872842383778486,999966
1784872842384098703,999966
1784872842453601359,999966
1784872842453830190,999966
1784872842454405422,999966
1784872842454921163,999966
1784872842455584624,999966
1784872842456103046,999966
1784872842456537926,999966
1784872842457147323,999966
1784872842457739425,999966
1784872842458232947,999966
1784872842458711803,999966
1784872842458926548,999966
1784872842459197032,999966
1784872842459424094,999966
1784872842459766139,999966
1784872842459991401,999966
1784872842460236569,999966
1784872842460419855,999966
1784872842460715052,999966
1784872842460905744,999966
1784872842461135457,999966
1784872842461352237,999966
1784872842461518957,999966
1784872842461747318,999966
1784872842462017494,999966
1784872842462508333,999966
1784872842462899906,999966
1784872842463431695,999966
1784872842463943770,999966
1784872842464485938,999966
1784872842464868350,999966
1784872842465508654,999966
1784872842465921411,999966
1784872842466586904,999966
1784872842467118665,999966
1784872842525607878,999966
1784872842526474446,999966
1784872842526730031,999966
1784872842526968365,999966
1784872842527191116,999966
1784872842527431786,999966
1784872842527617196,999966
1784872842527834849,999966
1784872842528233340,999966
1784872842528863479,999966
1784872842529294167,999966
1784872842544659640,999966
1784872842545452043,999966
1784872842546255063,999966
1784872842546860377,999966
1784872842547287471,999966
1784872842548230971,999966
1784872842548963781,999966
1784872842549821786,999966
1784872842550193830,999966
1784872842550442214,999966
1784872842550695977,999966
1784872842550963847,999966
1784872842551217489,999966
1784872842551474428,999966
1784872842551662384,999966
1784872842551846090,999966
1784872842552056237,999966
1784872842552269494,999966
1784872842552470897,999966
1784872842552921776,999966
1784872842553697190,999966
1784872842554629952,999966
1784872842554945782,999966
1784872842603983327,999966
1784872842604218831,999966
1784872842604452933,999966
1784872842604644838,999966
1784872842604847969,999966
1784872842605106616,999966
1784872842605363214,999966
1784872842605617043,999966
1784872842606378443,999966
1784872842606703901,999966
1784872842606922137,999966
1784872842607171105,999966
1784872842607381316,999966
1784872842607594555,999966
1784872842607778847,999966
1784872842607975853,999966
1784872842608167555,999966
1784872842608436175,999966
1784872842608623952,999966
1784872842608814107,999966
1784872842609160777,999966
1784872842609994368,999966
1784872842610726358,999966
1784872842611607431,999966
1784872842612138451,999966
1784872842612659546,999966
1784872842613285538,999966
1784872842614201226,999966
1784872842614958829,999966
1784872842615572421,999966
1784872842615953346,999966
1784872842616190320,999966
1784872842616426862,999966
1784872842616630551,999966
1784872842616872687,999966
1784872842666622857,999966
1784872842666860790,999966
1784872842667083237,999966
1784872842667315572,999966
1784872842667533100,999966
1784872842667804100,999966
1784872842668017393,999966
1784872842668260904,999966
1784872842668433132,999966
1784872842668643189,999966
1784872842668837600,999966
1784872842669043586,999966
1784872842669503721,999966
1784872842670419636,999966
1784872842670986361,999966
1784872842671751928,999966
1784872842671986510,999966
1784872842672233833,999966
1784872842672461572,999966
1784872842672675819,999966
1784872842673011040,999966
1784872842673227551,999966
1784872842673480346,999966
1784872842676174168,999966
1784872842676425322,999966
1784872842676647368,999966
1784872842676842043,999966
1784872842677054365,999966
1784872842677255020,999966
1784872842677711071,999966
1784872842678283262,999966
1784872842678700406,999966
1784872842678988816,999966
1784872842679235621,999966
1784872842716777300,999966
1784872842717493469,999966
1784872842717975591,999966
1784872842718697765,999966
1784872842718962221,999966
1784872842719208616,999966
1784872842719416150,999966
1784872842719629608,999966
1784872842719845749,999966
1784872842720113103,999966
1784872842720617487,999966
1784872842721241862,999966
1784872842721519868,999966
1784872842721758704,999966
1784872842721956225,999966
1784872842722297872,999966
1784872842722502699,999966
1784872842722736233,999966
1784872842722964479,999966
1784872842723336909,999966
1784872842723571361,999966
1784872842724000411,999966
1784872842724233169,999966
1784872842724489830,999966
1784872842724696060,999966
1784872842724949628,999966
1784872842725315350,999966
1784872842727328266,999966
1784872842727682947,999966
1784872842727909448,999966
1784872842728120850,999966
1784872842728338919,999966
1784872842765696084,999966
1784872842765928688,999966
1784872842766252621,999966
1784872842766456679,999966
1784872842766715530,999966
1784872842766959415,999966
1784872842767188154,999966
1784872842767468672,999966
1784872842767645922,999966
1784872842767823355,999966
1784872842768014929,999966
1784872842768206793,999966
1784872842768380210,999966
1784872842768563980,999966
1784872842768761494,999966
1784872842769307110,999966
1784872842769925335,999966
1784872842770513413,999966
1784872842771058181,999966
1784872842771828074,999966
1784872842772219390,999966
1784872842772417102,999966
1784872842772617329,999966
1784872842772820076,999966
1784872842773053611,999966
1784872842773206241,999966
1784872843507558828,999966
1784872843848650334,999966
1784872845559632480,999966
1784872846170453706,999966
1784872847206359342,999966
1784872847207004914,999966
1784872847207286585,999966
1784872847207286585,999966
